Loan_ID,Married,Dependents,Education,Self_Employed,ApplicantIncome,CoapplicantIncome,LoanAmount,Loan_Amount_Term,Credit_History,Property_Area,target,source
LP001002,No,0,Graduate,No,5849.0,0.0,,360.0,1.0,Urban,1,analytics_vidhya
LP001003,Yes,1,Graduate,No,4583.0,1508.0,128.0,360.0,1.0,Rural,0,analytics_vidhya
LP001005,Yes,0,Graduate,Yes,3000.0,0.0,66.0,360.0,1.0,Urban,1,analytics_vidhya
LP001006,Yes,0,Not Graduate,No,2583.0,2358.0,120.0,360.0,1.0,Urban,1,analytics_vidhya
LP001008,No,0,Graduate,No,6000.0,0.0,141.0,360.0,1.0,Urban,1,analytics_vidhya
LP001011,Yes,2,Graduate,Yes,5417.0,4196.0,267.0,360.0,1.0,Urban,1,analytics_vidhya
LP001013,Yes,0,Not Graduate,No,2333.0,1516.0,95.0,360.0,1.0,Urban,1,analytics_vidhya
LP001014,Yes,3+,Graduate,No,3036.0,2504.0,158.0,360.0,0.0,Semiurban,0,analytics_vidhya
LP001018,Yes,2,Graduate,No,4006.0,1526.0,168.0,360.0,1.0,Urban,1,analytics_vidhya
LP001020,Yes,1,Graduate,No,12841.0,10968.0,349.0,360.0,1.0,Semiurban,0,analytics_vidhya
LP001024,Yes,2,Graduate,No,3200.0,700.0,70.0,360.0,1.0,Urban,1,analytics_vidhya
LP001027,Yes,2,Graduate,,2500.0,1840.0,109.0,360.0,1.0,Urban,1,analytics_vidhya
LP001028,Yes,2,Graduate,No,3073.0,8106.0,200.0,360.0,1.0,Urban,1,analytics_vidhya
LP001029,No,0,Graduate,No,1853.0,2840.0,114.0,360.0,1.0,Rural,0,analytics_vidhya
LP001030,Yes,2,Graduate,No,1299.0,1086.0,17.0,120.0,1.0,Urban,1,analytics_vidhya
LP001032,No,0,Graduate,No,4950.0,0.0,125.0,360.0,1.0,Urban,1,analytics_vidhya
LP001034,No,1,Not Graduate,No,3596.0,0.0,100.0,240.0,,Urban,1,analytics_vidhya
LP001036,No,0,Graduate,No,3510.0,0.0,76.0,360.0,0.0,Urban,0,analytics_vidhya
LP001038,Yes,0,Not Graduate,No,4887.0,0.0,133.0,360.0,1.0,Rural,0,analytics_vidhya
LP001041,Yes,0,Graduate,,2600.0,3500.0,115.0,,1.0,Urban,1,analytics_vidhya
LP001043,Yes,0,Not Graduate,No,7660.0,0.0,104.0,360.0,0.0,Urban,0,analytics_vidhya
LP001046,Yes,1,Graduate,No,5955.0,5625.0,315.0,360.0,1.0,Urban,1,analytics_vidhya
LP001047,Yes,0,Not Graduate,No,2600.0,1911.0,116.0,360.0,0.0,Semiurban,0,analytics_vidhya
LP001050,Yes,2,Not Graduate,No,3365.0,1917.0,112.0,360.0,0.0,Rural,0,analytics_vidhya
LP001052,Yes,1,Graduate,,3717.0,2925.0,151.0,360.0,,Semiurban,0,analytics_vidhya
LP001066,Yes,0,Graduate,Yes,9560.0,0.0,191.0,360.0,1.0,Semiurban,1,analytics_vidhya
LP001068,Yes,0,Graduate,No,2799.0,2253.0,122.0,360.0,1.0,Semiurban,1,analytics_vidhya
LP001073,Yes,2,Not Graduate,No,4226.0,1040.0,110.0,360.0,1.0,Urban,1,analytics_vidhya
LP001086,No,0,Not Graduate,No,1442.0,0.0,35.0,360.0,1.0,Urban,0,analytics_vidhya
LP001087,No,2,Graduate,,3750.0,2083.0,120.0,360.0,1.0,Semiurban,1,analytics_vidhya
LP001091,Yes,1,Graduate,,4166.0,3369.0,201.0,360.0,,Urban,0,analytics_vidhya
LP001095,No,0,Graduate,No,3167.0,0.0,74.0,360.0,1.0,Urban,0,analytics_vidhya
LP001097,No,1,Graduate,Yes,4692.0,0.0,106.0,360.0,1.0,Rural,0,analytics_vidhya
LP001098,Yes,0,Graduate,No,3500.0,1667.0,114.0,360.0,1.0,Semiurban,1,analytics_vidhya
LP001100,No,3+,Graduate,No,12500.0,3000.0,320.0,360.0,1.0,Rural,0,analytics_vidhya
LP001106,Yes,0,Graduate,No,2275.0,2067.0,,360.0,1.0,Urban,1,analytics_vidhya
LP001109,Yes,0,Graduate,No,1828.0,1330.0,100.0,,0.0,Urban,0,analytics_vidhya
LP001112,Yes,0,Graduate,No,3667.0,1459.0,144.0,360.0,1.0,Semiurban,1,analytics_vidhya
LP001114,No,0,Graduate,No,4166.0,7210.0,184.0,360.0,1.0,Urban,1,analytics_vidhya
LP001116,No,0,Not Graduate,No,3748.0,1668.0,110.0,360.0,1.0,Semiurban,1,analytics_vidhya
LP001119,No,0,Graduate,No,3600.0,0.0,80.0,360.0,1.0,Urban,0,analytics_vidhya
LP001120,No,0,Graduate,No,1800.0,1213.0,47.0,360.0,1.0,Urban,1,analytics_vidhya
LP001123,Yes,0,Graduate,No,2400.0,0.0,75.0,360.0,,Urban,1,analytics_vidhya
LP001131,Yes,0,Graduate,No,3941.0,2336.0,134.0,360.0,1.0,Semiurban,1,analytics_vidhya
LP001136,Yes,0,Not Graduate,Yes,4695.0,0.0,96.0,,1.0,Urban,1,analytics_vidhya
LP001137,No,0,Graduate,No,3410.0,0.0,88.0,,1.0,Urban,1,analytics_vidhya
LP001138,Yes,1,Graduate,No,5649.0,0.0,44.0,360.0,1.0,Urban,1,analytics_vidhya
LP001144,Yes,0,Graduate,No,5821.0,0.0,144.0,360.0,1.0,Urban,1,analytics_vidhya
LP001146,Yes,0,Graduate,No,2645.0,3440.0,120.0,360.0,0.0,Urban,0,analytics_vidhya
LP001151,No,0,Graduate,No,4000.0,2275.0,144.0,360.0,1.0,Semiurban,1,analytics_vidhya
LP001155,Yes,0,Not Graduate,No,1928.0,1644.0,100.0,360.0,1.0,Semiurban,1,analytics_vidhya
LP001157,No,0,Graduate,No,3086.0,0.0,120.0,360.0,1.0,Semiurban,1,analytics_vidhya
LP001164,No,0,Graduate,No,4230.0,0.0,112.0,360.0,1.0,Semiurban,0,analytics_vidhya
LP001179,Yes,2,Graduate,No,4616.0,0.0,134.0,360.0,1.0,Urban,0,analytics_vidhya
LP001186,Yes,1,Graduate,Yes,11500.0,0.0,286.0,360.0,0.0,Urban,0,analytics_vidhya
LP001194,Yes,2,Graduate,No,2708.0,1167.0,97.0,360.0,1.0,Semiurban,1,analytics_vidhya
LP001195,Yes,0,Graduate,No,2132.0,1591.0,96.0,360.0,1.0,Semiurban,1,analytics_vidhya
LP001197,Yes,0,Graduate,No,3366.0,2200.0,135.0,360.0,1.0,Rural,0,analytics_vidhya
LP001198,Yes,1,Graduate,No,8080.0,2250.0,180.0,360.0,1.0,Urban,1,analytics_vidhya
LP001199,Yes,2,Not Graduate,No,3357.0,2859.0,144.0,360.0,1.0,Urban,1,analytics_vidhya
LP001205,Yes,0,Graduate,No,2500.0,3796.0,120.0,360.0,1.0,Urban,1,analytics_vidhya
LP001206,Yes,3+,Graduate,No,3029.0,0.0,99.0,360.0,1.0,Urban,1,analytics_vidhya
LP001207,Yes,0,Not Graduate,Yes,2609.0,3449.0,165.0,180.0,0.0,Rural,0,analytics_vidhya
LP001213,Yes,1,Graduate,No,4945.0,0.0,,360.0,0.0,Rural,0,analytics_vidhya
LP001222,No,0,Graduate,No,4166.0,0.0,116.0,360.0,0.0,Semiurban,0,analytics_vidhya
LP001225,Yes,0,Graduate,No,5726.0,4595.0,258.0,360.0,1.0,Semiurban,0,analytics_vidhya
LP001228,No,0,Not Graduate,No,3200.0,2254.0,126.0,180.0,0.0,Urban,0,analytics_vidhya
LP001233,Yes,1,Graduate,No,10750.0,0.0,312.0,360.0,1.0,Urban,1,analytics_vidhya
LP001238,Yes,3+,Not Graduate,Yes,7100.0,0.0,125.0,60.0,1.0,Urban,1,analytics_vidhya
LP001241,No,0,Graduate,No,4300.0,0.0,136.0,360.0,0.0,Semiurban,0,analytics_vidhya
LP001243,Yes,0,Graduate,No,3208.0,3066.0,172.0,360.0,1.0,Urban,1,analytics_vidhya
LP001245,Yes,2,Not Graduate,Yes,1875.0,1875.0,97.0,360.0,1.0,Semiurban,1,analytics_vidhya
LP001248,No,0,Graduate,No,3500.0,0.0,81.0,300.0,1.0,Semiurban,1,analytics_vidhya
LP001250,Yes,3+,Not Graduate,No,4755.0,0.0,95.0,,0.0,Semiurban,0,analytics_vidhya
LP001253,Yes,3+,Graduate,Yes,5266.0,1774.0,187.0,360.0,1.0,Semiurban,1,analytics_vidhya
LP001255,No,0,Graduate,No,3750.0,0.0,113.0,480.0,1.0,Urban,0,analytics_vidhya
LP001256,No,0,Graduate,No,3750.0,4750.0,176.0,360.0,1.0,Urban,0,analytics_vidhya
LP001259,Yes,1,Graduate,Yes,1000.0,3022.0,110.0,360.0,1.0,Urban,0,analytics_vidhya
LP001263,Yes,3+,Graduate,No,3167.0,4000.0,180.0,300.0,0.0,Semiurban,0,analytics_vidhya
LP001264,Yes,3+,Not Graduate,Yes,3333.0,2166.0,130.0,360.0,,Semiurban,1,analytics_vidhya
LP001265,No,0,Graduate,No,3846.0,0.0,111.0,360.0,1.0,Semiurban,1,analytics_vidhya
LP001266,Yes,1,Graduate,Yes,2395.0,0.0,,360.0,1.0,Semiurban,1,analytics_vidhya
LP001267,Yes,2,Graduate,No,1378.0,1881.0,167.0,360.0,1.0,Urban,0,analytics_vidhya
LP001273,Yes,0,Graduate,No,6000.0,2250.0,265.0,360.0,,Semiurban,0,analytics_vidhya
LP001275,Yes,1,Graduate,No,3988.0,0.0,50.0,240.0,1.0,Urban,1,analytics_vidhya
LP001279,No,0,Graduate,No,2366.0,2531.0,136.0,360.0,1.0,Semiurban,1,analytics_vidhya
LP001280,Yes,2,Not Graduate,No,3333.0,2000.0,99.0,360.0,,Semiurban,1,analytics_vidhya
LP001282,Yes,0,Graduate,No,2500.0,2118.0,104.0,360.0,1.0,Semiurban,1,analytics_vidhya
LP001289,No,0,Graduate,No,8566.0,0.0,210.0,360.0,1.0,Urban,1,analytics_vidhya
LP001310,Yes,0,Graduate,No,5695.0,4167.0,175.0,360.0,1.0,Semiurban,1,analytics_vidhya
LP001316,Yes,0,Graduate,No,2958.0,2900.0,131.0,360.0,1.0,Semiurban,1,analytics_vidhya
LP001318,Yes,2,Graduate,No,6250.0,5654.0,188.0,180.0,1.0,Semiurban,1,analytics_vidhya
LP001319,Yes,2,Not Graduate,No,3273.0,1820.0,81.0,360.0,1.0,Urban,1,analytics_vidhya
LP001322,No,0,Graduate,No,4133.0,0.0,122.0,360.0,1.0,Semiurban,1,analytics_vidhya
LP001325,No,0,Not Graduate,No,3620.0,0.0,25.0,120.0,1.0,Semiurban,1,analytics_vidhya
LP001326,No,0,Graduate,,6782.0,0.0,,360.0,,Urban,0,analytics_vidhya
LP001327,Yes,0,Graduate,No,2484.0,2302.0,137.0,360.0,1.0,Semiurban,1,analytics_vidhya
LP001333,Yes,0,Graduate,No,1977.0,997.0,50.0,360.0,1.0,Semiurban,1,analytics_vidhya
LP001334,Yes,0,Not Graduate,No,4188.0,0.0,115.0,180.0,1.0,Semiurban,1,analytics_vidhya
LP001343,Yes,0,Graduate,No,1759.0,3541.0,131.0,360.0,1.0,Semiurban,1,analytics_vidhya
LP001345,Yes,2,Not Graduate,No,4288.0,3263.0,133.0,180.0,1.0,Urban,1,analytics_vidhya
LP001349,No,0,Graduate,No,4843.0,3806.0,151.0,360.0,1.0,Semiurban,1,analytics_vidhya
LP001350,Yes,,Graduate,No,13650.0,0.0,,360.0,1.0,Urban,1,analytics_vidhya
LP001356,Yes,0,Graduate,No,4652.0,3583.0,,360.0,1.0,Semiurban,1,analytics_vidhya
LP001357,,,Graduate,No,3816.0,754.0,160.0,360.0,1.0,Urban,1,analytics_vidhya
LP001367,Yes,1,Graduate,No,3052.0,1030.0,100.0,360.0,1.0,Urban,1,analytics_vidhya
LP001369,Yes,2,Graduate,No,11417.0,1126.0,225.0,360.0,1.0,Urban,1,analytics_vidhya
LP001370,No,0,Not Graduate,,7333.0,0.0,120.0,360.0,1.0,Rural,0,analytics_vidhya
LP001379,Yes,2,Graduate,No,3800.0,3600.0,216.0,360.0,0.0,Urban,0,analytics_vidhya
LP001384,Yes,3+,Not Graduate,No,2071.0,754.0,94.0,480.0,1.0,Semiurban,1,analytics_vidhya
LP001385,No,0,Graduate,No,5316.0,0.0,136.0,360.0,1.0,Urban,1,analytics_vidhya
LP001387,Yes,0,Graduate,,2929.0,2333.0,139.0,360.0,1.0,Semiurban,1,analytics_vidhya
LP001391,Yes,0,Not Graduate,No,3572.0,4114.0,152.0,,0.0,Rural,0,analytics_vidhya
LP001392,No,1,Graduate,Yes,7451.0,0.0,,360.0,1.0,Semiurban,1,analytics_vidhya
LP001398,No,0,Graduate,,5050.0,0.0,118.0,360.0,1.0,Semiurban,1,analytics_vidhya
LP001401,Yes,1,Graduate,No,14583.0,0.0,185.0,180.0,1.0,Rural,1,analytics_vidhya
LP001404,Yes,0,Graduate,No,3167.0,2283.0,154.0,360.0,1.0,Semiurban,1,analytics_vidhya
LP001405,Yes,1,Graduate,No,2214.0,1398.0,85.0,360.0,,Urban,1,analytics_vidhya
LP001421,Yes,0,Graduate,No,5568.0,2142.0,175.0,360.0,1.0,Rural,0,analytics_vidhya
LP001422,No,0,Graduate,No,10408.0,0.0,259.0,360.0,1.0,Urban,1,analytics_vidhya
LP001426,Yes,,Graduate,No,5667.0,2667.0,180.0,360.0,1.0,Rural,1,analytics_vidhya
LP001430,No,0,Graduate,No,4166.0,0.0,44.0,360.0,1.0,Semiurban,1,analytics_vidhya
LP001431,No,0,Graduate,No,2137.0,8980.0,137.0,360.0,0.0,Semiurban,1,analytics_vidhya
LP001432,Yes,2,Graduate,No,2957.0,0.0,81.0,360.0,1.0,Semiurban,1,analytics_vidhya
LP001439,Yes,0,Not Graduate,No,4300.0,2014.0,194.0,360.0,1.0,Rural,1,analytics_vidhya
LP001443,No,0,Graduate,No,3692.0,0.0,93.0,360.0,,Rural,1,analytics_vidhya
LP001448,Yes,3+,Graduate,No,23803.0,0.0,370.0,360.0,1.0,Rural,1,analytics_vidhya
LP001449,No,0,Graduate,No,3865.0,1640.0,,360.0,1.0,Rural,1,analytics_vidhya
LP001451,Yes,1,Graduate,Yes,10513.0,3850.0,160.0,180.0,0.0,Urban,0,analytics_vidhya
LP001465,Yes,0,Graduate,No,6080.0,2569.0,182.0,360.0,,Rural,0,analytics_vidhya
LP001469,No,0,Graduate,Yes,20166.0,0.0,650.0,480.0,,Urban,1,analytics_vidhya
LP001473,No,0,Graduate,No,2014.0,1929.0,74.0,360.0,1.0,Urban,1,analytics_vidhya
LP001478,No,0,Graduate,No,2718.0,0.0,70.0,360.0,1.0,Semiurban,1,analytics_vidhya
LP001482,Yes,0,Graduate,Yes,3459.0,0.0,25.0,120.0,1.0,Semiurban,1,analytics_vidhya
LP001487,No,0,Graduate,No,4895.0,0.0,102.0,360.0,1.0,Semiurban,1,analytics_vidhya
LP001488,Yes,3+,Graduate,No,4000.0,7750.0,290.0,360.0,1.0,Semiurban,0,analytics_vidhya
LP001489,Yes,0,Graduate,No,4583.0,0.0,84.0,360.0,1.0,Rural,0,analytics_vidhya
LP001491,Yes,2,Graduate,Yes,3316.0,3500.0,88.0,360.0,1.0,Urban,1,analytics_vidhya
LP001492,No,0,Graduate,No,14999.0,0.0,242.0,360.0,0.0,Semiurban,0,analytics_vidhya
LP001493,Yes,2,Not Graduate,No,4200.0,1430.0,129.0,360.0,1.0,Rural,0,analytics_vidhya
LP001497,Yes,2,Graduate,No,5042.0,2083.0,185.0,360.0,1.0,Rural,0,analytics_vidhya
LP001498,No,0,Graduate,No,5417.0,0.0,168.0,360.0,1.0,Urban,1,analytics_vidhya
LP001504,No,0,Graduate,Yes,6950.0,0.0,175.0,180.0,1.0,Semiurban,1,analytics_vidhya
LP001507,Yes,0,Graduate,No,2698.0,2034.0,122.0,360.0,1.0,Semiurban,1,analytics_vidhya
LP001508,Yes,2,Graduate,No,11757.0,0.0,187.0,180.0,1.0,Urban,1,analytics_vidhya
LP001514,Yes,0,Graduate,No,2330.0,4486.0,100.0,360.0,1.0,Semiurban,1,analytics_vidhya
LP001516,Yes,2,Graduate,No,14866.0,0.0,70.0,360.0,1.0,Urban,1,analytics_vidhya
LP001518,Yes,1,Graduate,No,1538.0,1425.0,30.0,360.0,1.0,Urban,1,analytics_vidhya
LP001519,No,0,Graduate,No,10000.0,1666.0,225.0,360.0,1.0,Rural,0,analytics_vidhya
LP001520,Yes,0,Graduate,No,4860.0,830.0,125.0,360.0,1.0,Semiurban,1,analytics_vidhya
LP001528,No,0,Graduate,No,6277.0,0.0,118.0,360.0,0.0,Rural,0,analytics_vidhya
LP001529,Yes,0,Graduate,Yes,2577.0,3750.0,152.0,360.0,1.0,Rural,1,analytics_vidhya
LP001531,No,0,Graduate,No,9166.0,0.0,244.0,360.0,1.0,Urban,0,analytics_vidhya
LP001532,Yes,2,Not Graduate,No,2281.0,0.0,113.0,360.0,1.0,Rural,0,analytics_vidhya
LP001535,No,0,Graduate,No,3254.0,0.0,50.0,360.0,1.0,Urban,1,analytics_vidhya
LP001536,Yes,3+,Graduate,No,39999.0,0.0,600.0,180.0,0.0,Semiurban,1,analytics_vidhya
LP001541,Yes,1,Graduate,No,6000.0,0.0,160.0,360.0,,Rural,1,analytics_vidhya
LP001543,Yes,1,Graduate,No,9538.0,0.0,187.0,360.0,1.0,Urban,1,analytics_vidhya
LP001546,No,0,Graduate,,2980.0,2083.0,120.0,360.0,1.0,Rural,1,analytics_vidhya
LP001552,Yes,0,Graduate,No,4583.0,5625.0,255.0,360.0,1.0,Semiurban,1,analytics_vidhya
LP001560,Yes,0,Not Graduate,No,1863.0,1041.0,98.0,360.0,1.0,Semiurban,1,analytics_vidhya
LP001562,Yes,0,Graduate,No,7933.0,0.0,275.0,360.0,1.0,Urban,0,analytics_vidhya
LP001565,Yes,1,Graduate,No,3089.0,1280.0,121.0,360.0,0.0,Semiurban,0,analytics_vidhya
LP001570,Yes,2,Graduate,No,4167.0,1447.0,158.0,360.0,1.0,Rural,1,analytics_vidhya
LP001572,Yes,0,Graduate,No,9323.0,0.0,75.0,180.0,1.0,Urban,1,analytics_vidhya
LP001574,Yes,0,Graduate,No,3707.0,3166.0,182.0,,1.0,Rural,1,analytics_vidhya
LP001577,Yes,0,Graduate,No,4583.0,0.0,112.0,360.0,1.0,Rural,0,analytics_vidhya
LP001578,Yes,0,Graduate,No,2439.0,3333.0,129.0,360.0,1.0,Rural,1,analytics_vidhya
LP001579,No,0,Graduate,No,2237.0,0.0,63.0,480.0,0.0,Semiurban,0,analytics_vidhya
LP001580,Yes,2,Graduate,No,8000.0,0.0,200.0,360.0,1.0,Semiurban,1,analytics_vidhya
LP001581,Yes,0,Not Graduate,,1820.0,1769.0,95.0,360.0,1.0,Rural,1,analytics_vidhya
LP001585,Yes,3+,Graduate,No,51763.0,0.0,700.0,300.0,1.0,Urban,1,analytics_vidhya
LP001586,Yes,3+,Not Graduate,No,3522.0,0.0,81.0,180.0,1.0,Rural,0,analytics_vidhya
LP001594,Yes,0,Graduate,No,5708.0,5625.0,187.0,360.0,1.0,Semiurban,1,analytics_vidhya
LP001603,Yes,0,Not Graduate,Yes,4344.0,736.0,87.0,360.0,1.0,Semiurban,0,analytics_vidhya
LP001606,Yes,0,Graduate,No,3497.0,1964.0,116.0,360.0,1.0,Rural,1,analytics_vidhya
LP001608,Yes,2,Graduate,No,2045.0,1619.0,101.0,360.0,1.0,Rural,1,analytics_vidhya
LP001610,Yes,3+,Graduate,No,5516.0,11300.0,495.0,360.0,0.0,Semiurban,0,analytics_vidhya
LP001616,Yes,1,Graduate,No,3750.0,0.0,116.0,360.0,1.0,Semiurban,1,analytics_vidhya
LP001630,No,0,Not Graduate,No,2333.0,1451.0,102.0,480.0,0.0,Urban,0,analytics_vidhya
LP001633,Yes,1,Graduate,No,6400.0,7250.0,180.0,360.0,0.0,Urban,0,analytics_vidhya
LP001634,No,0,Graduate,No,1916.0,5063.0,67.0,360.0,,Rural,0,analytics_vidhya
LP001636,Yes,0,Graduate,No,4600.0,0.0,73.0,180.0,1.0,Semiurban,1,analytics_vidhya
LP001637,Yes,1,Graduate,No,33846.0,0.0,260.0,360.0,1.0,Semiurban,0,analytics_vidhya
LP001639,Yes,0,Graduate,No,3625.0,0.0,108.0,360.0,1.0,Semiurban,1,analytics_vidhya
LP001640,Yes,0,Graduate,Yes,39147.0,4750.0,120.0,360.0,1.0,Semiurban,1,analytics_vidhya
LP001641,Yes,1,Graduate,Yes,2178.0,0.0,66.0,300.0,0.0,Rural,0,analytics_vidhya
LP001643,Yes,0,Graduate,No,2383.0,2138.0,58.0,360.0,,Rural,1,analytics_vidhya
LP001644,Yes,0,Graduate,Yes,674.0,5296.0,168.0,360.0,1.0,Rural,1,analytics_vidhya
LP001647,Yes,0,Graduate,No,9328.0,0.0,188.0,180.0,1.0,Rural,1,analytics_vidhya
LP001653,No,0,Not Graduate,No,4885.0,0.0,48.0,360.0,1.0,Rural,1,analytics_vidhya
LP001656,No,0,Graduate,No,12000.0,0.0,164.0,360.0,1.0,Semiurban,0,analytics_vidhya
LP001657,Yes,0,Not Graduate,No,6033.0,0.0,160.0,360.0,1.0,Urban,0,analytics_vidhya
LP001658,No,0,Graduate,No,3858.0,0.0,76.0,360.0,1.0,Semiurban,1,analytics_vidhya
LP001664,No,0,Graduate,No,4191.0,0.0,120.0,360.0,1.0,Rural,1,analytics_vidhya
LP001665,Yes,1,Graduate,No,3125.0,2583.0,170.0,360.0,1.0,Semiurban,0,analytics_vidhya
LP001666,No,0,Graduate,No,8333.0,3750.0,187.0,360.0,1.0,Rural,1,analytics_vidhya
LP001669,No,0,Not Graduate,No,1907.0,2365.0,120.0,,1.0,Urban,1,analytics_vidhya
LP001671,Yes,0,Graduate,No,3416.0,2816.0,113.0,360.0,,Semiurban,1,analytics_vidhya
LP001673,No,0,Graduate,Yes,11000.0,0.0,83.0,360.0,1.0,Urban,0,analytics_vidhya
LP001674,Yes,1,Not Graduate,No,2600.0,2500.0,90.0,360.0,1.0,Semiurban,1,analytics_vidhya
LP001677,No,2,Graduate,No,4923.0,0.0,166.0,360.0,0.0,Semiurban,1,analytics_vidhya
LP001682,Yes,3+,Not Graduate,No,3992.0,0.0,,180.0,1.0,Urban,0,analytics_vidhya
LP001688,Yes,1,Not Graduate,No,3500.0,1083.0,135.0,360.0,1.0,Urban,1,analytics_vidhya
LP001691,Yes,2,Not Graduate,No,3917.0,0.0,124.0,360.0,1.0,Semiurban,1,analytics_vidhya
LP001692,No,0,Not Graduate,No,4408.0,0.0,120.0,360.0,1.0,Semiurban,1,analytics_vidhya
LP001693,No,0,Graduate,No,3244.0,0.0,80.0,360.0,1.0,Urban,1,analytics_vidhya
LP001698,No,0,Not Graduate,No,3975.0,2531.0,55.0,360.0,1.0,Rural,1,analytics_vidhya
LP001699,No,0,Graduate,No,2479.0,0.0,59.0,360.0,1.0,Urban,1,analytics_vidhya
LP001702,No,0,Graduate,No,3418.0,0.0,127.0,360.0,1.0,Semiurban,0,analytics_vidhya
LP001708,No,0,Graduate,No,10000.0,0.0,214.0,360.0,1.0,Semiurban,0,analytics_vidhya
LP001711,Yes,3+,Graduate,No,3430.0,1250.0,128.0,360.0,0.0,Semiurban,0,analytics_vidhya
LP001713,Yes,1,Graduate,Yes,7787.0,0.0,240.0,360.0,1.0,Urban,1,analytics_vidhya
LP001715,Yes,3+,Not Graduate,Yes,5703.0,0.0,130.0,360.0,1.0,Rural,1,analytics_vidhya
LP001716,Yes,0,Graduate,No,3173.0,3021.0,137.0,360.0,1.0,Urban,1,analytics_vidhya
LP001720,Yes,3+,Not Graduate,No,3850.0,983.0,100.0,360.0,1.0,Semiurban,1,analytics_vidhya
LP001722,Yes,0,Graduate,No,150.0,1800.0,135.0,360.0,1.0,Rural,0,analytics_vidhya
LP001726,Yes,0,Graduate,No,3727.0,1775.0,131.0,360.0,1.0,Semiurban,1,analytics_vidhya
LP001732,Yes,2,Graduate,,5000.0,0.0,72.0,360.0,0.0,Semiurban,0,analytics_vidhya
LP001734,Yes,2,Graduate,No,4283.0,2383.0,127.0,360.0,,Semiurban,1,analytics_vidhya
LP001736,Yes,0,Graduate,No,2221.0,0.0,60.0,360.0,0.0,Urban,0,analytics_vidhya
LP001743,Yes,2,Graduate,No,4009.0,1717.0,116.0,360.0,1.0,Semiurban,1,analytics_vidhya
LP001744,No,0,Graduate,No,2971.0,2791.0,144.0,360.0,1.0,Semiurban,1,analytics_vidhya
LP001749,Yes,0,Graduate,No,7578.0,1010.0,175.0,,1.0,Semiurban,1,analytics_vidhya
LP001750,Yes,0,Graduate,No,6250.0,0.0,128.0,360.0,1.0,Semiurban,1,analytics_vidhya
LP001751,Yes,0,Graduate,No,3250.0,0.0,170.0,360.0,1.0,Rural,0,analytics_vidhya
LP001754,Yes,,Not Graduate,Yes,4735.0,0.0,138.0,360.0,1.0,Urban,0,analytics_vidhya
LP001758,Yes,2,Graduate,No,6250.0,1695.0,210.0,360.0,1.0,Semiurban,1,analytics_vidhya
LP001760,,,Graduate,No,4758.0,0.0,158.0,480.0,1.0,Semiurban,1,analytics_vidhya
LP001761,No,0,Graduate,Yes,6400.0,0.0,200.0,360.0,1.0,Rural,1,analytics_vidhya
LP001765,Yes,1,Graduate,No,2491.0,2054.0,104.0,360.0,1.0,Semiurban,1,analytics_vidhya
LP001768,Yes,0,Graduate,,3716.0,0.0,42.0,180.0,1.0,Rural,1,analytics_vidhya
LP001770,No,0,Not Graduate,No,3189.0,2598.0,120.0,,1.0,Rural,1,analytics_vidhya
LP001776,No,0,Graduate,No,8333.0,0.0,280.0,360.0,1.0,Semiurban,1,analytics_vidhya
LP001778,Yes,1,Graduate,No,3155.0,1779.0,140.0,360.0,1.0,Semiurban,1,analytics_vidhya
LP001784,Yes,1,Graduate,No,5500.0,1260.0,170.0,360.0,1.0,Rural,1,analytics_vidhya
LP001786,Yes,0,Graduate,,5746.0,0.0,255.0,360.0,,Urban,0,analytics_vidhya
LP001788,No,0,Graduate,Yes,3463.0,0.0,122.0,360.0,,Urban,1,analytics_vidhya
LP001790,No,1,Graduate,No,3812.0,0.0,112.0,360.0,1.0,Rural,1,analytics_vidhya
LP001792,Yes,1,Graduate,No,3315.0,0.0,96.0,360.0,1.0,Semiurban,1,analytics_vidhya
LP001798,Yes,2,Graduate,No,5819.0,5000.0,120.0,360.0,1.0,Rural,1,analytics_vidhya
LP001800,Yes,1,Not Graduate,No,2510.0,1983.0,140.0,180.0,1.0,Urban,0,analytics_vidhya
LP001806,No,0,Graduate,No,2965.0,5701.0,155.0,60.0,1.0,Urban,1,analytics_vidhya
LP001807,Yes,2,Graduate,Yes,6250.0,1300.0,108.0,360.0,1.0,Rural,1,analytics_vidhya
LP001811,Yes,0,Not Graduate,No,3406.0,4417.0,123.0,360.0,1.0,Semiurban,1,analytics_vidhya
LP001813,No,0,Graduate,Yes,6050.0,4333.0,120.0,180.0,1.0,Urban,0,analytics_vidhya
LP001814,Yes,2,Graduate,No,9703.0,0.0,112.0,360.0,1.0,Urban,1,analytics_vidhya
LP001819,Yes,1,Not Graduate,No,6608.0,0.0,137.0,180.0,1.0,Urban,1,analytics_vidhya
LP001824,Yes,1,Graduate,No,2882.0,1843.0,123.0,480.0,1.0,Semiurban,1,analytics_vidhya
LP001825,Yes,0,Graduate,No,1809.0,1868.0,90.0,360.0,1.0,Urban,1,analytics_vidhya
LP001835,Yes,0,Not Graduate,No,1668.0,3890.0,201.0,360.0,0.0,Semiurban,0,analytics_vidhya
LP001836,No,2,Graduate,No,3427.0,0.0,138.0,360.0,1.0,Urban,0,analytics_vidhya
LP001841,No,0,Not Graduate,Yes,2583.0,2167.0,104.0,360.0,1.0,Rural,1,analytics_vidhya
LP001843,Yes,1,Not Graduate,No,2661.0,7101.0,279.0,180.0,1.0,Semiurban,1,analytics_vidhya
LP001844,No,0,Graduate,Yes,16250.0,0.0,192.0,360.0,0.0,Urban,0,analytics_vidhya
LP001846,No,3+,Graduate,No,3083.0,0.0,255.0,360.0,1.0,Rural,1,analytics_vidhya
LP001849,No,0,Not Graduate,No,6045.0,0.0,115.0,360.0,0.0,Rural,0,analytics_vidhya
LP001854,Yes,3+,Graduate,No,5250.0,0.0,94.0,360.0,1.0,Urban,0,analytics_vidhya
LP001859,Yes,0,Graduate,No,14683.0,2100.0,304.0,360.0,1.0,Rural,0,analytics_vidhya
LP001864,Yes,3+,Not Graduate,No,4931.0,0.0,128.0,360.0,,Semiurban,0,analytics_vidhya
LP001865,Yes,1,Graduate,No,6083.0,4250.0,330.0,360.0,,Urban,1,analytics_vidhya
LP001868,No,0,Graduate,No,2060.0,2209.0,134.0,360.0,1.0,Semiurban,1,analytics_vidhya
LP001870,No,1,Graduate,No,3481.0,0.0,155.0,36.0,1.0,Semiurban,0,analytics_vidhya
LP001871,No,0,Graduate,No,7200.0,0.0,120.0,360.0,1.0,Rural,1,analytics_vidhya
LP001872,No,0,Graduate,Yes,5166.0,0.0,128.0,360.0,1.0,Semiurban,1,analytics_vidhya
LP001875,No,0,Graduate,No,4095.0,3447.0,151.0,360.0,1.0,Rural,1,analytics_vidhya
LP001877,Yes,2,Graduate,No,4708.0,1387.0,150.0,360.0,1.0,Semiurban,1,analytics_vidhya
LP001882,Yes,3+,Graduate,No,4333.0,1811.0,160.0,360.0,0.0,Urban,1,analytics_vidhya
LP001883,No,0,Graduate,,3418.0,0.0,135.0,360.0,1.0,Rural,0,analytics_vidhya
LP001884,No,1,Graduate,No,2876.0,1560.0,90.0,360.0,1.0,Urban,1,analytics_vidhya
LP001888,No,0,Graduate,No,3237.0,0.0,30.0,360.0,1.0,Urban,1,analytics_vidhya
LP001891,Yes,0,Graduate,No,11146.0,0.0,136.0,360.0,1.0,Urban,1,analytics_vidhya
LP001892,No,0,Graduate,No,2833.0,1857.0,126.0,360.0,1.0,Rural,1,analytics_vidhya
LP001894,Yes,0,Graduate,No,2620.0,2223.0,150.0,360.0,1.0,Semiurban,1,analytics_vidhya
LP001896,Yes,2,Graduate,No,3900.0,0.0,90.0,360.0,1.0,Semiurban,1,analytics_vidhya
LP001900,Yes,1,Graduate,No,2750.0,1842.0,115.0,360.0,1.0,Semiurban,1,analytics_vidhya
LP001903,Yes,0,Graduate,No,3993.0,3274.0,207.0,360.0,1.0,Semiurban,1,analytics_vidhya
LP001904,Yes,0,Graduate,No,3103.0,1300.0,80.0,360.0,1.0,Urban,1,analytics_vidhya
LP001907,Yes,0,Graduate,No,14583.0,0.0,436.0,360.0,1.0,Semiurban,1,analytics_vidhya
LP001908,Yes,0,Not Graduate,No,4100.0,0.0,124.0,360.0,,Rural,1,analytics_vidhya
LP001910,No,1,Not Graduate,Yes,4053.0,2426.0,158.0,360.0,0.0,Urban,0,analytics_vidhya
LP001914,Yes,0,Graduate,No,3927.0,800.0,112.0,360.0,1.0,Semiurban,1,analytics_vidhya
LP001915,Yes,2,Graduate,No,2301.0,985.7999878,78.0,180.0,1.0,Urban,1,analytics_vidhya
LP001917,No,0,Graduate,No,1811.0,1666.0,54.0,360.0,1.0,Urban,1,analytics_vidhya
LP001922,Yes,0,Graduate,No,20667.0,0.0,,360.0,1.0,Rural,0,analytics_vidhya
LP001924,No,0,Graduate,No,3158.0,3053.0,89.0,360.0,1.0,Rural,1,analytics_vidhya
LP001925,No,0,Graduate,Yes,2600.0,1717.0,99.0,300.0,1.0,Semiurban,0,analytics_vidhya
LP001926,Yes,0,Graduate,No,3704.0,2000.0,120.0,360.0,1.0,Rural,1,analytics_vidhya
LP001931,No,0,Graduate,No,4124.0,0.0,115.0,360.0,1.0,Semiurban,1,analytics_vidhya
LP001935,No,0,Graduate,No,9508.0,0.0,187.0,360.0,1.0,Rural,1,analytics_vidhya
LP001936,Yes,0,Graduate,No,3075.0,2416.0,139.0,360.0,1.0,Rural,1,analytics_vidhya
LP001938,Yes,2,Graduate,No,4400.0,0.0,127.0,360.0,0.0,Semiurban,0,analytics_vidhya
LP001940,Yes,2,Graduate,No,3153.0,1560.0,134.0,360.0,1.0,Urban,1,analytics_vidhya
LP001945,No,,Graduate,No,5417.0,0.0,143.0,480.0,0.0,Urban,0,analytics_vidhya
LP001947,Yes,0,Graduate,No,2383.0,3334.0,172.0,360.0,1.0,Semiurban,1,analytics_vidhya
LP001949,Yes,3+,Graduate,,4416.0,1250.0,110.0,360.0,1.0,Urban,1,analytics_vidhya
LP001953,Yes,1,Graduate,No,6875.0,0.0,200.0,360.0,1.0,Semiurban,1,analytics_vidhya
LP001954,Yes,1,Graduate,No,4666.0,0.0,135.0,360.0,1.0,Urban,1,analytics_vidhya
LP001955,No,0,Graduate,No,5000.0,2541.0,151.0,480.0,1.0,Rural,0,analytics_vidhya
LP001963,Yes,1,Graduate,No,2014.0,2925.0,113.0,360.0,1.0,Urban,0,analytics_vidhya
LP001964,Yes,0,Not Graduate,No,1800.0,2934.0,93.0,360.0,0.0,Urban,0,analytics_vidhya
LP001972,Yes,,Not Graduate,No,2875.0,1750.0,105.0,360.0,1.0,Semiurban,1,analytics_vidhya
LP001974,No,0,Graduate,No,5000.0,0.0,132.0,360.0,1.0,Rural,1,analytics_vidhya
LP001977,Yes,1,Graduate,No,1625.0,1803.0,96.0,360.0,1.0,Urban,1,analytics_vidhya
LP001978,No,0,Graduate,No,4000.0,2500.0,140.0,360.0,1.0,Rural,1,analytics_vidhya
LP001990,No,0,Not Graduate,No,2000.0,0.0,,360.0,1.0,Urban,0,analytics_vidhya
LP001993,No,0,Graduate,No,3762.0,1666.0,135.0,360.0,1.0,Rural,1,analytics_vidhya
LP001994,No,0,Graduate,No,2400.0,1863.0,104.0,360.0,0.0,Urban,0,analytics_vidhya
LP001996,No,0,Graduate,No,20233.0,0.0,480.0,360.0,1.0,Rural,0,analytics_vidhya
LP001998,Yes,2,Not Graduate,No,7667.0,0.0,185.0,360.0,,Rural,1,analytics_vidhya
LP002002,No,0,Graduate,No,2917.0,0.0,84.0,360.0,1.0,Semiurban,1,analytics_vidhya
LP002004,No,0,Not Graduate,No,2927.0,2405.0,111.0,360.0,1.0,Semiurban,1,analytics_vidhya
LP002006,No,0,Graduate,No,2507.0,0.0,56.0,360.0,1.0,Rural,1,analytics_vidhya
LP002008,Yes,2,Graduate,Yes,5746.0,0.0,144.0,84.0,,Rural,1,analytics_vidhya
LP002024,Yes,0,Graduate,No,2473.0,1843.0,159.0,360.0,1.0,Rural,0,analytics_vidhya
LP002031,Yes,1,Not Graduate,No,3399.0,1640.0,111.0,180.0,1.0,Urban,1,analytics_vidhya
LP002035,Yes,2,Graduate,No,3717.0,0.0,120.0,360.0,1.0,Semiurban,1,analytics_vidhya
LP002036,Yes,0,Graduate,No,2058.0,2134.0,88.0,360.0,,Urban,1,analytics_vidhya
LP002043,No,1,Graduate,No,3541.0,0.0,112.0,360.0,,Semiurban,1,analytics_vidhya
LP002050,Yes,1,Graduate,Yes,10000.0,0.0,155.0,360.0,1.0,Rural,0,analytics_vidhya
LP002051,Yes,0,Graduate,No,2400.0,2167.0,115.0,360.0,1.0,Semiurban,1,analytics_vidhya
LP002053,Yes,3+,Graduate,No,4342.0,189.0,124.0,360.0,1.0,Semiurban,1,analytics_vidhya
LP002054,Yes,2,Not Graduate,No,3601.0,1590.0,,360.0,1.0,Rural,1,analytics_vidhya
LP002055,No,0,Graduate,No,3166.0,2985.0,132.0,360.0,,Rural,1,analytics_vidhya
LP002065,Yes,3+,Graduate,No,15000.0,0.0,300.0,360.0,1.0,Rural,1,analytics_vidhya
LP002067,Yes,1,Graduate,Yes,8666.0,4983.0,376.0,360.0,0.0,Rural,0,analytics_vidhya
LP002068,No,0,Graduate,No,4917.0,0.0,130.0,360.0,0.0,Rural,1,analytics_vidhya
LP002082,Yes,0,Graduate,Yes,5818.0,2160.0,184.0,360.0,1.0,Semiurban,1,analytics_vidhya
LP002086,Yes,0,Graduate,No,4333.0,2451.0,110.0,360.0,1.0,Urban,0,analytics_vidhya
LP002087,No,0,Graduate,No,2500.0,0.0,67.0,360.0,1.0,Urban,1,analytics_vidhya
LP002097,No,1,Graduate,No,4384.0,1793.0,117.0,360.0,1.0,Urban,1,analytics_vidhya
LP002098,No,0,Graduate,No,2935.0,0.0,98.0,360.0,1.0,Semiurban,1,analytics_vidhya
LP002100,No,,Graduate,No,2833.0,0.0,71.0,360.0,1.0,Urban,1,analytics_vidhya
LP002101,Yes,0,Graduate,,63337.0,0.0,490.0,180.0,1.0,Urban,1,analytics_vidhya
LP002103,Yes,1,Graduate,Yes,9833.0,1833.0,182.0,180.0,1.0,Urban,1,analytics_vidhya
LP002106,Yes,,Graduate,Yes,5503.0,4490.0,70.0,,1.0,Semiurban,1,analytics_vidhya
LP002110,Yes,1,Graduate,,5250.0,688.0,160.0,360.0,1.0,Rural,1,analytics_vidhya
LP002112,Yes,2,Graduate,Yes,2500.0,4600.0,176.0,360.0,1.0,Rural,1,analytics_vidhya
LP002113,No,3+,Not Graduate,No,1830.0,0.0,,360.0,0.0,Urban,0,analytics_vidhya
LP002114,No,0,Graduate,No,4160.0,0.0,71.0,360.0,1.0,Semiurban,1,analytics_vidhya
LP002115,Yes,3+,Not Graduate,No,2647.0,1587.0,173.0,360.0,1.0,Rural,0,analytics_vidhya
LP002116,No,0,Graduate,No,2378.0,0.0,46.0,360.0,1.0,Rural,0,analytics_vidhya
LP002119,Yes,1,Not Graduate,No,4554.0,1229.0,158.0,360.0,1.0,Urban,1,analytics_vidhya
LP002126,Yes,3+,Not Graduate,No,3173.0,0.0,74.0,360.0,1.0,Semiurban,1,analytics_vidhya
LP002128,Yes,2,Graduate,,2583.0,2330.0,125.0,360.0,1.0,Rural,1,analytics_vidhya
LP002129,Yes,0,Graduate,No,2499.0,2458.0,160.0,360.0,1.0,Semiurban,1,analytics_vidhya
LP002130,Yes,,Not Graduate,No,3523.0,3230.0,152.0,360.0,0.0,Rural,0,analytics_vidhya
LP002131,Yes,2,Not Graduate,No,3083.0,2168.0,126.0,360.0,1.0,Urban,1,analytics_vidhya
LP002137,Yes,0,Graduate,No,6333.0,4583.0,259.0,360.0,,Semiurban,1,analytics_vidhya
LP002138,Yes,0,Graduate,No,2625.0,6250.0,187.0,360.0,1.0,Rural,1,analytics_vidhya
LP002139,Yes,0,Graduate,No,9083.0,0.0,228.0,360.0,1.0,Semiurban,1,analytics_vidhya
LP002140,No,0,Graduate,No,8750.0,4167.0,308.0,360.0,1.0,Rural,0,analytics_vidhya
LP002141,Yes,3+,Graduate,No,2666.0,2083.0,95.0,360.0,1.0,Rural,1,analytics_vidhya
LP002142,Yes,0,Graduate,Yes,5500.0,0.0,105.0,360.0,0.0,Rural,0,analytics_vidhya
LP002143,Yes,0,Graduate,No,2423.0,505.0,130.0,360.0,1.0,Semiurban,1,analytics_vidhya
LP002144,No,,Graduate,No,3813.0,0.0,116.0,180.0,1.0,Urban,1,analytics_vidhya
LP002149,Yes,2,Graduate,No,8333.0,3167.0,165.0,360.0,1.0,Rural,1,analytics_vidhya
LP002151,Yes,1,Graduate,No,3875.0,0.0,67.0,360.0,1.0,Urban,0,analytics_vidhya
LP002158,Yes,0,Not Graduate,No,3000.0,1666.0,100.0,480.0,0.0,Urban,0,analytics_vidhya
LP002160,Yes,3+,Graduate,No,5167.0,3167.0,200.0,360.0,1.0,Semiurban,1,analytics_vidhya
LP002161,No,1,Graduate,No,4723.0,0.0,81.0,360.0,1.0,Semiurban,0,analytics_vidhya
LP002170,Yes,2,Graduate,No,5000.0,3667.0,236.0,360.0,1.0,Semiurban,1,analytics_vidhya
LP002175,Yes,0,Graduate,No,4750.0,2333.0,130.0,360.0,1.0,Urban,1,analytics_vidhya
LP002178,Yes,0,Graduate,No,3013.0,3033.0,95.0,300.0,,Urban,1,analytics_vidhya
LP002180,No,0,Graduate,Yes,6822.0,0.0,141.0,360.0,1.0,Rural,1,analytics_vidhya
LP002181,No,0,Not Graduate,No,6216.0,0.0,133.0,360.0,1.0,Rural,0,analytics_vidhya
LP002187,No,0,Graduate,No,2500.0,0.0,96.0,480.0,1.0,Semiurban,0,analytics_vidhya
LP002188,No,0,Graduate,No,5124.0,0.0,124.0,,0.0,Rural,0,analytics_vidhya
LP002190,Yes,1,Graduate,No,6325.0,0.0,175.0,360.0,1.0,Semiurban,1,analytics_vidhya
LP002191,Yes,0,Graduate,No,19730.0,5266.0,570.0,360.0,1.0,Rural,0,analytics_vidhya
LP002194,No,0,Graduate,Yes,15759.0,0.0,55.0,360.0,1.0,Semiurban,1,analytics_vidhya
LP002197,Yes,2,Graduate,No,5185.0,0.0,155.0,360.0,1.0,Semiurban,1,analytics_vidhya
LP002201,Yes,2,Graduate,Yes,9323.0,7873.0,380.0,300.0,1.0,Rural,1,analytics_vidhya
LP002205,No,1,Graduate,No,3062.0,1987.0,111.0,180.0,0.0,Urban,0,analytics_vidhya
LP002209,No,0,Graduate,,2764.0,1459.0,110.0,360.0,1.0,Urban,1,analytics_vidhya
LP002211,Yes,0,Graduate,No,4817.0,923.0,120.0,180.0,1.0,Urban,1,analytics_vidhya
LP002219,Yes,3+,Graduate,No,8750.0,4996.0,130.0,360.0,1.0,Rural,1,analytics_vidhya
LP002223,Yes,0,Graduate,No,4310.0,0.0,130.0,360.0,,Semiurban,1,analytics_vidhya
LP002224,No,0,Graduate,No,3069.0,0.0,71.0,480.0,1.0,Urban,0,analytics_vidhya
LP002225,Yes,2,Graduate,No,5391.0,0.0,130.0,360.0,1.0,Urban,1,analytics_vidhya
LP002226,Yes,0,Graduate,,3333.0,2500.0,128.0,360.0,1.0,Semiurban,1,analytics_vidhya
LP002229,No,0,Graduate,No,5941.0,4232.0,296.0,360.0,1.0,Semiurban,1,analytics_vidhya
LP002231,No,0,Graduate,No,6000.0,0.0,156.0,360.0,1.0,Urban,1,analytics_vidhya
LP002234,No,0,Graduate,Yes,7167.0,0.0,128.0,360.0,1.0,Urban,1,analytics_vidhya
LP002236,Yes,2,Graduate,No,4566.0,0.0,100.0,360.0,1.0,Urban,0,analytics_vidhya
LP002237,No,1,Graduate,,3667.0,0.0,113.0,180.0,1.0,Urban,1,analytics_vidhya
LP002239,No,0,Not Graduate,No,2346.0,1600.0,132.0,360.0,1.0,Semiurban,1,analytics_vidhya
LP002243,Yes,0,Not Graduate,No,3010.0,3136.0,,360.0,0.0,Urban,0,analytics_vidhya
LP002244,Yes,0,Graduate,No,2333.0,2417.0,136.0,360.0,1.0,Urban,1,analytics_vidhya
LP002250,Yes,0,Graduate,No,5488.0,0.0,125.0,360.0,1.0,Rural,1,analytics_vidhya
LP002255,No,3+,Graduate,No,9167.0,0.0,185.0,360.0,1.0,Rural,1,analytics_vidhya
LP002262,Yes,3+,Graduate,No,9504.0,0.0,275.0,360.0,1.0,Rural,1,analytics_vidhya
LP002263,Yes,0,Graduate,No,2583.0,2115.0,120.0,360.0,,Urban,1,analytics_vidhya
LP002265,Yes,2,Not Graduate,No,1993.0,1625.0,113.0,180.0,1.0,Semiurban,1,analytics_vidhya
LP002266,Yes,2,Graduate,No,3100.0,1400.0,113.0,360.0,1.0,Urban,1,analytics_vidhya
LP002272,Yes,2,Graduate,No,3276.0,484.0,135.0,360.0,,Semiurban,1,analytics_vidhya
LP002277,No,0,Graduate,No,3180.0,0.0,71.0,360.0,0.0,Urban,0,analytics_vidhya
LP002281,Yes,0,Graduate,No,3033.0,1459.0,95.0,360.0,1.0,Urban,1,analytics_vidhya
LP002284,No,0,Not Graduate,No,3902.0,1666.0,109.0,360.0,1.0,Rural,1,analytics_vidhya
LP002287,No,0,Graduate,No,1500.0,1800.0,103.0,360.0,0.0,Semiurban,0,analytics_vidhya
LP002288,Yes,2,Not Graduate,No,2889.0,0.0,45.0,180.0,0.0,Urban,0,analytics_vidhya
LP002296,No,0,Not Graduate,No,2755.0,0.0,65.0,300.0,1.0,Rural,0,analytics_vidhya
LP002297,No,0,Graduate,No,2500.0,20000.0,103.0,360.0,1.0,Semiurban,1,analytics_vidhya
LP002300,No,0,Not Graduate,No,1963.0,0.0,53.0,360.0,1.0,Semiurban,1,analytics_vidhya
LP002301,No,0,Graduate,Yes,7441.0,0.0,194.0,360.0,1.0,Rural,0,analytics_vidhya
LP002305,No,0,Graduate,No,4547.0,0.0,115.0,360.0,1.0,Semiurban,1,analytics_vidhya
LP002308,Yes,0,Not Graduate,No,2167.0,2400.0,115.0,360.0,1.0,Urban,1,analytics_vidhya
LP002314,No,0,Not Graduate,No,2213.0,0.0,66.0,360.0,1.0,Rural,1,analytics_vidhya
LP002315,Yes,1,Graduate,No,8300.0,0.0,152.0,300.0,0.0,Semiurban,0,analytics_vidhya
LP002317,Yes,3+,Graduate,No,81000.0,0.0,360.0,360.0,0.0,Rural,0,analytics_vidhya
LP002318,No,1,Not Graduate,Yes,3867.0,0.0,62.0,360.0,1.0,Semiurban,0,analytics_vidhya
LP002319,Yes,0,Graduate,,6256.0,0.0,160.0,360.0,,Urban,1,analytics_vidhya
LP002328,Yes,0,Not Graduate,No,6096.0,0.0,218.0,360.0,0.0,Rural,0,analytics_vidhya
LP002332,Yes,0,Not Graduate,No,2253.0,2033.0,110.0,360.0,1.0,Rural,1,analytics_vidhya
LP002335,Yes,0,Not Graduate,No,2149.0,3237.0,178.0,360.0,0.0,Semiurban,0,analytics_vidhya
LP002337,No,0,Graduate,No,2995.0,0.0,60.0,360.0,1.0,Urban,1,analytics_vidhya
LP002341,No,1,Graduate,No,2600.0,0.0,160.0,360.0,1.0,Urban,0,analytics_vidhya
LP002342,Yes,2,Graduate,Yes,1600.0,20000.0,239.0,360.0,1.0,Urban,0,analytics_vidhya
LP002345,Yes,0,Graduate,No,1025.0,2773.0,112.0,360.0,1.0,Rural,1,analytics_vidhya
LP002347,Yes,0,Graduate,No,3246.0,1417.0,138.0,360.0,1.0,Semiurban,1,analytics_vidhya
LP002348,Yes,0,Graduate,No,5829.0,0.0,138.0,360.0,1.0,Rural,1,analytics_vidhya
LP002357,No,0,Not Graduate,No,2720.0,0.0,80.0,,0.0,Urban,0,analytics_vidhya
LP002361,Yes,0,Graduate,No,1820.0,1719.0,100.0,360.0,1.0,Urban,1,analytics_vidhya
LP002362,Yes,1,Graduate,No,7250.0,1667.0,110.0,,0.0,Urban,0,analytics_vidhya
LP002364,Yes,0,Graduate,No,14880.0,0.0,96.0,360.0,1.0,Semiurban,1,analytics_vidhya
LP002366,Yes,0,Graduate,No,2666.0,4300.0,121.0,360.0,1.0,Rural,1,analytics_vidhya
LP002367,No,1,Not Graduate,No,4606.0,0.0,81.0,360.0,1.0,Rural,0,analytics_vidhya
LP002368,Yes,2,Graduate,No,5935.0,0.0,133.0,360.0,1.0,Semiurban,1,analytics_vidhya
LP002369,Yes,0,Graduate,No,2920.0,16.12000084,87.0,360.0,1.0,Rural,1,analytics_vidhya
LP002370,No,0,Not Graduate,No,2717.0,0.0,60.0,180.0,1.0,Urban,1,analytics_vidhya
LP002377,No,1,Graduate,Yes,8624.0,0.0,150.0,360.0,1.0,Semiurban,1,analytics_vidhya
LP002379,No,0,Graduate,No,6500.0,0.0,105.0,360.0,0.0,Rural,0,analytics_vidhya
LP002386,No,0,Graduate,,12876.0,0.0,405.0,360.0,1.0,Semiurban,1,analytics_vidhya
LP002387,Yes,0,Graduate,No,2425.0,2340.0,143.0,360.0,1.0,Semiurban,1,analytics_vidhya
LP002390,No,0,Graduate,No,3750.0,0.0,100.0,360.0,1.0,Urban,1,analytics_vidhya
LP002393,,,Graduate,No,10047.0,0.0,,240.0,1.0,Semiurban,1,analytics_vidhya
LP002398,No,0,Graduate,No,1926.0,1851.0,50.0,360.0,1.0,Semiurban,1,analytics_vidhya
LP002401,Yes,0,Graduate,No,2213.0,1125.0,,360.0,1.0,Urban,1,analytics_vidhya
LP002403,No,0,Graduate,Yes,10416.0,0.0,187.0,360.0,0.0,Urban,0,analytics_vidhya
LP002407,Yes,0,Not Graduate,Yes,7142.0,0.0,138.0,360.0,1.0,Rural,1,analytics_vidhya
LP002408,No,0,Graduate,No,3660.0,5064.0,187.0,360.0,1.0,Semiurban,1,analytics_vidhya
LP002409,Yes,0,Graduate,No,7901.0,1833.0,180.0,360.0,1.0,Rural,1,analytics_vidhya
LP002418,No,3+,Not Graduate,No,4707.0,1993.0,148.0,360.0,1.0,Semiurban,1,analytics_vidhya
LP002422,No,1,Graduate,No,37719.0,0.0,152.0,360.0,1.0,Semiurban,1,analytics_vidhya
LP002424,Yes,0,Graduate,No,7333.0,8333.0,175.0,300.0,,Rural,1,analytics_vidhya
LP002429,Yes,1,Graduate,Yes,3466.0,1210.0,130.0,360.0,1.0,Rural,1,analytics_vidhya
LP002434,Yes,2,Not Graduate,No,4652.0,0.0,110.0,360.0,1.0,Rural,1,analytics_vidhya
LP002435,Yes,0,Graduate,,3539.0,1376.0,55.0,360.0,1.0,Rural,0,analytics_vidhya
LP002443,Yes,2,Graduate,No,3340.0,1710.0,150.0,360.0,0.0,Rural,0,analytics_vidhya
LP002444,No,1,Not Graduate,Yes,2769.0,1542.0,190.0,360.0,,Semiurban,0,analytics_vidhya
LP002446,Yes,2,Not Graduate,No,2309.0,1255.0,125.0,360.0,0.0,Rural,0,analytics_vidhya
LP002447,Yes,2,Not Graduate,No,1958.0,1456.0,60.0,300.0,,Urban,1,analytics_vidhya
LP002448,Yes,0,Graduate,No,3948.0,1733.0,149.0,360.0,0.0,Rural,0,analytics_vidhya
LP002449,Yes,0,Graduate,No,2483.0,2466.0,90.0,180.0,0.0,Rural,1,analytics_vidhya
LP002453,No,0,Graduate,Yes,7085.0,0.0,84.0,360.0,1.0,Semiurban,1,analytics_vidhya
LP002455,Yes,2,Graduate,No,3859.0,0.0,96.0,360.0,1.0,Semiurban,1,analytics_vidhya
LP002459,Yes,0,Graduate,No,4301.0,0.0,118.0,360.0,1.0,Urban,1,analytics_vidhya
LP002467,Yes,0,Graduate,No,3708.0,2569.0,173.0,360.0,1.0,Urban,0,analytics_vidhya
LP002472,No,2,Graduate,No,4354.0,0.0,136.0,360.0,1.0,Rural,1,analytics_vidhya
LP002473,Yes,0,Graduate,No,8334.0,0.0,160.0,360.0,1.0,Semiurban,0,analytics_vidhya
LP002478,Yes,0,Graduate,Yes,2083.0,4083.0,160.0,360.0,,Semiurban,1,analytics_vidhya
LP002484,Yes,3+,Graduate,No,7740.0,0.0,128.0,180.0,1.0,Urban,1,analytics_vidhya
LP002487,Yes,0,Graduate,No,3015.0,2188.0,153.0,360.0,1.0,Rural,1,analytics_vidhya
LP002489,No,1,Not Graduate,,5191.0,0.0,132.0,360.0,1.0,Semiurban,1,analytics_vidhya
LP002493,No,0,Graduate,No,4166.0,0.0,98.0,360.0,0.0,Semiurban,0,analytics_vidhya
LP002494,No,0,Graduate,No,6000.0,0.0,140.0,360.0,1.0,Rural,1,analytics_vidhya
LP002500,Yes,3+,Not Graduate,No,2947.0,1664.0,70.0,180.0,0.0,Urban,0,analytics_vidhya
LP002501,Yes,0,Graduate,No,16692.0,0.0,110.0,360.0,1.0,Semiurban,1,analytics_vidhya
LP002502,Yes,2,Not Graduate,,210.0,2917.0,98.0,360.0,1.0,Semiurban,1,analytics_vidhya
LP002505,Yes,0,Graduate,No,4333.0,2451.0,110.0,360.0,1.0,Urban,0,analytics_vidhya
LP002515,Yes,1,Graduate,Yes,3450.0,2079.0,162.0,360.0,1.0,Semiurban,1,analytics_vidhya
LP002517,Yes,1,Not Graduate,No,2653.0,1500.0,113.0,180.0,0.0,Rural,0,analytics_vidhya
LP002519,Yes,3+,Graduate,No,4691.0,0.0,100.0,360.0,1.0,Semiurban,1,analytics_vidhya
LP002522,No,0,Graduate,Yes,2500.0,0.0,93.0,360.0,,Urban,1,analytics_vidhya
LP002524,No,2,Graduate,No,5532.0,4648.0,162.0,360.0,1.0,Rural,1,analytics_vidhya
LP002527,Yes,2,Graduate,Yes,16525.0,1014.0,150.0,360.0,1.0,Rural,1,analytics_vidhya
LP002529,Yes,2,Graduate,No,6700.0,1750.0,230.0,300.0,1.0,Semiurban,1,analytics_vidhya
LP002530,Yes,2,Graduate,No,2873.0,1872.0,132.0,360.0,0.0,Semiurban,0,analytics_vidhya
LP002531,Yes,1,Graduate,Yes,16667.0,2250.0,86.0,360.0,1.0,Semiurban,1,analytics_vidhya
LP002533,Yes,2,Graduate,No,2947.0,1603.0,,360.0,1.0,Urban,0,analytics_vidhya
LP002534,No,0,Not Graduate,No,4350.0,0.0,154.0,360.0,1.0,Rural,1,analytics_vidhya
LP002536,Yes,3+,Not Graduate,No,3095.0,0.0,113.0,360.0,1.0,Rural,1,analytics_vidhya
LP002537,Yes,0,Graduate,No,2083.0,3150.0,128.0,360.0,1.0,Semiurban,1,analytics_vidhya
LP002541,Yes,0,Graduate,No,10833.0,0.0,234.0,360.0,1.0,Semiurban,1,analytics_vidhya
LP002543,Yes,2,Graduate,No,8333.0,0.0,246.0,360.0,1.0,Semiurban,1,analytics_vidhya
LP002544,Yes,1,Not Graduate,No,1958.0,2436.0,131.0,360.0,1.0,Rural,1,analytics_vidhya
LP002545,No,2,Graduate,No,3547.0,0.0,80.0,360.0,0.0,Rural,0,analytics_vidhya
LP002547,Yes,1,Graduate,No,18333.0,0.0,500.0,360.0,1.0,Urban,0,analytics_vidhya
LP002555,Yes,2,Graduate,Yes,4583.0,2083.0,160.0,360.0,1.0,Semiurban,1,analytics_vidhya
LP002556,No,0,Graduate,No,2435.0,0.0,75.0,360.0,1.0,Urban,0,analytics_vidhya
LP002560,No,0,Not Graduate,No,2699.0,2785.0,96.0,360.0,,Semiurban,1,analytics_vidhya
LP002562,Yes,1,Not Graduate,No,5333.0,1131.0,186.0,360.0,,Urban,1,analytics_vidhya
LP002571,No,0,Not Graduate,No,3691.0,0.0,110.0,360.0,1.0,Rural,1,analytics_vidhya
LP002582,No,0,Not Graduate,Yes,17263.0,0.0,225.0,360.0,1.0,Semiurban,1,analytics_vidhya
LP002585,Yes,0,Graduate,No,3597.0,2157.0,119.0,360.0,0.0,Rural,0,analytics_vidhya
LP002586,Yes,1,Graduate,No,3326.0,913.0,105.0,84.0,1.0,Semiurban,1,analytics_vidhya
LP002587,Yes,0,Not Graduate,No,2600.0,1700.0,107.0,360.0,1.0,Rural,1,analytics_vidhya
LP002588,Yes,0,Graduate,No,4625.0,2857.0,111.0,12.0,,Urban,1,analytics_vidhya
LP002600,Yes,1,Graduate,Yes,2895.0,0.0,95.0,360.0,1.0,Semiurban,1,analytics_vidhya
LP002602,No,0,Graduate,No,6283.0,4416.0,209.0,360.0,0.0,Rural,0,analytics_vidhya
LP002603,No,0,Graduate,No,645.0,3683.0,113.0,480.0,1.0,Rural,1,analytics_vidhya
LP002606,No,0,Graduate,No,3159.0,0.0,100.0,360.0,1.0,Semiurban,1,analytics_vidhya
LP002615,Yes,2,Graduate,No,4865.0,5624.0,208.0,360.0,1.0,Semiurban,1,analytics_vidhya
LP002618,Yes,1,Not Graduate,No,4050.0,5302.0,138.0,360.0,,Rural,0,analytics_vidhya
LP002619,Yes,0,Not Graduate,No,3814.0,1483.0,124.0,300.0,1.0,Semiurban,1,analytics_vidhya
LP002622,Yes,2,Graduate,No,3510.0,4416.0,243.0,360.0,1.0,Rural,1,analytics_vidhya
LP002624,Yes,0,Graduate,No,20833.0,6667.0,480.0,360.0,,Urban,1,analytics_vidhya
LP002625,No,0,Graduate,No,3583.0,0.0,96.0,360.0,1.0,Urban,0,analytics_vidhya
LP002626,Yes,0,Graduate,Yes,2479.0,3013.0,188.0,360.0,1.0,Urban,1,analytics_vidhya
LP002634,No,1,Graduate,No,13262.0,0.0,40.0,360.0,1.0,Urban,1,analytics_vidhya
LP002637,No,0,Not Graduate,No,3598.0,1287.0,100.0,360.0,1.0,Rural,0,analytics_vidhya
LP002640,Yes,1,Graduate,No,6065.0,2004.0,250.0,360.0,1.0,Semiurban,1,analytics_vidhya
LP002643,Yes,2,Graduate,No,3283.0,2035.0,148.0,360.0,1.0,Urban,1,analytics_vidhya
LP002648,Yes,0,Graduate,No,2130.0,6666.0,70.0,180.0,1.0,Semiurban,0,analytics_vidhya
LP002652,No,0,Graduate,No,5815.0,3666.0,311.0,360.0,1.0,Rural,0,analytics_vidhya
LP002659,Yes,3+,Graduate,No,3466.0,3428.0,150.0,360.0,1.0,Rural,1,analytics_vidhya
LP002670,Yes,2,Graduate,No,2031.0,1632.0,113.0,480.0,1.0,Semiurban,1,analytics_vidhya
LP002682,Yes,,Not Graduate,No,3074.0,1800.0,123.0,360.0,0.0,Semiurban,0,analytics_vidhya
LP002683,No,0,Graduate,No,4683.0,1915.0,185.0,360.0,1.0,Semiurban,0,analytics_vidhya
LP002684,No,0,Not Graduate,No,3400.0,0.0,95.0,360.0,1.0,Rural,0,analytics_vidhya
LP002689,Yes,2,Not Graduate,No,2192.0,1742.0,45.0,360.0,1.0,Semiurban,1,analytics_vidhya
LP002690,No,0,Graduate,No,2500.0,0.0,55.0,360.0,1.0,Semiurban,1,analytics_vidhya
LP002692,Yes,3+,Graduate,Yes,5677.0,1424.0,100.0,360.0,1.0,Rural,1,analytics_vidhya
LP002693,Yes,2,Graduate,Yes,7948.0,7166.0,480.0,360.0,1.0,Rural,1,analytics_vidhya
LP002697,No,0,Graduate,No,4680.0,2087.0,,360.0,1.0,Semiurban,0,analytics_vidhya
LP002699,Yes,2,Graduate,Yes,17500.0,0.0,400.0,360.0,1.0,Rural,1,analytics_vidhya
LP002705,Yes,0,Graduate,No,3775.0,0.0,110.0,360.0,1.0,Semiurban,1,analytics_vidhya
LP002706,Yes,1,Not Graduate,No,5285.0,1430.0,161.0,360.0,0.0,Semiurban,1,analytics_vidhya
LP002714,No,1,Not Graduate,No,2679.0,1302.0,94.0,360.0,1.0,Semiurban,1,analytics_vidhya
LP002716,No,0,Not Graduate,No,6783.0,0.0,130.0,360.0,1.0,Semiurban,1,analytics_vidhya
LP002717,Yes,0,Graduate,No,1025.0,5500.0,216.0,360.0,,Rural,1,analytics_vidhya
LP002720,Yes,3+,Graduate,No,4281.0,0.0,100.0,360.0,1.0,Urban,1,analytics_vidhya
LP002723,No,2,Graduate,No,3588.0,0.0,110.0,360.0,0.0,Rural,0,analytics_vidhya
LP002729,No,1,Graduate,No,11250.0,0.0,196.0,360.0,,Semiurban,0,analytics_vidhya
LP002731,No,0,Not Graduate,Yes,18165.0,0.0,125.0,360.0,1.0,Urban,1,analytics_vidhya
LP002732,No,0,Not Graduate,,2550.0,2042.0,126.0,360.0,1.0,Rural,1,analytics_vidhya
LP002734,Yes,0,Graduate,No,6133.0,3906.0,324.0,360.0,1.0,Urban,1,analytics_vidhya
LP002738,No,2,Graduate,No,3617.0,0.0,107.0,360.0,1.0,Semiurban,1,analytics_vidhya
LP002739,Yes,0,Not Graduate,No,2917.0,536.0,66.0,360.0,1.0,Rural,0,analytics_vidhya
LP002740,Yes,3+,Graduate,No,6417.0,0.0,157.0,180.0,1.0,Rural,1,analytics_vidhya
LP002741,Yes,1,Graduate,No,4608.0,2845.0,140.0,180.0,1.0,Semiurban,1,analytics_vidhya
LP002743,No,0,Graduate,No,2138.0,0.0,99.0,360.0,0.0,Semiurban,0,analytics_vidhya
LP002753,No,1,Graduate,,3652.0,0.0,95.0,360.0,1.0,Semiurban,1,analytics_vidhya
LP002755,Yes,1,Not Graduate,No,2239.0,2524.0,128.0,360.0,1.0,Urban,1,analytics_vidhya
LP002757,Yes,0,Not Graduate,No,3017.0,663.0,102.0,360.0,,Semiurban,1,analytics_vidhya
LP002767,Yes,0,Graduate,No,2768.0,1950.0,155.0,360.0,1.0,Rural,1,analytics_vidhya
LP002768,No,0,Not Graduate,No,3358.0,0.0,80.0,36.0,1.0,Semiurban,0,analytics_vidhya
LP002772,No,0,Graduate,No,2526.0,1783.0,145.0,360.0,1.0,Rural,1,analytics_vidhya
LP002776,No,0,Graduate,No,5000.0,0.0,103.0,360.0,0.0,Semiurban,0,analytics_vidhya
LP002777,Yes,0,Graduate,No,2785.0,2016.0,110.0,360.0,1.0,Rural,1,analytics_vidhya
LP002778,Yes,2,Graduate,Yes,6633.0,0.0,,360.0,0.0,Rural,0,analytics_vidhya
LP002784,Yes,1,Not Graduate,No,2492.0,2375.0,,360.0,1.0,Rural,1,analytics_vidhya
LP002785,Yes,1,Graduate,No,3333.0,3250.0,158.0,360.0,1.0,Urban,1,analytics_vidhya
LP002788,Yes,0,Not Graduate,No,2454.0,2333.0,181.0,360.0,0.0,Urban,0,analytics_vidhya
LP002789,Yes,0,Graduate,No,3593.0,4266.0,132.0,180.0,0.0,Rural,0,analytics_vidhya
LP002792,Yes,1,Graduate,No,5468.0,1032.0,26.0,360.0,1.0,Semiurban,1,analytics_vidhya
LP002794,No,0,Graduate,No,2667.0,1625.0,84.0,360.0,,Urban,1,analytics_vidhya
LP002795,Yes,3+,Graduate,Yes,10139.0,0.0,260.0,360.0,1.0,Semiurban,1,analytics_vidhya
LP002798,Yes,0,Graduate,No,3887.0,2669.0,162.0,360.0,1.0,Semiurban,1,analytics_vidhya
LP002804,Yes,0,Graduate,No,4180.0,2306.0,182.0,360.0,1.0,Semiurban,1,analytics_vidhya
LP002807,Yes,2,Not Graduate,No,3675.0,242.0,108.0,360.0,1.0,Semiurban,1,analytics_vidhya
LP002813,Yes,1,Graduate,Yes,19484.0,0.0,600.0,360.0,1.0,Semiurban,1,analytics_vidhya
LP002820,Yes,0,Graduate,No,5923.0,2054.0,211.0,360.0,1.0,Rural,1,analytics_vidhya
LP002821,No,0,Not Graduate,Yes,5800.0,0.0,132.0,360.0,1.0,Semiurban,1,analytics_vidhya
LP002832,Yes,2,Graduate,No,8799.0,0.0,258.0,360.0,0.0,Urban,0,analytics_vidhya
LP002833,Yes,0,Not Graduate,No,4467.0,0.0,120.0,360.0,,Rural,1,analytics_vidhya
LP002836,No,0,Graduate,No,3333.0,0.0,70.0,360.0,1.0,Urban,1,analytics_vidhya
LP002837,Yes,3+,Graduate,No,3400.0,2500.0,123.0,360.0,0.0,Rural,0,analytics_vidhya
LP002840,No,0,Graduate,No,2378.0,0.0,9.0,360.0,1.0,Urban,0,analytics_vidhya
LP002841,Yes,0,Graduate,No,3166.0,2064.0,104.0,360.0,0.0,Urban,0,analytics_vidhya
LP002842,Yes,1,Graduate,No,3417.0,1750.0,186.0,360.0,1.0,Urban,1,analytics_vidhya
LP002847,Yes,,Graduate,No,5116.0,1451.0,165.0,360.0,0.0,Urban,0,analytics_vidhya
LP002855,Yes,2,Graduate,No,16666.0,0.0,275.0,360.0,1.0,Urban,1,analytics_vidhya
LP002862,Yes,2,Not Graduate,No,6125.0,1625.0,187.0,480.0,1.0,Semiurban,0,analytics_vidhya
LP002863,Yes,3+,Graduate,No,6406.0,0.0,150.0,360.0,1.0,Semiurban,0,analytics_vidhya
LP002868,Yes,2,Graduate,No,3159.0,461.0,108.0,84.0,1.0,Urban,1,analytics_vidhya
LP002872,Yes,0,Graduate,No,3087.0,2210.0,136.0,360.0,0.0,Semiurban,0,analytics_vidhya
LP002874,No,0,Graduate,No,3229.0,2739.0,110.0,360.0,1.0,Urban,1,analytics_vidhya
LP002877,Yes,1,Graduate,No,1782.0,2232.0,107.0,360.0,1.0,Rural,1,analytics_vidhya
LP002888,No,0,Graduate,,3182.0,2917.0,161.0,360.0,1.0,Urban,1,analytics_vidhya
LP002892,Yes,2,Graduate,No,6540.0,0.0,205.0,360.0,1.0,Semiurban,1,analytics_vidhya
LP002893,No,0,Graduate,No,1836.0,33837.0,90.0,360.0,1.0,Urban,0,analytics_vidhya
LP002894,Yes,0,Graduate,No,3166.0,0.0,36.0,360.0,1.0,Semiurban,1,analytics_vidhya
LP002898,Yes,1,Graduate,No,1880.0,0.0,61.0,360.0,,Rural,0,analytics_vidhya
LP002911,Yes,1,Graduate,No,2787.0,1917.0,146.0,360.0,0.0,Rural,0,analytics_vidhya
LP002912,Yes,1,Graduate,No,4283.0,3000.0,172.0,84.0,1.0,Rural,0,analytics_vidhya
LP002916,Yes,0,Graduate,No,2297.0,1522.0,104.0,360.0,1.0,Urban,1,analytics_vidhya
LP002917,No,0,Not Graduate,No,2165.0,0.0,70.0,360.0,1.0,Semiurban,1,analytics_vidhya
LP002925,No,0,Graduate,No,4750.0,0.0,94.0,360.0,1.0,Semiurban,1,analytics_vidhya
LP002926,Yes,2,Graduate,Yes,2726.0,0.0,106.0,360.0,0.0,Semiurban,0,analytics_vidhya
LP002928,Yes,0,Graduate,No,3000.0,3416.0,56.0,180.0,1.0,Semiurban,1,analytics_vidhya
LP002931,Yes,2,Graduate,Yes,6000.0,0.0,205.0,240.0,1.0,Semiurban,0,analytics_vidhya
LP002933,No,3+,Graduate,Yes,9357.0,0.0,292.0,360.0,1.0,Semiurban,1,analytics_vidhya
LP002936,Yes,0,Graduate,No,3859.0,3300.0,142.0,180.0,1.0,Rural,1,analytics_vidhya
LP002938,Yes,0,Graduate,Yes,16120.0,0.0,260.0,360.0,1.0,Urban,1,analytics_vidhya
LP002940,No,0,Not Graduate,No,3833.0,0.0,110.0,360.0,1.0,Rural,1,analytics_vidhya
LP002941,Yes,2,Not Graduate,Yes,6383.0,1000.0,187.0,360.0,1.0,Rural,0,analytics_vidhya
LP002943,No,,Graduate,No,2987.0,0.0,88.0,360.0,0.0,Semiurban,0,analytics_vidhya
LP002945,Yes,0,Graduate,Yes,9963.0,0.0,180.0,360.0,1.0,Rural,1,analytics_vidhya
LP002948,Yes,2,Graduate,No,5780.0,0.0,192.0,360.0,1.0,Urban,1,analytics_vidhya
LP002949,No,3+,Graduate,,416.0,41667.0,350.0,180.0,,Urban,0,analytics_vidhya
LP002950,Yes,0,Not Graduate,,2894.0,2792.0,155.0,360.0,1.0,Rural,1,analytics_vidhya
LP002953,Yes,3+,Graduate,No,5703.0,0.0,128.0,360.0,1.0,Urban,1,analytics_vidhya
LP002958,No,0,Graduate,No,3676.0,4301.0,172.0,360.0,1.0,Rural,1,analytics_vidhya
LP002959,Yes,1,Graduate,No,12000.0,0.0,496.0,360.0,1.0,Semiurban,1,analytics_vidhya
LP002960,Yes,0,Not Graduate,No,2400.0,3800.0,,180.0,1.0,Urban,0,analytics_vidhya
LP002961,Yes,1,Graduate,No,3400.0,2500.0,173.0,360.0,1.0,Semiurban,1,analytics_vidhya
LP002964,Yes,2,Not Graduate,No,3987.0,1411.0,157.0,360.0,1.0,Rural,1,analytics_vidhya
LP002974,Yes,0,Graduate,No,3232.0,1950.0,108.0,360.0,1.0,Rural,1,analytics_vidhya
LP002978,No,0,Graduate,No,2900.0,0.0,71.0,360.0,1.0,Rural,1,analytics_vidhya
LP002979,Yes,3+,Graduate,No,4106.0,0.0,40.0,180.0,1.0,Rural,1,analytics_vidhya
LP002983,Yes,1,Graduate,No,8072.0,240.0,253.0,360.0,1.0,Urban,1,analytics_vidhya
LP002984,Yes,2,Graduate,No,7583.0,0.0,187.0,360.0,1.0,Urban,1,analytics_vidhya
LP002990,No,0,Graduate,Yes,4583.0,0.0,133.0,360.0,0.0,Semiurban,0,analytics_vidhya
KG1,,2,Graduate,No,800000.0,0.0,29900.0,144.0,1.0,,1,kaggle_approval
KG2,,0,Not Graduate,Yes,341666.6666666667,0.0,12200.0,96.0,0.0,,0,kaggle_approval
KG3,,3+,Graduate,No,758333.3333333334,0.0,29700.0,240.0,0.0,,0,kaggle_approval
KG4,,3+,Graduate,No,683333.3333333334,0.0,30700.0,96.0,0.0,,0,kaggle_approval
KG5,,3+,Not Graduate,Yes,816666.6666666666,0.0,24200.0,240.0,0.0,,0,kaggle_approval
KG6,,0,Graduate,Yes,400000.0,0.0,13500.0,120.0,0.0,,0,kaggle_approval
KG7,,3+,Graduate,No,725000.0,0.0,33000.0,48.0,1.0,,1,kaggle_approval
KG8,,2,Graduate,Yes,475000.0,0.0,15000.0,240.0,0.0,,0,kaggle_approval
KG9,,0,Graduate,Yes,66666.66666666667,0.0,2200.0,240.0,1.0,,1,kaggle_approval
KG10,,3+,Not Graduate,No,91666.66666666667,0.0,4300.0,120.0,0.0,,0,kaggle_approval
KG11,,3+,Graduate,Yes,241666.66666666666,0.0,11200.0,24.0,0.0,,1,kaggle_approval
KG12,,2,Not Graduate,Yes,558333.3333333334,0.0,22700.0,216.0,0.0,,0,kaggle_approval
KG13,,3+,Not Graduate,Yes,416666.6666666667,0.0,11600.0,192.0,0.0,,0,kaggle_approval
KG14,,2,Graduate,Yes,758333.3333333334,0.0,31500.0,168.0,1.0,,1,kaggle_approval
KG15,,1,Not Graduate,No,158333.33333333334,0.0,7400.0,72.0,0.0,,0,kaggle_approval
KG16,,3+,Not Graduate,No,391666.6666666667,0.0,10700.0,120.0,1.0,,1,kaggle_approval
KG17,,2,Graduate,Yes,41666.666666666664,0.0,1600.0,48.0,1.0,,1,kaggle_approval
KG18,,3+,Not Graduate,Yes,241666.66666666666,0.0,9400.0,168.0,1.0,,1,kaggle_approval
KG19,,2,Graduate,No,225000.0,0.0,10300.0,120.0,1.0,,1,kaggle_approval
KG20,,3+,Graduate,No,525000.0,0.0,14600.0,144.0,1.0,,1,kaggle_approval
KG21,,2,Graduate,No,416666.6666666667,0.0,19400.0,144.0,0.0,,0,kaggle_approval
KG22,,3+,Graduate,No,483333.3333333333,0.0,14000.0,192.0,0.0,,0,kaggle_approval
KG23,,3+,Graduate,Yes,541666.6666666666,0.0,25700.0,216.0,0.0,,0,kaggle_approval
KG24,,0,Not Graduate,Yes,41666.666666666664,0.0,1400.0,24.0,0.0,,1,kaggle_approval
KG25,,0,Not Graduate,No,408333.3333333333,0.0,9800.0,192.0,0.0,,0,kaggle_approval
KG26,,3+,Not Graduate,No,258333.33333333334,0.0,9500.0,240.0,0.0,,0,kaggle_approval
KG27,,3+,Graduate,No,683333.3333333334,0.0,28100.0,144.0,1.0,,1,kaggle_approval
KG28,,3+,Not Graduate,Yes,200000.0,0.0,5600.0,48.0,1.0,,1,kaggle_approval
KG29,,3+,Not Graduate,Yes,583333.3333333334,0.0,24000.0,72.0,0.0,,0,kaggle_approval
KG30,,3+,Not Graduate,Yes,750000.0,0.0,31500.0,120.0,1.0,,1,kaggle_approval
KG31,,2,Not Graduate,No,816666.6666666666,0.0,25300.0,144.0,0.0,,0,kaggle_approval
KG32,,2,Graduate,No,475000.0,0.0,12000.0,72.0,0.0,,0,kaggle_approval
KG33,,1,Not Graduate,Yes,66666.66666666667,0.0,1600.0,120.0,0.0,,0,kaggle_approval
KG34,,3+,Not Graduate,Yes,700000.0,0.0,22000.0,24.0,1.0,,1,kaggle_approval
KG35,,3+,Graduate,No,408333.3333333333,0.0,11900.0,96.0,1.0,,1,kaggle_approval
KG36,,2,Graduate,Yes,141666.66666666666,0.0,3400.0,96.0,1.0,,1,kaggle_approval
KG37,,3+,Not Graduate,No,133333.33333333334,0.0,6200.0,216.0,1.0,,1,kaggle_approval
KG38,,3+,Graduate,Yes,666666.6666666666,0.0,27200.0,72.0,0.0,,0,kaggle_approval
KG39,,3+,Graduate,No,300000.0,0.0,7700.0,192.0,1.0,,1,kaggle_approval
KG40,,3+,Not Graduate,Yes,125000.0,0.0,5100.0,72.0,0.0,,0,kaggle_approval
KG41,,1,Graduate,No,650000.0,0.0,18100.0,24.0,1.0,,1,kaggle_approval
KG42,,2,Not Graduate,No,758333.3333333334,0.0,24900.0,192.0,1.0,,1,kaggle_approval
KG43,,3+,Graduate,No,116666.66666666667,0.0,3400.0,72.0,0.0,,0,kaggle_approval
KG44,,2,Graduate,Yes,66666.66666666667,0.0,2300.0,144.0,0.0,,0,kaggle_approval
KG45,,3+,Graduate,No,541666.6666666666,0.0,13400.0,216.0,1.0,,1,kaggle_approval
KG46,,3+,Graduate,No,666666.6666666666,0.0,27800.0,192.0,0.0,,0,kaggle_approval
KG47,,3+,Not Graduate,Yes,350000.0,0.0,14600.0,72.0,1.0,,1,kaggle_approval
KG48,,1,Graduate,Yes,408333.3333333333,0.0,19100.0,168.0,1.0,,1,kaggle_approval
KG49,,3+,Not Graduate,No,458333.3333333333,0.0,20500.0,144.0,1.0,,1,kaggle_approval
KG50,,1,Not Graduate,Yes,791666.6666666666,0.0,19100.0,192.0,1.0,,1,kaggle_approval
KG51,,3+,Graduate,No,608333.3333333334,0.0,25400.0,192.0,0.0,,0,kaggle_approval
KG52,,2,Graduate,No,725000.0,0.0,24700.0,120.0,0.0,,0,kaggle_approval
KG53,,3+,Not Graduate,No,316666.6666666667,0.0,7600.0,48.0,1.0,,1,kaggle_approval
KG54,,1,Not Graduate,Yes,700000.0,0.0,23000.0,144.0,1.0,,1,kaggle_approval
KG55,,2,Graduate,Yes,425000.0,0.0,19700.0,240.0,0.0,,1,kaggle_approval
KG56,,3+,Not Graduate,No,558333.3333333334,0.0,24500.0,144.0,1.0,,1,kaggle_approval
KG57,,2,Not Graduate,No,358333.3333333333,0.0,10600.0,216.0,0.0,,0,kaggle_approval
KG58,,3+,Graduate,Yes,775000.0,0.0,30500.0,216.0,1.0,,1,kaggle_approval
KG59,,1,Graduate,No,616666.6666666666,0.0,18400.0,240.0,0.0,,0,kaggle_approval
KG60,,3+,Not Graduate,Yes,458333.3333333333,0.0,18200.0,192.0,1.0,,1,kaggle_approval
KG61,,2,Not Graduate,No,708333.3333333334,0.0,18900.0,216.0,0.0,,0,kaggle_approval
KG62,,3+,Not Graduate,Yes,800000.0,0.0,30500.0,216.0,1.0,,1,kaggle_approval
KG63,,3+,Not Graduate,Yes,733333.3333333334,0.0,28900.0,72.0,0.0,,0,kaggle_approval
KG64,,3+,Not Graduate,Yes,275000.0,0.0,7500.0,240.0,0.0,,1,kaggle_approval
KG65,,3+,Graduate,Yes,325000.0,0.0,12300.0,216.0,1.0,,1,kaggle_approval
KG66,,1,Graduate,No,341666.6666666667,0.0,10300.0,144.0,0.0,,0,kaggle_approval
KG67,,3+,Not Graduate,No,691666.6666666666,0.0,29100.0,120.0,1.0,,1,kaggle_approval
KG68,,0,Not Graduate,Yes,225000.0,0.0,10100.0,240.0,1.0,,0,kaggle_approval
KG69,,3+,Graduate,No,466666.6666666667,0.0,12400.0,48.0,1.0,,1,kaggle_approval
KG70,,0,Graduate,No,158333.33333333334,0.0,5000.0,144.0,0.0,,0,kaggle_approval
KG71,,3+,Not Graduate,Yes,41666.666666666664,0.0,1500.0,240.0,0.0,,0,kaggle_approval
KG72,,3+,Graduate,Yes,441666.6666666667,0.0,18600.0,48.0,0.0,,1,kaggle_approval
KG73,,3+,Not Graduate,No,583333.3333333334,0.0,18300.0,48.0,0.0,,0,kaggle_approval
KG74,,3+,Not Graduate,Yes,483333.3333333333,0.0,16700.0,192.0,1.0,,1,kaggle_approval
KG75,,2,Not Graduate,No,216666.66666666666,0.0,8400.0,72.0,0.0,,0,kaggle_approval
KG76,,2,Not Graduate,No,158333.33333333334,0.0,6500.0,216.0,1.0,,1,kaggle_approval
KG77,,3+,Graduate,No,475000.0,0.0,14800.0,192.0,1.0,,1,kaggle_approval
KG78,,0,Graduate,No,750000.0,0.0,33500.0,96.0,1.0,,1,kaggle_approval
KG79,,2,Not Graduate,No,708333.3333333334,0.0,29400.0,144.0,0.0,,1,kaggle_approval
KG80,,0,Not Graduate,No,58333.333333333336,0.0,1400.0,168.0,1.0,,1,kaggle_approval
KG81,,3+,Graduate,No,291666.6666666667,0.0,8900.0,48.0,0.0,,0,kaggle_approval
KG82,,0,Not Graduate,No,733333.3333333334,0.0,31200.0,48.0,1.0,,1,kaggle_approval
KG83,,2,Not Graduate,Yes,825000.0,0.0,21200.0,192.0,0.0,,0,kaggle_approval
KG84,,3+,Graduate,No,300000.0,0.0,8600.0,240.0,1.0,,1,kaggle_approval
KG85,,3+,Not Graduate,Yes,250000.0,0.0,8200.0,192.0,1.0,,1,kaggle_approval
KG86,,2,Graduate,No,566666.6666666666,0.0,21200.0,192.0,0.0,,0,kaggle_approval
KG87,,3+,Not Graduate,Yes,91666.66666666667,0.0,3800.0,216.0,0.0,,0,kaggle_approval
KG88,,1,Not Graduate,Yes,725000.0,0.0,28300.0,96.0,0.0,,0,kaggle_approval
KG89,,3+,Graduate,Yes,166666.66666666666,0.0,8000.0,72.0,1.0,,1,kaggle_approval
KG90,,2,Not Graduate,No,816666.6666666666,0.0,37600.0,120.0,1.0,,1,kaggle_approval
KG91,,3+,Graduate,No,475000.0,0.0,21100.0,216.0,0.0,,0,kaggle_approval
KG92,,3+,Graduate,No,733333.3333333334,0.0,20700.0,216.0,0.0,,0,kaggle_approval
KG93,,3+,Graduate,No,316666.6666666667,0.0,8900.0,48.0,1.0,,1,kaggle_approval
KG94,,1,Graduate,No,141666.66666666666,0.0,6400.0,120.0,0.0,,0,kaggle_approval
KG95,,2,Graduate,No,83333.33333333333,0.0,2000.0,120.0,0.0,,0,kaggle_approval
KG96,,3+,Graduate,No,25000.0,0.0,1100.0,24.0,0.0,,1,kaggle_approval
KG97,,2,Graduate,Yes,550000.0,0.0,15000.0,216.0,0.0,,0,kaggle_approval
KG98,,2,Not Graduate,No,725000.0,0.0,25000.0,240.0,1.0,,1,kaggle_approval
KG99,,3+,Graduate,No,783333.3333333334,0.0,29400.0,144.0,0.0,,1,kaggle_approval
KG100,,0,Graduate,No,366666.6666666667,0.0,10800.0,168.0,0.0,,0,kaggle_approval
KG101,,3+,Not Graduate,No,33333.333333333336,0.0,900.0,144.0,0.0,,0,kaggle_approval
KG102,,2,Not Graduate,Yes,25000.0,0.0,1100.0,24.0,1.0,,1,kaggle_approval
KG103,,2,Not Graduate,Yes,358333.3333333333,0.0,12900.0,240.0,1.0,,1,kaggle_approval
KG104,,3+,Graduate,No,133333.33333333334,0.0,4500.0,144.0,1.0,,1,kaggle_approval
KG105,,3+,Not Graduate,Yes,516666.6666666667,0.0,23600.0,120.0,0.0,,0,kaggle_approval
KG106,,3+,Not Graduate,Yes,350000.0,0.0,9700.0,192.0,1.0,,1,kaggle_approval
KG107,,3+,Not Graduate,Yes,750000.0,0.0,18100.0,144.0,1.0,,1,kaggle_approval
KG108,,0,Graduate,No,225000.0,0.0,10600.0,72.0,0.0,,1,kaggle_approval
KG109,,1,Graduate,Yes,808333.3333333334,0.0,35900.0,24.0,1.0,,1,kaggle_approval
KG110,,2,Graduate,No,275000.0,0.0,6800.0,168.0,0.0,,0,kaggle_approval
KG111,,0,Not Graduate,No,25000.0,0.0,1100.0,96.0,1.0,,1,kaggle_approval
KG112,,3+,Graduate,Yes,616666.6666666666,0.0,18200.0,168.0,0.0,,0,kaggle_approval
KG113,,3+,Not Graduate,No,591666.6666666666,0.0,19700.0,96.0,0.0,,0,kaggle_approval
KG114,,3+,Not Graduate,Yes,608333.3333333334,0.0,22100.0,216.0,1.0,,1,kaggle_approval
KG115,,1,Not Graduate,No,700000.0,0.0,23400.0,168.0,0.0,,0,kaggle_approval
KG116,,0,Not Graduate,Yes,275000.0,0.0,10800.0,144.0,1.0,,1,kaggle_approval
KG117,,3+,Not Graduate,Yes,483333.3333333333,0.0,23200.0,216.0,0.0,,0,kaggle_approval
KG118,,0,Not Graduate,No,50000.0,0.0,1600.0,72.0,1.0,,1,kaggle_approval
KG119,,0,Not Graduate,No,600000.0,0.0,15800.0,144.0,0.0,,0,kaggle_approval
KG120,,1,Not Graduate,Yes,758333.3333333334,0.0,32900.0,24.0,1.0,,1,kaggle_approval
KG121,,3+,Graduate,No,75000.0,0.0,2300.0,192.0,0.0,,0,kaggle_approval
KG122,,2,Graduate,No,66666.66666666667,0.0,3200.0,96.0,0.0,,0,kaggle_approval
KG123,,1,Not Graduate,No,708333.3333333334,0.0,32900.0,120.0,0.0,,1,kaggle_approval
KG124,,0,Not Graduate,Yes,750000.0,0.0,18700.0,216.0,1.0,,1,kaggle_approval
KG125,,3+,Graduate,No,583333.3333333334,0.0,19500.0,168.0,1.0,,1,kaggle_approval
KG126,,3+,Graduate,No,16666.666666666668,0.0,600.0,192.0,1.0,,1,kaggle_approval
KG127,,3+,Not Graduate,Yes,33333.333333333336,0.0,800.0,120.0,1.0,,1,kaggle_approval
KG128,,3+,Not Graduate,No,425000.0,0.0,18200.0,120.0,0.0,,0,kaggle_approval
KG129,,2,Not Graduate,Yes,58333.333333333336,0.0,2600.0,144.0,0.0,,0,kaggle_approval
KG130,,3+,Graduate,No,33333.333333333336,0.0,1200.0,144.0,1.0,,1,kaggle_approval
KG131,,0,Not Graduate,Yes,791666.6666666666,0.0,20800.0,168.0,0.0,,1,kaggle_approval
KG132,,3+,Graduate,No,733333.3333333334,0.0,22600.0,120.0,0.0,,0,kaggle_approval
KG133,,3+,Not Graduate,Yes,150000.0,0.0,3600.0,216.0,0.0,,0,kaggle_approval
KG134,,3+,Not Graduate,Yes,566666.6666666666,0.0,13900.0,96.0,0.0,,0,kaggle_approval
KG135,,3+,Not Graduate,No,125000.0,0.0,5500.0,192.0,1.0,,1,kaggle_approval
KG136,,3+,Graduate,No,133333.33333333334,0.0,5500.0,144.0,0.0,,0,kaggle_approval
KG137,,2,Not Graduate,No,383333.3333333333,0.0,16700.0,24.0,1.0,,1,kaggle_approval
KG138,,3+,Not Graduate,Yes,183333.33333333334,0.0,6700.0,72.0,0.0,,0,kaggle_approval
KG139,,3+,Not Graduate,Yes,241666.66666666666,0.0,8500.0,144.0,0.0,,1,kaggle_approval
KG140,,0,Graduate,No,16666.666666666668,0.0,700.0,96.0,0.0,,0,kaggle_approval
KG141,,2,Not Graduate,Yes,208333.33333333334,0.0,9400.0,120.0,1.0,,1,kaggle_approval
KG142,,3+,Not Graduate,No,300000.0,0.0,7500.0,72.0,1.0,,1,kaggle_approval
KG143,,0,Graduate,Yes,458333.3333333333,0.0,16700.0,216.0,1.0,,1,kaggle_approval
KG144,,3+,Not Graduate,No,550000.0,0.0,17400.0,240.0,0.0,,0,kaggle_approval
KG145,,2,Graduate,Yes,716666.6666666666,0.0,32100.0,72.0,1.0,,1,kaggle_approval
KG146,,3+,Not Graduate,No,50000.0,0.0,1500.0,168.0,0.0,,0,kaggle_approval
KG147,,3+,Graduate,Yes,116666.66666666667,0.0,3200.0,240.0,1.0,,1,kaggle_approval
KG148,,3+,Graduate,No,333333.3333333333,0.0,11100.0,144.0,0.0,,1,kaggle_approval
KG149,,0,Not Graduate,Yes,408333.3333333333,0.0,11900.0,192.0,1.0,,1,kaggle_approval
KG150,,3+,Graduate,No,166666.66666666666,0.0,6200.0,216.0,0.0,,0,kaggle_approval
KG151,,1,Not Graduate,Yes,433333.3333333333,0.0,19300.0,96.0,0.0,,0,kaggle_approval
KG152,,3+,Graduate,Yes,741666.6666666666,0.0,28800.0,72.0,1.0,,1,kaggle_approval
KG153,,1,Graduate,Yes,541666.6666666666,0.0,20600.0,24.0,0.0,,1,kaggle_approval
KG154,,2,Not Graduate,No,108333.33333333333,0.0,4500.0,72.0,0.0,,0,kaggle_approval
KG155,,3+,Not Graduate,No,783333.3333333334,0.0,35000.0,192.0,0.0,,0,kaggle_approval
KG156,,3+,Not Graduate,No,416666.6666666667,0.0,11200.0,96.0,1.0,,1,kaggle_approval
KG157,,2,Graduate,No,250000.0,0.0,7700.0,144.0,1.0,,1,kaggle_approval
KG158,,3+,Not Graduate,Yes,825000.0,0.0,33300.0,72.0,0.0,,0,kaggle_approval
KG159,,3+,Graduate,Yes,58333.333333333336,0.0,1300.0,240.0,1.0,,1,kaggle_approval
KG160,,3+,Graduate,Yes,333333.3333333333,0.0,10600.0,120.0,0.0,,0,kaggle_approval
KG161,,3+,Not Graduate,No,258333.33333333334,0.0,9600.0,24.0,1.0,,1,kaggle_approval
KG162,,3+,Not Graduate,No,375000.0,0.0,15100.0,72.0,1.0,,1,kaggle_approval
KG163,,3+,Not Graduate,No,808333.3333333334,0.0,20600.0,192.0,0.0,,0,kaggle_approval
KG164,,2,Not Graduate,Yes,166666.66666666666,0.0,5300.0,120.0,1.0,,1,kaggle_approval
KG165,,2,Graduate,Yes,675000.0,0.0,22300.0,216.0,1.0,,1,kaggle_approval
KG166,,0,Not Graduate,No,475000.0,0.0,15900.0,192.0,1.0,,1,kaggle_approval
KG167,,3+,Not Graduate,No,483333.3333333333,0.0,12800.0,24.0,1.0,,1,kaggle_approval
KG168,,1,Graduate,No,150000.0,0.0,6500.0,72.0,0.0,,0,kaggle_approval
KG169,,3+,Not Graduate,Yes,758333.3333333334,0.0,35200.0,72.0,0.0,,0,kaggle_approval
KG170,,0,Not Graduate,Yes,400000.0,0.0,17500.0,24.0,0.0,,1,kaggle_approval
KG171,,3+,Not Graduate,Yes,316666.6666666667,0.0,10500.0,144.0,1.0,,1,kaggle_approval
KG172,,0,Not Graduate,No,158333.33333333334,0.0,4100.0,216.0,1.0,,1,kaggle_approval
KG173,,3+,Not Graduate,Yes,300000.0,0.0,9500.0,192.0,1.0,,1,kaggle_approval
KG174,,2,Not Graduate,Yes,616666.6666666666,0.0,28200.0,96.0,0.0,,0,kaggle_approval
KG175,,3+,Not Graduate,Yes,550000.0,0.0,14300.0,96.0,0.0,,0,kaggle_approval
KG176,,2,Graduate,No,150000.0,0.0,5300.0,72.0,1.0,,1,kaggle_approval
KG177,,3+,Not Graduate,No,766666.6666666666,0.0,27200.0,144.0,1.0,,1,kaggle_approval
KG178,,3+,Not Graduate,Yes,200000.0,0.0,8600.0,96.0,0.0,,0,kaggle_approval
KG179,,3+,Not Graduate,No,466666.6666666667,0.0,13300.0,240.0,1.0,,1,kaggle_approval
KG180,,3+,Graduate,No,316666.6666666667,0.0,13900.0,144.0,0.0,,0,kaggle_approval
KG181,,3+,Not Graduate,Yes,375000.0,0.0,17900.0,72.0,1.0,,1,kaggle_approval
KG182,,0,Graduate,Yes,75000.0,0.0,2200.0,192.0,0.0,,1,kaggle_approval
KG183,,0,Not Graduate,No,233333.33333333334,0.0,9900.0,96.0,1.0,,1,kaggle_approval
KG184,,2,Not Graduate,No,625000.0,0.0,23100.0,48.0,1.0,,1,kaggle_approval
KG185,,3+,Graduate,No,116666.66666666667,0.0,3100.0,168.0,0.0,,1,kaggle_approval
KG186,,2,Graduate,Yes,316666.6666666667,0.0,10900.0,120.0,1.0,,1,kaggle_approval
KG187,,1,Not Graduate,Yes,141666.66666666666,0.0,5000.0,120.0,1.0,,1,kaggle_approval
KG188,,3+,Graduate,Yes,750000.0,0.0,30400.0,72.0,1.0,,1,kaggle_approval
KG189,,3+,Not Graduate,Yes,608333.3333333334,0.0,23300.0,72.0,1.0,,1,kaggle_approval
KG190,,1,Not Graduate,No,616666.6666666666,0.0,19800.0,216.0,0.0,,0,kaggle_approval
KG191,,1,Not Graduate,No,750000.0,0.0,28200.0,192.0,0.0,,0,kaggle_approval
KG192,,0,Not Graduate,No,250000.0,0.0,6500.0,24.0,1.0,,1,kaggle_approval
KG193,,1,Graduate,No,66666.66666666667,0.0,2900.0,96.0,1.0,,1,kaggle_approval
KG194,,2,Graduate,No,400000.0,0.0,13200.0,24.0,0.0,,1,kaggle_approval
KG195,,3+,Not Graduate,No,533333.3333333334,0.0,18300.0,96.0,1.0,,1,kaggle_approval
KG196,,3+,Graduate,No,766666.6666666666,0.0,27100.0,144.0,0.0,,0,kaggle_approval
KG197,,3+,Not Graduate,Yes,33333.333333333336,0.0,1500.0,24.0,1.0,,1,kaggle_approval
KG198,,2,Not Graduate,No,233333.33333333334,0.0,6000.0,216.0,1.0,,1,kaggle_approval
KG199,,3+,Not Graduate,Yes,708333.3333333334,0.0,28900.0,240.0,0.0,,0,kaggle_approval
KG200,,3+,Graduate,Yes,391666.6666666667,0.0,16400.0,120.0,0.0,,0,kaggle_approval
KG201,,3+,Not Graduate,Yes,816666.6666666666,0.0,21200.0,240.0,0.0,,0,kaggle_approval
KG202,,2,Not Graduate,Yes,316666.6666666667,0.0,8900.0,192.0,0.0,,0,kaggle_approval
KG203,,2,Graduate,No,41666.666666666664,0.0,1500.0,24.0,1.0,,1,kaggle_approval
KG204,,2,Graduate,Yes,575000.0,0.0,15600.0,72.0,0.0,,0,kaggle_approval
KG205,,3+,Not Graduate,Yes,800000.0,0.0,30100.0,144.0,1.0,,1,kaggle_approval
KG206,,3+,Not Graduate,No,241666.66666666666,0.0,6500.0,216.0,1.0,,1,kaggle_approval
KG207,,2,Graduate,No,816666.6666666666,0.0,20900.0,144.0,1.0,,1,kaggle_approval
KG208,,0,Graduate,No,591666.6666666666,0.0,15400.0,216.0,1.0,,1,kaggle_approval
KG209,,1,Not Graduate,Yes,641666.6666666666,0.0,19100.0,120.0,0.0,,0,kaggle_approval
KG210,,3+,Graduate,No,116666.66666666667,0.0,3300.0,24.0,1.0,,1,kaggle_approval
KG211,,3+,Graduate,No,650000.0,0.0,15900.0,24.0,1.0,,1,kaggle_approval
KG212,,3+,Not Graduate,Yes,141666.66666666666,0.0,6000.0,216.0,0.0,,0,kaggle_approval
KG213,,2,Not Graduate,No,708333.3333333334,0.0,32700.0,216.0,0.0,,0,kaggle_approval
KG214,,3+,Not Graduate,No,158333.33333333334,0.0,7500.0,240.0,1.0,,1,kaggle_approval
KG215,,2,Not Graduate,Yes,558333.3333333334,0.0,15200.0,120.0,1.0,,1,kaggle_approval
KG216,,3+,Graduate,Yes,575000.0,0.0,16400.0,48.0,1.0,,1,kaggle_approval
KG217,,2,Graduate,No,216666.66666666666,0.0,7800.0,48.0,1.0,,1,kaggle_approval
KG218,,3+,Graduate,Yes,800000.0,0.0,21100.0,72.0,1.0,,1,kaggle_approval
KG219,,1,Not Graduate,Yes,566666.6666666666,0.0,17000.0,24.0,1.0,,1,kaggle_approval
KG220,,0,Not Graduate,No,266666.6666666667,0.0,11300.0,72.0,0.0,,0,kaggle_approval
KG221,,3+,Not Graduate,No,241666.66666666666,0.0,10400.0,72.0,1.0,,1,kaggle_approval
KG222,,3+,Graduate,Yes,658333.3333333334,0.0,21200.0,216.0,1.0,,1,kaggle_approval
KG223,,3+,Not Graduate,Yes,325000.0,0.0,12400.0,144.0,0.0,,0,kaggle_approval
KG224,,3+,Graduate,Yes,383333.3333333333,0.0,11000.0,24.0,0.0,,0,kaggle_approval
KG225,,3+,Not Graduate,Yes,58333.333333333336,0.0,1700.0,96.0,1.0,,1,kaggle_approval
KG226,,0,Not Graduate,No,433333.3333333333,0.0,15600.0,240.0,0.0,,0,kaggle_approval
KG227,,3+,Not Graduate,Yes,491666.6666666667,0.0,20600.0,120.0,1.0,,1,kaggle_approval
KG228,,3+,Graduate,No,600000.0,0.0,19100.0,48.0,1.0,,1,kaggle_approval
KG229,,1,Not Graduate,Yes,725000.0,0.0,27000.0,120.0,1.0,,1,kaggle_approval
KG230,,3+,Not Graduate,Yes,91666.66666666667,0.0,3500.0,144.0,0.0,,0,kaggle_approval
KG231,,1,Graduate,Yes,333333.3333333333,0.0,10900.0,168.0,0.0,,1,kaggle_approval
KG232,,2,Graduate,No,816666.6666666666,0.0,32400.0,24.0,0.0,,1,kaggle_approval
KG233,,0,Not Graduate,Yes,225000.0,0.0,6800.0,240.0,1.0,,1,kaggle_approval
KG234,,3+,Not Graduate,Yes,733333.3333333334,0.0,34600.0,96.0,0.0,,0,kaggle_approval
KG235,,3+,Not Graduate,Yes,275000.0,0.0,7800.0,192.0,1.0,,1,kaggle_approval
KG236,,1,Graduate,Yes,575000.0,0.0,23400.0,48.0,0.0,,1,kaggle_approval
KG237,,3+,Graduate,Yes,75000.0,0.0,3500.0,48.0,1.0,,0,kaggle_approval
KG238,,3+,Graduate,Yes,341666.6666666667,0.0,15500.0,72.0,1.0,,1,kaggle_approval
KG239,,3+,Not Graduate,Yes,391666.6666666667,0.0,17500.0,96.0,0.0,,1,kaggle_approval
KG240,,3+,Graduate,Yes,283333.3333333333,0.0,11600.0,192.0,0.0,,0,kaggle_approval
KG241,,2,Graduate,No,800000.0,0.0,22500.0,216.0,1.0,,1,kaggle_approval
KG242,,3+,Not Graduate,Yes,583333.3333333334,0.0,16200.0,72.0,0.0,,0,kaggle_approval
KG243,,3+,Graduate,No,475000.0,0.0,12900.0,216.0,1.0,,1,kaggle_approval
KG244,,1,Not Graduate,Yes,683333.3333333334,0.0,32400.0,216.0,1.0,,1,kaggle_approval
KG245,,2,Not Graduate,No,175000.0,0.0,5100.0,144.0,1.0,,1,kaggle_approval
KG246,,1,Not Graduate,Yes,666666.6666666666,0.0,28100.0,216.0,1.0,,1,kaggle_approval
KG247,,2,Not Graduate,No,666666.6666666666,0.0,29300.0,48.0,1.0,,1,kaggle_approval
KG248,,0,Not Graduate,Yes,783333.3333333334,0.0,27000.0,120.0,0.0,,0,kaggle_approval
KG249,,0,Graduate,No,700000.0,0.0,20600.0,120.0,0.0,,0,kaggle_approval
KG250,,1,Not Graduate,Yes,158333.33333333334,0.0,5000.0,72.0,0.0,,1,kaggle_approval
KG251,,0,Not Graduate,Yes,350000.0,0.0,16400.0,240.0,0.0,,0,kaggle_approval
KG252,,3+,Graduate,No,216666.66666666666,0.0,9100.0,96.0,1.0,,1,kaggle_approval
KG253,,3+,Not Graduate,No,308333.3333333333,0.0,8500.0,240.0,1.0,,1,kaggle_approval
KG254,,0,Graduate,No,733333.3333333334,0.0,30900.0,144.0,1.0,,1,kaggle_approval
KG255,,2,Not Graduate,No,175000.0,0.0,4700.0,24.0,0.0,,0,kaggle_approval
KG256,,3+,Graduate,Yes,75000.0,0.0,2400.0,120.0,0.0,,0,kaggle_approval
KG257,,3+,Graduate,Yes,816666.6666666666,0.0,35400.0,72.0,1.0,,1,kaggle_approval
KG258,,2,Not Graduate,No,666666.6666666666,0.0,20000.0,24.0,0.0,,0,kaggle_approval
KG259,,0,Graduate,No,816666.6666666666,0.0,38800.0,96.0,1.0,,1,kaggle_approval
KG260,,0,Not Graduate,Yes,25000.0,0.0,1100.0,96.0,1.0,,1,kaggle_approval
KG261,,3+,Not Graduate,No,225000.0,0.0,8100.0,48.0,0.0,,1,kaggle_approval
KG262,,3+,Graduate,Yes,616666.6666666666,0.0,19600.0,24.0,1.0,,1,kaggle_approval
KG263,,3+,Graduate,No,766666.6666666666,0.0,34300.0,216.0,0.0,,0,kaggle_approval
KG264,,3+,Not Graduate,No,791666.6666666666,0.0,22200.0,240.0,0.0,,0,kaggle_approval
KG265,,3+,Graduate,Yes,316666.6666666667,0.0,14400.0,24.0,0.0,,1,kaggle_approval
KG266,,0,Graduate,No,691666.6666666666,0.0,19400.0,216.0,1.0,,1,kaggle_approval
KG267,,2,Graduate,Yes,233333.33333333334,0.0,7400.0,216.0,1.0,,1,kaggle_approval
KG268,,0,Graduate,No,716666.6666666666,0.0,20900.0,120.0,1.0,,1,kaggle_approval
KG269,,0,Not Graduate,No,450000.0,0.0,16800.0,120.0,0.0,,1,kaggle_approval
KG270,,3+,Graduate,Yes,350000.0,0.0,9400.0,72.0,1.0,,1,kaggle_approval
KG271,,3+,Not Graduate,No,433333.3333333333,0.0,12200.0,240.0,0.0,,0,kaggle_approval
KG272,,3+,Graduate,No,783333.3333333334,0.0,27900.0,48.0,1.0,,1,kaggle_approval
KG273,,3+,Graduate,No,733333.3333333334,0.0,20400.0,96.0,0.0,,0,kaggle_approval
KG274,,1,Graduate,Yes,491666.6666666667,0.0,16700.0,192.0,0.0,,0,kaggle_approval
KG275,,3+,Graduate,Yes,141666.66666666666,0.0,4900.0,192.0,0.0,,1,kaggle_approval
KG276,,1,Not Graduate,No,583333.3333333334,0.0,23000.0,120.0,1.0,,1,kaggle_approval
KG277,,3+,Not Graduate,No,141666.66666666666,0.0,4000.0,72.0,1.0,,1,kaggle_approval
KG278,,0,Not Graduate,No,125000.0,0.0,4900.0,144.0,1.0,,1,kaggle_approval
KG279,,3+,Not Graduate,No,166666.66666666666,0.0,4700.0,216.0,1.0,,1,kaggle_approval
KG280,,3+,Graduate,Yes,325000.0,0.0,15500.0,144.0,0.0,,0,kaggle_approval
KG281,,1,Graduate,Yes,75000.0,0.0,3600.0,168.0,1.0,,1,kaggle_approval
KG282,,1,Graduate,No,575000.0,0.0,22500.0,216.0,0.0,,0,kaggle_approval
KG283,,0,Graduate,Yes,233333.33333333334,0.0,7800.0,120.0,0.0,,0,kaggle_approval
KG284,,3+,Graduate,Yes,566666.6666666666,0.0,19900.0,120.0,0.0,,0,kaggle_approval
KG285,,3+,Not Graduate,Yes,50000.0,0.0,1800.0,96.0,0.0,,0,kaggle_approval
KG286,,1,Not Graduate,No,391666.6666666667,0.0,14000.0,72.0,0.0,,0,kaggle_approval
KG287,,3+,Graduate,Yes,250000.0,0.0,11800.0,120.0,1.0,,1,kaggle_approval
KG288,,3+,Not Graduate,No,333333.3333333333,0.0,13900.0,72.0,0.0,,0,kaggle_approval
KG289,,1,Not Graduate,Yes,258333.33333333334,0.0,11300.0,168.0,1.0,,1,kaggle_approval
KG290,,1,Not Graduate,Yes,641666.6666666666,0.0,25500.0,144.0,0.0,,0,kaggle_approval
KG291,,3+,Not Graduate,Yes,358333.3333333333,0.0,9300.0,120.0,0.0,,0,kaggle_approval
KG292,,1,Graduate,Yes,483333.3333333333,0.0,19500.0,240.0,0.0,,0,kaggle_approval
KG293,,3+,Graduate,Yes,300000.0,0.0,10700.0,192.0,0.0,,0,kaggle_approval
KG294,,0,Not Graduate,Yes,241666.66666666666,0.0,7600.0,96.0,0.0,,0,kaggle_approval
KG295,,0,Graduate,No,733333.3333333334,0.0,20200.0,48.0,0.0,,0,kaggle_approval
KG296,,1,Not Graduate,Yes,25000.0,0.0,1000.0,120.0,0.0,,0,kaggle_approval
KG297,,3+,Not Graduate,Yes,716666.6666666666,0.0,28900.0,96.0,0.0,,0,kaggle_approval
KG298,,2,Not Graduate,Yes,291666.6666666667,0.0,12000.0,168.0,0.0,,0,kaggle_approval
KG299,,3+,Graduate,No,66666.66666666667,0.0,2600.0,72.0,0.0,,1,kaggle_approval
KG300,,2,Graduate,No,666666.6666666666,0.0,27100.0,144.0,1.0,,1,kaggle_approval
KG301,,0,Not Graduate,Yes,825000.0,0.0,38200.0,72.0,0.0,,1,kaggle_approval
KG302,,2,Not Graduate,No,275000.0,0.0,6600.0,72.0,0.0,,0,kaggle_approval
KG303,,3+,Graduate,Yes,166666.66666666666,0.0,6700.0,144.0,1.0,,1,kaggle_approval
KG304,,3+,Not Graduate,No,408333.3333333333,0.0,12900.0,216.0,1.0,,1,kaggle_approval
KG305,,3+,Not Graduate,Yes,766666.6666666666,0.0,23600.0,144.0,1.0,,1,kaggle_approval
KG306,,0,Not Graduate,No,625000.0,0.0,18200.0,72.0,1.0,,1,kaggle_approval
KG307,,3+,Not Graduate,No,750000.0,0.0,29300.0,48.0,0.0,,1,kaggle_approval
KG308,,3+,Not Graduate,No,116666.66666666667,0.0,4100.0,96.0,0.0,,0,kaggle_approval
KG309,,3+,Graduate,No,800000.0,0.0,19900.0,168.0,0.0,,0,kaggle_approval
KG310,,2,Graduate,No,700000.0,0.0,33200.0,168.0,0.0,,0,kaggle_approval
KG311,,3+,Not Graduate,No,533333.3333333334,0.0,24400.0,48.0,0.0,,1,kaggle_approval
KG312,,3+,Graduate,No,491666.6666666667,0.0,16800.0,96.0,0.0,,0,kaggle_approval
KG313,,2,Graduate,Yes,183333.33333333334,0.0,5100.0,240.0,1.0,,1,kaggle_approval
KG314,,3+,Graduate,Yes,466666.6666666667,0.0,14100.0,168.0,1.0,,1,kaggle_approval
KG315,,3+,Not Graduate,No,816666.6666666666,0.0,28700.0,72.0,1.0,,1,kaggle_approval
KG316,,3+,Graduate,No,366666.6666666667,0.0,14600.0,48.0,0.0,,1,kaggle_approval
KG317,,2,Not Graduate,Yes,200000.0,0.0,4900.0,48.0,1.0,,1,kaggle_approval
KG318,,1,Graduate,No,366666.6666666667,0.0,10800.0,144.0,1.0,,1,kaggle_approval
KG319,,3+,Graduate,No,308333.3333333333,0.0,13200.0,48.0,1.0,,1,kaggle_approval
KG320,,3+,Not Graduate,Yes,191666.66666666666,0.0,7800.0,96.0,0.0,,0,kaggle_approval
KG321,,3+,Graduate,Yes,491666.6666666667,0.0,19600.0,96.0,1.0,,1,kaggle_approval
KG322,,3+,Not Graduate,Yes,533333.3333333334,0.0,23500.0,24.0,0.0,,1,kaggle_approval
KG323,,3+,Graduate,Yes,408333.3333333333,0.0,17100.0,72.0,1.0,,1,kaggle_approval
KG324,,3+,Not Graduate,Yes,791666.6666666666,0.0,24200.0,96.0,1.0,,1,kaggle_approval
KG325,,2,Not Graduate,No,475000.0,0.0,16400.0,144.0,1.0,,1,kaggle_approval
KG326,,2,Not Graduate,Yes,225000.0,0.0,5700.0,96.0,1.0,,1,kaggle_approval
KG327,,2,Not Graduate,Yes,325000.0,0.0,11300.0,144.0,0.0,,0,kaggle_approval
KG328,,0,Not Graduate,No,650000.0,0.0,28800.0,144.0,0.0,,0,kaggle_approval
KG329,,0,Graduate,No,91666.66666666667,0.0,3200.0,240.0,1.0,,1,kaggle_approval
KG330,,3+,Not Graduate,No,16666.666666666668,0.0,600.0,120.0,0.0,,0,kaggle_approval
KG331,,0,Not Graduate,Yes,391666.6666666667,0.0,10600.0,240.0,0.0,,0,kaggle_approval
KG332,,3+,Not Graduate,Yes,683333.3333333334,0.0,20600.0,120.0,0.0,,0,kaggle_approval
KG333,,2,Not Graduate,Yes,383333.3333333333,0.0,18400.0,24.0,0.0,,1,kaggle_approval
KG334,,3+,Not Graduate,No,150000.0,0.0,7000.0,216.0,0.0,,0,kaggle_approval
KG335,,3+,Graduate,Yes,266666.6666666667,0.0,8600.0,24.0,0.0,,0,kaggle_approval
KG336,,3+,Not Graduate,Yes,458333.3333333333,0.0,20000.0,168.0,0.0,,1,kaggle_approval
KG337,,3+,Graduate,No,658333.3333333334,0.0,18300.0,120.0,1.0,,1,kaggle_approval
KG338,,1,Graduate,Yes,333333.3333333333,0.0,10100.0,192.0,0.0,,0,kaggle_approval
KG339,,3+,Not Graduate,Yes,566666.6666666666,0.0,16900.0,216.0,1.0,,1,kaggle_approval
KG340,,1,Not Graduate,No,225000.0,0.0,9400.0,216.0,1.0,,1,kaggle_approval
KG341,,2,Not Graduate,No,566666.6666666666,0.0,23500.0,144.0,0.0,,0,kaggle_approval
KG342,,3+,Graduate,No,716666.6666666666,0.0,21000.0,96.0,0.0,,0,kaggle_approval
KG343,,3+,Graduate,No,666666.6666666666,0.0,30100.0,48.0,0.0,,1,kaggle_approval
KG344,,1,Graduate,Yes,308333.3333333333,0.0,12600.0,120.0,0.0,,0,kaggle_approval
KG345,,0,Graduate,No,216666.66666666666,0.0,5100.0,168.0,1.0,,1,kaggle_approval
KG346,,3+,Graduate,No,350000.0,0.0,16800.0,72.0,0.0,,0,kaggle_approval
KG347,,3+,Graduate,Yes,666666.6666666666,0.0,28000.0,120.0,0.0,,0,kaggle_approval
KG348,,1,Not Graduate,No,591666.6666666666,0.0,23500.0,144.0,1.0,,1,kaggle_approval
KG349,,0,Not Graduate,No,166666.66666666666,0.0,7000.0,72.0,1.0,,0,kaggle_approval
KG350,,3+,Not Graduate,Yes,483333.3333333333,0.0,13300.0,168.0,1.0,,1,kaggle_approval
KG351,,3+,Not Graduate,Yes,558333.3333333334,0.0,15800.0,48.0,0.0,,0,kaggle_approval
KG352,,2,Graduate,No,608333.3333333334,0.0,28700.0,168.0,1.0,,1,kaggle_approval
KG353,,3+,Not Graduate,No,275000.0,0.0,9700.0,168.0,1.0,,1,kaggle_approval
KG354,,0,Graduate,No,250000.0,0.0,7000.0,120.0,1.0,,1,kaggle_approval
KG355,,3+,Not Graduate,No,658333.3333333334,0.0,17200.0,168.0,0.0,,0,kaggle_approval
KG356,,3+,Not Graduate,No,633333.3333333334,0.0,24100.0,216.0,1.0,,1,kaggle_approval
KG357,,3+,Not Graduate,No,308333.3333333333,0.0,9800.0,48.0,0.0,,1,kaggle_approval
KG358,,2,Not Graduate,No,700000.0,0.0,26300.0,48.0,0.0,,1,kaggle_approval
KG359,,0,Graduate,Yes,683333.3333333334,0.0,20800.0,168.0,0.0,,0,kaggle_approval
KG360,,0,Not Graduate,No,241666.66666666666,0.0,9500.0,216.0,1.0,,1,kaggle_approval
KG361,,1,Not Graduate,Yes,825000.0,0.0,38400.0,144.0,0.0,,1,kaggle_approval
KG362,,0,Graduate,No,366666.6666666667,0.0,14100.0,24.0,0.0,,1,kaggle_approval
KG363,,1,Not Graduate,Yes,750000.0,0.0,32200.0,192.0,0.0,,0,kaggle_approval
KG364,,3+,Not Graduate,Yes,566666.6666666666,0.0,26900.0,192.0,1.0,,1,kaggle_approval
KG365,,2,Not Graduate,No,725000.0,0.0,28000.0,144.0,0.0,,0,kaggle_approval
KG366,,3+,Graduate,No,783333.3333333334,0.0,21900.0,192.0,1.0,,1,kaggle_approval
KG367,,3+,Not Graduate,Yes,500000.0,0.0,12500.0,216.0,1.0,,1,kaggle_approval
KG368,,1,Not Graduate,Yes,783333.3333333334,0.0,29800.0,120.0,0.0,,0,kaggle_approval
KG369,,0,Not Graduate,Yes,83333.33333333333,0.0,4000.0,120.0,1.0,,1,kaggle_approval
KG370,,3+,Graduate,Yes,75000.0,0.0,2300.0,240.0,1.0,,1,kaggle_approval
KG371,,3+,Not Graduate,No,175000.0,0.0,7700.0,48.0,1.0,,1,kaggle_approval
KG372,,3+,Graduate,Yes,91666.66666666667,0.0,3200.0,240.0,0.0,,1,kaggle_approval
KG373,,0,Graduate,Yes,50000.0,0.0,2300.0,48.0,0.0,,1,kaggle_approval
KG374,,3+,Not Graduate,Yes,766666.6666666666,0.0,25500.0,120.0,1.0,,1,kaggle_approval
KG375,,2,Not Graduate,Yes,300000.0,0.0,12800.0,216.0,1.0,,1,kaggle_approval
KG376,,3+,Not Graduate,Yes,108333.33333333333,0.0,5000.0,120.0,1.0,,1,kaggle_approval
KG377,,3+,Graduate,Yes,641666.6666666666,0.0,16800.0,240.0,0.0,,1,kaggle_approval
KG378,,3+,Graduate,Yes,791666.6666666666,0.0,23500.0,168.0,0.0,,0,kaggle_approval
KG379,,2,Not Graduate,Yes,416666.6666666667,0.0,17600.0,240.0,0.0,,0,kaggle_approval
KG380,,0,Not Graduate,No,41666.666666666664,0.0,1800.0,24.0,0.0,,1,kaggle_approval
KG381,,1,Graduate,Yes,691666.6666666666,0.0,32100.0,192.0,1.0,,1,kaggle_approval
KG382,,0,Graduate,No,441666.6666666667,0.0,17900.0,72.0,1.0,,1,kaggle_approval
KG383,,2,Not Graduate,Yes,775000.0,0.0,29000.0,144.0,1.0,,1,kaggle_approval
KG384,,3+,Not Graduate,No,191666.66666666666,0.0,7400.0,24.0,1.0,,1,kaggle_approval
KG385,,1,Not Graduate,No,33333.333333333336,0.0,1300.0,72.0,1.0,,1,kaggle_approval
KG386,,3+,Not Graduate,No,266666.6666666667,0.0,10800.0,48.0,1.0,,1,kaggle_approval
KG387,,3+,Not Graduate,Yes,783333.3333333334,0.0,35300.0,192.0,0.0,,0,kaggle_approval
KG388,,1,Graduate,No,191666.66666666666,0.0,6600.0,24.0,0.0,,0,kaggle_approval
KG389,,3+,Not Graduate,No,358333.3333333333,0.0,14500.0,144.0,0.0,,0,kaggle_approval
KG390,,0,Graduate,Yes,516666.6666666667,0.0,22400.0,216.0,1.0,,1,kaggle_approval
KG391,,0,Not Graduate,Yes,600000.0,0.0,19800.0,144.0,1.0,,1,kaggle_approval
KG392,,3+,Graduate,Yes,200000.0,0.0,8700.0,216.0,1.0,,1,kaggle_approval
KG393,,3+,Not Graduate,No,241666.66666666666,0.0,6300.0,96.0,1.0,,1,kaggle_approval
KG394,,1,Graduate,No,116666.66666666667,0.0,5200.0,144.0,1.0,,1,kaggle_approval
KG395,,3+,Not Graduate,Yes,183333.33333333334,0.0,8200.0,168.0,1.0,,1,kaggle_approval
KG396,,2,Graduate,Yes,66666.66666666667,0.0,3200.0,120.0,0.0,,0,kaggle_approval
KG397,,0,Graduate,No,50000.0,0.0,1700.0,24.0,1.0,,1,kaggle_approval
KG398,,3+,Graduate,Yes,58333.333333333336,0.0,2700.0,192.0,0.0,,1,kaggle_approval
KG399,,2,Not Graduate,No,700000.0,0.0,25900.0,192.0,1.0,,1,kaggle_approval
KG400,,2,Not Graduate,No,591666.6666666666,0.0,21500.0,192.0,1.0,,1,kaggle_approval
KG401,,3+,Graduate,No,450000.0,0.0,15700.0,216.0,0.0,,0,kaggle_approval
KG402,,3+,Graduate,No,308333.3333333333,0.0,7300.0,216.0,0.0,,0,kaggle_approval
KG403,,3+,Graduate,Yes,433333.3333333333,0.0,15200.0,192.0,1.0,,1,kaggle_approval
KG404,,3+,Not Graduate,Yes,16666.666666666668,0.0,700.0,120.0,1.0,,1,kaggle_approval
KG405,,3+,Graduate,No,41666.666666666664,0.0,1000.0,240.0,0.0,,0,kaggle_approval
KG406,,2,Not Graduate,Yes,150000.0,0.0,5700.0,48.0,1.0,,1,kaggle_approval
KG407,,3+,Graduate,Yes,766666.6666666666,0.0,29400.0,96.0,0.0,,0,kaggle_approval
KG408,,3+,Not Graduate,No,75000.0,0.0,3300.0,120.0,1.0,,1,kaggle_approval
KG409,,3+,Not Graduate,No,625000.0,0.0,28300.0,144.0,0.0,,0,kaggle_approval
KG410,,3+,Not Graduate,No,250000.0,0.0,11800.0,72.0,1.0,,1,kaggle_approval
KG411,,3+,Graduate,No,591666.6666666666,0.0,18900.0,144.0,0.0,,0,kaggle_approval
KG412,,1,Graduate,Yes,291666.6666666667,0.0,7200.0,24.0,1.0,,1,kaggle_approval
KG413,,3+,Not Graduate,No,408333.3333333333,0.0,18800.0,192.0,1.0,,1,kaggle_approval
KG414,,1,Graduate,No,341666.6666666667,0.0,8400.0,240.0,1.0,,1,kaggle_approval
KG415,,0,Graduate,Yes,66666.66666666667,0.0,2100.0,72.0,1.0,,1,kaggle_approval
KG416,,3+,Graduate,Yes,141666.66666666666,0.0,4600.0,144.0,0.0,,0,kaggle_approval
KG417,,0,Graduate,Yes,508333.3333333333,0.0,23300.0,144.0,0.0,,0,kaggle_approval
KG418,,1,Graduate,Yes,175000.0,0.0,7700.0,192.0,0.0,,0,kaggle_approval
KG419,,0,Graduate,No,258333.33333333334,0.0,9300.0,72.0,1.0,,1,kaggle_approval
KG420,,2,Not Graduate,Yes,141666.66666666666,0.0,3500.0,240.0,1.0,,1,kaggle_approval
KG421,,3+,Graduate,No,141666.66666666666,0.0,5400.0,72.0,1.0,,1,kaggle_approval
KG422,,3+,Not Graduate,Yes,333333.3333333333,0.0,14500.0,72.0,1.0,,1,kaggle_approval
KG423,,3+,Graduate,No,466666.6666666667,0.0,18400.0,96.0,0.0,,0,kaggle_approval
KG424,,3+,Graduate,Yes,325000.0,0.0,11900.0,120.0,1.0,,1,kaggle_approval
KG425,,3+,Graduate,Yes,508333.3333333333,0.0,15300.0,168.0,0.0,,1,kaggle_approval
KG426,,0,Graduate,Yes,91666.66666666667,0.0,2800.0,216.0,0.0,,0,kaggle_approval
KG427,,2,Graduate,No,458333.3333333333,0.0,14800.0,96.0,0.0,,0,kaggle_approval
KG428,,3+,Graduate,Yes,91666.66666666667,0.0,3600.0,168.0,1.0,,1,kaggle_approval
KG429,,3+,Not Graduate,Yes,33333.333333333336,0.0,900.0,240.0,1.0,,1,kaggle_approval
KG430,,3+,Graduate,No,766666.6666666666,0.0,36400.0,216.0,1.0,,1,kaggle_approval
KG431,,3+,Not Graduate,Yes,775000.0,0.0,27500.0,216.0,0.0,,0,kaggle_approval
KG432,,1,Graduate,No,91666.66666666667,0.0,3500.0,96.0,0.0,,1,kaggle_approval
KG433,,3+,Not Graduate,No,466666.6666666667,0.0,18700.0,24.0,1.0,,1,kaggle_approval
KG434,,0,Graduate,Yes,525000.0,0.0,21500.0,96.0,1.0,,1,kaggle_approval
KG435,,3+,Graduate,No,733333.3333333334,0.0,18100.0,72.0,1.0,,1,kaggle_approval
KG436,,0,Not Graduate,No,700000.0,0.0,20800.0,240.0,0.0,,1,kaggle_approval
KG437,,3+,Graduate,Yes,133333.33333333334,0.0,5700.0,48.0,1.0,,1,kaggle_approval
KG438,,3+,Not Graduate,Yes,375000.0,0.0,11400.0,96.0,0.0,,0,kaggle_approval
KG439,,3+,Not Graduate,No,541666.6666666666,0.0,18500.0,48.0,1.0,,1,kaggle_approval
KG440,,3+,Graduate,Yes,791666.6666666666,0.0,20600.0,24.0,1.0,,1,kaggle_approval
KG441,,3+,Not Graduate,No,391666.6666666667,0.0,16700.0,144.0,1.0,,1,kaggle_approval
KG442,,3+,Graduate,Yes,800000.0,0.0,32400.0,24.0,1.0,,1,kaggle_approval
KG443,,3+,Graduate,No,666666.6666666666,0.0,26700.0,240.0,1.0,,1,kaggle_approval
KG444,,2,Graduate,No,641666.6666666666,0.0,16700.0,72.0,0.0,,1,kaggle_approval
KG445,,1,Not Graduate,Yes,300000.0,0.0,10300.0,144.0,0.0,,0,kaggle_approval
KG446,,2,Not Graduate,No,58333.333333333336,0.0,1700.0,120.0,1.0,,1,kaggle_approval
KG447,,0,Graduate,Yes,116666.66666666667,0.0,5100.0,72.0,1.0,,1,kaggle_approval
KG448,,1,Graduate,Yes,716666.6666666666,0.0,27900.0,240.0,0.0,,0,kaggle_approval
KG449,,3+,Graduate,No,391666.6666666667,0.0,15700.0,48.0,1.0,,1,kaggle_approval
KG450,,3+,Graduate,Yes,241666.66666666666,0.0,5800.0,144.0,0.0,,0,kaggle_approval
KG451,,3+,Not Graduate,No,750000.0,0.0,29000.0,192.0,0.0,,1,kaggle_approval
KG452,,3+,Graduate,Yes,41666.666666666664,0.0,900.0,216.0,1.0,,1,kaggle_approval
KG453,,2,Not Graduate,Yes,58333.333333333336,0.0,1700.0,120.0,0.0,,0,kaggle_approval
KG454,,0,Graduate,No,566666.6666666666,0.0,27000.0,48.0,0.0,,1,kaggle_approval
KG455,,2,Graduate,No,150000.0,0.0,4700.0,96.0,1.0,,1,kaggle_approval
KG456,,0,Not Graduate,No,500000.0,0.0,12400.0,24.0,1.0,,1,kaggle_approval
KG457,,3+,Graduate,Yes,450000.0,0.0,21500.0,168.0,0.0,,1,kaggle_approval
KG458,,3+,Graduate,Yes,700000.0,0.0,17500.0,144.0,1.0,,1,kaggle_approval
KG459,,0,Graduate,No,616666.6666666666,0.0,20900.0,72.0,1.0,,1,kaggle_approval
KG460,,2,Graduate,No,266666.6666666667,0.0,12500.0,120.0,0.0,,0,kaggle_approval
KG461,,1,Graduate,Yes,450000.0,0.0,21400.0,96.0,0.0,,0,kaggle_approval
KG462,,3+,Graduate,Yes,83333.33333333333,0.0,2500.0,168.0,1.0,,1,kaggle_approval
KG463,,0,Graduate,No,366666.6666666667,0.0,14700.0,192.0,1.0,,1,kaggle_approval
KG464,,1,Graduate,Yes,316666.6666666667,0.0,10500.0,144.0,1.0,,1,kaggle_approval
KG465,,3+,Not Graduate,Yes,508333.3333333333,0.0,20900.0,216.0,0.0,,0,kaggle_approval
KG466,,3+,Not Graduate,Yes,458333.3333333333,0.0,17300.0,192.0,1.0,,1,kaggle_approval
KG467,,3+,Not Graduate,Yes,41666.666666666664,0.0,1800.0,216.0,0.0,,0,kaggle_approval
KG468,,0,Not Graduate,Yes,25000.0,0.0,1100.0,24.0,0.0,,1,kaggle_approval
KG469,,1,Graduate,Yes,516666.6666666667,0.0,16900.0,24.0,0.0,,0,kaggle_approval
KG470,,0,Not Graduate,No,25000.0,0.0,900.0,240.0,0.0,,0,kaggle_approval
KG471,,0,Not Graduate,Yes,575000.0,0.0,22100.0,240.0,0.0,,0,kaggle_approval
KG472,,3+,Graduate,No,308333.3333333333,0.0,11400.0,144.0,1.0,,1,kaggle_approval
KG473,,3+,Not Graduate,Yes,733333.3333333334,0.0,28600.0,120.0,1.0,,1,kaggle_approval
KG474,,3+,Graduate,Yes,683333.3333333334,0.0,23500.0,144.0,0.0,,0,kaggle_approval
KG475,,1,Not Graduate,Yes,766666.6666666666,0.0,31500.0,216.0,1.0,,1,kaggle_approval
KG476,,0,Not Graduate,No,200000.0,0.0,7800.0,168.0,1.0,,1,kaggle_approval
KG477,,3+,Not Graduate,No,341666.6666666667,0.0,13500.0,216.0,0.0,,0,kaggle_approval
KG478,,1,Graduate,No,666666.6666666666,0.0,31900.0,144.0,0.0,,0,kaggle_approval
KG479,,3+,Not Graduate,Yes,300000.0,0.0,8600.0,96.0,1.0,,1,kaggle_approval
KG480,,1,Not Graduate,Yes,58333.333333333336,0.0,2700.0,240.0,1.0,,1,kaggle_approval
KG481,,3+,Not Graduate,No,691666.6666666666,0.0,30700.0,72.0,0.0,,0,kaggle_approval
KG482,,0,Graduate,Yes,441666.6666666667,0.0,15000.0,24.0,1.0,,1,kaggle_approval
KG483,,3+,Graduate,No,691666.6666666666,0.0,24900.0,192.0,0.0,,0,kaggle_approval
KG484,,3+,Not Graduate,Yes,208333.33333333334,0.0,8800.0,144.0,0.0,,0,kaggle_approval
KG485,,3+,Graduate,Yes,450000.0,0.0,14400.0,96.0,1.0,,1,kaggle_approval
KG486,,3+,Graduate,No,133333.33333333334,0.0,4900.0,96.0,1.0,,1,kaggle_approval
KG487,,2,Not Graduate,No,200000.0,0.0,6200.0,144.0,1.0,,1,kaggle_approval
KG488,,3+,Not Graduate,No,525000.0,0.0,14800.0,72.0,1.0,,1,kaggle_approval
KG489,,3+,Graduate,Yes,208333.33333333334,0.0,5300.0,120.0,0.0,,0,kaggle_approval
KG490,,0,Graduate,Yes,625000.0,0.0,16800.0,192.0,0.0,,0,kaggle_approval
KG491,,3+,Not Graduate,No,241666.66666666666,0.0,8500.0,168.0,1.0,,1,kaggle_approval
KG492,,3+,Graduate,Yes,83333.33333333333,0.0,3500.0,192.0,1.0,,1,kaggle_approval
KG493,,2,Graduate,Yes,716666.6666666666,0.0,28800.0,96.0,1.0,,1,kaggle_approval
KG494,,1,Not Graduate,No,25000.0,0.0,1100.0,144.0,0.0,,0,kaggle_approval
KG495,,3+,Not Graduate,No,191666.66666666666,0.0,5700.0,216.0,0.0,,0,kaggle_approval
KG496,,2,Not Graduate,Yes,200000.0,0.0,5400.0,144.0,1.0,,1,kaggle_approval
KG497,,3+,Graduate,Yes,816666.6666666666,0.0,30300.0,72.0,1.0,,1,kaggle_approval
KG498,,2,Not Graduate,No,675000.0,0.0,24800.0,72.0,0.0,,0,kaggle_approval
KG499,,3+,Graduate,No,558333.3333333334,0.0,15500.0,216.0,0.0,,0,kaggle_approval
KG500,,1,Not Graduate,Yes,700000.0,0.0,24700.0,216.0,1.0,,1,kaggle_approval
KG501,,2,Graduate,No,16666.666666666668,0.0,700.0,96.0,1.0,,1,kaggle_approval
KG502,,2,Graduate,No,391666.6666666667,0.0,12500.0,168.0,0.0,,0,kaggle_approval
KG503,,0,Graduate,Yes,358333.3333333333,0.0,14300.0,168.0,1.0,,1,kaggle_approval
KG504,,3+,Not Graduate,No,183333.33333333334,0.0,7000.0,240.0,1.0,,1,kaggle_approval
KG505,,3+,Graduate,Yes,716666.6666666666,0.0,19200.0,48.0,1.0,,1,kaggle_approval
KG506,,3+,Graduate,Yes,166666.66666666666,0.0,7200.0,120.0,1.0,,1,kaggle_approval
KG507,,3+,Not Graduate,Yes,350000.0,0.0,15900.0,168.0,0.0,,0,kaggle_approval
KG508,,0,Not Graduate,Yes,425000.0,0.0,12500.0,216.0,1.0,,1,kaggle_approval
KG509,,2,Graduate,Yes,341666.6666666667,0.0,11200.0,72.0,0.0,,0,kaggle_approval
KG510,,1,Graduate,Yes,825000.0,0.0,39500.0,144.0,1.0,,1,kaggle_approval
KG511,,1,Not Graduate,Yes,266666.6666666667,0.0,9000.0,240.0,0.0,,0,kaggle_approval
KG512,,2,Graduate,No,458333.3333333333,0.0,19000.0,48.0,0.0,,1,kaggle_approval
KG513,,0,Graduate,Yes,650000.0,0.0,29100.0,240.0,0.0,,0,kaggle_approval
KG514,,3+,Graduate,Yes,283333.3333333333,0.0,9700.0,240.0,1.0,,1,kaggle_approval
KG515,,3+,Graduate,Yes,658333.3333333334,0.0,25900.0,168.0,0.0,,0,kaggle_approval
KG516,,3+,Graduate,Yes,741666.6666666666,0.0,18500.0,120.0,0.0,,0,kaggle_approval
KG517,,2,Graduate,No,608333.3333333334,0.0,19100.0,168.0,0.0,,1,kaggle_approval
KG518,,3+,Not Graduate,Yes,275000.0,0.0,10600.0,96.0,0.0,,0,kaggle_approval
KG519,,3+,Graduate,Yes,241666.66666666666,0.0,10500.0,96.0,1.0,,1,kaggle_approval
KG520,,2,Graduate,Yes,41666.666666666664,0.0,1300.0,48.0,0.0,,0,kaggle_approval
KG521,,3+,Not Graduate,No,600000.0,0.0,21200.0,48.0,1.0,,1,kaggle_approval
KG522,,3+,Not Graduate,No,691666.6666666666,0.0,24100.0,168.0,1.0,,1,kaggle_approval
KG523,,1,Not Graduate,Yes,725000.0,0.0,20500.0,72.0,0.0,,0,kaggle_approval
KG524,,3+,Not Graduate,Yes,591666.6666666666,0.0,27900.0,120.0,0.0,,0,kaggle_approval
KG525,,3+,Graduate,Yes,816666.6666666666,0.0,28200.0,144.0,1.0,,1,kaggle_approval
KG526,,0,Graduate,Yes,575000.0,0.0,17000.0,240.0,0.0,,1,kaggle_approval
KG527,,0,Not Graduate,No,200000.0,0.0,5000.0,168.0,0.0,,1,kaggle_approval
KG528,,1,Not Graduate,Yes,175000.0,0.0,4900.0,120.0,1.0,,1,kaggle_approval
KG529,,2,Graduate,Yes,600000.0,0.0,23900.0,48.0,0.0,,1,kaggle_approval
KG530,,2,Graduate,No,383333.3333333333,0.0,13500.0,192.0,0.0,,1,kaggle_approval
KG531,,3+,Graduate,Yes,825000.0,0.0,31800.0,216.0,1.0,,1,kaggle_approval
KG532,,3+,Not Graduate,Yes,25000.0,0.0,1000.0,240.0,1.0,,1,kaggle_approval
KG533,,3+,Graduate,Yes,575000.0,0.0,23900.0,72.0,0.0,,0,kaggle_approval
KG534,,2,Graduate,Yes,141666.66666666666,0.0,4300.0,72.0,1.0,,1,kaggle_approval
KG535,,2,Graduate,Yes,366666.6666666667,0.0,10000.0,240.0,0.0,,0,kaggle_approval
KG536,,3+,Not Graduate,Yes,358333.3333333333,0.0,15000.0,96.0,0.0,,0,kaggle_approval
KG537,,2,Not Graduate,No,308333.3333333333,0.0,14100.0,72.0,1.0,,1,kaggle_approval
KG538,,1,Graduate,No,491666.6666666667,0.0,15200.0,24.0,0.0,,0,kaggle_approval
KG539,,3+,Not Graduate,Yes,716666.6666666666,0.0,26300.0,120.0,1.0,,1,kaggle_approval
KG540,,3+,Not Graduate,Yes,283333.3333333333,0.0,13200.0,96.0,1.0,,1,kaggle_approval
KG541,,3+,Not Graduate,Yes,83333.33333333333,0.0,3200.0,168.0,1.0,,1,kaggle_approval
KG542,,1,Not Graduate,Yes,366666.6666666667,0.0,14200.0,192.0,0.0,,0,kaggle_approval
KG543,,0,Not Graduate,No,300000.0,0.0,7800.0,168.0,0.0,,0,kaggle_approval
KG544,,3+,Not Graduate,No,116666.66666666667,0.0,2700.0,96.0,1.0,,1,kaggle_approval
KG545,,0,Not Graduate,No,441666.6666666667,0.0,10900.0,216.0,1.0,,1,kaggle_approval
KG546,,3+,Graduate,Yes,783333.3333333334,0.0,20500.0,72.0,1.0,,1,kaggle_approval
KG547,,3+,Not Graduate,Yes,550000.0,0.0,22100.0,72.0,1.0,,1,kaggle_approval
KG548,,3+,Graduate,No,816666.6666666666,0.0,37600.0,216.0,0.0,,0,kaggle_approval
KG549,,1,Not Graduate,No,158333.33333333334,0.0,4900.0,240.0,1.0,,1,kaggle_approval
KG550,,2,Not Graduate,Yes,483333.3333333333,0.0,22500.0,72.0,1.0,,1,kaggle_approval
KG551,,2,Not Graduate,No,258333.33333333334,0.0,10400.0,120.0,0.0,,0,kaggle_approval
KG552,,0,Graduate,No,566666.6666666666,0.0,18400.0,24.0,1.0,,1,kaggle_approval
KG553,,3+,Not Graduate,No,383333.3333333333,0.0,16200.0,144.0,1.0,,1,kaggle_approval
KG554,,2,Not Graduate,Yes,16666.666666666668,0.0,700.0,192.0,1.0,,1,kaggle_approval
KG555,,3+,Not Graduate,Yes,791666.6666666666,0.0,22800.0,72.0,0.0,,0,kaggle_approval
KG556,,3+,Not Graduate,Yes,516666.6666666667,0.0,22200.0,240.0,1.0,,1,kaggle_approval
KG557,,3+,Not Graduate,Yes,808333.3333333334,0.0,32300.0,216.0,0.0,,0,kaggle_approval
KG558,,3+,Graduate,Yes,350000.0,0.0,12300.0,24.0,1.0,,1,kaggle_approval
KG559,,1,Graduate,Yes,475000.0,0.0,12000.0,48.0,0.0,,0,kaggle_approval
KG560,,2,Graduate,Yes,16666.666666666668,0.0,500.0,72.0,1.0,,0,kaggle_approval
KG561,,3+,Graduate,No,666666.6666666666,0.0,25500.0,48.0,1.0,,1,kaggle_approval
KG562,,3+,Graduate,No,433333.3333333333,0.0,20400.0,240.0,1.0,,1,kaggle_approval
KG563,,1,Graduate,Yes,591666.6666666666,0.0,15200.0,96.0,0.0,,0,kaggle_approval
KG564,,1,Graduate,Yes,775000.0,0.0,27900.0,144.0,1.0,,1,kaggle_approval
KG565,,3+,Graduate,No,166666.66666666666,0.0,6100.0,24.0,0.0,,1,kaggle_approval
KG566,,3+,Graduate,Yes,325000.0,0.0,14000.0,216.0,1.0,,1,kaggle_approval
KG567,,2,Not Graduate,No,233333.33333333334,0.0,5900.0,72.0,1.0,,1,kaggle_approval
KG568,,3+,Graduate,Yes,250000.0,0.0,11100.0,144.0,0.0,,0,kaggle_approval
KG569,,3+,Not Graduate,No,375000.0,0.0,9800.0,192.0,1.0,,1,kaggle_approval
KG570,,3+,Graduate,No,158333.33333333334,0.0,4300.0,48.0,1.0,,1,kaggle_approval
KG571,,1,Graduate,No,191666.66666666666,0.0,7200.0,96.0,0.0,,0,kaggle_approval
KG572,,0,Graduate,No,391666.6666666667,0.0,17500.0,24.0,1.0,,1,kaggle_approval
KG573,,2,Not Graduate,Yes,108333.33333333333,0.0,2700.0,96.0,1.0,,1,kaggle_approval
KG574,,3+,Graduate,No,258333.33333333334,0.0,11000.0,24.0,0.0,,1,kaggle_approval
KG575,,0,Graduate,No,700000.0,0.0,17500.0,216.0,0.0,,0,kaggle_approval
KG576,,3+,Graduate,Yes,141666.66666666666,0.0,5800.0,48.0,0.0,,1,kaggle_approval
KG577,,2,Not Graduate,No,158333.33333333334,0.0,7500.0,24.0,1.0,,1,kaggle_approval
KG578,,3+,Not Graduate,No,200000.0,0.0,8600.0,96.0,1.0,,1,kaggle_approval
KG579,,3+,Graduate,No,566666.6666666666,0.0,20500.0,120.0,0.0,,1,kaggle_approval
KG580,,1,Graduate,No,241666.66666666666,0.0,10900.0,240.0,0.0,,0,kaggle_approval
KG581,,3+,Graduate,Yes,741666.6666666666,0.0,26300.0,120.0,0.0,,0,kaggle_approval
KG582,,1,Not Graduate,No,733333.3333333334,0.0,22200.0,216.0,1.0,,1,kaggle_approval
KG583,,0,Graduate,Yes,683333.3333333334,0.0,19200.0,192.0,0.0,,0,kaggle_approval
KG584,,3+,Not Graduate,Yes,300000.0,0.0,13200.0,192.0,0.0,,1,kaggle_approval
KG585,,3+,Graduate,Yes,791666.6666666666,0.0,31800.0,72.0,0.0,,0,kaggle_approval
KG586,,0,Not Graduate,Yes,158333.33333333334,0.0,5700.0,216.0,1.0,,1,kaggle_approval
KG587,,3+,Not Graduate,Yes,758333.3333333334,0.0,24600.0,24.0,1.0,,1,kaggle_approval
KG588,,3+,Graduate,No,91666.66666666667,0.0,3800.0,216.0,0.0,,0,kaggle_approval
KG589,,3+,Not Graduate,Yes,91666.66666666667,0.0,2800.0,120.0,1.0,,1,kaggle_approval
KG590,,1,Graduate,No,775000.0,0.0,28600.0,168.0,1.0,,1,kaggle_approval
KG591,,3+,Graduate,Yes,325000.0,0.0,10600.0,24.0,0.0,,0,kaggle_approval
KG592,,3+,Not Graduate,Yes,125000.0,0.0,4000.0,144.0,0.0,,0,kaggle_approval
KG593,,3+,Graduate,No,66666.66666666667,0.0,2200.0,72.0,0.0,,0,kaggle_approval
KG594,,3+,Graduate,No,50000.0,0.0,1800.0,72.0,1.0,,1,kaggle_approval
KG595,,2,Graduate,No,366666.6666666667,0.0,12500.0,216.0,0.0,,0,kaggle_approval
KG596,,3+,Graduate,Yes,225000.0,0.0,5400.0,72.0,1.0,,1,kaggle_approval
KG597,,3+,Not Graduate,Yes,516666.6666666667,0.0,14600.0,24.0,1.0,,1,kaggle_approval
KG598,,3+,Graduate,Yes,58333.333333333336,0.0,1300.0,192.0,0.0,,0,kaggle_approval
KG599,,0,Graduate,No,283333.3333333333,0.0,9400.0,72.0,1.0,,1,kaggle_approval
KG600,,1,Not Graduate,Yes,408333.3333333333,0.0,16800.0,144.0,1.0,,1,kaggle_approval
KG601,,3+,Not Graduate,Yes,350000.0,0.0,9700.0,24.0,0.0,,0,kaggle_approval
KG602,,0,Graduate,Yes,441666.6666666667,0.0,10600.0,24.0,1.0,,1,kaggle_approval
KG603,,3+,Graduate,Yes,308333.3333333333,0.0,10000.0,240.0,1.0,,1,kaggle_approval
KG604,,3+,Not Graduate,Yes,466666.6666666667,0.0,17500.0,120.0,0.0,,0,kaggle_approval
KG605,,2,Graduate,Yes,358333.3333333333,0.0,16000.0,168.0,1.0,,1,kaggle_approval
KG606,,3+,Not Graduate,Yes,591666.6666666666,0.0,24500.0,168.0,0.0,,1,kaggle_approval
KG607,,3+,Graduate,Yes,450000.0,0.0,12700.0,48.0,1.0,,1,kaggle_approval
KG608,,0,Not Graduate,No,500000.0,0.0,13100.0,72.0,0.0,,0,kaggle_approval
KG609,,3+,Graduate,Yes,341666.6666666667,0.0,12500.0,24.0,0.0,,1,kaggle_approval
KG610,,3+,Not Graduate,No,691666.6666666666,0.0,17900.0,240.0,1.0,,1,kaggle_approval
KG611,,3+,Graduate,No,675000.0,0.0,23900.0,120.0,0.0,,0,kaggle_approval
KG612,,1,Not Graduate,No,600000.0,0.0,24900.0,168.0,1.0,,1,kaggle_approval
KG613,,3+,Graduate,No,600000.0,0.0,17500.0,48.0,0.0,,0,kaggle_approval
KG614,,2,Graduate,Yes,291666.6666666667,0.0,8100.0,48.0,0.0,,1,kaggle_approval
KG615,,1,Graduate,No,516666.6666666667,0.0,19500.0,144.0,1.0,,1,kaggle_approval
KG616,,3+,Not Graduate,No,433333.3333333333,0.0,17300.0,120.0,0.0,,0,kaggle_approval
KG617,,0,Not Graduate,No,375000.0,0.0,14500.0,24.0,1.0,,1,kaggle_approval
KG618,,3+,Not Graduate,No,450000.0,0.0,15100.0,144.0,0.0,,0,kaggle_approval
KG619,,3+,Not Graduate,Yes,166666.66666666666,0.0,6900.0,72.0,1.0,,1,kaggle_approval
KG620,,3+,Graduate,No,741666.6666666666,0.0,25400.0,96.0,0.0,,1,kaggle_approval
KG621,,2,Graduate,No,416666.6666666667,0.0,10600.0,48.0,0.0,,1,kaggle_approval
KG622,,2,Graduate,No,408333.3333333333,0.0,17600.0,72.0,1.0,,1,kaggle_approval
KG623,,3+,Graduate,Yes,441666.6666666667,0.0,19200.0,48.0,1.0,,1,kaggle_approval
KG624,,3+,Not Graduate,Yes,708333.3333333334,0.0,27700.0,48.0,0.0,,1,kaggle_approval
KG625,,3+,Graduate,Yes,58333.333333333336,0.0,2100.0,168.0,1.0,,1,kaggle_approval
KG626,,3+,Not Graduate,Yes,491666.6666666667,0.0,18900.0,48.0,1.0,,1,kaggle_approval
KG627,,3+,Graduate,No,291666.6666666667,0.0,13300.0,48.0,1.0,,1,kaggle_approval
KG628,,3+,Not Graduate,Yes,641666.6666666666,0.0,18900.0,192.0,0.0,,1,kaggle_approval
KG629,,2,Not Graduate,Yes,375000.0,0.0,12500.0,144.0,0.0,,0,kaggle_approval
KG630,,0,Graduate,No,758333.3333333334,0.0,22200.0,72.0,0.0,,0,kaggle_approval
KG631,,1,Not Graduate,Yes,750000.0,0.0,29900.0,24.0,1.0,,1,kaggle_approval
KG632,,2,Not Graduate,No,741666.6666666666,0.0,29200.0,96.0,1.0,,1,kaggle_approval
KG633,,3+,Not Graduate,No,541666.6666666666,0.0,13800.0,120.0,0.0,,0,kaggle_approval
KG634,,3+,Not Graduate,Yes,675000.0,0.0,18000.0,96.0,1.0,,1,kaggle_approval
KG635,,1,Not Graduate,No,700000.0,0.0,29900.0,192.0,0.0,,0,kaggle_approval
KG636,,0,Not Graduate,No,441666.6666666667,0.0,20000.0,72.0,1.0,,1,kaggle_approval
KG637,,2,Graduate,No,341666.6666666667,0.0,15600.0,144.0,1.0,,1,kaggle_approval
KG638,,3+,Not Graduate,No,575000.0,0.0,27400.0,48.0,0.0,,1,kaggle_approval
KG639,,1,Graduate,Yes,433333.3333333333,0.0,19500.0,144.0,1.0,,1,kaggle_approval
KG640,,3+,Not Graduate,Yes,166666.66666666666,0.0,7400.0,168.0,1.0,,1,kaggle_approval
KG641,,3+,Graduate,No,383333.3333333333,0.0,17800.0,240.0,1.0,,1,kaggle_approval
KG642,,0,Graduate,Yes,591666.6666666666,0.0,20100.0,192.0,1.0,,1,kaggle_approval
KG643,,0,Not Graduate,No,775000.0,0.0,20100.0,120.0,1.0,,1,kaggle_approval
KG644,,3+,Not Graduate,No,450000.0,0.0,19400.0,240.0,1.0,,1,kaggle_approval
KG645,,3+,Not Graduate,No,341666.6666666667,0.0,8500.0,24.0,1.0,,1,kaggle_approval
KG646,,3+,Not Graduate,No,408333.3333333333,0.0,11400.0,96.0,0.0,,0,kaggle_approval
KG647,,3+,Graduate,Yes,450000.0,0.0,21200.0,240.0,1.0,,1,kaggle_approval
KG648,,0,Graduate,No,250000.0,0.0,9600.0,144.0,1.0,,1,kaggle_approval
KG649,,0,Not Graduate,Yes,566666.6666666666,0.0,14400.0,96.0,1.0,,1,kaggle_approval
KG650,,3+,Graduate,Yes,425000.0,0.0,14000.0,144.0,0.0,,0,kaggle_approval
KG651,,0,Graduate,Yes,816666.6666666666,0.0,32600.0,120.0,1.0,,1,kaggle_approval
KG652,,1,Graduate,Yes,133333.33333333334,0.0,4100.0,72.0,0.0,,0,kaggle_approval
KG653,,3+,Graduate,No,666666.6666666666,0.0,29100.0,48.0,0.0,,1,kaggle_approval
KG654,,3+,Graduate,No,241666.66666666666,0.0,6700.0,168.0,1.0,,1,kaggle_approval
KG655,,3+,Graduate,No,766666.6666666666,0.0,30300.0,120.0,1.0,,1,kaggle_approval
KG656,,3+,Not Graduate,No,791666.6666666666,0.0,20400.0,168.0,0.0,,0,kaggle_approval
KG657,,0,Graduate,Yes,308333.3333333333,0.0,8500.0,96.0,0.0,,0,kaggle_approval
KG658,,3+,Graduate,Yes,591666.6666666666,0.0,20800.0,72.0,0.0,,0,kaggle_approval
KG659,,3+,Not Graduate,No,466666.6666666667,0.0,17600.0,168.0,0.0,,0,kaggle_approval
KG660,,0,Graduate,Yes,100000.0,0.0,2700.0,24.0,1.0,,1,kaggle_approval
KG661,,3+,Not Graduate,No,133333.33333333334,0.0,5600.0,72.0,1.0,,1,kaggle_approval
KG662,,3+,Not Graduate,Yes,133333.33333333334,0.0,4800.0,240.0,1.0,,1,kaggle_approval
KG663,,2,Not Graduate,No,441666.6666666667,0.0,20200.0,120.0,0.0,,0,kaggle_approval
KG664,,3+,Not Graduate,No,758333.3333333334,0.0,19900.0,240.0,0.0,,0,kaggle_approval
KG665,,3+,Not Graduate,Yes,783333.3333333334,0.0,35000.0,120.0,0.0,,0,kaggle_approval
KG666,,3+,Not Graduate,No,491666.6666666667,0.0,22400.0,72.0,0.0,,0,kaggle_approval
KG667,,2,Graduate,Yes,91666.66666666667,0.0,3400.0,120.0,0.0,,0,kaggle_approval
KG668,,3+,Graduate,Yes,258333.33333333334,0.0,11500.0,168.0,1.0,,1,kaggle_approval
KG669,,3+,Not Graduate,No,183333.33333333334,0.0,8600.0,240.0,0.0,,0,kaggle_approval
KG670,,1,Graduate,No,500000.0,0.0,20100.0,72.0,0.0,,0,kaggle_approval
KG671,,1,Graduate,Yes,166666.66666666666,0.0,5600.0,216.0,0.0,,0,kaggle_approval
KG672,,3+,Graduate,No,600000.0,0.0,22900.0,216.0,1.0,,1,kaggle_approval
KG673,,1,Not Graduate,Yes,41666.666666666664,0.0,1900.0,144.0,1.0,,1,kaggle_approval
KG674,,1,Not Graduate,Yes,483333.3333333333,0.0,13900.0,72.0,0.0,,0,kaggle_approval
KG675,,0,Not Graduate,No,16666.666666666668,0.0,300.0,72.0,0.0,,0,kaggle_approval
KG676,,3+,Not Graduate,Yes,383333.3333333333,0.0,9500.0,240.0,1.0,,1,kaggle_approval
KG677,,3+,Not Graduate,Yes,383333.3333333333,0.0,12800.0,168.0,1.0,,1,kaggle_approval
KG678,,1,Graduate,No,541666.6666666666,0.0,23100.0,240.0,1.0,,1,kaggle_approval
KG679,,3+,Not Graduate,Yes,366666.6666666667,0.0,16600.0,168.0,1.0,,1,kaggle_approval
KG680,,0,Not Graduate,Yes,75000.0,0.0,3600.0,120.0,1.0,,1,kaggle_approval
KG681,,0,Not Graduate,Yes,266666.6666666667,0.0,7400.0,216.0,1.0,,1,kaggle_approval
KG682,,3+,Graduate,No,50000.0,0.0,1100.0,96.0,0.0,,0,kaggle_approval
KG683,,1,Not Graduate,No,433333.3333333333,0.0,12600.0,120.0,1.0,,1,kaggle_approval
KG684,,3+,Not Graduate,Yes,533333.3333333334,0.0,15200.0,168.0,0.0,,0,kaggle_approval
KG685,,2,Not Graduate,No,83333.33333333333,0.0,2500.0,72.0,0.0,,1,kaggle_approval
KG686,,2,Not Graduate,No,566666.6666666666,0.0,14800.0,168.0,1.0,,1,kaggle_approval
KG687,,0,Graduate,No,250000.0,0.0,8400.0,120.0,0.0,,0,kaggle_approval
KG688,,1,Not Graduate,Yes,725000.0,0.0,30700.0,72.0,1.0,,1,kaggle_approval
KG689,,3+,Graduate,Yes,733333.3333333334,0.0,20900.0,216.0,1.0,,1,kaggle_approval
KG690,,1,Not Graduate,Yes,325000.0,0.0,11500.0,24.0,0.0,,0,kaggle_approval
KG691,,3+,Graduate,No,141666.66666666666,0.0,4300.0,24.0,0.0,,0,kaggle_approval
KG692,,3+,Not Graduate,Yes,75000.0,0.0,2300.0,72.0,1.0,,1,kaggle_approval
KG693,,1,Not Graduate,No,600000.0,0.0,24700.0,72.0,0.0,,1,kaggle_approval
KG694,,0,Graduate,No,766666.6666666666,0.0,25400.0,24.0,1.0,,1,kaggle_approval
KG695,,3+,Not Graduate,No,475000.0,0.0,19400.0,24.0,0.0,,1,kaggle_approval
KG696,,3+,Not Graduate,Yes,91666.66666666667,0.0,2700.0,48.0,1.0,,1,kaggle_approval
KG697,,2,Not Graduate,Yes,91666.66666666667,0.0,2200.0,48.0,1.0,,1,kaggle_approval
KG698,,0,Graduate,Yes,500000.0,0.0,23900.0,48.0,0.0,,1,kaggle_approval
KG699,,2,Graduate,Yes,675000.0,0.0,28500.0,240.0,0.0,,0,kaggle_approval
KG700,,2,Not Graduate,Yes,541666.6666666666,0.0,25100.0,240.0,1.0,,1,kaggle_approval
KG701,,0,Graduate,Yes,633333.3333333334,0.0,17900.0,192.0,1.0,,1,kaggle_approval
KG702,,1,Graduate,No,183333.33333333334,0.0,4900.0,96.0,0.0,,0,kaggle_approval
KG703,,3+,Graduate,Yes,525000.0,0.0,23900.0,72.0,1.0,,1,kaggle_approval
KG704,,3+,Not Graduate,Yes,558333.3333333334,0.0,15800.0,144.0,0.0,,0,kaggle_approval
KG705,,3+,Graduate,Yes,108333.33333333333,0.0,4300.0,24.0,0.0,,1,kaggle_approval
KG706,,1,Not Graduate,No,233333.33333333334,0.0,6700.0,144.0,0.0,,0,kaggle_approval
KG707,,3+,Graduate,No,583333.3333333334,0.0,18900.0,24.0,1.0,,1,kaggle_approval
KG708,,3+,Not Graduate,Yes,733333.3333333334,0.0,26700.0,120.0,0.0,,0,kaggle_approval
KG709,,0,Graduate,No,741666.6666666666,0.0,25800.0,216.0,0.0,,0,kaggle_approval
KG710,,3+,Not Graduate,No,583333.3333333334,0.0,21800.0,48.0,1.0,,1,kaggle_approval
KG711,,0,Graduate,Yes,575000.0,0.0,18600.0,120.0,0.0,,0,kaggle_approval
KG712,,3+,Graduate,No,766666.6666666666,0.0,29200.0,192.0,0.0,,0,kaggle_approval
KG713,,0,Graduate,Yes,508333.3333333333,0.0,19700.0,192.0,1.0,,1,kaggle_approval
KG714,,1,Graduate,Yes,366666.6666666667,0.0,14700.0,96.0,1.0,,1,kaggle_approval
KG715,,3+,Not Graduate,No,825000.0,0.0,22700.0,144.0,0.0,,1,kaggle_approval
KG716,,3+,Not Graduate,No,325000.0,0.0,14000.0,48.0,1.0,,1,kaggle_approval
KG717,,3+,Graduate,No,566666.6666666666,0.0,21200.0,24.0,0.0,,1,kaggle_approval
KG718,,3+,Not Graduate,No,300000.0,0.0,8700.0,168.0,0.0,,0,kaggle_approval
KG719,,3+,Graduate,No,58333.333333333336,0.0,2600.0,168.0,1.0,,1,kaggle_approval
KG720,,2,Not Graduate,Yes,333333.3333333333,0.0,8500.0,72.0,0.0,,0,kaggle_approval
KG721,,3+,Graduate,No,150000.0,0.0,4100.0,144.0,1.0,,1,kaggle_approval
KG722,,3+,Not Graduate,No,466666.6666666667,0.0,21000.0,144.0,1.0,,1,kaggle_approval
KG723,,3+,Not Graduate,No,566666.6666666666,0.0,24200.0,216.0,0.0,,0,kaggle_approval
KG724,,3+,Not Graduate,Yes,50000.0,0.0,1500.0,24.0,0.0,,0,kaggle_approval
KG725,,1,Not Graduate,No,350000.0,0.0,16200.0,168.0,0.0,,0,kaggle_approval
KG726,,3+,Not Graduate,No,416666.6666666667,0.0,18700.0,120.0,1.0,,1,kaggle_approval
KG727,,1,Not Graduate,No,341666.6666666667,0.0,12200.0,72.0,0.0,,0,kaggle_approval
KG728,,3+,Not Graduate,Yes,183333.33333333334,0.0,8800.0,24.0,1.0,,1,kaggle_approval
KG729,,1,Not Graduate,No,283333.3333333333,0.0,8600.0,192.0,0.0,,0,kaggle_approval
KG730,,0,Graduate,No,591666.6666666666,0.0,15900.0,168.0,1.0,,1,kaggle_approval
KG731,,3+,Graduate,No,483333.3333333333,0.0,19600.0,192.0,0.0,,0,kaggle_approval
KG732,,2,Graduate,No,283333.3333333333,0.0,12900.0,168.0,1.0,,1,kaggle_approval
KG733,,2,Not Graduate,No,641666.6666666666,0.0,18300.0,240.0,0.0,,0,kaggle_approval
KG734,,0,Graduate,No,41666.666666666664,0.0,1200.0,168.0,0.0,,1,kaggle_approval
KG735,,2,Graduate,Yes,441666.6666666667,0.0,11000.0,168.0,0.0,,0,kaggle_approval
KG736,,0,Graduate,No,391666.6666666667,0.0,14400.0,168.0,1.0,,1,kaggle_approval
KG737,,2,Graduate,Yes,358333.3333333333,0.0,12200.0,168.0,1.0,,1,kaggle_approval
KG738,,2,Graduate,Yes,75000.0,0.0,2500.0,192.0,0.0,,0,kaggle_approval
KG739,,3+,Graduate,No,166666.66666666666,0.0,7500.0,168.0,1.0,,1,kaggle_approval
KG740,,2,Graduate,Yes,166666.66666666666,0.0,7600.0,192.0,0.0,,0,kaggle_approval
KG741,,3+,Not Graduate,No,341666.6666666667,0.0,15900.0,144.0,0.0,,0,kaggle_approval
KG742,,1,Not Graduate,No,575000.0,0.0,14400.0,120.0,1.0,,1,kaggle_approval
KG743,,3+,Graduate,Yes,191666.66666666666,0.0,6100.0,72.0,0.0,,0,kaggle_approval
KG744,,3+,Graduate,Yes,483333.3333333333,0.0,16600.0,216.0,0.0,,0,kaggle_approval
KG745,,3+,Not Graduate,No,666666.6666666666,0.0,30000.0,168.0,0.0,,0,kaggle_approval
KG746,,3+,Not Graduate,Yes,308333.3333333333,0.0,12700.0,216.0,0.0,,1,kaggle_approval
KG747,,0,Not Graduate,No,216666.66666666666,0.0,8400.0,216.0,1.0,,1,kaggle_approval
KG748,,0,Not Graduate,No,250000.0,0.0,7000.0,144.0,0.0,,0,kaggle_approval
KG749,,3+,Graduate,No,225000.0,0.0,10200.0,48.0,0.0,,1,kaggle_approval
KG750,,3+,Not Graduate,No,475000.0,0.0,19600.0,96.0,1.0,,1,kaggle_approval
KG751,,2,Graduate,No,125000.0,0.0,3600.0,48.0,0.0,,1,kaggle_approval
KG752,,3+,Not Graduate,No,566666.6666666666,0.0,20000.0,48.0,0.0,,0,kaggle_approval
KG753,,1,Graduate,Yes,675000.0,0.0,31700.0,120.0,1.0,,1,kaggle_approval
KG754,,3+,Not Graduate,Yes,766666.6666666666,0.0,27700.0,240.0,1.0,,1,kaggle_approval
KG755,,1,Not Graduate,Yes,633333.3333333334,0.0,26000.0,72.0,0.0,,0,kaggle_approval
KG756,,3+,Graduate,No,50000.0,0.0,1600.0,240.0,1.0,,1,kaggle_approval
KG757,,1,Not Graduate,Yes,391666.6666666667,0.0,18700.0,240.0,0.0,,0,kaggle_approval
KG758,,0,Graduate,No,116666.66666666667,0.0,5500.0,72.0,0.0,,0,kaggle_approval
KG759,,3+,Graduate,Yes,783333.3333333334,0.0,24600.0,120.0,0.0,,0,kaggle_approval
KG760,,2,Graduate,No,808333.3333333334,0.0,19900.0,192.0,0.0,,0,kaggle_approval
KG761,,3+,Not Graduate,Yes,741666.6666666666,0.0,21000.0,168.0,1.0,,1,kaggle_approval
KG762,,3+,Graduate,No,383333.3333333333,0.0,10500.0,96.0,1.0,,1,kaggle_approval
KG763,,3+,Not Graduate,Yes,466666.6666666667,0.0,14500.0,120.0,0.0,,0,kaggle_approval
KG764,,0,Graduate,Yes,83333.33333333333,0.0,3200.0,120.0,1.0,,1,kaggle_approval
KG765,,3+,Graduate,No,291666.6666666667,0.0,10300.0,192.0,0.0,,0,kaggle_approval
KG766,,0,Not Graduate,No,658333.3333333334,0.0,31500.0,168.0,1.0,,1,kaggle_approval
KG767,,3+,Graduate,Yes,508333.3333333333,0.0,24200.0,144.0,1.0,,1,kaggle_approval
KG768,,3+,Not Graduate,Yes,741666.6666666666,0.0,20900.0,72.0,1.0,,1,kaggle_approval
KG769,,3+,Graduate,No,441666.6666666667,0.0,15400.0,96.0,0.0,,1,kaggle_approval
KG770,,3+,Not Graduate,No,108333.33333333333,0.0,4800.0,48.0,0.0,,1,kaggle_approval
KG771,,3+,Graduate,No,333333.3333333333,0.0,12800.0,216.0,1.0,,1,kaggle_approval
KG772,,2,Not Graduate,No,725000.0,0.0,22700.0,48.0,0.0,,0,kaggle_approval
KG773,,1,Not Graduate,No,791666.6666666666,0.0,20000.0,192.0,1.0,,1,kaggle_approval
KG774,,3+,Graduate,Yes,750000.0,0.0,20000.0,24.0,0.0,,0,kaggle_approval
KG775,,0,Graduate,Yes,608333.3333333334,0.0,23300.0,24.0,1.0,,1,kaggle_approval
KG776,,3+,Graduate,Yes,616666.6666666666,0.0,25700.0,24.0,0.0,,1,kaggle_approval
KG777,,3+,Not Graduate,No,258333.33333333334,0.0,10800.0,120.0,1.0,,1,kaggle_approval
KG778,,2,Graduate,No,358333.3333333333,0.0,9400.0,24.0,0.0,,0,kaggle_approval
KG779,,1,Graduate,Yes,200000.0,0.0,8300.0,72.0,1.0,,1,kaggle_approval
KG780,,1,Graduate,No,450000.0,0.0,17900.0,168.0,1.0,,1,kaggle_approval
KG781,,2,Not Graduate,No,133333.33333333334,0.0,5100.0,72.0,1.0,,1,kaggle_approval
KG782,,3+,Not Graduate,Yes,825000.0,0.0,20400.0,48.0,1.0,,1,kaggle_approval
KG783,,3+,Not Graduate,No,483333.3333333333,0.0,20100.0,216.0,1.0,,1,kaggle_approval
KG784,,3+,Not Graduate,No,183333.33333333334,0.0,8500.0,192.0,1.0,,1,kaggle_approval
KG785,,0,Graduate,No,416666.6666666667,0.0,14400.0,24.0,1.0,,1,kaggle_approval
KG786,,2,Not Graduate,Yes,50000.0,0.0,2100.0,216.0,0.0,,1,kaggle_approval
KG787,,3+,Graduate,No,183333.33333333334,0.0,8600.0,72.0,1.0,,1,kaggle_approval
KG788,,1,Graduate,Yes,216666.66666666666,0.0,5500.0,168.0,1.0,,1,kaggle_approval
KG789,,3+,Not Graduate,No,100000.0,0.0,4300.0,96.0,0.0,,1,kaggle_approval
KG790,,2,Graduate,No,258333.33333333334,0.0,8700.0,216.0,0.0,,0,kaggle_approval
KG791,,3+,Not Graduate,Yes,383333.3333333333,0.0,14500.0,168.0,0.0,,1,kaggle_approval
KG792,,3+,Graduate,Yes,775000.0,0.0,35500.0,72.0,0.0,,0,kaggle_approval
KG793,,3+,Graduate,No,525000.0,0.0,13400.0,24.0,0.0,,0,kaggle_approval
KG794,,2,Not Graduate,No,491666.6666666667,0.0,20800.0,168.0,0.0,,0,kaggle_approval
KG795,,2,Graduate,Yes,241666.66666666666,0.0,10600.0,72.0,1.0,,1,kaggle_approval
KG796,,3+,Not Graduate,No,508333.3333333333,0.0,22400.0,216.0,0.0,,0,kaggle_approval
KG797,,3+,Graduate,Yes,491666.6666666667,0.0,19700.0,120.0,0.0,,0,kaggle_approval
KG798,,1,Not Graduate,Yes,383333.3333333333,0.0,18400.0,120.0,0.0,,0,kaggle_approval
KG799,,2,Not Graduate,No,583333.3333333334,0.0,20200.0,96.0,1.0,,1,kaggle_approval
KG800,,3+,Not Graduate,Yes,425000.0,0.0,10400.0,216.0,0.0,,0,kaggle_approval
KG801,,1,Graduate,No,258333.33333333334,0.0,10600.0,168.0,1.0,,1,kaggle_approval
KG802,,2,Graduate,No,341666.6666666667,0.0,12800.0,192.0,0.0,,0,kaggle_approval
KG803,,0,Graduate,No,150000.0,0.0,5400.0,192.0,0.0,,1,kaggle_approval
KG804,,3+,Not Graduate,Yes,683333.3333333334,0.0,26900.0,240.0,0.0,,0,kaggle_approval
KG805,,2,Not Graduate,Yes,66666.66666666667,0.0,2100.0,72.0,1.0,,1,kaggle_approval
KG806,,2,Graduate,No,700000.0,0.0,23100.0,72.0,1.0,,1,kaggle_approval
KG807,,0,Not Graduate,No,708333.3333333334,0.0,33900.0,48.0,1.0,,1,kaggle_approval
KG808,,3+,Not Graduate,Yes,275000.0,0.0,12700.0,192.0,1.0,,1,kaggle_approval
KG809,,3+,Not Graduate,No,483333.3333333333,0.0,12800.0,240.0,0.0,,0,kaggle_approval
KG810,,3+,Not Graduate,No,366666.6666666667,0.0,10500.0,216.0,1.0,,1,kaggle_approval
KG811,,1,Not Graduate,No,216666.66666666666,0.0,8500.0,24.0,0.0,,1,kaggle_approval
KG812,,2,Not Graduate,Yes,800000.0,0.0,28100.0,240.0,1.0,,1,kaggle_approval
KG813,,3+,Not Graduate,Yes,433333.3333333333,0.0,18100.0,96.0,1.0,,1,kaggle_approval
KG814,,3+,Not Graduate,Yes,808333.3333333334,0.0,36400.0,192.0,0.0,,0,kaggle_approval
KG815,,1,Graduate,Yes,16666.666666666668,0.0,800.0,168.0,1.0,,1,kaggle_approval
KG816,,3+,Graduate,No,541666.6666666666,0.0,16800.0,120.0,0.0,,0,kaggle_approval
KG817,,3+,Graduate,Yes,600000.0,0.0,23100.0,168.0,1.0,,1,kaggle_approval
KG818,,0,Not Graduate,No,433333.3333333333,0.0,18400.0,168.0,1.0,,1,kaggle_approval
KG819,,2,Not Graduate,No,541666.6666666666,0.0,14100.0,24.0,1.0,,1,kaggle_approval
KG820,,3+,Graduate,Yes,191666.66666666666,0.0,5600.0,96.0,1.0,,1,kaggle_approval
KG821,,0,Not Graduate,Yes,275000.0,0.0,10400.0,48.0,0.0,,1,kaggle_approval
KG822,,0,Not Graduate,Yes,166666.66666666666,0.0,5900.0,144.0,1.0,,1,kaggle_approval
KG823,,2,Graduate,Yes,691666.6666666666,0.0,19500.0,48.0,0.0,,0,kaggle_approval
KG824,,3+,Graduate,Yes,316666.6666666667,0.0,14300.0,48.0,1.0,,1,kaggle_approval
KG825,,0,Not Graduate,No,475000.0,0.0,15600.0,192.0,1.0,,1,kaggle_approval
KG826,,3+,Not Graduate,No,608333.3333333334,0.0,19800.0,96.0,1.0,,1,kaggle_approval
KG827,,1,Graduate,No,133333.33333333334,0.0,5400.0,144.0,1.0,,1,kaggle_approval
KG828,,3+,Not Graduate,Yes,66666.66666666667,0.0,2500.0,48.0,1.0,,1,kaggle_approval
KG829,,3+,Not Graduate,No,525000.0,0.0,21900.0,120.0,0.0,,0,kaggle_approval
KG830,,2,Graduate,No,733333.3333333334,0.0,17700.0,168.0,1.0,,1,kaggle_approval
KG831,,0,Graduate,No,608333.3333333334,0.0,14500.0,192.0,1.0,,1,kaggle_approval
KG832,,2,Graduate,Yes,316666.6666666667,0.0,9100.0,168.0,1.0,,1,kaggle_approval
KG833,,3+,Graduate,No,516666.6666666667,0.0,16700.0,120.0,1.0,,1,kaggle_approval
KG834,,3+,Not Graduate,Yes,291666.6666666667,0.0,9500.0,48.0,1.0,,1,kaggle_approval
KG835,,3+,Graduate,Yes,116666.66666666667,0.0,5000.0,24.0,0.0,,1,kaggle_approval
KG836,,3+,Not Graduate,Yes,291666.6666666667,0.0,12000.0,24.0,1.0,,1,kaggle_approval
KG837,,1,Graduate,Yes,50000.0,0.0,2000.0,120.0,0.0,,0,kaggle_approval
KG838,,0,Not Graduate,No,341666.6666666667,0.0,10800.0,192.0,0.0,,0,kaggle_approval
KG839,,2,Not Graduate,Yes,450000.0,0.0,11500.0,72.0,1.0,,1,kaggle_approval
KG840,,2,Not Graduate,Yes,166666.66666666666,0.0,6700.0,168.0,1.0,,1,kaggle_approval
KG841,,3+,Graduate,Yes,291666.6666666667,0.0,8900.0,48.0,0.0,,0,kaggle_approval
KG842,,0,Graduate,Yes,691666.6666666666,0.0,30000.0,48.0,1.0,,1,kaggle_approval
KG843,,0,Graduate,Yes,558333.3333333334,0.0,15600.0,192.0,1.0,,1,kaggle_approval
KG844,,0,Not Graduate,No,158333.33333333334,0.0,6500.0,120.0,0.0,,0,kaggle_approval
KG845,,2,Graduate,Yes,541666.6666666666,0.0,20900.0,168.0,0.0,,0,kaggle_approval
KG846,,1,Graduate,Yes,50000.0,0.0,1800.0,96.0,1.0,,1,kaggle_approval
KG847,,3+,Graduate,No,583333.3333333334,0.0,23000.0,216.0,1.0,,1,kaggle_approval
KG848,,2,Graduate,No,641666.6666666666,0.0,15400.0,216.0,0.0,,0,kaggle_approval
KG849,,1,Graduate,No,216666.66666666666,0.0,6600.0,72.0,0.0,,0,kaggle_approval
KG850,,1,Graduate,No,766666.6666666666,0.0,18800.0,24.0,0.0,,0,kaggle_approval
KG851,,2,Graduate,Yes,150000.0,0.0,4200.0,96.0,1.0,,1,kaggle_approval
KG852,,1,Not Graduate,No,408333.3333333333,0.0,18500.0,48.0,1.0,,1,kaggle_approval
KG853,,1,Graduate,No,475000.0,0.0,12400.0,168.0,0.0,,0,kaggle_approval
KG854,,3+,Not Graduate,No,25000.0,0.0,800.0,24.0,0.0,,0,kaggle_approval
KG855,,3+,Graduate,Yes,141666.66666666666,0.0,3400.0,72.0,0.0,,0,kaggle_approval
KG856,,3+,Graduate,No,583333.3333333334,0.0,18900.0,72.0,0.0,,0,kaggle_approval
KG857,,1,Not Graduate,No,183333.33333333334,0.0,7000.0,216.0,0.0,,0,kaggle_approval
KG858,,2,Not Graduate,No,566666.6666666666,0.0,18700.0,96.0,1.0,,1,kaggle_approval
KG859,,1,Not Graduate,Yes,200000.0,0.0,6200.0,144.0,0.0,,0,kaggle_approval
KG860,,0,Not Graduate,Yes,50000.0,0.0,1800.0,144.0,0.0,,0,kaggle_approval
KG861,,3+,Graduate,No,516666.6666666667,0.0,17300.0,72.0,1.0,,1,kaggle_approval
KG862,,1,Not Graduate,No,633333.3333333334,0.0,24600.0,144.0,1.0,,1,kaggle_approval
KG863,,2,Not Graduate,No,400000.0,0.0,10600.0,96.0,0.0,,1,kaggle_approval
KG864,,3+,Graduate,No,350000.0,0.0,9200.0,144.0,1.0,,1,kaggle_approval
KG865,,0,Not Graduate,Yes,600000.0,0.0,20700.0,120.0,1.0,,1,kaggle_approval
KG866,,3+,Not Graduate,Yes,533333.3333333334,0.0,20300.0,192.0,0.0,,0,kaggle_approval
KG867,,0,Not Graduate,Yes,741666.6666666666,0.0,23000.0,144.0,1.0,,1,kaggle_approval
KG868,,3+,Not Graduate,No,425000.0,0.0,14500.0,144.0,0.0,,0,kaggle_approval
KG869,,2,Graduate,Yes,525000.0,0.0,19500.0,216.0,0.0,,0,kaggle_approval
KG870,,3+,Graduate,No,550000.0,0.0,22100.0,48.0,0.0,,1,kaggle_approval
KG871,,1,Not Graduate,Yes,400000.0,0.0,14700.0,24.0,0.0,,1,kaggle_approval
KG872,,0,Graduate,No,16666.666666666668,0.0,400.0,48.0,0.0,,1,kaggle_approval
KG873,,0,Not Graduate,Yes,625000.0,0.0,25800.0,216.0,1.0,,1,kaggle_approval
KG874,,3+,Graduate,No,750000.0,0.0,34700.0,48.0,1.0,,1,kaggle_approval
KG875,,2,Graduate,No,450000.0,0.0,12500.0,48.0,1.0,,1,kaggle_approval
KG876,,1,Not Graduate,Yes,141666.66666666666,0.0,4500.0,240.0,0.0,,0,kaggle_approval
KG877,,3+,Graduate,No,358333.3333333333,0.0,11500.0,240.0,0.0,,0,kaggle_approval
KG878,,1,Graduate,No,433333.3333333333,0.0,11200.0,72.0,1.0,,1,kaggle_approval
KG879,,3+,Not Graduate,No,366666.6666666667,0.0,17000.0,216.0,0.0,,0,kaggle_approval
KG880,,1,Not Graduate,Yes,325000.0,0.0,7800.0,168.0,0.0,,0,kaggle_approval
KG881,,0,Graduate,No,91666.66666666667,0.0,3300.0,120.0,0.0,,0,kaggle_approval
KG882,,2,Graduate,No,208333.33333333334,0.0,8200.0,120.0,0.0,,0,kaggle_approval
KG883,,3+,Graduate,No,41666.666666666664,0.0,1300.0,96.0,0.0,,0,kaggle_approval
KG884,,0,Graduate,Yes,750000.0,0.0,32400.0,120.0,1.0,,1,kaggle_approval
KG885,,1,Not Graduate,Yes,425000.0,0.0,20300.0,216.0,1.0,,1,kaggle_approval
KG886,,2,Graduate,No,433333.3333333333,0.0,13500.0,24.0,1.0,,1,kaggle_approval
KG887,,3+,Not Graduate,Yes,366666.6666666667,0.0,8900.0,48.0,1.0,,1,kaggle_approval
KG888,,1,Graduate,No,158333.33333333334,0.0,4200.0,144.0,1.0,,1,kaggle_approval
KG889,,3+,Not Graduate,Yes,766666.6666666666,0.0,26500.0,72.0,1.0,,1,kaggle_approval
KG890,,2,Not Graduate,Yes,400000.0,0.0,16500.0,120.0,0.0,,0,kaggle_approval
KG891,,3+,Not Graduate,No,408333.3333333333,0.0,10700.0,240.0,0.0,,0,kaggle_approval
KG892,,3+,Graduate,Yes,400000.0,0.0,10100.0,48.0,0.0,,0,kaggle_approval
KG893,,3+,Graduate,No,775000.0,0.0,24900.0,168.0,0.0,,0,kaggle_approval
KG894,,3+,Not Graduate,Yes,625000.0,0.0,24600.0,96.0,1.0,,1,kaggle_approval
KG895,,1,Graduate,No,491666.6666666667,0.0,16800.0,48.0,1.0,,1,kaggle_approval
KG896,,0,Graduate,No,783333.3333333334,0.0,27900.0,72.0,0.0,,0,kaggle_approval
KG897,,3+,Graduate,No,441666.6666666667,0.0,13400.0,96.0,1.0,,1,kaggle_approval
KG898,,3+,Graduate,No,308333.3333333333,0.0,9000.0,216.0,1.0,,1,kaggle_approval
KG899,,0,Graduate,Yes,208333.33333333334,0.0,5800.0,216.0,0.0,,0,kaggle_approval
KG900,,3+,Not Graduate,No,233333.33333333334,0.0,10800.0,24.0,1.0,,1,kaggle_approval
KG901,,0,Graduate,Yes,450000.0,0.0,21400.0,96.0,1.0,,1,kaggle_approval
KG902,,3+,Graduate,No,258333.33333333334,0.0,9400.0,120.0,0.0,,0,kaggle_approval
KG903,,3+,Not Graduate,No,400000.0,0.0,15500.0,120.0,1.0,,1,kaggle_approval
KG904,,1,Not Graduate,No,733333.3333333334,0.0,17500.0,240.0,1.0,,1,kaggle_approval
KG905,,2,Graduate,No,341666.6666666667,0.0,14900.0,144.0,0.0,,1,kaggle_approval
KG906,,3+,Not Graduate,No,808333.3333333334,0.0,37000.0,168.0,0.0,,0,kaggle_approval
KG907,,2,Graduate,Yes,533333.3333333334,0.0,24100.0,72.0,0.0,,1,kaggle_approval
KG908,,3+,Graduate,No,283333.3333333333,0.0,13100.0,240.0,0.0,,0,kaggle_approval
KG909,,3+,Not Graduate,No,291666.6666666667,0.0,10200.0,144.0,0.0,,0,kaggle_approval
KG910,,3+,Not Graduate,No,266666.6666666667,0.0,10000.0,216.0,0.0,,0,kaggle_approval
KG911,,2,Graduate,Yes,408333.3333333333,0.0,13100.0,216.0,1.0,,1,kaggle_approval
KG912,,0,Graduate,Yes,108333.33333333333,0.0,4800.0,48.0,1.0,,0,kaggle_approval
KG913,,3+,Graduate,No,208333.33333333334,0.0,5400.0,120.0,0.0,,1,kaggle_approval
KG914,,0,Graduate,No,625000.0,0.0,27300.0,240.0,0.0,,1,kaggle_approval
KG915,,2,Graduate,No,58333.333333333336,0.0,2000.0,96.0,1.0,,1,kaggle_approval
KG916,,3+,Graduate,Yes,683333.3333333334,0.0,28500.0,24.0,0.0,,1,kaggle_approval
KG917,,1,Not Graduate,No,575000.0,0.0,26200.0,48.0,0.0,,1,kaggle_approval
KG918,,1,Not Graduate,Yes,125000.0,0.0,5900.0,192.0,0.0,,0,kaggle_approval
KG919,,3+,Graduate,No,525000.0,0.0,18300.0,216.0,0.0,,0,kaggle_approval
KG920,,0,Not Graduate,Yes,733333.3333333334,0.0,25600.0,120.0,1.0,,1,kaggle_approval
KG921,,3+,Graduate,Yes,741666.6666666666,0.0,20700.0,72.0,1.0,,1,kaggle_approval
KG922,,3+,Not Graduate,Yes,175000.0,0.0,6100.0,96.0,0.0,,0,kaggle_approval
KG923,,1,Graduate,Yes,766666.6666666666,0.0,29200.0,72.0,1.0,,1,kaggle_approval
KG924,,2,Not Graduate,No,300000.0,0.0,8000.0,144.0,0.0,,1,kaggle_approval
KG925,,0,Not Graduate,Yes,716666.6666666666,0.0,23600.0,24.0,0.0,,0,kaggle_approval
KG926,,3+,Graduate,No,250000.0,0.0,8000.0,72.0,0.0,,0,kaggle_approval
KG927,,3+,Not Graduate,Yes,433333.3333333333,0.0,16300.0,96.0,0.0,,0,kaggle_approval
KG928,,3+,Graduate,Yes,600000.0,0.0,20400.0,120.0,0.0,,1,kaggle_approval
KG929,,1,Not Graduate,Yes,333333.3333333333,0.0,15600.0,144.0,0.0,,0,kaggle_approval
KG930,,1,Not Graduate,No,200000.0,0.0,5200.0,24.0,0.0,,0,kaggle_approval
KG931,,2,Not Graduate,Yes,458333.3333333333,0.0,18400.0,120.0,0.0,,0,kaggle_approval
KG932,,0,Not Graduate,Yes,750000.0,0.0,24300.0,120.0,0.0,,1,kaggle_approval
KG933,,0,Not Graduate,Yes,658333.3333333334,0.0,24000.0,240.0,1.0,,1,kaggle_approval
KG934,,2,Not Graduate,Yes,516666.6666666667,0.0,21600.0,240.0,1.0,,1,kaggle_approval
KG935,,3+,Graduate,Yes,658333.3333333334,0.0,29200.0,48.0,0.0,,1,kaggle_approval
KG936,,3+,Not Graduate,No,100000.0,0.0,4500.0,72.0,1.0,,1,kaggle_approval
KG937,,1,Graduate,No,391666.6666666667,0.0,11700.0,72.0,0.0,,0,kaggle_approval
KG938,,3+,Graduate,Yes,491666.6666666667,0.0,15600.0,24.0,1.0,,1,kaggle_approval
KG939,,3+,Not Graduate,Yes,116666.66666666667,0.0,5100.0,168.0,0.0,,0,kaggle_approval
KG940,,3+,Not Graduate,Yes,391666.6666666667,0.0,12800.0,192.0,1.0,,1,kaggle_approval
KG941,,3+,Graduate,Yes,633333.3333333334,0.0,20000.0,120.0,0.0,,0,kaggle_approval
KG942,,3+,Graduate,No,600000.0,0.0,16900.0,48.0,1.0,,1,kaggle_approval
KG943,,3+,Not Graduate,Yes,116666.66666666667,0.0,4300.0,192.0,0.0,,0,kaggle_approval
KG944,,3+,Graduate,No,116666.66666666667,0.0,2900.0,48.0,1.0,,1,kaggle_approval
KG945,,2,Graduate,No,658333.3333333334,0.0,18500.0,216.0,1.0,,1,kaggle_approval
KG946,,3+,Not Graduate,Yes,633333.3333333334,0.0,18700.0,168.0,0.0,,0,kaggle_approval
KG947,,3+,Graduate,Yes,800000.0,0.0,34200.0,24.0,1.0,,1,kaggle_approval
KG948,,1,Not Graduate,No,191666.66666666666,0.0,6600.0,216.0,0.0,,0,kaggle_approval
KG949,,2,Not Graduate,No,675000.0,0.0,18500.0,72.0,0.0,,0,kaggle_approval
KG950,,2,Graduate,Yes,25000.0,0.0,700.0,48.0,0.0,,0,kaggle_approval
KG951,,3+,Graduate,No,391666.6666666667,0.0,10800.0,240.0,0.0,,0,kaggle_approval
KG952,,3+,Not Graduate,No,91666.66666666667,0.0,2500.0,48.0,1.0,,1,kaggle_approval
KG953,,3+,Not Graduate,No,716666.6666666666,0.0,25100.0,72.0,1.0,,1,kaggle_approval
KG954,,3+,Graduate,Yes,725000.0,0.0,28100.0,120.0,1.0,,1,kaggle_approval
KG955,,0,Not Graduate,No,183333.33333333334,0.0,8600.0,48.0,0.0,,1,kaggle_approval
KG956,,1,Not Graduate,Yes,41666.666666666664,0.0,1400.0,120.0,1.0,,1,kaggle_approval
KG957,,0,Not Graduate,Yes,758333.3333333334,0.0,22000.0,144.0,0.0,,0,kaggle_approval
KG958,,1,Graduate,No,183333.33333333334,0.0,8700.0,144.0,1.0,,1,kaggle_approval
KG959,,0,Not Graduate,Yes,183333.33333333334,0.0,8000.0,168.0,0.0,,0,kaggle_approval
KG960,,1,Graduate,Yes,800000.0,0.0,34500.0,24.0,1.0,,1,kaggle_approval
KG961,,1,Graduate,Yes,541666.6666666666,0.0,13900.0,96.0,0.0,,0,kaggle_approval
KG962,,3+,Graduate,Yes,200000.0,0.0,7400.0,216.0,1.0,,1,kaggle_approval
KG963,,3+,Not Graduate,No,458333.3333333333,0.0,12300.0,72.0,1.0,,1,kaggle_approval
KG964,,0,Graduate,No,416666.6666666667,0.0,14400.0,48.0,1.0,,1,kaggle_approval
KG965,,1,Graduate,No,225000.0,0.0,8100.0,192.0,1.0,,1,kaggle_approval
KG966,,3+,Not Graduate,Yes,708333.3333333334,0.0,30300.0,144.0,1.0,,1,kaggle_approval
KG967,,1,Graduate,No,366666.6666666667,0.0,10700.0,216.0,0.0,,0,kaggle_approval
KG968,,3+,Not Graduate,No,41666.666666666664,0.0,1800.0,240.0,1.0,,1,kaggle_approval
KG969,,0,Graduate,No,691666.6666666666,0.0,21400.0,24.0,1.0,,1,kaggle_approval
KG970,,2,Not Graduate,Yes,500000.0,0.0,13000.0,144.0,0.0,,0,kaggle_approval
KG971,,3+,Not Graduate,Yes,333333.3333333333,0.0,10400.0,168.0,1.0,,1,kaggle_approval
KG972,,3+,Graduate,Yes,366666.6666666667,0.0,11700.0,240.0,0.0,,1,kaggle_approval
KG973,,3+,Graduate,Yes,366666.6666666667,0.0,15800.0,216.0,1.0,,1,kaggle_approval
KG974,,2,Graduate,Yes,158333.33333333334,0.0,5000.0,168.0,1.0,,1,kaggle_approval
KG975,,0,Graduate,Yes,416666.6666666667,0.0,18400.0,144.0,1.0,,1,kaggle_approval
KG976,,0,Graduate,No,666666.6666666666,0.0,23700.0,120.0,0.0,,0,kaggle_approval
KG977,,3+,Not Graduate,No,683333.3333333334,0.0,20700.0,120.0,0.0,,0,kaggle_approval
KG978,,2,Graduate,No,583333.3333333334,0.0,24200.0,96.0,1.0,,1,kaggle_approval
KG979,,2,Not Graduate,No,200000.0,0.0,8800.0,216.0,0.0,,0,kaggle_approval
KG980,,3+,Graduate,No,550000.0,0.0,18800.0,48.0,1.0,,1,kaggle_approval
KG981,,3+,Graduate,No,266666.6666666667,0.0,6900.0,240.0,1.0,,1,kaggle_approval
KG982,,0,Not Graduate,Yes,216666.66666666666,0.0,5400.0,24.0,0.0,,0,kaggle_approval
KG983,,3+,Not Graduate,No,575000.0,0.0,15600.0,240.0,0.0,,0,kaggle_approval
KG984,,3+,Graduate,No,400000.0,0.0,14000.0,24.0,1.0,,1,kaggle_approval
KG985,,1,Not Graduate,Yes,25000.0,0.0,1200.0,48.0,0.0,,1,kaggle_approval
KG986,,1,Not Graduate,Yes,358333.3333333333,0.0,14100.0,144.0,0.0,,0,kaggle_approval
KG987,,3+,Not Graduate,No,58333.333333333336,0.0,2400.0,240.0,0.0,,0,kaggle_approval
KG988,,3+,Graduate,No,783333.3333333334,0.0,25800.0,168.0,1.0,,1,kaggle_approval
KG989,,3+,Not Graduate,Yes,66666.66666666667,0.0,2900.0,120.0,1.0,,1,kaggle_approval
KG990,,3+,Not Graduate,No,366666.6666666667,0.0,14900.0,48.0,1.0,,1,kaggle_approval
KG991,,1,Graduate,Yes,391666.6666666667,0.0,14800.0,72.0,1.0,,1,kaggle_approval
KG992,,2,Not Graduate,No,191666.66666666666,0.0,5000.0,96.0,1.0,,1,kaggle_approval
KG993,,3+,Graduate,Yes,708333.3333333334,0.0,26700.0,120.0,1.0,,1,kaggle_approval
KG994,,2,Graduate,No,633333.3333333334,0.0,28300.0,144.0,1.0,,1,kaggle_approval
KG995,,2,Graduate,No,266666.6666666667,0.0,12600.0,216.0,1.0,,1,kaggle_approval
KG996,,3+,Not Graduate,No,200000.0,0.0,5000.0,48.0,1.0,,1,kaggle_approval
KG997,,0,Graduate,Yes,41666.666666666664,0.0,1100.0,216.0,0.0,,0,kaggle_approval
KG998,,3+,Not Graduate,Yes,708333.3333333334,0.0,28300.0,24.0,1.0,,1,kaggle_approval
KG999,,0,Graduate,Yes,741666.6666666666,0.0,20900.0,216.0,0.0,,1,kaggle_approval
KG1000,,0,Graduate,No,233333.33333333334,0.0,5600.0,96.0,1.0,,1,kaggle_approval
KG1001,,3+,Not Graduate,Yes,241666.66666666666,0.0,7000.0,48.0,1.0,,1,kaggle_approval
KG1002,,1,Graduate,Yes,408333.3333333333,0.0,17700.0,96.0,1.0,,1,kaggle_approval
KG1003,,3+,Not Graduate,No,800000.0,0.0,20700.0,168.0,0.0,,0,kaggle_approval
KG1004,,3+,Graduate,Yes,275000.0,0.0,9800.0,72.0,0.0,,0,kaggle_approval
KG1005,,3+,Not Graduate,No,233333.33333333334,0.0,5900.0,48.0,0.0,,0,kaggle_approval
KG1006,,2,Graduate,No,650000.0,0.0,22200.0,120.0,1.0,,1,kaggle_approval
KG1007,,3+,Graduate,Yes,208333.33333333334,0.0,8400.0,144.0,1.0,,1,kaggle_approval
KG1008,,0,Graduate,No,366666.6666666667,0.0,10600.0,240.0,1.0,,1,kaggle_approval
KG1009,,0,Not Graduate,No,658333.3333333334,0.0,30800.0,48.0,1.0,,1,kaggle_approval
KG1010,,1,Graduate,No,741666.6666666666,0.0,22600.0,216.0,1.0,,1,kaggle_approval
KG1011,,0,Graduate,No,466666.6666666667,0.0,13400.0,24.0,0.0,,0,kaggle_approval
KG1012,,1,Not Graduate,No,116666.66666666667,0.0,3300.0,96.0,0.0,,0,kaggle_approval
KG1013,,3+,Graduate,Yes,41666.666666666664,0.0,1400.0,48.0,0.0,,0,kaggle_approval
KG1014,,1,Graduate,Yes,425000.0,0.0,15300.0,48.0,1.0,,1,kaggle_approval
KG1015,,3+,Graduate,No,816666.6666666666,0.0,25600.0,120.0,0.0,,0,kaggle_approval
KG1016,,2,Graduate,Yes,716666.6666666666,0.0,21600.0,192.0,1.0,,1,kaggle_approval
KG1017,,3+,Not Graduate,No,133333.33333333334,0.0,3900.0,240.0,1.0,,1,kaggle_approval
KG1018,,1,Not Graduate,Yes,208333.33333333334,0.0,6700.0,24.0,0.0,,0,kaggle_approval
KG1019,,0,Graduate,No,791666.6666666666,0.0,22600.0,72.0,1.0,,1,kaggle_approval
KG1020,,2,Not Graduate,Yes,250000.0,0.0,7800.0,168.0,0.0,,1,kaggle_approval
KG1021,,0,Not Graduate,No,425000.0,0.0,13600.0,216.0,0.0,,0,kaggle_approval
KG1022,,2,Not Graduate,Yes,633333.3333333334,0.0,23600.0,72.0,0.0,,0,kaggle_approval
KG1023,,3+,Graduate,No,733333.3333333334,0.0,18800.0,168.0,1.0,,1,kaggle_approval
KG1024,,3+,Not Graduate,Yes,91666.66666666667,0.0,2900.0,48.0,0.0,,1,kaggle_approval
KG1025,,3+,Graduate,No,725000.0,0.0,30500.0,24.0,0.0,,1,kaggle_approval
KG1026,,3+,Not Graduate,No,508333.3333333333,0.0,23600.0,48.0,1.0,,1,kaggle_approval
KG1027,,2,Not Graduate,Yes,158333.33333333334,0.0,7000.0,168.0,1.0,,1,kaggle_approval
KG1028,,1,Not Graduate,No,825000.0,0.0,38700.0,72.0,1.0,,1,kaggle_approval
KG1029,,0,Graduate,No,483333.3333333333,0.0,21100.0,72.0,0.0,,0,kaggle_approval
KG1030,,2,Not Graduate,Yes,791666.6666666666,0.0,37000.0,96.0,1.0,,1,kaggle_approval
KG1031,,3+,Graduate,Yes,658333.3333333334,0.0,26600.0,144.0,0.0,,0,kaggle_approval
KG1032,,1,Not Graduate,Yes,108333.33333333333,0.0,4500.0,168.0,1.0,,1,kaggle_approval
KG1033,,3+,Graduate,Yes,58333.333333333336,0.0,2600.0,216.0,0.0,,0,kaggle_approval
KG1034,,3+,Graduate,No,50000.0,0.0,1200.0,24.0,1.0,,1,kaggle_approval
KG1035,,0,Graduate,No,783333.3333333334,0.0,33000.0,48.0,1.0,,1,kaggle_approval
KG1036,,2,Not Graduate,Yes,316666.6666666667,0.0,12500.0,168.0,1.0,,1,kaggle_approval
KG1037,,3+,Graduate,Yes,650000.0,0.0,26300.0,240.0,1.0,,1,kaggle_approval
KG1038,,3+,Graduate,Yes,650000.0,0.0,27700.0,72.0,0.0,,0,kaggle_approval
KG1039,,3+,Not Graduate,No,225000.0,0.0,7000.0,48.0,0.0,,0,kaggle_approval
KG1040,,3+,Not Graduate,No,50000.0,0.0,2300.0,48.0,0.0,,0,kaggle_approval
KG1041,,3+,Not Graduate,Yes,666666.6666666666,0.0,28800.0,120.0,0.0,,1,kaggle_approval
KG1042,,0,Not Graduate,Yes,333333.3333333333,0.0,11000.0,96.0,1.0,,1,kaggle_approval
KG1043,,1,Not Graduate,Yes,275000.0,0.0,10800.0,24.0,0.0,,1,kaggle_approval
KG1044,,2,Graduate,No,483333.3333333333,0.0,13300.0,48.0,1.0,,1,kaggle_approval
KG1045,,3+,Graduate,Yes,200000.0,0.0,4800.0,144.0,1.0,,1,kaggle_approval
KG1046,,3+,Not Graduate,No,633333.3333333334,0.0,29700.0,72.0,1.0,,1,kaggle_approval
KG1047,,2,Not Graduate,Yes,208333.33333333334,0.0,6900.0,144.0,0.0,,0,kaggle_approval
KG1048,,2,Graduate,No,275000.0,0.0,11800.0,48.0,0.0,,1,kaggle_approval
KG1049,,3+,Graduate,No,816666.6666666666,0.0,30300.0,24.0,1.0,,1,kaggle_approval
KG1050,,0,Graduate,Yes,83333.33333333333,0.0,3800.0,96.0,0.0,,1,kaggle_approval
KG1051,,0,Not Graduate,Yes,208333.33333333334,0.0,8800.0,168.0,0.0,,0,kaggle_approval
KG1052,,0,Graduate,No,158333.33333333334,0.0,6800.0,48.0,1.0,,1,kaggle_approval
KG1053,,3+,Graduate,No,258333.33333333334,0.0,8500.0,144.0,0.0,,0,kaggle_approval
KG1054,,3+,Graduate,Yes,500000.0,0.0,11900.0,24.0,1.0,,1,kaggle_approval
KG1055,,3+,Not Graduate,No,541666.6666666666,0.0,21600.0,120.0,0.0,,0,kaggle_approval
KG1056,,2,Not Graduate,Yes,491666.6666666667,0.0,15800.0,24.0,0.0,,0,kaggle_approval
KG1057,,3+,Not Graduate,Yes,541666.6666666666,0.0,15800.0,192.0,0.0,,0,kaggle_approval
KG1058,,0,Graduate,Yes,316666.6666666667,0.0,11200.0,240.0,0.0,,0,kaggle_approval
KG1059,,3+,Not Graduate,Yes,250000.0,0.0,11400.0,120.0,0.0,,0,kaggle_approval
KG1060,,0,Graduate,No,358333.3333333333,0.0,16900.0,216.0,0.0,,0,kaggle_approval
KG1061,,3+,Not Graduate,Yes,291666.6666666667,0.0,8300.0,24.0,1.0,,1,kaggle_approval
KG1062,,3+,Not Graduate,No,25000.0,0.0,500.0,24.0,0.0,,0,kaggle_approval
KG1063,,3+,Not Graduate,Yes,50000.0,0.0,1400.0,192.0,0.0,,0,kaggle_approval
KG1064,,0,Graduate,Yes,66666.66666666667,0.0,1700.0,48.0,1.0,,1,kaggle_approval
KG1065,,0,Not Graduate,Yes,466666.6666666667,0.0,19100.0,168.0,1.0,,1,kaggle_approval
KG1066,,2,Not Graduate,Yes,150000.0,0.0,3600.0,48.0,0.0,,0,kaggle_approval
KG1067,,0,Graduate,No,566666.6666666666,0.0,20800.0,240.0,1.0,,1,kaggle_approval
KG1068,,2,Graduate,Yes,350000.0,0.0,16800.0,24.0,0.0,,1,kaggle_approval
KG1069,,1,Not Graduate,Yes,16666.666666666668,0.0,400.0,72.0,1.0,,1,kaggle_approval
KG1070,,2,Graduate,Yes,708333.3333333334,0.0,31800.0,72.0,1.0,,1,kaggle_approval
KG1071,,2,Not Graduate,Yes,233333.33333333334,0.0,10100.0,192.0,0.0,,0,kaggle_approval
KG1072,,0,Graduate,Yes,300000.0,0.0,8600.0,72.0,0.0,,0,kaggle_approval
KG1073,,1,Not Graduate,No,516666.6666666667,0.0,19500.0,240.0,0.0,,0,kaggle_approval
KG1074,,1,Graduate,No,225000.0,0.0,10000.0,24.0,0.0,,1,kaggle_approval
KG1075,,1,Graduate,No,566666.6666666666,0.0,22900.0,48.0,0.0,,1,kaggle_approval
KG1076,,2,Not Graduate,No,525000.0,0.0,24500.0,216.0,1.0,,1,kaggle_approval
KG1077,,3+,Not Graduate,No,733333.3333333334,0.0,19100.0,72.0,0.0,,1,kaggle_approval
KG1078,,1,Graduate,No,491666.6666666667,0.0,13000.0,24.0,0.0,,0,kaggle_approval
KG1079,,3+,Not Graduate,Yes,816666.6666666666,0.0,37900.0,216.0,0.0,,0,kaggle_approval
KG1080,,2,Graduate,No,275000.0,0.0,8300.0,72.0,1.0,,1,kaggle_approval
KG1081,,3+,Graduate,Yes,25000.0,0.0,500.0,168.0,0.0,,0,kaggle_approval
KG1082,,1,Not Graduate,Yes,400000.0,0.0,11600.0,192.0,1.0,,1,kaggle_approval
KG1083,,1,Graduate,No,625000.0,0.0,28300.0,192.0,1.0,,1,kaggle_approval
KG1084,,2,Not Graduate,No,716666.6666666666,0.0,21700.0,48.0,0.0,,0,kaggle_approval
KG1085,,3+,Not Graduate,No,741666.6666666666,0.0,21100.0,72.0,1.0,,1,kaggle_approval
KG1086,,3+,Not Graduate,Yes,800000.0,0.0,29600.0,48.0,0.0,,1,kaggle_approval
KG1087,,0,Graduate,Yes,641666.6666666666,0.0,18100.0,216.0,1.0,,1,kaggle_approval
KG1088,,3+,Not Graduate,Yes,583333.3333333334,0.0,15200.0,24.0,1.0,,1,kaggle_approval
KG1089,,3+,Not Graduate,Yes,650000.0,0.0,19500.0,168.0,1.0,,1,kaggle_approval
KG1090,,3+,Graduate,No,425000.0,0.0,11000.0,72.0,0.0,,0,kaggle_approval
KG1091,,3+,Graduate,No,783333.3333333334,0.0,32600.0,48.0,1.0,,1,kaggle_approval
KG1092,,3+,Not Graduate,Yes,50000.0,0.0,2100.0,72.0,0.0,,1,kaggle_approval
KG1093,,3+,Graduate,No,425000.0,0.0,13300.0,48.0,0.0,,1,kaggle_approval
KG1094,,2,Graduate,Yes,316666.6666666667,0.0,14400.0,24.0,0.0,,0,kaggle_approval
KG1095,,2,Not Graduate,Yes,441666.6666666667,0.0,21200.0,168.0,0.0,,0,kaggle_approval
KG1096,,3+,Not Graduate,No,91666.66666666667,0.0,3600.0,144.0,0.0,,0,kaggle_approval
KG1097,,3+,Not Graduate,No,533333.3333333334,0.0,14400.0,120.0,0.0,,0,kaggle_approval
KG1098,,0,Not Graduate,Yes,425000.0,0.0,14500.0,168.0,0.0,,1,kaggle_approval
KG1099,,3+,Graduate,Yes,441666.6666666667,0.0,16900.0,24.0,0.0,,1,kaggle_approval
KG1100,,1,Graduate,No,558333.3333333334,0.0,18700.0,96.0,0.0,,1,kaggle_approval
KG1101,,2,Not Graduate,No,333333.3333333333,0.0,9400.0,96.0,1.0,,1,kaggle_approval
KG1102,,2,Not Graduate,Yes,325000.0,0.0,11600.0,96.0,1.0,,1,kaggle_approval
KG1103,,1,Graduate,Yes,133333.33333333334,0.0,4900.0,192.0,0.0,,0,kaggle_approval
KG1104,,3+,Graduate,No,225000.0,0.0,7800.0,168.0,1.0,,1,kaggle_approval
KG1105,,3+,Graduate,No,116666.66666666667,0.0,3800.0,96.0,1.0,,1,kaggle_approval
KG1106,,3+,Not Graduate,Yes,666666.6666666666,0.0,19200.0,216.0,1.0,,1,kaggle_approval
KG1107,,3+,Graduate,Yes,683333.3333333334,0.0,28900.0,120.0,1.0,,1,kaggle_approval
KG1108,,3+,Graduate,Yes,400000.0,0.0,10300.0,96.0,1.0,,1,kaggle_approval
KG1109,,3+,Graduate,No,675000.0,0.0,19000.0,72.0,0.0,,0,kaggle_approval
KG1110,,3+,Not Graduate,No,491666.6666666667,0.0,14900.0,168.0,1.0,,1,kaggle_approval
KG1111,,3+,Graduate,Yes,675000.0,0.0,32100.0,72.0,1.0,,1,kaggle_approval
KG1112,,0,Graduate,No,116666.66666666667,0.0,5000.0,96.0,1.0,,1,kaggle_approval
KG1113,,1,Graduate,No,133333.33333333334,0.0,6300.0,24.0,1.0,,1,kaggle_approval
KG1114,,3+,Graduate,No,383333.3333333333,0.0,9400.0,216.0,0.0,,0,kaggle_approval
KG1115,,1,Not Graduate,No,241666.66666666666,0.0,8900.0,72.0,0.0,,0,kaggle_approval
KG1116,,2,Graduate,Yes,716666.6666666666,0.0,24900.0,240.0,1.0,,1,kaggle_approval
KG1117,,3+,Not Graduate,No,316666.6666666667,0.0,14900.0,240.0,0.0,,0,kaggle_approval
KG1118,,0,Not Graduate,No,683333.3333333334,0.0,20300.0,48.0,1.0,,1,kaggle_approval
KG1119,,3+,Graduate,No,266666.6666666667,0.0,10100.0,240.0,1.0,,1,kaggle_approval
KG1120,,0,Not Graduate,Yes,675000.0,0.0,23800.0,120.0,1.0,,1,kaggle_approval
KG1121,,1,Graduate,Yes,816666.6666666666,0.0,23300.0,144.0,0.0,,0,kaggle_approval
KG1122,,0,Not Graduate,No,16666.666666666668,0.0,500.0,240.0,1.0,,1,kaggle_approval
KG1123,,0,Not Graduate,No,550000.0,0.0,14100.0,240.0,0.0,,0,kaggle_approval
KG1124,,0,Not Graduate,No,758333.3333333334,0.0,18300.0,168.0,0.0,,0,kaggle_approval
KG1125,,2,Not Graduate,No,458333.3333333333,0.0,20400.0,144.0,1.0,,1,kaggle_approval
KG1126,,3+,Not Graduate,No,600000.0,0.0,27400.0,96.0,1.0,,1,kaggle_approval
KG1127,,1,Not Graduate,No,200000.0,0.0,5600.0,192.0,0.0,,0,kaggle_approval
KG1128,,3+,Graduate,No,800000.0,0.0,25500.0,240.0,0.0,,0,kaggle_approval
KG1129,,1,Graduate,Yes,483333.3333333333,0.0,16700.0,144.0,1.0,,1,kaggle_approval
KG1130,,3+,Not Graduate,No,191666.66666666666,0.0,6000.0,96.0,1.0,,1,kaggle_approval
KG1131,,1,Not Graduate,No,25000.0,0.0,1200.0,48.0,0.0,,1,kaggle_approval
KG1132,,0,Not Graduate,No,825000.0,0.0,27000.0,192.0,0.0,,1,kaggle_approval
KG1133,,2,Not Graduate,No,291666.6666666667,0.0,14000.0,24.0,0.0,,1,kaggle_approval
KG1134,,2,Graduate,No,400000.0,0.0,18500.0,240.0,1.0,,1,kaggle_approval
KG1135,,2,Not Graduate,No,133333.33333333334,0.0,5200.0,192.0,0.0,,0,kaggle_approval
KG1136,,3+,Graduate,Yes,66666.66666666667,0.0,2500.0,144.0,0.0,,0,kaggle_approval
KG1137,,1,Graduate,Yes,750000.0,0.0,33500.0,216.0,1.0,,1,kaggle_approval
KG1138,,1,Graduate,No,691666.6666666666,0.0,28900.0,144.0,0.0,,0,kaggle_approval
KG1139,,3+,Graduate,No,233333.33333333334,0.0,6100.0,216.0,0.0,,0,kaggle_approval
KG1140,,1,Graduate,Yes,533333.3333333334,0.0,17300.0,120.0,1.0,,1,kaggle_approval
KG1141,,2,Not Graduate,Yes,500000.0,0.0,12600.0,192.0,1.0,,1,kaggle_approval
KG1142,,0,Graduate,No,241666.66666666666,0.0,9800.0,192.0,0.0,,0,kaggle_approval
KG1143,,0,Graduate,No,541666.6666666666,0.0,24100.0,240.0,0.0,,0,kaggle_approval
KG1144,,1,Graduate,Yes,16666.666666666668,0.0,400.0,96.0,0.0,,1,kaggle_approval
KG1145,,1,Not Graduate,No,700000.0,0.0,24600.0,168.0,1.0,,1,kaggle_approval
KG1146,,1,Graduate,Yes,508333.3333333333,0.0,17800.0,240.0,1.0,,1,kaggle_approval
KG1147,,2,Graduate,Yes,666666.6666666666,0.0,31200.0,96.0,0.0,,1,kaggle_approval
KG1148,,3+,Not Graduate,Yes,75000.0,0.0,1800.0,168.0,0.0,,0,kaggle_approval
KG1149,,2,Graduate,No,608333.3333333334,0.0,20000.0,72.0,1.0,,1,kaggle_approval
KG1150,,3+,Not Graduate,Yes,308333.3333333333,0.0,7400.0,144.0,0.0,,0,kaggle_approval
KG1151,,2,Graduate,No,433333.3333333333,0.0,17200.0,144.0,0.0,,1,kaggle_approval
KG1152,,1,Graduate,No,600000.0,0.0,21000.0,168.0,0.0,,0,kaggle_approval
KG1153,,0,Not Graduate,Yes,783333.3333333334,0.0,34200.0,120.0,0.0,,0,kaggle_approval
KG1154,,3+,Not Graduate,Yes,283333.3333333333,0.0,12400.0,24.0,1.0,,1,kaggle_approval
KG1155,,0,Graduate,No,50000.0,0.0,2300.0,96.0,1.0,,1,kaggle_approval
KG1156,,0,Not Graduate,Yes,275000.0,0.0,10000.0,192.0,0.0,,0,kaggle_approval
KG1157,,2,Graduate,Yes,491666.6666666667,0.0,14300.0,24.0,0.0,,0,kaggle_approval
KG1158,,3+,Not Graduate,No,108333.33333333333,0.0,3600.0,192.0,1.0,,1,kaggle_approval
KG1159,,3+,Graduate,Yes,475000.0,0.0,16900.0,48.0,1.0,,1,kaggle_approval
KG1160,,2,Not Graduate,No,641666.6666666666,0.0,27300.0,192.0,1.0,,1,kaggle_approval
KG1161,,3+,Not Graduate,Yes,583333.3333333334,0.0,23500.0,216.0,0.0,,0,kaggle_approval
KG1162,,3+,Graduate,No,675000.0,0.0,21900.0,216.0,0.0,,0,kaggle_approval
KG1163,,1,Graduate,Yes,158333.33333333334,0.0,4200.0,48.0,1.0,,1,kaggle_approval
KG1164,,2,Graduate,No,375000.0,0.0,9100.0,216.0,0.0,,1,kaggle_approval
KG1165,,0,Not Graduate,Yes,800000.0,0.0,34000.0,144.0,1.0,,1,kaggle_approval
KG1166,,1,Not Graduate,Yes,450000.0,0.0,20700.0,96.0,1.0,,1,kaggle_approval
KG1167,,1,Not Graduate,Yes,650000.0,0.0,27200.0,192.0,0.0,,0,kaggle_approval
KG1168,,1,Graduate,Yes,683333.3333333334,0.0,19100.0,96.0,1.0,,1,kaggle_approval
KG1169,,2,Graduate,No,741666.6666666666,0.0,28500.0,72.0,0.0,,0,kaggle_approval
KG1170,,1,Graduate,No,116666.66666666667,0.0,3100.0,240.0,0.0,,0,kaggle_approval
KG1171,,2,Graduate,No,141666.66666666666,0.0,5900.0,192.0,1.0,,1,kaggle_approval
KG1172,,0,Graduate,No,441666.6666666667,0.0,19500.0,144.0,1.0,,1,kaggle_approval
KG1173,,3+,Graduate,No,541666.6666666666,0.0,25200.0,120.0,1.0,,1,kaggle_approval
KG1174,,2,Graduate,No,491666.6666666667,0.0,14000.0,96.0,0.0,,1,kaggle_approval
KG1175,,3+,Graduate,Yes,816666.6666666666,0.0,27000.0,24.0,0.0,,0,kaggle_approval
KG1176,,3+,Graduate,Yes,641666.6666666666,0.0,16200.0,72.0,0.0,,0,kaggle_approval
KG1177,,1,Graduate,No,658333.3333333334,0.0,27100.0,120.0,1.0,,1,kaggle_approval
KG1178,,3+,Graduate,No,291666.6666666667,0.0,8900.0,240.0,1.0,,1,kaggle_approval
KG1179,,3+,Not Graduate,No,200000.0,0.0,6600.0,24.0,1.0,,1,kaggle_approval
KG1180,,3+,Graduate,No,825000.0,0.0,35700.0,120.0,0.0,,0,kaggle_approval
KG1181,,0,Graduate,No,325000.0,0.0,14500.0,96.0,0.0,,0,kaggle_approval
KG1182,,2,Not Graduate,Yes,608333.3333333334,0.0,28500.0,120.0,1.0,,1,kaggle_approval
KG1183,,0,Graduate,Yes,533333.3333333334,0.0,21900.0,144.0,1.0,,1,kaggle_approval
KG1184,,3+,Graduate,No,591666.6666666666,0.0,19800.0,216.0,0.0,,0,kaggle_approval
KG1185,,2,Not Graduate,No,733333.3333333334,0.0,19000.0,168.0,1.0,,1,kaggle_approval
KG1186,,3+,Graduate,No,616666.6666666666,0.0,21000.0,48.0,0.0,,1,kaggle_approval
KG1187,,2,Not Graduate,No,366666.6666666667,0.0,12000.0,240.0,0.0,,0,kaggle_approval
KG1188,,3+,Graduate,Yes,716666.6666666666,0.0,30300.0,168.0,0.0,,0,kaggle_approval
KG1189,,3+,Not Graduate,No,575000.0,0.0,26000.0,168.0,1.0,,1,kaggle_approval
KG1190,,3+,Graduate,No,800000.0,0.0,27500.0,240.0,1.0,,1,kaggle_approval
KG1191,,2,Graduate,Yes,675000.0,0.0,25700.0,96.0,0.0,,0,kaggle_approval
KG1192,,0,Not Graduate,No,216666.66666666666,0.0,9400.0,216.0,1.0,,1,kaggle_approval
KG1193,,3+,Graduate,Yes,775000.0,0.0,26100.0,168.0,1.0,,1,kaggle_approval
KG1194,,2,Not Graduate,Yes,175000.0,0.0,5600.0,192.0,0.0,,0,kaggle_approval
KG1195,,3+,Not Graduate,Yes,750000.0,0.0,21500.0,168.0,0.0,,0,kaggle_approval
KG1196,,3+,Not Graduate,Yes,583333.3333333334,0.0,19200.0,48.0,1.0,,1,kaggle_approval
KG1197,,3+,Not Graduate,No,183333.33333333334,0.0,6400.0,240.0,1.0,,1,kaggle_approval
KG1198,,3+,Graduate,Yes,625000.0,0.0,28200.0,24.0,0.0,,1,kaggle_approval
KG1199,,1,Graduate,Yes,691666.6666666666,0.0,16800.0,24.0,0.0,,0,kaggle_approval
KG1200,,2,Not Graduate,No,25000.0,0.0,600.0,24.0,0.0,,0,kaggle_approval
KG1201,,0,Not Graduate,Yes,25000.0,0.0,800.0,48.0,1.0,,1,kaggle_approval
KG1202,,3+,Graduate,No,325000.0,0.0,14900.0,48.0,1.0,,1,kaggle_approval
KG1203,,0,Not Graduate,No,550000.0,0.0,20300.0,72.0,0.0,,0,kaggle_approval
KG1204,,0,Graduate,No,341666.6666666667,0.0,10700.0,96.0,1.0,,1,kaggle_approval
KG1205,,3+,Graduate,Yes,150000.0,0.0,5300.0,144.0,0.0,,0,kaggle_approval
KG1206,,3+,Not Graduate,Yes,583333.3333333334,0.0,16100.0,192.0,0.0,,0,kaggle_approval
KG1207,,2,Not Graduate,Yes,425000.0,0.0,13700.0,72.0,0.0,,1,kaggle_approval
KG1208,,1,Not Graduate,Yes,25000.0,0.0,600.0,96.0,1.0,,1,kaggle_approval
KG1209,,3+,Not Graduate,Yes,358333.3333333333,0.0,11400.0,24.0,0.0,,1,kaggle_approval
KG1210,,0,Graduate,Yes,266666.6666666667,0.0,12000.0,168.0,1.0,,1,kaggle_approval
KG1211,,3+,Not Graduate,Yes,350000.0,0.0,11500.0,72.0,0.0,,1,kaggle_approval
KG1212,,0,Not Graduate,Yes,800000.0,0.0,22900.0,96.0,0.0,,0,kaggle_approval
KG1213,,3+,Graduate,No,108333.33333333333,0.0,3600.0,120.0,1.0,,1,kaggle_approval
KG1214,,3+,Not Graduate,No,200000.0,0.0,9300.0,24.0,1.0,,1,kaggle_approval
KG1215,,0,Graduate,No,50000.0,0.0,1600.0,120.0,0.0,,1,kaggle_approval
KG1216,,3+,Graduate,Yes,800000.0,0.0,38000.0,120.0,0.0,,0,kaggle_approval
KG1217,,0,Graduate,No,33333.333333333336,0.0,1200.0,48.0,1.0,,1,kaggle_approval
KG1218,,3+,Graduate,No,491666.6666666667,0.0,19900.0,168.0,0.0,,0,kaggle_approval
KG1219,,0,Graduate,Yes,58333.333333333336,0.0,1400.0,120.0,1.0,,1,kaggle_approval
KG1220,,0,Not Graduate,Yes,716666.6666666666,0.0,17700.0,240.0,1.0,,1,kaggle_approval
KG1221,,0,Graduate,Yes,750000.0,0.0,34000.0,48.0,0.0,,1,kaggle_approval
KG1222,,3+,Graduate,Yes,425000.0,0.0,20400.0,72.0,1.0,,1,kaggle_approval
KG1223,,3+,Not Graduate,Yes,41666.666666666664,0.0,1500.0,72.0,0.0,,0,kaggle_approval
KG1224,,2,Graduate,No,133333.33333333334,0.0,3800.0,120.0,1.0,,1,kaggle_approval
KG1225,,0,Graduate,Yes,816666.6666666666,0.0,23900.0,168.0,0.0,,0,kaggle_approval
KG1226,,3+,Graduate,No,650000.0,0.0,29700.0,240.0,1.0,,1,kaggle_approval
KG1227,,3+,Not Graduate,No,541666.6666666666,0.0,24000.0,192.0,0.0,,0,kaggle_approval
KG1228,,3+,Graduate,Yes,625000.0,0.0,26500.0,144.0,0.0,,0,kaggle_approval
KG1229,,3+,Graduate,Yes,741666.6666666666,0.0,23400.0,216.0,1.0,,1,kaggle_approval
KG1230,,3+,Graduate,Yes,150000.0,0.0,5800.0,168.0,0.0,,0,kaggle_approval
KG1231,,1,Not Graduate,Yes,633333.3333333334,0.0,27800.0,72.0,0.0,,0,kaggle_approval
KG1232,,3+,Graduate,Yes,100000.0,0.0,4600.0,72.0,1.0,,1,kaggle_approval
KG1233,,3+,Graduate,Yes,225000.0,0.0,10400.0,24.0,1.0,,1,kaggle_approval
KG1234,,1,Not Graduate,Yes,383333.3333333333,0.0,10900.0,144.0,0.0,,0,kaggle_approval
KG1235,,2,Not Graduate,No,575000.0,0.0,18700.0,120.0,1.0,,1,kaggle_approval
KG1236,,3+,Graduate,Yes,700000.0,0.0,25200.0,24.0,0.0,,1,kaggle_approval
KG1237,,0,Graduate,No,25000.0,0.0,500.0,216.0,1.0,,1,kaggle_approval
KG1238,,2,Not Graduate,Yes,791666.6666666666,0.0,37500.0,48.0,0.0,,1,kaggle_approval
KG1239,,3+,Graduate,Yes,158333.33333333334,0.0,5900.0,96.0,1.0,,1,kaggle_approval
KG1240,,3+,Not Graduate,No,350000.0,0.0,14500.0,240.0,1.0,,1,kaggle_approval
KG1241,,3+,Graduate,Yes,183333.33333333334,0.0,7900.0,216.0,1.0,,1,kaggle_approval
KG1242,,3+,Graduate,Yes,591666.6666666666,0.0,19700.0,48.0,1.0,,1,kaggle_approval
KG1243,,3+,Graduate,No,291666.6666666667,0.0,11600.0,120.0,0.0,,0,kaggle_approval
KG1244,,3+,Not Graduate,No,33333.333333333336,0.0,800.0,216.0,0.0,,0,kaggle_approval
KG1245,,2,Graduate,Yes,733333.3333333334,0.0,34400.0,24.0,1.0,,1,kaggle_approval
KG1246,,0,Not Graduate,No,150000.0,0.0,6600.0,120.0,1.0,,1,kaggle_approval
KG1247,,1,Graduate,Yes,633333.3333333334,0.0,29300.0,168.0,1.0,,1,kaggle_approval
KG1248,,1,Graduate,Yes,83333.33333333333,0.0,3200.0,48.0,1.0,,1,kaggle_approval
KG1249,,2,Not Graduate,Yes,683333.3333333334,0.0,27200.0,120.0,1.0,,1,kaggle_approval
KG1250,,3+,Not Graduate,Yes,300000.0,0.0,12400.0,96.0,0.0,,0,kaggle_approval
KG1251,,3+,Graduate,No,783333.3333333334,0.0,23700.0,216.0,1.0,,1,kaggle_approval
KG1252,,3+,Not Graduate,No,216666.66666666666,0.0,9100.0,48.0,0.0,,1,kaggle_approval
KG1253,,3+,Not Graduate,No,791666.6666666666,0.0,30700.0,120.0,1.0,,1,kaggle_approval
KG1254,,0,Graduate,Yes,291666.6666666667,0.0,11700.0,168.0,1.0,,1,kaggle_approval
KG1255,,3+,Not Graduate,Yes,816666.6666666666,0.0,35700.0,120.0,1.0,,1,kaggle_approval
KG1256,,3+,Graduate,No,66666.66666666667,0.0,3100.0,216.0,1.0,,1,kaggle_approval
KG1257,,0,Not Graduate,No,808333.3333333334,0.0,37300.0,240.0,1.0,,1,kaggle_approval
KG1258,,3+,Graduate,No,516666.6666666667,0.0,21300.0,144.0,1.0,,1,kaggle_approval
KG1259,,1,Not Graduate,Yes,366666.6666666667,0.0,16600.0,216.0,0.0,,0,kaggle_approval
KG1260,,2,Graduate,No,150000.0,0.0,3800.0,48.0,1.0,,1,kaggle_approval
KG1261,,3+,Graduate,No,141666.66666666666,0.0,5300.0,168.0,1.0,,1,kaggle_approval
KG1262,,3+,Graduate,No,325000.0,0.0,14100.0,192.0,0.0,,0,kaggle_approval
KG1263,,2,Graduate,Yes,183333.33333333334,0.0,7900.0,72.0,1.0,,1,kaggle_approval
KG1264,,3+,Not Graduate,Yes,525000.0,0.0,17700.0,24.0,0.0,,0,kaggle_approval
KG1265,,2,Not Graduate,No,183333.33333333334,0.0,8700.0,216.0,1.0,,1,kaggle_approval
KG1266,,1,Graduate,No,675000.0,0.0,28400.0,72.0,1.0,,1,kaggle_approval
KG1267,,3+,Not Graduate,No,566666.6666666666,0.0,17000.0,24.0,1.0,,1,kaggle_approval
KG1268,,0,Graduate,No,391666.6666666667,0.0,14800.0,240.0,1.0,,1,kaggle_approval
KG1269,,3+,Graduate,Yes,183333.33333333334,0.0,5300.0,24.0,0.0,,0,kaggle_approval
KG1270,,3+,Graduate,Yes,291666.6666666667,0.0,13000.0,72.0,0.0,,0,kaggle_approval
KG1271,,1,Not Graduate,Yes,291666.6666666667,0.0,11600.0,120.0,1.0,,1,kaggle_approval
KG1272,,3+,Not Graduate,No,41666.666666666664,0.0,1500.0,144.0,0.0,,0,kaggle_approval
KG1273,,3+,Not Graduate,No,825000.0,0.0,35800.0,240.0,0.0,,0,kaggle_approval
KG1274,,1,Graduate,No,700000.0,0.0,25000.0,144.0,1.0,,1,kaggle_approval
KG1275,,1,Graduate,No,416666.6666666667,0.0,18800.0,168.0,0.0,,0,kaggle_approval
KG1276,,3+,Not Graduate,Yes,458333.3333333333,0.0,13400.0,120.0,1.0,,1,kaggle_approval
KG1277,,3+,Graduate,Yes,250000.0,0.0,11900.0,168.0,0.0,,0,kaggle_approval
KG1278,,3+,Not Graduate,Yes,783333.3333333334,0.0,21400.0,120.0,0.0,,0,kaggle_approval
KG1279,,3+,Graduate,No,633333.3333333334,0.0,29000.0,96.0,1.0,,1,kaggle_approval
KG1280,,0,Not Graduate,Yes,458333.3333333333,0.0,16300.0,120.0,1.0,,1,kaggle_approval
KG1281,,1,Graduate,No,258333.33333333334,0.0,7400.0,216.0,0.0,,0,kaggle_approval
KG1282,,3+,Graduate,No,641666.6666666666,0.0,27700.0,48.0,0.0,,1,kaggle_approval
KG1283,,2,Graduate,No,816666.6666666666,0.0,25400.0,24.0,1.0,,1,kaggle_approval
KG1284,,3+,Not Graduate,No,266666.6666666667,0.0,9200.0,168.0,0.0,,0,kaggle_approval
KG1285,,2,Graduate,No,58333.333333333336,0.0,2600.0,240.0,0.0,,0,kaggle_approval
KG1286,,3+,Not Graduate,Yes,258333.33333333334,0.0,8600.0,168.0,0.0,,0,kaggle_approval
KG1287,,0,Graduate,Yes,375000.0,0.0,10500.0,240.0,0.0,,0,kaggle_approval
KG1288,,3+,Not Graduate,Yes,741666.6666666666,0.0,24800.0,216.0,1.0,,1,kaggle_approval
KG1289,,3+,Not Graduate,No,491666.6666666667,0.0,23200.0,24.0,0.0,,1,kaggle_approval
KG1290,,2,Not Graduate,No,125000.0,0.0,4500.0,216.0,0.0,,0,kaggle_approval
KG1291,,3+,Not Graduate,Yes,525000.0,0.0,15200.0,192.0,0.0,,0,kaggle_approval
KG1292,,3+,Not Graduate,Yes,541666.6666666666,0.0,18200.0,240.0,0.0,,0,kaggle_approval
KG1293,,3+,Graduate,No,666666.6666666666,0.0,31500.0,216.0,1.0,,1,kaggle_approval
KG1294,,1,Graduate,Yes,275000.0,0.0,10600.0,168.0,1.0,,1,kaggle_approval
KG1295,,3+,Not Graduate,No,325000.0,0.0,10000.0,120.0,0.0,,0,kaggle_approval
KG1296,,3+,Graduate,No,133333.33333333334,0.0,3500.0,120.0,1.0,,1,kaggle_approval
KG1297,,2,Not Graduate,Yes,325000.0,0.0,13900.0,216.0,1.0,,1,kaggle_approval
KG1298,,3+,Graduate,Yes,666666.6666666666,0.0,26300.0,144.0,0.0,,0,kaggle_approval
KG1299,,2,Graduate,No,183333.33333333334,0.0,4800.0,72.0,1.0,,1,kaggle_approval
KG1300,,3+,Not Graduate,No,633333.3333333334,0.0,30300.0,144.0,0.0,,0,kaggle_approval
KG1301,,3+,Not Graduate,Yes,225000.0,0.0,6800.0,72.0,0.0,,0,kaggle_approval
KG1302,,2,Graduate,Yes,525000.0,0.0,23200.0,144.0,0.0,,1,kaggle_approval
KG1303,,3+,Not Graduate,No,641666.6666666666,0.0,18700.0,96.0,0.0,,0,kaggle_approval
KG1304,,2,Graduate,No,375000.0,0.0,17200.0,216.0,0.0,,0,kaggle_approval
KG1305,,2,Graduate,Yes,783333.3333333334,0.0,24800.0,168.0,0.0,,0,kaggle_approval
KG1306,,0,Not Graduate,No,383333.3333333333,0.0,12600.0,192.0,0.0,,1,kaggle_approval
KG1307,,0,Graduate,Yes,433333.3333333333,0.0,15700.0,72.0,1.0,,1,kaggle_approval
KG1308,,3+,Graduate,Yes,666666.6666666666,0.0,29800.0,216.0,1.0,,1,kaggle_approval
KG1309,,1,Not Graduate,Yes,825000.0,0.0,38500.0,24.0,1.0,,1,kaggle_approval
KG1310,,3+,Graduate,Yes,708333.3333333334,0.0,18600.0,120.0,0.0,,1,kaggle_approval
KG1311,,2,Graduate,Yes,408333.3333333333,0.0,12000.0,240.0,0.0,,0,kaggle_approval
KG1312,,3+,Graduate,Yes,583333.3333333334,0.0,24200.0,24.0,0.0,,1,kaggle_approval
KG1313,,2,Not Graduate,No,800000.0,0.0,25900.0,216.0,1.0,,1,kaggle_approval
KG1314,,1,Graduate,No,808333.3333333334,0.0,23700.0,72.0,1.0,,1,kaggle_approval
KG1315,,1,Graduate,No,516666.6666666667,0.0,14300.0,240.0,1.0,,1,kaggle_approval
KG1316,,3+,Not Graduate,Yes,341666.6666666667,0.0,9600.0,120.0,0.0,,0,kaggle_approval
KG1317,,0,Graduate,Yes,508333.3333333333,0.0,19900.0,240.0,1.0,,1,kaggle_approval
KG1318,,0,Graduate,No,58333.333333333336,0.0,1900.0,216.0,0.0,,1,kaggle_approval
KG1319,,3+,Graduate,No,533333.3333333334,0.0,24100.0,144.0,0.0,,1,kaggle_approval
KG1320,,3+,Graduate,Yes,316666.6666666667,0.0,7800.0,240.0,1.0,,1,kaggle_approval
KG1321,,1,Not Graduate,No,408333.3333333333,0.0,14800.0,144.0,1.0,,1,kaggle_approval
KG1322,,2,Graduate,No,175000.0,0.0,6600.0,240.0,0.0,,1,kaggle_approval
KG1323,,2,Graduate,No,516666.6666666667,0.0,23400.0,96.0,1.0,,1,kaggle_approval
KG1324,,3+,Not Graduate,No,133333.33333333334,0.0,5100.0,96.0,1.0,,1,kaggle_approval
KG1325,,1,Not Graduate,Yes,108333.33333333333,0.0,5000.0,240.0,0.0,,0,kaggle_approval
KG1326,,3+,Not Graduate,Yes,608333.3333333334,0.0,22500.0,24.0,1.0,,1,kaggle_approval
KG1327,,2,Not Graduate,No,175000.0,0.0,5000.0,48.0,0.0,,0,kaggle_approval
KG1328,,3+,Not Graduate,No,50000.0,0.0,2400.0,216.0,1.0,,1,kaggle_approval
KG1329,,3+,Graduate,No,583333.3333333334,0.0,24500.0,216.0,0.0,,0,kaggle_approval
KG1330,,1,Not Graduate,Yes,250000.0,0.0,6800.0,120.0,0.0,,0,kaggle_approval
KG1331,,1,Graduate,No,75000.0,0.0,2900.0,240.0,1.0,,1,kaggle_approval
KG1332,,2,Graduate,No,800000.0,0.0,35000.0,24.0,1.0,,1,kaggle_approval
KG1333,,0,Graduate,No,125000.0,0.0,3600.0,168.0,1.0,,1,kaggle_approval
KG1334,,0,Graduate,Yes,416666.6666666667,0.0,18900.0,72.0,1.0,,1,kaggle_approval
KG1335,,3+,Graduate,Yes,41666.666666666664,0.0,1700.0,48.0,1.0,,1,kaggle_approval
KG1336,,3+,Not Graduate,No,633333.3333333334,0.0,28100.0,144.0,0.0,,0,kaggle_approval
KG1337,,3+,Graduate,No,458333.3333333333,0.0,21200.0,240.0,0.0,,0,kaggle_approval
KG1338,,0,Not Graduate,Yes,550000.0,0.0,23300.0,144.0,0.0,,0,kaggle_approval
KG1339,,0,Graduate,No,116666.66666666667,0.0,3200.0,168.0,0.0,,0,kaggle_approval
KG1340,,3+,Not Graduate,Yes,733333.3333333334,0.0,26600.0,192.0,0.0,,0,kaggle_approval
KG1341,,3+,Not Graduate,No,516666.6666666667,0.0,24200.0,216.0,1.0,,1,kaggle_approval
KG1342,,2,Graduate,Yes,691666.6666666666,0.0,27900.0,216.0,1.0,,1,kaggle_approval
KG1343,,3+,Not Graduate,No,200000.0,0.0,8100.0,72.0,1.0,,1,kaggle_approval
KG1344,,1,Graduate,No,758333.3333333334,0.0,31200.0,48.0,0.0,,1,kaggle_approval
KG1345,,0,Not Graduate,Yes,791666.6666666666,0.0,34900.0,48.0,0.0,,1,kaggle_approval
KG1346,,1,Graduate,No,100000.0,0.0,3400.0,240.0,1.0,,1,kaggle_approval
KG1347,,2,Graduate,Yes,641666.6666666666,0.0,19300.0,96.0,1.0,,1,kaggle_approval
KG1348,,3+,Graduate,Yes,650000.0,0.0,22000.0,240.0,0.0,,0,kaggle_approval
KG1349,,0,Graduate,Yes,783333.3333333334,0.0,20000.0,48.0,0.0,,0,kaggle_approval
KG1350,,0,Not Graduate,No,141666.66666666666,0.0,5700.0,144.0,0.0,,0,kaggle_approval
KG1351,,3+,Graduate,No,333333.3333333333,0.0,13700.0,72.0,0.0,,0,kaggle_approval
KG1352,,3+,Not Graduate,No,350000.0,0.0,15500.0,216.0,1.0,,1,kaggle_approval
KG1353,,2,Graduate,No,200000.0,0.0,7700.0,72.0,1.0,,1,kaggle_approval
KG1354,,3+,Not Graduate,Yes,225000.0,0.0,6100.0,168.0,1.0,,1,kaggle_approval
KG1355,,3+,Not Graduate,Yes,50000.0,0.0,1800.0,48.0,1.0,,1,kaggle_approval
KG1356,,2,Graduate,No,383333.3333333333,0.0,15600.0,24.0,1.0,,1,kaggle_approval
KG1357,,3+,Graduate,No,600000.0,0.0,17700.0,48.0,1.0,,1,kaggle_approval
KG1358,,0,Not Graduate,No,391666.6666666667,0.0,15500.0,192.0,0.0,,0,kaggle_approval
KG1359,,3+,Not Graduate,No,358333.3333333333,0.0,10100.0,24.0,1.0,,1,kaggle_approval
KG1360,,3+,Graduate,No,391666.6666666667,0.0,10200.0,192.0,1.0,,1,kaggle_approval
KG1361,,3+,Not Graduate,Yes,725000.0,0.0,30000.0,48.0,0.0,,1,kaggle_approval
KG1362,,1,Graduate,No,583333.3333333334,0.0,20500.0,120.0,0.0,,0,kaggle_approval
KG1363,,2,Not Graduate,No,50000.0,0.0,1100.0,120.0,1.0,,1,kaggle_approval
KG1364,,1,Not Graduate,No,566666.6666666666,0.0,16900.0,144.0,1.0,,1,kaggle_approval
KG1365,,1,Not Graduate,No,533333.3333333334,0.0,14100.0,240.0,0.0,,1,kaggle_approval
KG1366,,3+,Not Graduate,No,633333.3333333334,0.0,29900.0,216.0,0.0,,0,kaggle_approval
KG1367,,3+,Not Graduate,No,750000.0,0.0,21400.0,96.0,0.0,,0,kaggle_approval
KG1368,,0,Graduate,Yes,200000.0,0.0,5900.0,120.0,1.0,,1,kaggle_approval
KG1369,,3+,Not Graduate,No,566666.6666666666,0.0,17900.0,72.0,1.0,,1,kaggle_approval
KG1370,,3+,Graduate,Yes,291666.6666666667,0.0,13500.0,120.0,0.0,,0,kaggle_approval
KG1371,,3+,Graduate,Yes,741666.6666666666,0.0,34000.0,240.0,0.0,,0,kaggle_approval
KG1372,,0,Not Graduate,No,500000.0,0.0,15300.0,96.0,1.0,,1,kaggle_approval
KG1373,,3+,Not Graduate,No,58333.333333333336,0.0,2500.0,168.0,1.0,,1,kaggle_approval
KG1374,,0,Not Graduate,Yes,566666.6666666666,0.0,17300.0,216.0,1.0,,1,kaggle_approval
KG1375,,3+,Not Graduate,Yes,441666.6666666667,0.0,10700.0,144.0,1.0,,1,kaggle_approval
KG1376,,1,Graduate,Yes,116666.66666666667,0.0,4200.0,48.0,1.0,,1,kaggle_approval
KG1377,,2,Graduate,Yes,116666.66666666667,0.0,4600.0,48.0,1.0,,1,kaggle_approval
KG1378,,3+,Not Graduate,No,766666.6666666666,0.0,21700.0,72.0,1.0,,1,kaggle_approval
KG1379,,1,Graduate,Yes,658333.3333333334,0.0,29200.0,24.0,1.0,,1,kaggle_approval
KG1380,,0,Not Graduate,No,375000.0,0.0,17500.0,120.0,0.0,,0,kaggle_approval
KG1381,,1,Not Graduate,No,316666.6666666667,0.0,9800.0,96.0,0.0,,0,kaggle_approval
KG1382,,3+,Graduate,Yes,125000.0,0.0,4900.0,72.0,1.0,,1,kaggle_approval
KG1383,,3+,Not Graduate,No,100000.0,0.0,2400.0,144.0,0.0,,0,kaggle_approval
KG1384,,3+,Not Graduate,No,141666.66666666666,0.0,4900.0,216.0,1.0,,1,kaggle_approval
KG1385,,3+,Graduate,No,433333.3333333333,0.0,14100.0,192.0,0.0,,0,kaggle_approval
KG1386,,1,Not Graduate,No,133333.33333333334,0.0,5100.0,144.0,0.0,,0,kaggle_approval
KG1387,,3+,Graduate,Yes,550000.0,0.0,16000.0,192.0,0.0,,0,kaggle_approval
KG1388,,3+,Not Graduate,Yes,783333.3333333334,0.0,26600.0,240.0,1.0,,1,kaggle_approval
KG1389,,3+,Graduate,Yes,25000.0,0.0,500.0,24.0,0.0,,0,kaggle_approval
KG1390,,3+,Not Graduate,No,383333.3333333333,0.0,11500.0,192.0,1.0,,1,kaggle_approval
KG1391,,3+,Not Graduate,Yes,508333.3333333333,0.0,21300.0,24.0,0.0,,1,kaggle_approval
KG1392,,0,Not Graduate,Yes,125000.0,0.0,4100.0,144.0,1.0,,1,kaggle_approval
KG1393,,0,Graduate,Yes,33333.333333333336,0.0,900.0,24.0,1.0,,1,kaggle_approval
KG1394,,0,Not Graduate,No,725000.0,0.0,33600.0,168.0,1.0,,1,kaggle_approval
KG1395,,3+,Not Graduate,No,583333.3333333334,0.0,21600.0,144.0,1.0,,1,kaggle_approval
KG1396,,3+,Graduate,No,391666.6666666667,0.0,13100.0,168.0,0.0,,0,kaggle_approval
KG1397,,3+,Not Graduate,Yes,633333.3333333334,0.0,23800.0,192.0,1.0,,1,kaggle_approval
KG1398,,1,Not Graduate,Yes,766666.6666666666,0.0,24500.0,48.0,0.0,,0,kaggle_approval
KG1399,,3+,Not Graduate,No,783333.3333333334,0.0,36800.0,240.0,1.0,,1,kaggle_approval
KG1400,,0,Graduate,No,400000.0,0.0,15100.0,72.0,1.0,,1,kaggle_approval
KG1401,,3+,Not Graduate,Yes,50000.0,0.0,2400.0,144.0,1.0,,1,kaggle_approval
KG1402,,3+,Graduate,Yes,408333.3333333333,0.0,14300.0,168.0,0.0,,0,kaggle_approval
KG1403,,3+,Graduate,Yes,275000.0,0.0,8500.0,144.0,0.0,,1,kaggle_approval
KG1404,,3+,Graduate,Yes,758333.3333333334,0.0,18800.0,240.0,0.0,,0,kaggle_approval
KG1405,,3+,Graduate,No,508333.3333333333,0.0,23500.0,192.0,0.0,,0,kaggle_approval
KG1406,,3+,Graduate,Yes,700000.0,0.0,19600.0,24.0,1.0,,1,kaggle_approval
KG1407,,3+,Graduate,No,658333.3333333334,0.0,31400.0,96.0,1.0,,1,kaggle_approval
KG1408,,2,Not Graduate,Yes,508333.3333333333,0.0,22300.0,120.0,1.0,,1,kaggle_approval
KG1409,,3+,Not Graduate,Yes,166666.66666666666,0.0,4200.0,192.0,0.0,,1,kaggle_approval
KG1410,,3+,Graduate,Yes,825000.0,0.0,29900.0,240.0,0.0,,0,kaggle_approval
KG1411,,2,Not Graduate,No,791666.6666666666,0.0,25400.0,192.0,0.0,,0,kaggle_approval
KG1412,,3+,Graduate,Yes,158333.33333333334,0.0,6800.0,72.0,0.0,,1,kaggle_approval
KG1413,,3+,Graduate,Yes,575000.0,0.0,21400.0,120.0,0.0,,1,kaggle_approval
KG1414,,2,Not Graduate,Yes,125000.0,0.0,5000.0,48.0,1.0,,1,kaggle_approval
KG1415,,3+,Not Graduate,No,158333.33333333334,0.0,3800.0,240.0,1.0,,1,kaggle_approval
KG1416,,0,Graduate,Yes,191666.66666666666,0.0,6000.0,96.0,1.0,,1,kaggle_approval
KG1417,,2,Not Graduate,No,650000.0,0.0,17100.0,168.0,0.0,,0,kaggle_approval
KG1418,,3+,Not Graduate,No,33333.333333333336,0.0,1000.0,120.0,0.0,,0,kaggle_approval
KG1419,,0,Graduate,Yes,783333.3333333334,0.0,19200.0,240.0,1.0,,1,kaggle_approval
KG1420,,2,Graduate,No,758333.3333333334,0.0,21700.0,144.0,0.0,,0,kaggle_approval
KG1421,,1,Graduate,Yes,750000.0,0.0,18800.0,96.0,1.0,,1,kaggle_approval
KG1422,,3+,Not Graduate,No,591666.6666666666,0.0,14300.0,168.0,0.0,,0,kaggle_approval
KG1423,,3+,Graduate,No,66666.66666666667,0.0,2500.0,144.0,1.0,,1,kaggle_approval
KG1424,,0,Graduate,Yes,375000.0,0.0,9600.0,168.0,0.0,,0,kaggle_approval
KG1425,,3+,Graduate,No,708333.3333333334,0.0,25400.0,48.0,0.0,,0,kaggle_approval
KG1426,,3+,Not Graduate,Yes,208333.33333333334,0.0,9800.0,192.0,0.0,,0,kaggle_approval
KG1427,,2,Graduate,No,125000.0,0.0,3300.0,216.0,0.0,,0,kaggle_approval
KG1428,,0,Not Graduate,No,516666.6666666667,0.0,17300.0,96.0,0.0,,1,kaggle_approval
KG1429,,1,Not Graduate,Yes,108333.33333333333,0.0,2900.0,72.0,0.0,,0,kaggle_approval
KG1430,,3+,Not Graduate,No,550000.0,0.0,25800.0,120.0,1.0,,1,kaggle_approval
KG1431,,0,Graduate,Yes,441666.6666666667,0.0,13700.0,72.0,0.0,,0,kaggle_approval
KG1432,,3+,Not Graduate,No,116666.66666666667,0.0,3000.0,72.0,1.0,,1,kaggle_approval
KG1433,,2,Not Graduate,Yes,241666.66666666666,0.0,7800.0,216.0,0.0,,1,kaggle_approval
KG1434,,3+,Not Graduate,No,541666.6666666666,0.0,16500.0,48.0,0.0,,1,kaggle_approval
KG1435,,3+,Graduate,No,691666.6666666666,0.0,18900.0,48.0,0.0,,0,kaggle_approval
KG1436,,2,Not Graduate,Yes,741666.6666666666,0.0,32200.0,144.0,0.0,,0,kaggle_approval
KG1437,,3+,Graduate,No,441666.6666666667,0.0,15000.0,72.0,1.0,,1,kaggle_approval
KG1438,,0,Graduate,No,233333.33333333334,0.0,7300.0,72.0,1.0,,1,kaggle_approval
KG1439,,1,Not Graduate,No,666666.6666666666,0.0,27800.0,72.0,1.0,,1,kaggle_approval
KG1440,,3+,Not Graduate,No,325000.0,0.0,10500.0,240.0,1.0,,1,kaggle_approval
KG1441,,0,Graduate,No,516666.6666666667,0.0,20100.0,240.0,0.0,,0,kaggle_approval
KG1442,,3+,Not Graduate,Yes,491666.6666666667,0.0,19200.0,120.0,0.0,,0,kaggle_approval
KG1443,,1,Graduate,Yes,500000.0,0.0,23300.0,144.0,1.0,,1,kaggle_approval
KG1444,,3+,Not Graduate,Yes,758333.3333333334,0.0,29300.0,24.0,0.0,,1,kaggle_approval
KG1445,,3+,Graduate,Yes,283333.3333333333,0.0,12300.0,120.0,1.0,,1,kaggle_approval
KG1446,,1,Graduate,Yes,150000.0,0.0,4400.0,96.0,1.0,,1,kaggle_approval
KG1447,,1,Graduate,No,25000.0,0.0,1200.0,216.0,1.0,,0,kaggle_approval
KG1448,,1,Graduate,Yes,750000.0,0.0,22800.0,120.0,0.0,,0,kaggle_approval
KG1449,,1,Graduate,No,533333.3333333334,0.0,16900.0,24.0,1.0,,1,kaggle_approval
KG1450,,3+,Not Graduate,No,483333.3333333333,0.0,22200.0,192.0,1.0,,1,kaggle_approval
KG1451,,3+,Graduate,Yes,216666.66666666666,0.0,8600.0,216.0,1.0,,1,kaggle_approval
KG1452,,3+,Not Graduate,No,550000.0,0.0,17300.0,168.0,1.0,,1,kaggle_approval
KG1453,,2,Not Graduate,No,508333.3333333333,0.0,21800.0,48.0,0.0,,1,kaggle_approval
KG1454,,2,Not Graduate,No,341666.6666666667,0.0,11100.0,96.0,0.0,,0,kaggle_approval
KG1455,,3+,Not Graduate,Yes,25000.0,0.0,1000.0,144.0,0.0,,0,kaggle_approval
KG1456,,3+,Graduate,No,391666.6666666667,0.0,10400.0,72.0,0.0,,0,kaggle_approval
KG1457,,3+,Graduate,Yes,125000.0,0.0,5800.0,24.0,0.0,,1,kaggle_approval
KG1458,,3+,Not Graduate,No,225000.0,0.0,8300.0,96.0,1.0,,1,kaggle_approval
KG1459,,2,Graduate,No,575000.0,0.0,20900.0,24.0,0.0,,1,kaggle_approval
KG1460,,0,Graduate,No,633333.3333333334,0.0,28700.0,72.0,0.0,,0,kaggle_approval
KG1461,,1,Graduate,No,341666.6666666667,0.0,10000.0,72.0,1.0,,1,kaggle_approval
KG1462,,3+,Not Graduate,No,341666.6666666667,0.0,12200.0,24.0,0.0,,0,kaggle_approval
KG1463,,3+,Not Graduate,No,133333.33333333334,0.0,3200.0,192.0,1.0,,1,kaggle_approval
KG1464,,2,Not Graduate,Yes,33333.333333333336,0.0,1400.0,24.0,0.0,,1,kaggle_approval
KG1465,,3+,Graduate,Yes,366666.6666666667,0.0,17300.0,240.0,1.0,,1,kaggle_approval
KG1466,,2,Not Graduate,Yes,316666.6666666667,0.0,8000.0,144.0,1.0,,1,kaggle_approval
KG1467,,0,Not Graduate,No,358333.3333333333,0.0,17000.0,96.0,1.0,,1,kaggle_approval
KG1468,,1,Graduate,Yes,750000.0,0.0,33500.0,24.0,1.0,,1,kaggle_approval
KG1469,,3+,Not Graduate,Yes,791666.6666666666,0.0,25500.0,144.0,1.0,,1,kaggle_approval
KG1470,,2,Graduate,Yes,575000.0,0.0,13900.0,96.0,1.0,,1,kaggle_approval
KG1471,,3+,Not Graduate,No,358333.3333333333,0.0,11100.0,72.0,0.0,,0,kaggle_approval
KG1472,,3+,Not Graduate,No,550000.0,0.0,21400.0,120.0,0.0,,0,kaggle_approval
KG1473,,1,Graduate,Yes,433333.3333333333,0.0,14300.0,216.0,1.0,,1,kaggle_approval
KG1474,,3+,Graduate,Yes,33333.333333333336,0.0,1100.0,72.0,1.0,,1,kaggle_approval
KG1475,,3+,Not Graduate,No,108333.33333333333,0.0,4100.0,216.0,1.0,,1,kaggle_approval
KG1476,,3+,Not Graduate,No,808333.3333333334,0.0,28400.0,48.0,0.0,,0,kaggle_approval
KG1477,,2,Graduate,Yes,450000.0,0.0,10900.0,168.0,1.0,,1,kaggle_approval
KG1478,,3+,Not Graduate,No,100000.0,0.0,3300.0,144.0,1.0,,1,kaggle_approval
KG1479,,0,Graduate,Yes,583333.3333333334,0.0,26400.0,168.0,1.0,,1,kaggle_approval
KG1480,,3+,Graduate,No,633333.3333333334,0.0,26000.0,72.0,1.0,,1,kaggle_approval
KG1481,,3+,Graduate,Yes,58333.333333333336,0.0,1800.0,168.0,0.0,,1,kaggle_approval
KG1482,,3+,Graduate,Yes,625000.0,0.0,25100.0,216.0,0.0,,1,kaggle_approval
KG1483,,0,Not Graduate,Yes,191666.66666666666,0.0,6200.0,96.0,1.0,,1,kaggle_approval
KG1484,,3+,Not Graduate,Yes,466666.6666666667,0.0,11500.0,48.0,1.0,,1,kaggle_approval
KG1485,,0,Not Graduate,Yes,450000.0,0.0,10900.0,240.0,0.0,,0,kaggle_approval
KG1486,,1,Not Graduate,Yes,150000.0,0.0,5500.0,120.0,0.0,,0,kaggle_approval
KG1487,,0,Not Graduate,No,241666.66666666666,0.0,6900.0,120.0,0.0,,0,kaggle_approval
KG1488,,3+,Not Graduate,Yes,116666.66666666667,0.0,4600.0,96.0,0.0,,0,kaggle_approval
KG1489,,2,Graduate,No,233333.33333333334,0.0,11000.0,192.0,0.0,,0,kaggle_approval
KG1490,,0,Not Graduate,Yes,275000.0,0.0,13100.0,144.0,1.0,,1,kaggle_approval
KG1491,,0,Not Graduate,No,583333.3333333334,0.0,25300.0,168.0,1.0,,1,kaggle_approval
KG1492,,1,Not Graduate,No,325000.0,0.0,15100.0,144.0,0.0,,0,kaggle_approval
KG1493,,1,Not Graduate,No,475000.0,0.0,17200.0,48.0,0.0,,1,kaggle_approval
KG1494,,0,Graduate,No,341666.6666666667,0.0,9200.0,48.0,1.0,,1,kaggle_approval
KG1495,,1,Graduate,Yes,183333.33333333334,0.0,8700.0,240.0,0.0,,0,kaggle_approval
KG1496,,3+,Not Graduate,No,183333.33333333334,0.0,7200.0,120.0,0.0,,0,kaggle_approval
KG1497,,3+,Not Graduate,Yes,208333.33333333334,0.0,7700.0,192.0,0.0,,0,kaggle_approval
KG1498,,0,Not Graduate,Yes,75000.0,0.0,2100.0,72.0,0.0,,0,kaggle_approval
KG1499,,1,Not Graduate,No,241666.66666666666,0.0,7400.0,120.0,1.0,,1,kaggle_approval
KG1500,,2,Not Graduate,No,816666.6666666666,0.0,22900.0,120.0,1.0,,1,kaggle_approval
KG1501,,2,Not Graduate,No,433333.3333333333,0.0,14800.0,144.0,1.0,,1,kaggle_approval
KG1502,,1,Graduate,Yes,716666.6666666666,0.0,19600.0,192.0,0.0,,0,kaggle_approval
KG1503,,2,Graduate,Yes,400000.0,0.0,13200.0,240.0,0.0,,0,kaggle_approval
KG1504,,0,Graduate,No,166666.66666666666,0.0,4700.0,72.0,1.0,,1,kaggle_approval
KG1505,,0,Graduate,No,300000.0,0.0,8700.0,120.0,0.0,,0,kaggle_approval
KG1506,,3+,Not Graduate,Yes,441666.6666666667,0.0,19600.0,24.0,0.0,,1,kaggle_approval
KG1507,,1,Not Graduate,Yes,33333.333333333336,0.0,1300.0,216.0,1.0,,1,kaggle_approval
KG1508,,3+,Graduate,Yes,541666.6666666666,0.0,22400.0,72.0,0.0,,0,kaggle_approval
KG1509,,0,Not Graduate,Yes,191666.66666666666,0.0,6000.0,192.0,1.0,,1,kaggle_approval
KG1510,,3+,Graduate,No,83333.33333333333,0.0,2800.0,48.0,1.0,,1,kaggle_approval
KG1511,,3+,Not Graduate,No,266666.6666666667,0.0,10100.0,72.0,1.0,,1,kaggle_approval
KG1512,,3+,Graduate,Yes,283333.3333333333,0.0,7200.0,144.0,1.0,,1,kaggle_approval
KG1513,,0,Not Graduate,No,800000.0,0.0,38200.0,96.0,0.0,,0,kaggle_approval
KG1514,,3+,Not Graduate,No,441666.6666666667,0.0,20300.0,48.0,1.0,,1,kaggle_approval
KG1515,,3+,Graduate,No,391666.6666666667,0.0,17400.0,120.0,0.0,,0,kaggle_approval
KG1516,,3+,Graduate,No,808333.3333333334,0.0,37800.0,144.0,1.0,,1,kaggle_approval
KG1517,,3+,Graduate,No,733333.3333333334,0.0,21600.0,216.0,1.0,,1,kaggle_approval
KG1518,,3+,Graduate,No,491666.6666666667,0.0,13400.0,72.0,0.0,,0,kaggle_approval
KG1519,,3+,Graduate,Yes,200000.0,0.0,7100.0,192.0,1.0,,1,kaggle_approval
KG1520,,3+,Graduate,Yes,658333.3333333334,0.0,21500.0,192.0,0.0,,0,kaggle_approval
KG1521,,0,Graduate,No,116666.66666666667,0.0,2700.0,24.0,1.0,,1,kaggle_approval
KG1522,,0,Graduate,Yes,291666.6666666667,0.0,10000.0,168.0,1.0,,1,kaggle_approval
KG1523,,3+,Graduate,No,283333.3333333333,0.0,13500.0,144.0,1.0,,1,kaggle_approval
KG1524,,2,Graduate,No,508333.3333333333,0.0,23600.0,24.0,0.0,,1,kaggle_approval
KG1525,,2,Not Graduate,Yes,250000.0,0.0,7100.0,48.0,1.0,,1,kaggle_approval
KG1526,,3+,Not Graduate,Yes,283333.3333333333,0.0,9400.0,192.0,0.0,,0,kaggle_approval
KG1527,,0,Graduate,Yes,33333.333333333336,0.0,1200.0,168.0,1.0,,1,kaggle_approval
KG1528,,0,Graduate,No,491666.6666666667,0.0,11800.0,144.0,0.0,,0,kaggle_approval
KG1529,,3+,Graduate,Yes,33333.333333333336,0.0,800.0,24.0,1.0,,1,kaggle_approval
KG1530,,3+,Graduate,Yes,750000.0,0.0,33600.0,24.0,0.0,,1,kaggle_approval
KG1531,,0,Graduate,Yes,733333.3333333334,0.0,23600.0,96.0,1.0,,1,kaggle_approval
KG1532,,3+,Graduate,Yes,166666.66666666666,0.0,4700.0,24.0,1.0,,1,kaggle_approval
KG1533,,2,Graduate,No,391666.6666666667,0.0,14000.0,144.0,1.0,,1,kaggle_approval
KG1534,,3+,Not Graduate,No,225000.0,0.0,6100.0,192.0,1.0,,1,kaggle_approval
KG1535,,1,Not Graduate,No,216666.66666666666,0.0,7900.0,144.0,0.0,,0,kaggle_approval
KG1536,,1,Not Graduate,Yes,750000.0,0.0,25400.0,192.0,1.0,,1,kaggle_approval
KG1537,,3+,Not Graduate,No,425000.0,0.0,19400.0,96.0,1.0,,1,kaggle_approval
KG1538,,2,Graduate,No,550000.0,0.0,25800.0,216.0,0.0,,1,kaggle_approval
KG1539,,2,Graduate,No,366666.6666666667,0.0,9800.0,216.0,1.0,,1,kaggle_approval
KG1540,,3+,Not Graduate,Yes,125000.0,0.0,4600.0,72.0,0.0,,0,kaggle_approval
KG1541,,1,Not Graduate,No,516666.6666666667,0.0,23100.0,192.0,1.0,,1,kaggle_approval
KG1542,,3+,Graduate,Yes,75000.0,0.0,2900.0,72.0,0.0,,1,kaggle_approval
KG1543,,3+,Not Graduate,No,641666.6666666666,0.0,26400.0,144.0,1.0,,1,kaggle_approval
KG1544,,2,Graduate,Yes,50000.0,0.0,2400.0,72.0,0.0,,0,kaggle_approval
KG1545,,3+,Not Graduate,No,358333.3333333333,0.0,16500.0,48.0,0.0,,1,kaggle_approval
KG1546,,2,Not Graduate,Yes,683333.3333333334,0.0,27800.0,192.0,1.0,,1,kaggle_approval
KG1547,,0,Not Graduate,No,291666.6666666667,0.0,11900.0,144.0,1.0,,1,kaggle_approval
KG1548,,1,Graduate,Yes,825000.0,0.0,34100.0,168.0,0.0,,0,kaggle_approval
KG1549,,3+,Graduate,No,58333.333333333336,0.0,1900.0,48.0,1.0,,1,kaggle_approval
KG1550,,1,Graduate,Yes,175000.0,0.0,7300.0,192.0,1.0,,1,kaggle_approval
KG1551,,2,Not Graduate,No,266666.6666666667,0.0,10500.0,144.0,0.0,,0,kaggle_approval
KG1552,,0,Graduate,No,241666.66666666666,0.0,7800.0,96.0,0.0,,0,kaggle_approval
KG1553,,0,Not Graduate,No,583333.3333333334,0.0,18300.0,72.0,0.0,,0,kaggle_approval
KG1554,,1,Graduate,No,308333.3333333333,0.0,13600.0,192.0,1.0,,1,kaggle_approval
KG1555,,3+,Not Graduate,Yes,375000.0,0.0,13100.0,144.0,0.0,,1,kaggle_approval
KG1556,,3+,Graduate,No,16666.666666666668,0.0,800.0,216.0,1.0,,1,kaggle_approval
KG1557,,3+,Not Graduate,Yes,466666.6666666667,0.0,20500.0,96.0,1.0,,1,kaggle_approval
KG1558,,3+,Graduate,No,450000.0,0.0,18600.0,24.0,0.0,,1,kaggle_approval
KG1559,,3+,Not Graduate,No,25000.0,0.0,1000.0,120.0,1.0,,1,kaggle_approval
KG1560,,1,Graduate,Yes,625000.0,0.0,29800.0,216.0,1.0,,1,kaggle_approval
KG1561,,3+,Not Graduate,Yes,208333.33333333334,0.0,9600.0,72.0,0.0,,0,kaggle_approval
KG1562,,3+,Graduate,Yes,258333.33333333334,0.0,8100.0,144.0,1.0,,1,kaggle_approval
KG1563,,1,Graduate,Yes,633333.3333333334,0.0,19300.0,240.0,1.0,,1,kaggle_approval
KG1564,,3+,Not Graduate,Yes,41666.666666666664,0.0,1700.0,24.0,1.0,,1,kaggle_approval
KG1565,,2,Not Graduate,No,225000.0,0.0,5900.0,168.0,1.0,,1,kaggle_approval
KG1566,,2,Not Graduate,Yes,291666.6666666667,0.0,13300.0,48.0,0.0,,1,kaggle_approval
KG1567,,3+,Not Graduate,No,308333.3333333333,0.0,11700.0,48.0,0.0,,1,kaggle_approval
KG1568,,2,Not Graduate,Yes,466666.6666666667,0.0,20000.0,120.0,0.0,,0,kaggle_approval
KG1569,,3+,Not Graduate,Yes,400000.0,0.0,16400.0,168.0,0.0,,0,kaggle_approval
KG1570,,3+,Not Graduate,Yes,433333.3333333333,0.0,12200.0,24.0,1.0,,1,kaggle_approval
KG1571,,3+,Graduate,No,241666.66666666666,0.0,11500.0,192.0,1.0,,1,kaggle_approval
KG1572,,1,Graduate,No,225000.0,0.0,6800.0,240.0,1.0,,1,kaggle_approval
KG1573,,3+,Graduate,No,416666.6666666667,0.0,16200.0,96.0,0.0,,1,kaggle_approval
KG1574,,2,Not Graduate,Yes,225000.0,0.0,9400.0,168.0,1.0,,1,kaggle_approval
KG1575,,3+,Not Graduate,Yes,233333.33333333334,0.0,10000.0,144.0,1.0,,1,kaggle_approval
KG1576,,3+,Not Graduate,Yes,608333.3333333334,0.0,20000.0,216.0,1.0,,1,kaggle_approval
KG1577,,0,Graduate,Yes,491666.6666666667,0.0,15100.0,120.0,1.0,,1,kaggle_approval
KG1578,,0,Graduate,No,675000.0,0.0,21300.0,24.0,0.0,,0,kaggle_approval
KG1579,,3+,Graduate,Yes,158333.33333333334,0.0,7100.0,72.0,0.0,,1,kaggle_approval
KG1580,,3+,Graduate,No,150000.0,0.0,6800.0,216.0,0.0,,0,kaggle_approval
KG1581,,0,Not Graduate,Yes,633333.3333333334,0.0,17800.0,168.0,0.0,,1,kaggle_approval
KG1582,,1,Graduate,No,758333.3333333334,0.0,30100.0,168.0,1.0,,1,kaggle_approval
KG1583,,2,Not Graduate,Yes,441666.6666666667,0.0,12300.0,168.0,0.0,,0,kaggle_approval
KG1584,,2,Not Graduate,No,308333.3333333333,0.0,10900.0,144.0,1.0,,1,kaggle_approval
KG1585,,0,Not Graduate,No,791666.6666666666,0.0,35300.0,72.0,1.0,,1,kaggle_approval
KG1586,,3+,Graduate,No,691666.6666666666,0.0,30500.0,120.0,0.0,,0,kaggle_approval
KG1587,,3+,Graduate,No,533333.3333333334,0.0,21500.0,192.0,1.0,,1,kaggle_approval
KG1588,,3+,Graduate,Yes,441666.6666666667,0.0,17800.0,192.0,0.0,,0,kaggle_approval
KG1589,,0,Graduate,Yes,466666.6666666667,0.0,19300.0,72.0,0.0,,0,kaggle_approval
KG1590,,1,Graduate,Yes,75000.0,0.0,1700.0,216.0,0.0,,0,kaggle_approval
KG1591,,0,Graduate,Yes,200000.0,0.0,7200.0,240.0,0.0,,0,kaggle_approval
KG1592,,1,Graduate,No,791666.6666666666,0.0,23000.0,120.0,1.0,,1,kaggle_approval
KG1593,,2,Not Graduate,Yes,616666.6666666666,0.0,14900.0,240.0,1.0,,1,kaggle_approval
KG1594,,3+,Not Graduate,Yes,125000.0,0.0,3200.0,120.0,1.0,,1,kaggle_approval
KG1595,,3+,Graduate,Yes,733333.3333333334,0.0,30200.0,96.0,1.0,,1,kaggle_approval
KG1596,,3+,Not Graduate,Yes,408333.3333333333,0.0,14300.0,48.0,1.0,,1,kaggle_approval
KG1597,,1,Not Graduate,Yes,675000.0,0.0,26900.0,72.0,0.0,,0,kaggle_approval
KG1598,,2,Not Graduate,Yes,191666.66666666666,0.0,9100.0,240.0,1.0,,1,kaggle_approval
KG1599,,3+,Not Graduate,Yes,250000.0,0.0,6600.0,192.0,0.0,,0,kaggle_approval
KG1600,,2,Not Graduate,Yes,325000.0,0.0,9300.0,96.0,0.0,,1,kaggle_approval
KG1601,,3+,Graduate,Yes,141666.66666666666,0.0,6500.0,240.0,1.0,,1,kaggle_approval
KG1602,,0,Not Graduate,Yes,175000.0,0.0,4900.0,120.0,0.0,,0,kaggle_approval
KG1603,,3+,Graduate,Yes,808333.3333333334,0.0,25000.0,48.0,0.0,,0,kaggle_approval
KG1604,,3+,Not Graduate,Yes,291666.6666666667,0.0,11800.0,48.0,1.0,,1,kaggle_approval
KG1605,,3+,Not Graduate,Yes,125000.0,0.0,5500.0,48.0,0.0,,1,kaggle_approval
KG1606,,3+,Not Graduate,Yes,733333.3333333334,0.0,26200.0,240.0,1.0,,1,kaggle_approval
KG1607,,3+,Graduate,No,75000.0,0.0,3100.0,120.0,0.0,,0,kaggle_approval
KG1608,,0,Graduate,Yes,291666.6666666667,0.0,10800.0,168.0,1.0,,1,kaggle_approval
KG1609,,3+,Not Graduate,No,458333.3333333333,0.0,21200.0,48.0,0.0,,1,kaggle_approval
KG1610,,3+,Not Graduate,Yes,816666.6666666666,0.0,23200.0,120.0,0.0,,0,kaggle_approval
KG1611,,3+,Graduate,No,175000.0,0.0,5500.0,240.0,1.0,,1,kaggle_approval
KG1612,,0,Graduate,No,150000.0,0.0,5700.0,216.0,0.0,,0,kaggle_approval
KG1613,,3+,Graduate,Yes,483333.3333333333,0.0,13000.0,96.0,1.0,,1,kaggle_approval
KG1614,,3+,Graduate,No,558333.3333333334,0.0,17200.0,216.0,1.0,,1,kaggle_approval
KG1615,,3+,Graduate,No,358333.3333333333,0.0,16300.0,120.0,0.0,,0,kaggle_approval
KG1616,,1,Graduate,No,100000.0,0.0,2800.0,144.0,0.0,,0,kaggle_approval
KG1617,,3+,Not Graduate,Yes,808333.3333333334,0.0,25900.0,24.0,1.0,,1,kaggle_approval
KG1618,,3+,Graduate,Yes,450000.0,0.0,11200.0,120.0,0.0,,0,kaggle_approval
KG1619,,1,Not Graduate,Yes,441666.6666666667,0.0,14100.0,168.0,0.0,,0,kaggle_approval
KG1620,,1,Graduate,No,608333.3333333334,0.0,24200.0,240.0,0.0,,0,kaggle_approval
KG1621,,3+,Graduate,No,791666.6666666666,0.0,19200.0,24.0,0.0,,0,kaggle_approval
KG1622,,0,Not Graduate,Yes,600000.0,0.0,15600.0,24.0,0.0,,0,kaggle_approval
KG1623,,3+,Graduate,Yes,750000.0,0.0,32900.0,72.0,1.0,,1,kaggle_approval
KG1624,,3+,Not Graduate,No,541666.6666666666,0.0,23300.0,144.0,1.0,,1,kaggle_approval
KG1625,,1,Graduate,Yes,791666.6666666666,0.0,30500.0,216.0,0.0,,0,kaggle_approval
KG1626,,2,Not Graduate,Yes,825000.0,0.0,33200.0,48.0,0.0,,1,kaggle_approval
KG1627,,3+,Not Graduate,No,241666.66666666666,0.0,8700.0,72.0,0.0,,0,kaggle_approval
KG1628,,3+,Graduate,Yes,58333.333333333336,0.0,1800.0,240.0,1.0,,1,kaggle_approval
KG1629,,3+,Not Graduate,No,350000.0,0.0,13400.0,192.0,0.0,,0,kaggle_approval
KG1630,,3+,Not Graduate,No,350000.0,0.0,11400.0,120.0,1.0,,1,kaggle_approval
KG1631,,0,Not Graduate,No,633333.3333333334,0.0,26500.0,72.0,0.0,,0,kaggle_approval
KG1632,,2,Graduate,Yes,591666.6666666666,0.0,18800.0,144.0,1.0,,1,kaggle_approval
KG1633,,1,Not Graduate,Yes,391666.6666666667,0.0,16000.0,168.0,0.0,,0,kaggle_approval
KG1634,,0,Graduate,Yes,816666.6666666666,0.0,23200.0,120.0,0.0,,1,kaggle_approval
KG1635,,0,Graduate,Yes,816666.6666666666,0.0,38700.0,24.0,1.0,,1,kaggle_approval
KG1636,,0,Not Graduate,No,425000.0,0.0,13400.0,192.0,1.0,,1,kaggle_approval
KG1637,,0,Not Graduate,Yes,275000.0,0.0,7700.0,144.0,1.0,,1,kaggle_approval
KG1638,,3+,Graduate,No,375000.0,0.0,12500.0,144.0,0.0,,0,kaggle_approval
KG1639,,0,Graduate,Yes,325000.0,0.0,12800.0,216.0,0.0,,1,kaggle_approval
KG1640,,3+,Graduate,Yes,266666.6666666667,0.0,9900.0,120.0,0.0,,0,kaggle_approval
KG1641,,2,Graduate,No,266666.6666666667,0.0,10400.0,120.0,0.0,,1,kaggle_approval
KG1642,,2,Not Graduate,No,800000.0,0.0,31200.0,144.0,0.0,,1,kaggle_approval
KG1643,,2,Not Graduate,Yes,725000.0,0.0,18900.0,24.0,0.0,,1,kaggle_approval
KG1644,,2,Not Graduate,Yes,158333.33333333334,0.0,6800.0,72.0,1.0,,1,kaggle_approval
KG1645,,2,Not Graduate,Yes,241666.66666666666,0.0,10200.0,120.0,0.0,,0,kaggle_approval
KG1646,,0,Not Graduate,No,516666.6666666667,0.0,12900.0,120.0,1.0,,1,kaggle_approval
KG1647,,0,Not Graduate,No,491666.6666666667,0.0,20300.0,48.0,1.0,,1,kaggle_approval
KG1648,,3+,Not Graduate,Yes,266666.6666666667,0.0,12800.0,96.0,1.0,,1,kaggle_approval
KG1649,,1,Not Graduate,Yes,108333.33333333333,0.0,5000.0,48.0,1.0,,1,kaggle_approval
KG1650,,2,Not Graduate,Yes,108333.33333333333,0.0,3200.0,48.0,1.0,,1,kaggle_approval
KG1651,,1,Graduate,No,725000.0,0.0,33200.0,48.0,1.0,,1,kaggle_approval
KG1652,,3+,Not Graduate,No,525000.0,0.0,23800.0,120.0,1.0,,1,kaggle_approval
KG1653,,3+,Graduate,No,358333.3333333333,0.0,11200.0,72.0,0.0,,1,kaggle_approval
KG1654,,3+,Not Graduate,Yes,533333.3333333334,0.0,23500.0,144.0,1.0,,1,kaggle_approval
KG1655,,3+,Not Graduate,Yes,641666.6666666666,0.0,25800.0,216.0,0.0,,1,kaggle_approval
KG1656,,2,Not Graduate,No,575000.0,0.0,23900.0,144.0,1.0,,1,kaggle_approval
KG1657,,0,Not Graduate,No,350000.0,0.0,14800.0,240.0,0.0,,0,kaggle_approval
KG1658,,3+,Not Graduate,No,325000.0,0.0,9000.0,24.0,1.0,,1,kaggle_approval
KG1659,,0,Graduate,Yes,166666.66666666666,0.0,4900.0,168.0,0.0,,1,kaggle_approval
KG1660,,1,Not Graduate,No,41666.666666666664,0.0,1700.0,24.0,1.0,,1,kaggle_approval
KG1661,,0,Graduate,No,291666.6666666667,0.0,8800.0,144.0,1.0,,1,kaggle_approval
KG1662,,2,Not Graduate,Yes,258333.33333333334,0.0,10700.0,192.0,0.0,,0,kaggle_approval
KG1663,,3+,Not Graduate,Yes,408333.3333333333,0.0,19000.0,48.0,0.0,,1,kaggle_approval
KG1664,,1,Not Graduate,No,83333.33333333333,0.0,3600.0,48.0,0.0,,1,kaggle_approval
KG1665,,2,Graduate,No,558333.3333333334,0.0,21400.0,96.0,0.0,,0,kaggle_approval
KG1666,,1,Graduate,No,341666.6666666667,0.0,9400.0,72.0,1.0,,1,kaggle_approval
KG1667,,3+,Not Graduate,Yes,133333.33333333334,0.0,3800.0,24.0,1.0,,1,kaggle_approval
KG1668,,3+,Graduate,Yes,200000.0,0.0,9200.0,168.0,1.0,,1,kaggle_approval
KG1669,,0,Graduate,No,183333.33333333334,0.0,6400.0,48.0,1.0,,1,kaggle_approval
KG1670,,3+,Graduate,No,266666.6666666667,0.0,8400.0,216.0,1.0,,1,kaggle_approval
KG1671,,3+,Not Graduate,Yes,133333.33333333334,0.0,4400.0,240.0,0.0,,0,kaggle_approval
KG1672,,2,Not Graduate,No,325000.0,0.0,14900.0,72.0,0.0,,0,kaggle_approval
KG1673,,3+,Graduate,Yes,166666.66666666666,0.0,6300.0,48.0,0.0,,1,kaggle_approval
KG1674,,1,Graduate,Yes,633333.3333333334,0.0,25400.0,120.0,0.0,,1,kaggle_approval
KG1675,,1,Not Graduate,No,816666.6666666666,0.0,21300.0,24.0,0.0,,0,kaggle_approval
KG1676,,3+,Not Graduate,No,658333.3333333334,0.0,29900.0,72.0,0.0,,1,kaggle_approval
KG1677,,1,Graduate,No,133333.33333333334,0.0,4000.0,120.0,1.0,,1,kaggle_approval
KG1678,,1,Graduate,Yes,533333.3333333334,0.0,13900.0,144.0,0.0,,0,kaggle_approval
KG1679,,1,Graduate,Yes,533333.3333333334,0.0,17900.0,72.0,0.0,,1,kaggle_approval
KG1680,,3+,Graduate,No,133333.33333333334,0.0,5500.0,120.0,0.0,,1,kaggle_approval
KG1681,,0,Graduate,No,766666.6666666666,0.0,30700.0,120.0,0.0,,0,kaggle_approval
KG1682,,1,Not Graduate,No,650000.0,0.0,24900.0,72.0,0.0,,0,kaggle_approval
KG1683,,1,Not Graduate,Yes,333333.3333333333,0.0,9400.0,96.0,0.0,,0,kaggle_approval
KG1684,,2,Not Graduate,Yes,508333.3333333333,0.0,19400.0,96.0,0.0,,0,kaggle_approval
KG1685,,3+,Graduate,No,591666.6666666666,0.0,14500.0,168.0,1.0,,1,kaggle_approval
KG1686,,0,Not Graduate,Yes,208333.33333333334,0.0,9900.0,72.0,1.0,,1,kaggle_approval
KG1687,,3+,Graduate,No,266666.6666666667,0.0,8700.0,192.0,0.0,,1,kaggle_approval
KG1688,,3+,Graduate,No,141666.66666666666,0.0,4300.0,216.0,0.0,,1,kaggle_approval
KG1689,,3+,Graduate,No,525000.0,0.0,17600.0,72.0,1.0,,1,kaggle_approval
KG1690,,3+,Graduate,Yes,58333.333333333336,0.0,2400.0,168.0,1.0,,1,kaggle_approval
KG1691,,3+,Graduate,Yes,91666.66666666667,0.0,2700.0,216.0,0.0,,0,kaggle_approval
KG1692,,1,Not Graduate,Yes,741666.6666666666,0.0,32000.0,192.0,1.0,,1,kaggle_approval
KG1693,,3+,Graduate,No,25000.0,0.0,700.0,240.0,1.0,,1,kaggle_approval
KG1694,,1,Not Graduate,No,183333.33333333334,0.0,5200.0,168.0,1.0,,1,kaggle_approval
KG1695,,3+,Not Graduate,No,283333.3333333333,0.0,13500.0,120.0,0.0,,0,kaggle_approval
KG1696,,0,Graduate,Yes,658333.3333333334,0.0,23500.0,240.0,1.0,,1,kaggle_approval
KG1697,,3+,Not Graduate,Yes,483333.3333333333,0.0,18200.0,192.0,1.0,,1,kaggle_approval
KG1698,,0,Graduate,Yes,783333.3333333334,0.0,20000.0,72.0,0.0,,0,kaggle_approval
KG1699,,2,Graduate,No,400000.0,0.0,18900.0,48.0,1.0,,1,kaggle_approval
KG1700,,3+,Not Graduate,No,633333.3333333334,0.0,26600.0,48.0,1.0,,1,kaggle_approval
KG1701,,0,Not Graduate,No,491666.6666666667,0.0,17600.0,192.0,1.0,,1,kaggle_approval
KG1702,,1,Graduate,Yes,358333.3333333333,0.0,10100.0,24.0,1.0,,1,kaggle_approval
KG1703,,3+,Graduate,No,508333.3333333333,0.0,17800.0,72.0,1.0,,1,kaggle_approval
KG1704,,3+,Graduate,No,450000.0,0.0,19700.0,240.0,0.0,,0,kaggle_approval
KG1705,,1,Not Graduate,Yes,433333.3333333333,0.0,11200.0,24.0,0.0,,0,kaggle_approval
KG1706,,3+,Not Graduate,No,708333.3333333334,0.0,31300.0,144.0,0.0,,0,kaggle_approval
KG1707,,3+,Not Graduate,No,75000.0,0.0,1900.0,240.0,0.0,,0,kaggle_approval
KG1708,,1,Not Graduate,No,116666.66666666667,0.0,4100.0,240.0,0.0,,0,kaggle_approval
KG1709,,1,Not Graduate,Yes,200000.0,0.0,9300.0,240.0,0.0,,0,kaggle_approval
KG1710,,3+,Graduate,No,525000.0,0.0,15000.0,216.0,1.0,,1,kaggle_approval
KG1711,,1,Graduate,No,258333.33333333334,0.0,7600.0,240.0,0.0,,0,kaggle_approval
KG1712,,3+,Graduate,Yes,575000.0,0.0,19000.0,168.0,0.0,,0,kaggle_approval
KG1713,,2,Not Graduate,Yes,250000.0,0.0,7400.0,120.0,1.0,,1,kaggle_approval
KG1714,,0,Not Graduate,No,258333.33333333334,0.0,10100.0,168.0,0.0,,0,kaggle_approval
KG1715,,3+,Not Graduate,No,50000.0,0.0,1200.0,168.0,0.0,,0,kaggle_approval
KG1716,,3+,Not Graduate,Yes,391666.6666666667,0.0,13700.0,168.0,1.0,,1,kaggle_approval
KG1717,,1,Graduate,No,208333.33333333334,0.0,6900.0,240.0,0.0,,0,kaggle_approval
KG1718,,0,Graduate,No,808333.3333333334,0.0,30400.0,48.0,0.0,,1,kaggle_approval
KG1719,,3+,Not Graduate,Yes,633333.3333333334,0.0,20000.0,216.0,1.0,,1,kaggle_approval
KG1720,,1,Graduate,No,700000.0,0.0,24700.0,96.0,0.0,,0,kaggle_approval
KG1721,,3+,Graduate,Yes,316666.6666666667,0.0,15100.0,240.0,0.0,,0,kaggle_approval
KG1722,,3+,Not Graduate,Yes,258333.33333333334,0.0,11400.0,192.0,0.0,,1,kaggle_approval
KG1723,,2,Not Graduate,No,475000.0,0.0,21300.0,120.0,0.0,,0,kaggle_approval
KG1724,,1,Graduate,Yes,458333.3333333333,0.0,19700.0,120.0,0.0,,0,kaggle_approval
KG1725,,1,Not Graduate,Yes,16666.666666666668,0.0,600.0,24.0,0.0,,1,kaggle_approval
KG1726,,3+,Not Graduate,Yes,308333.3333333333,0.0,13800.0,120.0,1.0,,1,kaggle_approval
KG1727,,2,Not Graduate,Yes,133333.33333333334,0.0,4300.0,240.0,0.0,,0,kaggle_approval
KG1728,,3+,Graduate,No,325000.0,0.0,11000.0,24.0,1.0,,1,kaggle_approval
KG1729,,3+,Not Graduate,Yes,58333.333333333336,0.0,1600.0,216.0,0.0,,0,kaggle_approval
KG1730,,3+,Graduate,Yes,483333.3333333333,0.0,16700.0,216.0,1.0,,1,kaggle_approval
KG1731,,3+,Graduate,Yes,316666.6666666667,0.0,14000.0,72.0,1.0,,1,kaggle_approval
KG1732,,2,Graduate,No,533333.3333333334,0.0,16900.0,192.0,0.0,,0,kaggle_approval
KG1733,,1,Graduate,Yes,458333.3333333333,0.0,12100.0,48.0,0.0,,0,kaggle_approval
KG1734,,1,Not Graduate,Yes,566666.6666666666,0.0,13700.0,120.0,1.0,,1,kaggle_approval
KG1735,,3+,Not Graduate,No,558333.3333333334,0.0,13400.0,120.0,0.0,,0,kaggle_approval
KG1736,,1,Graduate,Yes,441666.6666666667,0.0,11500.0,168.0,1.0,,1,kaggle_approval
KG1737,,2,Graduate,No,550000.0,0.0,23200.0,192.0,0.0,,1,kaggle_approval
KG1738,,2,Graduate,No,550000.0,0.0,13100.0,240.0,1.0,,1,kaggle_approval
KG1739,,0,Not Graduate,No,633333.3333333334,0.0,25200.0,72.0,1.0,,1,kaggle_approval
KG1740,,3+,Not Graduate,Yes,208333.33333333334,0.0,6100.0,240.0,0.0,,0,kaggle_approval
KG1741,,3+,Not Graduate,No,91666.66666666667,0.0,2500.0,48.0,1.0,,1,kaggle_approval
KG1742,,1,Not Graduate,No,191666.66666666666,0.0,8200.0,96.0,1.0,,1,kaggle_approval
KG1743,,1,Graduate,Yes,275000.0,0.0,11700.0,48.0,1.0,,1,kaggle_approval
KG1744,,3+,Graduate,Yes,216666.66666666666,0.0,5900.0,72.0,0.0,,0,kaggle_approval
KG1745,,3+,Not Graduate,Yes,775000.0,0.0,36700.0,240.0,1.0,,1,kaggle_approval
KG1746,,3+,Not Graduate,No,441666.6666666667,0.0,18500.0,96.0,0.0,,0,kaggle_approval
KG1747,,2,Not Graduate,No,450000.0,0.0,13800.0,240.0,0.0,,1,kaggle_approval
KG1748,,3+,Not Graduate,Yes,291666.6666666667,0.0,12000.0,96.0,0.0,,0,kaggle_approval
KG1749,,2,Graduate,No,350000.0,0.0,10200.0,168.0,0.0,,0,kaggle_approval
KG1750,,0,Not Graduate,Yes,766666.6666666666,0.0,34900.0,48.0,1.0,,1,kaggle_approval
KG1751,,2,Graduate,No,358333.3333333333,0.0,9800.0,24.0,0.0,,0,kaggle_approval
KG1752,,1,Graduate,Yes,625000.0,0.0,19900.0,120.0,1.0,,1,kaggle_approval
KG1753,,3+,Not Graduate,Yes,450000.0,0.0,18800.0,240.0,0.0,,0,kaggle_approval
KG1754,,3+,Not Graduate,No,458333.3333333333,0.0,16200.0,216.0,1.0,,1,kaggle_approval
KG1755,,2,Not Graduate,Yes,175000.0,0.0,4500.0,24.0,1.0,,1,kaggle_approval
KG1756,,0,Graduate,No,308333.3333333333,0.0,12300.0,192.0,1.0,,1,kaggle_approval
KG1757,,0,Graduate,No,733333.3333333334,0.0,32900.0,216.0,0.0,,1,kaggle_approval
KG1758,,3+,Not Graduate,No,483333.3333333333,0.0,22800.0,144.0,1.0,,1,kaggle_approval
KG1759,,3+,Graduate,No,658333.3333333334,0.0,30600.0,24.0,0.0,,1,kaggle_approval
KG1760,,1,Not Graduate,Yes,258333.33333333334,0.0,6300.0,240.0,1.0,,1,kaggle_approval
KG1761,,0,Not Graduate,No,341666.6666666667,0.0,14500.0,144.0,0.0,,0,kaggle_approval
KG1762,,2,Not Graduate,Yes,816666.6666666666,0.0,32700.0,24.0,0.0,,1,kaggle_approval
KG1763,,3+,Not Graduate,No,275000.0,0.0,8400.0,216.0,0.0,,0,kaggle_approval
KG1764,,0,Graduate,No,166666.66666666666,0.0,6200.0,168.0,1.0,,1,kaggle_approval
KG1765,,2,Not Graduate,Yes,50000.0,0.0,1100.0,96.0,1.0,,1,kaggle_approval
KG1766,,3+,Not Graduate,Yes,300000.0,0.0,9500.0,24.0,1.0,,1,kaggle_approval
KG1767,,2,Not Graduate,No,625000.0,0.0,29100.0,240.0,1.0,,1,kaggle_approval
KG1768,,3+,Graduate,Yes,16666.666666666668,0.0,400.0,216.0,1.0,,1,kaggle_approval
KG1769,,3+,Not Graduate,No,825000.0,0.0,29100.0,216.0,1.0,,1,kaggle_approval
KG1770,,3+,Graduate,Yes,508333.3333333333,0.0,22500.0,72.0,1.0,,1,kaggle_approval
KG1771,,3+,Not Graduate,Yes,291666.6666666667,0.0,10300.0,120.0,0.0,,0,kaggle_approval
KG1772,,0,Not Graduate,Yes,650000.0,0.0,19000.0,144.0,0.0,,0,kaggle_approval
KG1773,,3+,Not Graduate,Yes,725000.0,0.0,29300.0,48.0,0.0,,1,kaggle_approval
KG1774,,2,Graduate,Yes,458333.3333333333,0.0,12400.0,168.0,1.0,,1,kaggle_approval
KG1775,,3+,Graduate,Yes,150000.0,0.0,5100.0,96.0,1.0,,1,kaggle_approval
KG1776,,2,Graduate,No,666666.6666666666,0.0,31900.0,192.0,1.0,,1,kaggle_approval
KG1777,,3+,Not Graduate,Yes,625000.0,0.0,17000.0,96.0,0.0,,0,kaggle_approval
KG1778,,3+,Graduate,Yes,308333.3333333333,0.0,12000.0,144.0,1.0,,1,kaggle_approval
KG1779,,2,Graduate,Yes,133333.33333333334,0.0,4700.0,144.0,0.0,,1,kaggle_approval
KG1780,,3+,Graduate,No,108333.33333333333,0.0,2700.0,72.0,1.0,,1,kaggle_approval
KG1781,,3+,Graduate,Yes,200000.0,0.0,8200.0,120.0,1.0,,1,kaggle_approval
KG1782,,3+,Graduate,Yes,341666.6666666667,0.0,11600.0,168.0,1.0,,1,kaggle_approval
KG1783,,2,Not Graduate,Yes,608333.3333333334,0.0,15200.0,240.0,1.0,,1,kaggle_approval
KG1784,,1,Graduate,Yes,666666.6666666666,0.0,24600.0,144.0,1.0,,1,kaggle_approval
KG1785,,3+,Not Graduate,No,658333.3333333334,0.0,28000.0,48.0,0.0,,1,kaggle_approval
KG1786,,3+,Not Graduate,No,600000.0,0.0,18900.0,192.0,0.0,,0,kaggle_approval
KG1787,,3+,Not Graduate,No,516666.6666666667,0.0,13200.0,168.0,1.0,,1,kaggle_approval
KG1788,,2,Not Graduate,Yes,475000.0,0.0,18100.0,240.0,0.0,,0,kaggle_approval
KG1789,,0,Graduate,Yes,483333.3333333333,0.0,14100.0,192.0,0.0,,1,kaggle_approval
KG1790,,1,Not Graduate,No,75000.0,0.0,3500.0,216.0,0.0,,0,kaggle_approval
KG1791,,0,Not Graduate,Yes,183333.33333333334,0.0,7500.0,120.0,0.0,,0,kaggle_approval
KG1792,,3+,Not Graduate,Yes,150000.0,0.0,5300.0,168.0,0.0,,0,kaggle_approval
KG1793,,0,Not Graduate,Yes,66666.66666666667,0.0,2400.0,192.0,1.0,,1,kaggle_approval
KG1794,,2,Graduate,Yes,633333.3333333334,0.0,18100.0,168.0,0.0,,0,kaggle_approval
KG1795,,2,Graduate,Yes,341666.6666666667,0.0,13500.0,48.0,1.0,,1,kaggle_approval
KG1796,,3+,Graduate,Yes,383333.3333333333,0.0,10900.0,144.0,1.0,,1,kaggle_approval
KG1797,,3+,Graduate,No,191666.66666666666,0.0,6800.0,120.0,0.0,,0,kaggle_approval
KG1798,,0,Not Graduate,Yes,666666.6666666666,0.0,21100.0,72.0,0.0,,0,kaggle_approval
KG1799,,2,Not Graduate,Yes,316666.6666666667,0.0,14500.0,192.0,0.0,,1,kaggle_approval
KG1800,,2,Not Graduate,Yes,791666.6666666666,0.0,36800.0,72.0,0.0,,0,kaggle_approval
KG1801,,2,Graduate,No,775000.0,0.0,21200.0,24.0,0.0,,0,kaggle_approval
KG1802,,3+,Graduate,No,391666.6666666667,0.0,17000.0,48.0,0.0,,1,kaggle_approval
KG1803,,3+,Not Graduate,No,500000.0,0.0,24000.0,240.0,1.0,,1,kaggle_approval
KG1804,,2,Graduate,Yes,458333.3333333333,0.0,21700.0,24.0,0.0,,1,kaggle_approval
KG1805,,0,Not Graduate,Yes,383333.3333333333,0.0,14800.0,72.0,0.0,,0,kaggle_approval
KG1806,,3+,Not Graduate,No,825000.0,0.0,33600.0,240.0,0.0,,1,kaggle_approval
KG1807,,1,Graduate,Yes,516666.6666666667,0.0,16200.0,48.0,1.0,,1,kaggle_approval
KG1808,,3+,Not Graduate,Yes,33333.333333333336,0.0,1100.0,72.0,1.0,,1,kaggle_approval
KG1809,,1,Not Graduate,Yes,650000.0,0.0,22200.0,120.0,1.0,,1,kaggle_approval
KG1810,,0,Graduate,Yes,241666.66666666666,0.0,10800.0,240.0,1.0,,1,kaggle_approval
KG1811,,3+,Not Graduate,No,41666.666666666664,0.0,1200.0,72.0,1.0,,1,kaggle_approval
KG1812,,0,Not Graduate,No,208333.33333333334,0.0,6900.0,144.0,0.0,,0,kaggle_approval
KG1813,,3+,Not Graduate,No,750000.0,0.0,35200.0,24.0,0.0,,1,kaggle_approval
KG1814,,3+,Not Graduate,Yes,433333.3333333333,0.0,11400.0,120.0,0.0,,0,kaggle_approval
KG1815,,3+,Not Graduate,No,500000.0,0.0,19700.0,240.0,0.0,,0,kaggle_approval
KG1816,,1,Graduate,No,425000.0,0.0,13800.0,168.0,0.0,,0,kaggle_approval
KG1817,,3+,Not Graduate,Yes,666666.6666666666,0.0,22500.0,240.0,1.0,,1,kaggle_approval
KG1818,,3+,Graduate,Yes,766666.6666666666,0.0,25400.0,168.0,1.0,,1,kaggle_approval
KG1819,,3+,Not Graduate,No,816666.6666666666,0.0,32200.0,216.0,0.0,,1,kaggle_approval
KG1820,,3+,Graduate,Yes,633333.3333333334,0.0,30000.0,120.0,0.0,,0,kaggle_approval
KG1821,,1,Graduate,No,425000.0,0.0,11800.0,144.0,0.0,,0,kaggle_approval
KG1822,,3+,Graduate,Yes,125000.0,0.0,3300.0,192.0,0.0,,0,kaggle_approval
KG1823,,2,Not Graduate,Yes,516666.6666666667,0.0,16500.0,48.0,0.0,,0,kaggle_approval
KG1824,,2,Graduate,Yes,525000.0,0.0,24600.0,96.0,0.0,,0,kaggle_approval
KG1825,,1,Graduate,Yes,458333.3333333333,0.0,14900.0,24.0,0.0,,0,kaggle_approval
KG1826,,3+,Not Graduate,No,675000.0,0.0,30400.0,144.0,1.0,,1,kaggle_approval
KG1827,,1,Graduate,No,525000.0,0.0,22000.0,240.0,1.0,,1,kaggle_approval
KG1828,,1,Graduate,No,91666.66666666667,0.0,3600.0,240.0,0.0,,0,kaggle_approval
KG1829,,3+,Not Graduate,Yes,600000.0,0.0,21600.0,24.0,1.0,,1,kaggle_approval
KG1830,,1,Not Graduate,Yes,250000.0,0.0,6000.0,192.0,0.0,,0,kaggle_approval
KG1831,,3+,Graduate,No,225000.0,0.0,7600.0,96.0,1.0,,1,kaggle_approval
KG1832,,0,Not Graduate,No,416666.6666666667,0.0,16300.0,144.0,1.0,,1,kaggle_approval
KG1833,,0,Not Graduate,No,700000.0,0.0,22300.0,168.0,0.0,,0,kaggle_approval
KG1834,,1,Graduate,No,641666.6666666666,0.0,27300.0,96.0,0.0,,0,kaggle_approval
KG1835,,1,Graduate,No,391666.6666666667,0.0,14000.0,24.0,0.0,,0,kaggle_approval
KG1836,,2,Not Graduate,No,358333.3333333333,0.0,11800.0,240.0,1.0,,1,kaggle_approval
KG1837,,3+,Not Graduate,No,208333.33333333334,0.0,8800.0,120.0,1.0,,1,kaggle_approval
KG1838,,3+,Not Graduate,Yes,366666.6666666667,0.0,12500.0,72.0,1.0,,1,kaggle_approval
KG1839,,3+,Not Graduate,No,475000.0,0.0,11600.0,48.0,1.0,,1,kaggle_approval
KG1840,,2,Not Graduate,No,441666.6666666667,0.0,13100.0,168.0,0.0,,0,kaggle_approval
KG1841,,3+,Graduate,No,383333.3333333333,0.0,14400.0,72.0,1.0,,1,kaggle_approval
KG1842,,3+,Not Graduate,No,33333.333333333336,0.0,1100.0,192.0,0.0,,0,kaggle_approval
KG1843,,0,Not Graduate,No,175000.0,0.0,5900.0,168.0,0.0,,0,kaggle_approval
KG1844,,2,Graduate,Yes,100000.0,0.0,3500.0,192.0,0.0,,0,kaggle_approval
KG1845,,2,Graduate,Yes,666666.6666666666,0.0,28400.0,120.0,1.0,,1,kaggle_approval
KG1846,,1,Graduate,Yes,416666.6666666667,0.0,19400.0,120.0,0.0,,0,kaggle_approval
KG1847,,0,Not Graduate,No,708333.3333333334,0.0,17200.0,144.0,1.0,,1,kaggle_approval
KG1848,,3+,Graduate,No,383333.3333333333,0.0,16600.0,192.0,1.0,,1,kaggle_approval
KG1849,,2,Graduate,No,383333.3333333333,0.0,16100.0,216.0,1.0,,1,kaggle_approval
KG1850,,2,Not Graduate,Yes,708333.3333333334,0.0,30900.0,168.0,0.0,,0,kaggle_approval
KG1851,,1,Graduate,Yes,650000.0,0.0,25100.0,216.0,1.0,,1,kaggle_approval
KG1852,,3+,Not Graduate,Yes,116666.66666666667,0.0,3800.0,192.0,0.0,,0,kaggle_approval
KG1853,,1,Not Graduate,Yes,308333.3333333333,0.0,10200.0,48.0,0.0,,0,kaggle_approval
KG1854,,3+,Not Graduate,Yes,83333.33333333333,0.0,2500.0,216.0,1.0,,1,kaggle_approval
KG1855,,3+,Not Graduate,No,75000.0,0.0,3100.0,240.0,1.0,,1,kaggle_approval
KG1856,,2,Graduate,No,466666.6666666667,0.0,19500.0,96.0,0.0,,0,kaggle_approval
KG1857,,3+,Not Graduate,No,266666.6666666667,0.0,10600.0,192.0,1.0,,1,kaggle_approval
KG1858,,1,Graduate,No,241666.66666666666,0.0,11100.0,240.0,0.0,,0,kaggle_approval
KG1859,,2,Graduate,Yes,25000.0,0.0,800.0,120.0,1.0,,1,kaggle_approval
KG1860,,0,Graduate,Yes,200000.0,0.0,5900.0,168.0,0.0,,0,kaggle_approval
KG1861,,3+,Graduate,No,416666.6666666667,0.0,17600.0,96.0,0.0,,0,kaggle_approval
KG1862,,3+,Not Graduate,Yes,416666.6666666667,0.0,16700.0,240.0,0.0,,0,kaggle_approval
KG1863,,2,Not Graduate,Yes,16666.666666666668,0.0,600.0,96.0,0.0,,1,kaggle_approval
KG1864,,3+,Not Graduate,Yes,500000.0,0.0,16000.0,144.0,1.0,,1,kaggle_approval
KG1865,,2,Not Graduate,No,466666.6666666667,0.0,13700.0,24.0,0.0,,1,kaggle_approval
KG1866,,1,Not Graduate,No,375000.0,0.0,12400.0,72.0,0.0,,0,kaggle_approval
KG1867,,3+,Not Graduate,Yes,16666.666666666668,0.0,300.0,96.0,0.0,,0,kaggle_approval
KG1868,,3+,Not Graduate,Yes,516666.6666666667,0.0,18300.0,48.0,1.0,,1,kaggle_approval
KG1869,,3+,Not Graduate,Yes,816666.6666666666,0.0,23800.0,96.0,1.0,,1,kaggle_approval
KG1870,,3+,Graduate,Yes,325000.0,0.0,9000.0,96.0,0.0,,0,kaggle_approval
KG1871,,3+,Not Graduate,Yes,691666.6666666666,0.0,20900.0,48.0,1.0,,1,kaggle_approval
KG1872,,2,Graduate,Yes,408333.3333333333,0.0,12200.0,216.0,0.0,,0,kaggle_approval
KG1873,,3+,Graduate,Yes,575000.0,0.0,16300.0,96.0,1.0,,1,kaggle_approval
KG1874,,2,Not Graduate,No,375000.0,0.0,14500.0,216.0,0.0,,0,kaggle_approval
KG1875,,3+,Not Graduate,No,625000.0,0.0,21900.0,24.0,0.0,,1,kaggle_approval
KG1876,,1,Not Graduate,Yes,191666.66666666666,0.0,6400.0,96.0,0.0,,1,kaggle_approval
KG1877,,1,Graduate,No,616666.6666666666,0.0,15500.0,24.0,1.0,,1,kaggle_approval
KG1878,,3+,Graduate,No,400000.0,0.0,14300.0,72.0,1.0,,1,kaggle_approval
KG1879,,1,Graduate,No,216666.66666666666,0.0,9900.0,72.0,0.0,,1,kaggle_approval
KG1880,,3+,Not Graduate,Yes,225000.0,0.0,10600.0,96.0,1.0,,1,kaggle_approval
KG1881,,3+,Not Graduate,No,308333.3333333333,0.0,10900.0,192.0,0.0,,0,kaggle_approval
KG1882,,3+,Graduate,Yes,216666.66666666666,0.0,9400.0,216.0,0.0,,0,kaggle_approval
KG1883,,3+,Not Graduate,Yes,733333.3333333334,0.0,23100.0,192.0,0.0,,0,kaggle_approval
KG1884,,2,Not Graduate,No,625000.0,0.0,15400.0,96.0,0.0,,0,kaggle_approval
KG1885,,0,Graduate,No,391666.6666666667,0.0,18500.0,48.0,0.0,,1,kaggle_approval
KG1886,,2,Not Graduate,No,591666.6666666666,0.0,26600.0,72.0,1.0,,1,kaggle_approval
KG1887,,3+,Not Graduate,Yes,458333.3333333333,0.0,19300.0,120.0,0.0,,0,kaggle_approval
KG1888,,2,Graduate,No,791666.6666666666,0.0,31500.0,144.0,1.0,,1,kaggle_approval
KG1889,,3+,Graduate,Yes,350000.0,0.0,15400.0,96.0,0.0,,0,kaggle_approval
KG1890,,3+,Graduate,Yes,575000.0,0.0,18600.0,216.0,0.0,,0,kaggle_approval
KG1891,,3+,Graduate,No,825000.0,0.0,24600.0,24.0,0.0,,0,kaggle_approval
KG1892,,3+,Graduate,No,558333.3333333334,0.0,17700.0,72.0,0.0,,0,kaggle_approval
KG1893,,0,Not Graduate,Yes,775000.0,0.0,22200.0,168.0,1.0,,1,kaggle_approval
KG1894,,2,Graduate,No,466666.6666666667,0.0,17200.0,192.0,0.0,,1,kaggle_approval
KG1895,,0,Graduate,Yes,675000.0,0.0,17600.0,192.0,0.0,,0,kaggle_approval
KG1896,,3+,Not Graduate,No,500000.0,0.0,18000.0,216.0,1.0,,1,kaggle_approval
KG1897,,3+,Not Graduate,Yes,350000.0,0.0,11200.0,24.0,1.0,,1,kaggle_approval
KG1898,,3+,Graduate,No,133333.33333333334,0.0,4000.0,216.0,0.0,,0,kaggle_approval
KG1899,,3+,Graduate,Yes,66666.66666666667,0.0,1500.0,24.0,0.0,,1,kaggle_approval
KG1900,,1,Graduate,No,41666.666666666664,0.0,1300.0,72.0,1.0,,1,kaggle_approval
KG1901,,3+,Not Graduate,Yes,358333.3333333333,0.0,14100.0,144.0,0.0,,0,kaggle_approval
KG1902,,0,Not Graduate,No,333333.3333333333,0.0,12500.0,216.0,1.0,,1,kaggle_approval
KG1903,,2,Not Graduate,No,241666.66666666666,0.0,7300.0,24.0,1.0,,1,kaggle_approval
KG1904,,3+,Graduate,Yes,191666.66666666666,0.0,9100.0,192.0,1.0,,1,kaggle_approval
KG1905,,0,Graduate,Yes,150000.0,0.0,6000.0,144.0,1.0,,1,kaggle_approval
KG1906,,1,Graduate,Yes,725000.0,0.0,33900.0,120.0,1.0,,1,kaggle_approval
KG1907,,3+,Not Graduate,No,650000.0,0.0,21100.0,144.0,1.0,,1,kaggle_approval
KG1908,,2,Graduate,No,266666.6666666667,0.0,6300.0,120.0,0.0,,0,kaggle_approval
KG1909,,0,Not Graduate,No,133333.33333333334,0.0,4500.0,216.0,0.0,,0,kaggle_approval
KG1910,,3+,Not Graduate,No,200000.0,0.0,7300.0,48.0,0.0,,1,kaggle_approval
KG1911,,1,Graduate,No,150000.0,0.0,5900.0,192.0,1.0,,1,kaggle_approval
KG1912,,1,Graduate,No,625000.0,0.0,16000.0,120.0,0.0,,0,kaggle_approval
KG1913,,3+,Not Graduate,Yes,558333.3333333334,0.0,18400.0,120.0,0.0,,0,kaggle_approval
KG1914,,3+,Graduate,No,483333.3333333333,0.0,13700.0,72.0,0.0,,0,kaggle_approval
KG1915,,0,Not Graduate,No,41666.666666666664,0.0,1800.0,24.0,1.0,,1,kaggle_approval
KG1916,,0,Graduate,Yes,783333.3333333334,0.0,30700.0,120.0,0.0,,0,kaggle_approval
KG1917,,3+,Not Graduate,No,133333.33333333334,0.0,6200.0,216.0,0.0,,1,kaggle_approval
KG1918,,0,Graduate,Yes,775000.0,0.0,25000.0,168.0,0.0,,0,kaggle_approval
KG1919,,3+,Graduate,No,308333.3333333333,0.0,14000.0,24.0,0.0,,1,kaggle_approval
KG1920,,3+,Not Graduate,No,75000.0,0.0,1900.0,144.0,0.0,,0,kaggle_approval
KG1921,,3+,Not Graduate,No,41666.666666666664,0.0,1300.0,72.0,1.0,,1,kaggle_approval
KG1922,,1,Graduate,Yes,650000.0,0.0,16200.0,24.0,0.0,,0,kaggle_approval
KG1923,,3+,Not Graduate,Yes,441666.6666666667,0.0,13700.0,216.0,1.0,,1,kaggle_approval
KG1924,,0,Graduate,No,25000.0,0.0,700.0,192.0,1.0,,1,kaggle_approval
KG1925,,0,Graduate,Yes,416666.6666666667,0.0,19900.0,72.0,1.0,,1,kaggle_approval
KG1926,,0,Graduate,No,658333.3333333334,0.0,28600.0,216.0,0.0,,0,kaggle_approval
KG1927,,3+,Graduate,No,441666.6666666667,0.0,15800.0,24.0,0.0,,0,kaggle_approval
KG1928,,0,Not Graduate,Yes,458333.3333333333,0.0,15300.0,48.0,1.0,,1,kaggle_approval
KG1929,,0,Graduate,No,125000.0,0.0,5600.0,216.0,1.0,,1,kaggle_approval
KG1930,,3+,Graduate,No,550000.0,0.0,20100.0,216.0,0.0,,0,kaggle_approval
KG1931,,3+,Graduate,Yes,516666.6666666667,0.0,16200.0,240.0,1.0,,1,kaggle_approval
KG1932,,3+,Graduate,No,525000.0,0.0,17000.0,192.0,0.0,,0,kaggle_approval
KG1933,,0,Graduate,Yes,316666.6666666667,0.0,8100.0,240.0,1.0,,1,kaggle_approval
KG1934,,3+,Not Graduate,No,41666.666666666664,0.0,1500.0,72.0,0.0,,0,kaggle_approval
KG1935,,2,Graduate,Yes,416666.6666666667,0.0,15900.0,192.0,1.0,,1,kaggle_approval
KG1936,,0,Not Graduate,No,375000.0,0.0,17100.0,96.0,0.0,,0,kaggle_approval
KG1937,,3+,Not Graduate,No,83333.33333333333,0.0,3800.0,24.0,1.0,,1,kaggle_approval
KG1938,,2,Graduate,No,141666.66666666666,0.0,3700.0,240.0,0.0,,1,kaggle_approval
KG1939,,3+,Graduate,Yes,100000.0,0.0,4800.0,24.0,1.0,,1,kaggle_approval
KG1940,,3+,Not Graduate,Yes,708333.3333333334,0.0,25800.0,168.0,1.0,,1,kaggle_approval
KG1941,,0,Graduate,No,716666.6666666666,0.0,29000.0,216.0,0.0,,0,kaggle_approval
KG1942,,2,Graduate,No,33333.333333333336,0.0,1300.0,192.0,0.0,,0,kaggle_approval
KG1943,,3+,Graduate,No,725000.0,0.0,19800.0,168.0,1.0,,1,kaggle_approval
KG1944,,0,Not Graduate,No,150000.0,0.0,5700.0,240.0,0.0,,0,kaggle_approval
KG1945,,0,Graduate,Yes,391666.6666666667,0.0,17700.0,192.0,1.0,,1,kaggle_approval
KG1946,,0,Not Graduate,No,608333.3333333334,0.0,21600.0,24.0,0.0,,0,kaggle_approval
KG1947,,2,Graduate,No,700000.0,0.0,32100.0,240.0,0.0,,0,kaggle_approval
KG1948,,2,Graduate,Yes,400000.0,0.0,12900.0,96.0,1.0,,1,kaggle_approval
KG1949,,2,Graduate,No,766666.6666666666,0.0,34200.0,24.0,0.0,,1,kaggle_approval
KG1950,,1,Not Graduate,No,516666.6666666667,0.0,21100.0,120.0,0.0,,0,kaggle_approval
KG1951,,0,Graduate,Yes,16666.666666666668,0.0,700.0,120.0,0.0,,0,kaggle_approval
KG1952,,0,Not Graduate,Yes,208333.33333333334,0.0,6700.0,192.0,0.0,,1,kaggle_approval
KG1953,,3+,Not Graduate,Yes,666666.6666666666,0.0,24400.0,168.0,0.0,,0,kaggle_approval
KG1954,,1,Not Graduate,No,383333.3333333333,0.0,15200.0,48.0,0.0,,1,kaggle_approval
KG1955,,3+,Not Graduate,Yes,408333.3333333333,0.0,12700.0,96.0,0.0,,0,kaggle_approval
KG1956,,3+,Not Graduate,No,791666.6666666666,0.0,21300.0,216.0,0.0,,0,kaggle_approval
KG1957,,3+,Graduate,Yes,375000.0,0.0,11600.0,240.0,0.0,,0,kaggle_approval
KG1958,,2,Graduate,Yes,491666.6666666667,0.0,14200.0,144.0,0.0,,0,kaggle_approval
KG1959,,3+,Graduate,No,350000.0,0.0,14600.0,72.0,0.0,,0,kaggle_approval
KG1960,,2,Not Graduate,Yes,275000.0,0.0,11300.0,72.0,1.0,,1,kaggle_approval
KG1961,,2,Graduate,Yes,408333.3333333333,0.0,12600.0,24.0,1.0,,1,kaggle_approval
KG1962,,3+,Not Graduate,No,441666.6666666667,0.0,10700.0,144.0,1.0,,1,kaggle_approval
KG1963,,3+,Not Graduate,No,600000.0,0.0,17700.0,72.0,0.0,,0,kaggle_approval
KG1964,,0,Graduate,No,700000.0,0.0,24300.0,48.0,1.0,,1,kaggle_approval
KG1965,,3+,Graduate,No,316666.6666666667,0.0,11800.0,48.0,1.0,,1,kaggle_approval
KG1966,,0,Not Graduate,No,825000.0,0.0,22300.0,240.0,1.0,,1,kaggle_approval
KG1967,,3+,Graduate,Yes,241666.66666666666,0.0,8300.0,120.0,0.0,,0,kaggle_approval
KG1968,,3+,Not Graduate,Yes,500000.0,0.0,18700.0,216.0,1.0,,1,kaggle_approval
KG1969,,2,Not Graduate,No,141666.66666666666,0.0,5300.0,240.0,1.0,,1,kaggle_approval
KG1970,,3+,Graduate,Yes,441666.6666666667,0.0,12000.0,120.0,0.0,,0,kaggle_approval
KG1971,,3+,Not Graduate,Yes,625000.0,0.0,15000.0,168.0,1.0,,1,kaggle_approval
KG1972,,3+,Not Graduate,No,33333.333333333336,0.0,900.0,216.0,0.0,,0,kaggle_approval
KG1973,,1,Graduate,Yes,691666.6666666666,0.0,17700.0,120.0,1.0,,1,kaggle_approval
KG1974,,3+,Graduate,No,375000.0,0.0,16900.0,216.0,1.0,,1,kaggle_approval
KG1975,,3+,Graduate,No,383333.3333333333,0.0,10000.0,48.0,1.0,,1,kaggle_approval
KG1976,,3+,Not Graduate,No,391666.6666666667,0.0,10300.0,144.0,1.0,,1,kaggle_approval
KG1977,,0,Graduate,Yes,75000.0,0.0,3500.0,72.0,0.0,,0,kaggle_approval
KG1978,,1,Not Graduate,No,200000.0,0.0,7600.0,144.0,0.0,,0,kaggle_approval
KG1979,,0,Not Graduate,Yes,325000.0,0.0,9600.0,120.0,1.0,,1,kaggle_approval
KG1980,,0,Graduate,No,691666.6666666666,0.0,31400.0,216.0,0.0,,1,kaggle_approval
KG1981,,3+,Graduate,Yes,391666.6666666667,0.0,13000.0,72.0,0.0,,1,kaggle_approval
KG1982,,3+,Not Graduate,No,325000.0,0.0,10600.0,240.0,0.0,,0,kaggle_approval
KG1983,,2,Not Graduate,No,33333.333333333336,0.0,1000.0,72.0,0.0,,0,kaggle_approval
KG1984,,2,Not Graduate,Yes,141666.66666666666,0.0,5100.0,216.0,0.0,,0,kaggle_approval
KG1985,,2,Graduate,Yes,508333.3333333333,0.0,15500.0,96.0,1.0,,1,kaggle_approval
KG1986,,3+,Graduate,Yes,608333.3333333334,0.0,19600.0,120.0,0.0,,0,kaggle_approval
KG1987,,3+,Not Graduate,Yes,25000.0,0.0,500.0,72.0,1.0,,1,kaggle_approval
KG1988,,2,Not Graduate,No,358333.3333333333,0.0,14500.0,120.0,0.0,,1,kaggle_approval
KG1989,,3+,Not Graduate,No,583333.3333333334,0.0,18400.0,216.0,1.0,,1,kaggle_approval
KG1990,,0,Not Graduate,Yes,408333.3333333333,0.0,16500.0,48.0,1.0,,1,kaggle_approval
KG1991,,3+,Graduate,No,516666.6666666667,0.0,12400.0,240.0,0.0,,0,kaggle_approval
KG1992,,1,Not Graduate,No,341666.6666666667,0.0,15800.0,144.0,0.0,,0,kaggle_approval
KG1993,,0,Not Graduate,Yes,608333.3333333334,0.0,22600.0,144.0,1.0,,1,kaggle_approval
KG1994,,3+,Not Graduate,Yes,766666.6666666666,0.0,28100.0,144.0,1.0,,1,kaggle_approval
KG1995,,0,Not Graduate,No,66666.66666666667,0.0,2400.0,24.0,1.0,,1,kaggle_approval
KG1996,,3+,Not Graduate,No,241666.66666666666,0.0,11200.0,120.0,1.0,,1,kaggle_approval
KG1997,,3+,Not Graduate,No,675000.0,0.0,21600.0,48.0,1.0,,1,kaggle_approval
KG1998,,0,Graduate,No,775000.0,0.0,20300.0,168.0,1.0,,1,kaggle_approval
KG1999,,3+,Graduate,Yes,766666.6666666666,0.0,29400.0,168.0,0.0,,0,kaggle_approval
KG2000,,3+,Not Graduate,Yes,258333.33333333334,0.0,6300.0,216.0,1.0,,1,kaggle_approval
KG2001,,3+,Not Graduate,Yes,583333.3333333334,0.0,15400.0,240.0,0.0,,0,kaggle_approval
KG2002,,3+,Not Graduate,No,325000.0,0.0,8800.0,168.0,0.0,,0,kaggle_approval
KG2003,,3+,Graduate,No,458333.3333333333,0.0,19800.0,168.0,1.0,,1,kaggle_approval
KG2004,,0,Graduate,No,550000.0,0.0,13700.0,240.0,1.0,,1,kaggle_approval
KG2005,,2,Not Graduate,No,825000.0,0.0,31600.0,192.0,1.0,,1,kaggle_approval
KG2006,,3+,Graduate,Yes,550000.0,0.0,20500.0,96.0,1.0,,1,kaggle_approval
KG2007,,3+,Graduate,No,716666.6666666666,0.0,23600.0,48.0,0.0,,0,kaggle_approval
KG2008,,3+,Graduate,No,658333.3333333334,0.0,28600.0,144.0,1.0,,1,kaggle_approval
KG2009,,3+,Graduate,Yes,566666.6666666666,0.0,22600.0,24.0,1.0,,1,kaggle_approval
KG2010,,3+,Graduate,No,58333.333333333336,0.0,1800.0,96.0,1.0,,1,kaggle_approval
KG2011,,2,Not Graduate,Yes,316666.6666666667,0.0,10000.0,144.0,0.0,,0,kaggle_approval
KG2012,,3+,Graduate,Yes,575000.0,0.0,18300.0,48.0,0.0,,0,kaggle_approval
KG2013,,1,Graduate,Yes,308333.3333333333,0.0,12400.0,144.0,0.0,,0,kaggle_approval
KG2014,,1,Graduate,No,658333.3333333334,0.0,24000.0,144.0,1.0,,1,kaggle_approval
KG2015,,3+,Graduate,Yes,733333.3333333334,0.0,34200.0,192.0,1.0,,1,kaggle_approval
KG2016,,3+,Not Graduate,Yes,275000.0,0.0,7800.0,96.0,0.0,,0,kaggle_approval
KG2017,,3+,Not Graduate,No,483333.3333333333,0.0,14200.0,240.0,0.0,,0,kaggle_approval
KG2018,,1,Graduate,Yes,616666.6666666666,0.0,29500.0,192.0,0.0,,0,kaggle_approval
KG2019,,1,Graduate,No,683333.3333333334,0.0,25600.0,48.0,1.0,,1,kaggle_approval
KG2020,,0,Not Graduate,Yes,275000.0,0.0,9600.0,96.0,0.0,,0,kaggle_approval
KG2021,,3+,Graduate,Yes,441666.6666666667,0.0,10700.0,144.0,0.0,,0,kaggle_approval
KG2022,,1,Not Graduate,No,475000.0,0.0,19100.0,144.0,1.0,,1,kaggle_approval
KG2023,,2,Not Graduate,No,750000.0,0.0,31000.0,168.0,1.0,,1,kaggle_approval
KG2024,,3+,Graduate,No,491666.6666666667,0.0,14400.0,120.0,0.0,,0,kaggle_approval
KG2025,,2,Not Graduate,No,450000.0,0.0,11900.0,72.0,0.0,,0,kaggle_approval
KG2026,,0,Graduate,No,816666.6666666666,0.0,34800.0,168.0,0.0,,0,kaggle_approval
KG2027,,3+,Graduate,Yes,816666.6666666666,0.0,34100.0,168.0,1.0,,1,kaggle_approval
KG2028,,3+,Not Graduate,Yes,316666.6666666667,0.0,8200.0,48.0,0.0,,0,kaggle_approval
KG2029,,0,Not Graduate,No,791666.6666666666,0.0,24400.0,168.0,1.0,,1,kaggle_approval
KG2030,,3+,Graduate,Yes,208333.33333333334,0.0,7100.0,72.0,0.0,,0,kaggle_approval
KG2031,,1,Graduate,No,158333.33333333334,0.0,6000.0,240.0,0.0,,0,kaggle_approval
KG2032,,3+,Graduate,Yes,366666.6666666667,0.0,10600.0,240.0,1.0,,1,kaggle_approval
KG2033,,3+,Graduate,Yes,116666.66666666667,0.0,2900.0,72.0,1.0,,1,kaggle_approval
KG2034,,3+,Not Graduate,Yes,266666.6666666667,0.0,11800.0,192.0,0.0,,1,kaggle_approval
KG2035,,1,Graduate,Yes,258333.33333333334,0.0,9200.0,192.0,0.0,,0,kaggle_approval
KG2036,,3+,Graduate,No,375000.0,0.0,9900.0,120.0,0.0,,0,kaggle_approval
KG2037,,3+,Not Graduate,Yes,775000.0,0.0,23500.0,192.0,1.0,,1,kaggle_approval
KG2038,,2,Graduate,No,575000.0,0.0,18200.0,240.0,0.0,,0,kaggle_approval
KG2039,,0,Not Graduate,Yes,325000.0,0.0,8600.0,24.0,1.0,,1,kaggle_approval
KG2040,,3+,Not Graduate,No,266666.6666666667,0.0,7400.0,144.0,0.0,,1,kaggle_approval
KG2041,,1,Not Graduate,Yes,466666.6666666667,0.0,21100.0,120.0,0.0,,0,kaggle_approval
KG2042,,3+,Not Graduate,Yes,308333.3333333333,0.0,11900.0,216.0,1.0,,1,kaggle_approval
KG2043,,3+,Not Graduate,No,700000.0,0.0,27200.0,144.0,1.0,,1,kaggle_approval
KG2044,,0,Not Graduate,Yes,350000.0,0.0,8900.0,168.0,1.0,,1,kaggle_approval
KG2045,,3+,Graduate,No,316666.6666666667,0.0,8500.0,120.0,0.0,,0,kaggle_approval
KG2046,,3+,Graduate,No,266666.6666666667,0.0,8200.0,96.0,0.0,,0,kaggle_approval
KG2047,,1,Graduate,No,808333.3333333334,0.0,33900.0,120.0,1.0,,1,kaggle_approval
KG2048,,1,Not Graduate,Yes,358333.3333333333,0.0,9400.0,72.0,0.0,,0,kaggle_approval
KG2049,,3+,Graduate,Yes,675000.0,0.0,20300.0,216.0,1.0,,1,kaggle_approval
KG2050,,3+,Not Graduate,Yes,783333.3333333334,0.0,23200.0,168.0,1.0,,1,kaggle_approval
KG2051,,3+,Not Graduate,Yes,675000.0,0.0,19400.0,72.0,0.0,,0,kaggle_approval
KG2052,,3+,Graduate,No,541666.6666666666,0.0,14500.0,48.0,0.0,,1,kaggle_approval
KG2053,,2,Graduate,No,783333.3333333334,0.0,23100.0,48.0,0.0,,0,kaggle_approval
KG2054,,1,Not Graduate,Yes,216666.66666666666,0.0,6600.0,240.0,1.0,,1,kaggle_approval
KG2055,,3+,Not Graduate,Yes,666666.6666666666,0.0,25600.0,72.0,0.0,,0,kaggle_approval
KG2056,,1,Graduate,No,391666.6666666667,0.0,9300.0,96.0,0.0,,0,kaggle_approval
KG2057,,2,Graduate,Yes,633333.3333333334,0.0,22300.0,144.0,0.0,,1,kaggle_approval
KG2058,,1,Graduate,Yes,566666.6666666666,0.0,27200.0,24.0,1.0,,1,kaggle_approval
KG2059,,2,Not Graduate,Yes,550000.0,0.0,17000.0,24.0,0.0,,0,kaggle_approval
KG2060,,2,Graduate,No,683333.3333333334,0.0,27200.0,120.0,0.0,,0,kaggle_approval
KG2061,,1,Graduate,Yes,366666.6666666667,0.0,12300.0,72.0,0.0,,1,kaggle_approval
KG2062,,1,Not Graduate,No,691666.6666666666,0.0,29200.0,72.0,1.0,,1,kaggle_approval
KG2063,,0,Graduate,No,766666.6666666666,0.0,36500.0,168.0,0.0,,0,kaggle_approval
KG2064,,3+,Not Graduate,Yes,225000.0,0.0,8700.0,240.0,1.0,,1,kaggle_approval
KG2065,,0,Graduate,No,508333.3333333333,0.0,23600.0,240.0,1.0,,1,kaggle_approval
KG2066,,3+,Not Graduate,Yes,758333.3333333334,0.0,33000.0,96.0,0.0,,0,kaggle_approval
KG2067,,3+,Not Graduate,Yes,633333.3333333334,0.0,15400.0,168.0,0.0,,1,kaggle_approval
KG2068,,2,Not Graduate,No,600000.0,0.0,17000.0,120.0,1.0,,1,kaggle_approval
KG2069,,0,Graduate,Yes,216666.66666666666,0.0,8200.0,96.0,1.0,,1,kaggle_approval
KG2070,,3+,Graduate,Yes,541666.6666666666,0.0,20200.0,144.0,1.0,,1,kaggle_approval
KG2071,,3+,Graduate,No,741666.6666666666,0.0,35500.0,192.0,0.0,,0,kaggle_approval
KG2072,,2,Graduate,Yes,450000.0,0.0,14300.0,168.0,0.0,,0,kaggle_approval
KG2073,,0,Graduate,No,25000.0,0.0,500.0,24.0,1.0,,1,kaggle_approval
KG2074,,0,Not Graduate,No,700000.0,0.0,19600.0,216.0,0.0,,0,kaggle_approval
KG2075,,3+,Graduate,No,691666.6666666666,0.0,17200.0,96.0,1.0,,1,kaggle_approval
KG2076,,3+,Not Graduate,No,141666.66666666666,0.0,5600.0,96.0,0.0,,0,kaggle_approval
KG2077,,2,Not Graduate,No,125000.0,0.0,4200.0,192.0,1.0,,1,kaggle_approval
KG2078,,1,Not Graduate,Yes,16666.666666666668,0.0,500.0,24.0,0.0,,1,kaggle_approval
KG2079,,1,Graduate,Yes,83333.33333333333,0.0,3700.0,168.0,1.0,,1,kaggle_approval
KG2080,,3+,Not Graduate,Yes,733333.3333333334,0.0,25100.0,96.0,0.0,,0,kaggle_approval
KG2081,,0,Graduate,Yes,83333.33333333333,0.0,3200.0,96.0,0.0,,0,kaggle_approval
KG2082,,0,Not Graduate,Yes,716666.6666666666,0.0,23000.0,168.0,1.0,,1,kaggle_approval
KG2083,,3+,Graduate,Yes,200000.0,0.0,8900.0,24.0,1.0,,1,kaggle_approval
KG2084,,1,Graduate,No,200000.0,0.0,8900.0,96.0,1.0,,1,kaggle_approval
KG2085,,3+,Not Graduate,Yes,500000.0,0.0,12100.0,240.0,1.0,,1,kaggle_approval
KG2086,,3+,Not Graduate,No,633333.3333333334,0.0,16300.0,216.0,1.0,,1,kaggle_approval
KG2087,,3+,Not Graduate,No,666666.6666666666,0.0,20100.0,120.0,1.0,,1,kaggle_approval
KG2088,,0,Graduate,Yes,450000.0,0.0,19500.0,192.0,1.0,,1,kaggle_approval
KG2089,,0,Not Graduate,Yes,116666.66666666667,0.0,3700.0,48.0,1.0,,1,kaggle_approval
KG2090,,0,Not Graduate,Yes,66666.66666666667,0.0,2600.0,24.0,1.0,,1,kaggle_approval
KG2091,,3+,Graduate,Yes,25000.0,0.0,1100.0,48.0,0.0,,1,kaggle_approval
KG2092,,0,Graduate,No,341666.6666666667,0.0,14400.0,48.0,1.0,,1,kaggle_approval
KG2093,,2,Not Graduate,No,125000.0,0.0,3800.0,48.0,1.0,,1,kaggle_approval
KG2094,,1,Not Graduate,No,383333.3333333333,0.0,13900.0,96.0,0.0,,0,kaggle_approval
KG2095,,1,Graduate,Yes,275000.0,0.0,7500.0,144.0,1.0,,1,kaggle_approval
KG2096,,3+,Not Graduate,Yes,658333.3333333334,0.0,31400.0,120.0,1.0,,1,kaggle_approval
KG2097,,0,Not Graduate,No,675000.0,0.0,26500.0,240.0,0.0,,0,kaggle_approval
KG2098,,3+,Not Graduate,No,75000.0,0.0,2800.0,192.0,1.0,,1,kaggle_approval
KG2099,,1,Graduate,Yes,408333.3333333333,0.0,15200.0,120.0,0.0,,0,kaggle_approval
KG2100,,3+,Graduate,Yes,508333.3333333333,0.0,18100.0,168.0,0.0,,0,kaggle_approval
KG2101,,3+,Not Graduate,No,375000.0,0.0,16400.0,72.0,0.0,,0,kaggle_approval
KG2102,,2,Graduate,Yes,241666.66666666666,0.0,7300.0,96.0,0.0,,0,kaggle_approval
KG2103,,1,Not Graduate,No,658333.3333333334,0.0,29300.0,24.0,1.0,,1,kaggle_approval
KG2104,,3+,Graduate,Yes,341666.6666666667,0.0,10100.0,48.0,1.0,,1,kaggle_approval
KG2105,,3+,Not Graduate,Yes,641666.6666666666,0.0,15500.0,96.0,0.0,,0,kaggle_approval
KG2106,,0,Not Graduate,No,466666.6666666667,0.0,19300.0,216.0,0.0,,0,kaggle_approval
KG2107,,3+,Graduate,No,750000.0,0.0,18000.0,216.0,0.0,,0,kaggle_approval
KG2108,,3+,Not Graduate,Yes,533333.3333333334,0.0,18400.0,192.0,0.0,,0,kaggle_approval
KG2109,,3+,Graduate,No,575000.0,0.0,14700.0,24.0,0.0,,0,kaggle_approval
KG2110,,3+,Not Graduate,No,758333.3333333334,0.0,27400.0,216.0,1.0,,1,kaggle_approval
KG2111,,2,Graduate,Yes,91666.66666666667,0.0,3700.0,24.0,1.0,,1,kaggle_approval
KG2112,,3+,Not Graduate,No,141666.66666666666,0.0,4500.0,144.0,1.0,,1,kaggle_approval
KG2113,,3+,Graduate,Yes,766666.6666666666,0.0,28800.0,240.0,1.0,,1,kaggle_approval
KG2114,,2,Not Graduate,Yes,691666.6666666666,0.0,20600.0,144.0,1.0,,1,kaggle_approval
KG2115,,3+,Not Graduate,Yes,416666.6666666667,0.0,10600.0,72.0,1.0,,1,kaggle_approval
KG2116,,3+,Graduate,No,183333.33333333334,0.0,6400.0,24.0,0.0,,0,kaggle_approval
KG2117,,2,Graduate,No,375000.0,0.0,9600.0,192.0,0.0,,0,kaggle_approval
KG2118,,3+,Not Graduate,Yes,341666.6666666667,0.0,9000.0,72.0,0.0,,1,kaggle_approval
KG2119,,1,Not Graduate,No,233333.33333333334,0.0,6800.0,216.0,0.0,,1,kaggle_approval
KG2120,,1,Not Graduate,No,550000.0,0.0,20700.0,48.0,0.0,,1,kaggle_approval
KG2121,,3+,Not Graduate,Yes,266666.6666666667,0.0,7200.0,72.0,1.0,,1,kaggle_approval
KG2122,,0,Not Graduate,No,525000.0,0.0,13300.0,24.0,1.0,,1,kaggle_approval
KG2123,,2,Graduate,No,391666.6666666667,0.0,17700.0,168.0,1.0,,1,kaggle_approval
KG2124,,0,Graduate,No,341666.6666666667,0.0,15400.0,192.0,0.0,,0,kaggle_approval
KG2125,,3+,Graduate,Yes,591666.6666666666,0.0,15500.0,48.0,0.0,,0,kaggle_approval
KG2126,,3+,Graduate,Yes,408333.3333333333,0.0,10200.0,216.0,0.0,,0,kaggle_approval
KG2127,,3+,Graduate,No,466666.6666666667,0.0,20300.0,240.0,0.0,,1,kaggle_approval
KG2128,,3+,Graduate,No,283333.3333333333,0.0,8300.0,24.0,0.0,,1,kaggle_approval
KG2129,,3+,Not Graduate,No,375000.0,0.0,16100.0,192.0,1.0,,1,kaggle_approval
KG2130,,2,Graduate,No,25000.0,0.0,800.0,216.0,1.0,,1,kaggle_approval
KG2131,,3+,Not Graduate,Yes,633333.3333333334,0.0,23000.0,120.0,1.0,,1,kaggle_approval
KG2132,,3+,Graduate,No,41666.666666666664,0.0,1200.0,144.0,0.0,,0,kaggle_approval
KG2133,,0,Graduate,Yes,491666.6666666667,0.0,15200.0,192.0,0.0,,0,kaggle_approval
KG2134,,0,Graduate,No,591666.6666666666,0.0,20700.0,120.0,1.0,,1,kaggle_approval
KG2135,,2,Not Graduate,Yes,708333.3333333334,0.0,26900.0,72.0,0.0,,0,kaggle_approval
KG2136,,0,Graduate,Yes,533333.3333333334,0.0,16900.0,192.0,1.0,,1,kaggle_approval
KG2137,,2,Graduate,No,591666.6666666666,0.0,21400.0,144.0,1.0,,1,kaggle_approval
KG2138,,3+,Not Graduate,No,150000.0,0.0,5400.0,168.0,0.0,,0,kaggle_approval
KG2139,,3+,Not Graduate,Yes,550000.0,0.0,25200.0,240.0,0.0,,1,kaggle_approval
KG2140,,3+,Graduate,Yes,733333.3333333334,0.0,27100.0,24.0,0.0,,1,kaggle_approval
KG2141,,2,Not Graduate,No,400000.0,0.0,15800.0,240.0,1.0,,1,kaggle_approval
KG2142,,3+,Graduate,Yes,366666.6666666667,0.0,16500.0,120.0,1.0,,1,kaggle_approval
KG2143,,0,Not Graduate,No,166666.66666666666,0.0,6900.0,24.0,0.0,,1,kaggle_approval
KG2144,,2,Graduate,No,566666.6666666666,0.0,22600.0,240.0,0.0,,0,kaggle_approval
KG2145,,3+,Not Graduate,Yes,550000.0,0.0,16000.0,144.0,1.0,,1,kaggle_approval
KG2146,,2,Graduate,No,275000.0,0.0,7900.0,240.0,1.0,,1,kaggle_approval
KG2147,,3+,Not Graduate,No,616666.6666666666,0.0,23400.0,192.0,1.0,,1,kaggle_approval
KG2148,,0,Not Graduate,Yes,375000.0,0.0,12400.0,216.0,1.0,,1,kaggle_approval
KG2149,,1,Not Graduate,Yes,791666.6666666666,0.0,30500.0,144.0,0.0,,0,kaggle_approval
KG2150,,1,Graduate,No,66666.66666666667,0.0,3000.0,48.0,0.0,,1,kaggle_approval
KG2151,,2,Graduate,No,333333.3333333333,0.0,13000.0,48.0,1.0,,1,kaggle_approval
KG2152,,2,Not Graduate,No,583333.3333333334,0.0,25700.0,216.0,0.0,,0,kaggle_approval
KG2153,,3+,Graduate,No,291666.6666666667,0.0,8500.0,216.0,1.0,,1,kaggle_approval
KG2154,,3+,Graduate,Yes,808333.3333333334,0.0,36000.0,72.0,1.0,,1,kaggle_approval
KG2155,,0,Not Graduate,No,283333.3333333333,0.0,10800.0,72.0,0.0,,0,kaggle_approval
KG2156,,1,Graduate,Yes,383333.3333333333,0.0,13500.0,240.0,1.0,,1,kaggle_approval
KG2157,,3+,Graduate,No,316666.6666666667,0.0,10400.0,120.0,1.0,,1,kaggle_approval
KG2158,,3+,Not Graduate,Yes,350000.0,0.0,9600.0,240.0,1.0,,1,kaggle_approval
KG2159,,2,Graduate,No,208333.33333333334,0.0,8700.0,48.0,1.0,,1,kaggle_approval
KG2160,,0,Not Graduate,Yes,583333.3333333334,0.0,24600.0,72.0,0.0,,0,kaggle_approval
KG2161,,1,Not Graduate,No,441666.6666666667,0.0,11500.0,96.0,1.0,,1,kaggle_approval
KG2162,,0,Not Graduate,No,533333.3333333334,0.0,14200.0,24.0,0.0,,0,kaggle_approval
KG2163,,3+,Not Graduate,No,283333.3333333333,0.0,8100.0,144.0,0.0,,0,kaggle_approval
KG2164,,3+,Not Graduate,No,558333.3333333334,0.0,18800.0,24.0,1.0,,1,kaggle_approval
KG2165,,1,Not Graduate,Yes,383333.3333333333,0.0,10100.0,48.0,1.0,,1,kaggle_approval
KG2166,,3+,Graduate,Yes,75000.0,0.0,2500.0,48.0,0.0,,1,kaggle_approval
KG2167,,0,Graduate,No,425000.0,0.0,19900.0,216.0,1.0,,1,kaggle_approval
KG2168,,0,Not Graduate,Yes,583333.3333333334,0.0,20900.0,240.0,0.0,,0,kaggle_approval
KG2169,,3+,Graduate,Yes,341666.6666666667,0.0,14700.0,72.0,1.0,,1,kaggle_approval
KG2170,,2,Graduate,No,383333.3333333333,0.0,14800.0,72.0,0.0,,0,kaggle_approval
KG2171,,2,Graduate,Yes,300000.0,0.0,11500.0,96.0,0.0,,1,kaggle_approval
KG2172,,3+,Graduate,No,491666.6666666667,0.0,13800.0,168.0,0.0,,0,kaggle_approval
KG2173,,2,Graduate,No,50000.0,0.0,2100.0,192.0,0.0,,0,kaggle_approval
KG2174,,0,Graduate,No,408333.3333333333,0.0,16400.0,24.0,0.0,,1,kaggle_approval
KG2175,,3+,Graduate,Yes,533333.3333333334,0.0,23900.0,72.0,0.0,,0,kaggle_approval
KG2176,,2,Graduate,No,583333.3333333334,0.0,19800.0,120.0,0.0,,1,kaggle_approval
KG2177,,3+,Graduate,Yes,558333.3333333334,0.0,13400.0,168.0,1.0,,1,kaggle_approval
KG2178,,1,Not Graduate,Yes,66666.66666666667,0.0,2200.0,48.0,1.0,,1,kaggle_approval
KG2179,,3+,Not Graduate,No,633333.3333333334,0.0,27800.0,24.0,1.0,,1,kaggle_approval
KG2180,,3+,Graduate,Yes,266666.6666666667,0.0,7600.0,48.0,0.0,,0,kaggle_approval
KG2181,,2,Not Graduate,Yes,408333.3333333333,0.0,13800.0,24.0,0.0,,1,kaggle_approval
KG2182,,3+,Not Graduate,No,600000.0,0.0,20800.0,192.0,0.0,,1,kaggle_approval
KG2183,,3+,Graduate,No,466666.6666666667,0.0,20600.0,72.0,0.0,,0,kaggle_approval
KG2184,,3+,Graduate,Yes,608333.3333333334,0.0,18300.0,96.0,0.0,,0,kaggle_approval
KG2185,,3+,Not Graduate,No,275000.0,0.0,7000.0,240.0,0.0,,0,kaggle_approval
KG2186,,2,Graduate,Yes,766666.6666666666,0.0,25300.0,48.0,1.0,,1,kaggle_approval
KG2187,,3+,Not Graduate,Yes,675000.0,0.0,23300.0,240.0,1.0,,1,kaggle_approval
KG2188,,3+,Graduate,No,550000.0,0.0,21400.0,120.0,0.0,,0,kaggle_approval
KG2189,,0,Graduate,Yes,350000.0,0.0,13600.0,48.0,1.0,,1,kaggle_approval
KG2190,,2,Graduate,No,483333.3333333333,0.0,21700.0,96.0,0.0,,0,kaggle_approval
KG2191,,2,Graduate,Yes,466666.6666666667,0.0,21000.0,216.0,1.0,,1,kaggle_approval
KG2192,,0,Not Graduate,Yes,300000.0,0.0,9900.0,144.0,1.0,,1,kaggle_approval
KG2193,,1,Graduate,Yes,641666.6666666666,0.0,16900.0,72.0,1.0,,1,kaggle_approval
KG2194,,0,Graduate,Yes,650000.0,0.0,23300.0,120.0,0.0,,1,kaggle_approval
KG2195,,3+,Not Graduate,No,475000.0,0.0,15400.0,192.0,0.0,,0,kaggle_approval
KG2196,,3+,Graduate,No,525000.0,0.0,20500.0,168.0,0.0,,0,kaggle_approval
KG2197,,3+,Not Graduate,Yes,191666.66666666666,0.0,4700.0,216.0,0.0,,1,kaggle_approval
KG2198,,3+,Graduate,Yes,800000.0,0.0,19900.0,72.0,0.0,,0,kaggle_approval
KG2199,,1,Not Graduate,Yes,83333.33333333333,0.0,3900.0,192.0,0.0,,0,kaggle_approval
KG2200,,3+,Graduate,Yes,600000.0,0.0,27100.0,144.0,0.0,,0,kaggle_approval
KG2201,,2,Not Graduate,Yes,316666.6666666667,0.0,11400.0,192.0,1.0,,1,kaggle_approval
KG2202,,3+,Not Graduate,Yes,775000.0,0.0,24600.0,192.0,0.0,,0,kaggle_approval
KG2203,,2,Not Graduate,Yes,600000.0,0.0,21900.0,144.0,1.0,,1,kaggle_approval
KG2204,,0,Graduate,No,633333.3333333334,0.0,19700.0,144.0,0.0,,0,kaggle_approval
KG2205,,3+,Graduate,No,375000.0,0.0,15300.0,120.0,1.0,,1,kaggle_approval
KG2206,,1,Not Graduate,Yes,825000.0,0.0,30900.0,240.0,0.0,,1,kaggle_approval
KG2207,,0,Not Graduate,Yes,58333.333333333336,0.0,2000.0,216.0,1.0,,1,kaggle_approval
KG2208,,0,Graduate,No,291666.6666666667,0.0,12300.0,192.0,0.0,,0,kaggle_approval
KG2209,,1,Graduate,Yes,25000.0,0.0,1000.0,168.0,0.0,,0,kaggle_approval
KG2210,,3+,Not Graduate,Yes,450000.0,0.0,16700.0,24.0,0.0,,1,kaggle_approval
KG2211,,3+,Not Graduate,Yes,233333.33333333334,0.0,8400.0,120.0,0.0,,0,kaggle_approval
KG2212,,3+,Not Graduate,Yes,408333.3333333333,0.0,15900.0,96.0,0.0,,0,kaggle_approval
KG2213,,3+,Not Graduate,No,50000.0,0.0,1700.0,144.0,0.0,,0,kaggle_approval
KG2214,,0,Graduate,No,250000.0,0.0,8100.0,72.0,1.0,,1,kaggle_approval
KG2215,,0,Graduate,No,150000.0,0.0,5800.0,216.0,0.0,,0,kaggle_approval
KG2216,,3+,Graduate,Yes,425000.0,0.0,15700.0,72.0,1.0,,1,kaggle_approval
KG2217,,3+,Graduate,No,116666.66666666667,0.0,4100.0,168.0,1.0,,1,kaggle_approval
KG2218,,2,Graduate,Yes,558333.3333333334,0.0,25500.0,120.0,1.0,,1,kaggle_approval
KG2219,,3+,Not Graduate,No,358333.3333333333,0.0,12600.0,216.0,0.0,,0,kaggle_approval
KG2220,,3+,Graduate,Yes,650000.0,0.0,19600.0,48.0,1.0,,1,kaggle_approval
KG2221,,3+,Not Graduate,No,450000.0,0.0,15800.0,216.0,1.0,,1,kaggle_approval
KG2222,,0,Not Graduate,No,41666.666666666664,0.0,1900.0,24.0,1.0,,1,kaggle_approval
KG2223,,1,Graduate,No,716666.6666666666,0.0,26700.0,120.0,1.0,,1,kaggle_approval
KG2224,,3+,Graduate,No,208333.33333333334,0.0,9300.0,48.0,1.0,,1,kaggle_approval
KG2225,,3+,Not Graduate,No,250000.0,0.0,7200.0,24.0,1.0,,1,kaggle_approval
KG2226,,3+,Not Graduate,Yes,583333.3333333334,0.0,26900.0,48.0,1.0,,1,kaggle_approval
KG2227,,1,Not Graduate,Yes,33333.333333333336,0.0,1500.0,192.0,1.0,,1,kaggle_approval
KG2228,,3+,Not Graduate,No,433333.3333333333,0.0,13700.0,192.0,0.0,,0,kaggle_approval
KG2229,,3+,Graduate,No,275000.0,0.0,11100.0,24.0,1.0,,1,kaggle_approval
KG2230,,1,Not Graduate,Yes,200000.0,0.0,8800.0,216.0,0.0,,0,kaggle_approval
KG2231,,3+,Graduate,Yes,483333.3333333333,0.0,15800.0,168.0,0.0,,0,kaggle_approval
KG2232,,3+,Not Graduate,Yes,783333.3333333334,0.0,20000.0,144.0,1.0,,1,kaggle_approval
KG2233,,2,Not Graduate,No,508333.3333333333,0.0,15300.0,24.0,1.0,,1,kaggle_approval
KG2234,,1,Graduate,Yes,625000.0,0.0,21400.0,240.0,1.0,,1,kaggle_approval
KG2235,,2,Not Graduate,No,341666.6666666667,0.0,16200.0,72.0,0.0,,0,kaggle_approval
KG2236,,3+,Not Graduate,No,708333.3333333334,0.0,30800.0,168.0,1.0,,1,kaggle_approval
KG2237,,0,Graduate,No,358333.3333333333,0.0,16900.0,96.0,1.0,,1,kaggle_approval
KG2238,,3+,Not Graduate,No,775000.0,0.0,22000.0,48.0,1.0,,1,kaggle_approval
KG2239,,3+,Not Graduate,No,500000.0,0.0,18700.0,24.0,1.0,,1,kaggle_approval
KG2240,,1,Not Graduate,Yes,441666.6666666667,0.0,18900.0,192.0,0.0,,0,kaggle_approval
KG2241,,3+,Not Graduate,Yes,616666.6666666666,0.0,16200.0,24.0,1.0,,1,kaggle_approval
KG2242,,1,Not Graduate,Yes,91666.66666666667,0.0,3800.0,96.0,1.0,,1,kaggle_approval
KG2243,,1,Graduate,Yes,550000.0,0.0,20700.0,48.0,0.0,,1,kaggle_approval
KG2244,,3+,Graduate,No,683333.3333333334,0.0,28300.0,24.0,0.0,,1,kaggle_approval
KG2245,,3+,Not Graduate,No,275000.0,0.0,9300.0,144.0,0.0,,0,kaggle_approval
KG2246,,3+,Graduate,Yes,208333.33333333334,0.0,9000.0,120.0,0.0,,0,kaggle_approval
KG2247,,3+,Graduate,Yes,275000.0,0.0,10400.0,144.0,1.0,,1,kaggle_approval
KG2248,,3+,Not Graduate,No,83333.33333333333,0.0,2300.0,192.0,0.0,,0,kaggle_approval
KG2249,,3+,Graduate,Yes,516666.6666666667,0.0,12800.0,24.0,0.0,,0,kaggle_approval
KG2250,,1,Graduate,No,583333.3333333334,0.0,21000.0,240.0,0.0,,1,kaggle_approval
KG2251,,2,Graduate,Yes,583333.3333333334,0.0,19000.0,72.0,0.0,,0,kaggle_approval
KG2252,,1,Not Graduate,Yes,441666.6666666667,0.0,12000.0,120.0,1.0,,1,kaggle_approval
KG2253,,0,Not Graduate,Yes,150000.0,0.0,3700.0,24.0,0.0,,0,kaggle_approval
KG2254,,0,Graduate,Yes,191666.66666666666,0.0,7900.0,120.0,0.0,,0,kaggle_approval
KG2255,,2,Graduate,No,333333.3333333333,0.0,9200.0,192.0,1.0,,1,kaggle_approval
KG2256,,1,Not Graduate,No,741666.6666666666,0.0,24000.0,72.0,0.0,,0,kaggle_approval
KG2257,,3+,Graduate,No,666666.6666666666,0.0,18600.0,240.0,0.0,,1,kaggle_approval
KG2258,,3+,Graduate,Yes,658333.3333333334,0.0,26900.0,168.0,0.0,,0,kaggle_approval
KG2259,,3+,Graduate,Yes,558333.3333333334,0.0,20200.0,96.0,0.0,,0,kaggle_approval
KG2260,,3+,Not Graduate,No,200000.0,0.0,6000.0,72.0,1.0,,1,kaggle_approval
KG2261,,3+,Not Graduate,No,716666.6666666666,0.0,22600.0,168.0,1.0,,1,kaggle_approval
KG2262,,1,Not Graduate,Yes,441666.6666666667,0.0,14600.0,240.0,0.0,,0,kaggle_approval
KG2263,,0,Graduate,No,616666.6666666666,0.0,24900.0,240.0,1.0,,1,kaggle_approval
KG2264,,0,Not Graduate,Yes,725000.0,0.0,18700.0,120.0,0.0,,0,kaggle_approval
KG2265,,3+,Graduate,No,683333.3333333334,0.0,18500.0,48.0,0.0,,0,kaggle_approval
KG2266,,0,Not Graduate,Yes,308333.3333333333,0.0,9700.0,144.0,0.0,,0,kaggle_approval
KG2267,,3+,Not Graduate,Yes,766666.6666666666,0.0,36300.0,24.0,1.0,,1,kaggle_approval
KG2268,,3+,Not Graduate,No,508333.3333333333,0.0,20900.0,48.0,1.0,,1,kaggle_approval
KG2269,,2,Graduate,Yes,733333.3333333334,0.0,30800.0,240.0,1.0,,1,kaggle_approval
KG2270,,3+,Not Graduate,No,766666.6666666666,0.0,18900.0,120.0,0.0,,0,kaggle_approval
KG2271,,3+,Graduate,No,600000.0,0.0,27900.0,144.0,0.0,,0,kaggle_approval
KG2272,,1,Graduate,No,50000.0,0.0,1200.0,120.0,0.0,,1,kaggle_approval
KG2273,,3+,Graduate,No,666666.6666666666,0.0,23100.0,240.0,0.0,,0,kaggle_approval
KG2274,,3+,Graduate,Yes,575000.0,0.0,13800.0,192.0,1.0,,1,kaggle_approval
KG2275,,0,Not Graduate,Yes,358333.3333333333,0.0,15600.0,216.0,0.0,,0,kaggle_approval
KG2276,,3+,Not Graduate,Yes,708333.3333333334,0.0,24900.0,216.0,1.0,,1,kaggle_approval
KG2277,,3+,Not Graduate,No,716666.6666666666,0.0,17400.0,24.0,1.0,,1,kaggle_approval
KG2278,,3+,Graduate,No,525000.0,0.0,13900.0,216.0,1.0,,1,kaggle_approval
KG2279,,3+,Not Graduate,Yes,483333.3333333333,0.0,13600.0,144.0,0.0,,0,kaggle_approval
KG2280,,3+,Graduate,Yes,83333.33333333333,0.0,2300.0,120.0,0.0,,0,kaggle_approval
KG2281,,0,Not Graduate,Yes,141666.66666666666,0.0,5400.0,96.0,1.0,,1,kaggle_approval
KG2282,,2,Not Graduate,No,266666.6666666667,0.0,8600.0,216.0,1.0,,1,kaggle_approval
KG2283,,0,Graduate,Yes,625000.0,0.0,16600.0,168.0,0.0,,0,kaggle_approval
KG2284,,1,Not Graduate,Yes,166666.66666666666,0.0,6600.0,120.0,1.0,,1,kaggle_approval
KG2285,,3+,Not Graduate,No,758333.3333333334,0.0,19700.0,240.0,0.0,,0,kaggle_approval
KG2286,,3+,Graduate,Yes,700000.0,0.0,19700.0,96.0,1.0,,1,kaggle_approval
KG2287,,3+,Graduate,No,591666.6666666666,0.0,27200.0,192.0,1.0,,1,kaggle_approval
KG2288,,2,Not Graduate,No,16666.666666666668,0.0,800.0,72.0,0.0,,0,kaggle_approval
KG2289,,0,Not Graduate,Yes,416666.6666666667,0.0,14900.0,144.0,0.0,,1,kaggle_approval
KG2290,,0,Not Graduate,Yes,375000.0,0.0,16900.0,96.0,1.0,,1,kaggle_approval
KG2291,,2,Not Graduate,Yes,425000.0,0.0,19700.0,24.0,1.0,,1,kaggle_approval
KG2292,,3+,Graduate,Yes,341666.6666666667,0.0,10600.0,168.0,0.0,,0,kaggle_approval
KG2293,,1,Not Graduate,No,600000.0,0.0,15000.0,120.0,1.0,,1,kaggle_approval
KG2294,,3+,Not Graduate,No,650000.0,0.0,17700.0,72.0,0.0,,0,kaggle_approval
KG2295,,3+,Graduate,Yes,625000.0,0.0,25300.0,144.0,1.0,,1,kaggle_approval
KG2296,,3+,Graduate,Yes,533333.3333333334,0.0,21000.0,24.0,1.0,,1,kaggle_approval
KG2297,,3+,Graduate,No,583333.3333333334,0.0,25700.0,240.0,0.0,,1,kaggle_approval
KG2298,,3+,Not Graduate,Yes,750000.0,0.0,31100.0,96.0,1.0,,1,kaggle_approval
KG2299,,2,Not Graduate,Yes,366666.6666666667,0.0,13900.0,72.0,1.0,,1,kaggle_approval
KG2300,,2,Not Graduate,No,75000.0,0.0,2000.0,168.0,0.0,,0,kaggle_approval
KG2301,,1,Graduate,No,816666.6666666666,0.0,26900.0,216.0,1.0,,1,kaggle_approval
KG2302,,3+,Not Graduate,No,50000.0,0.0,1600.0,72.0,1.0,,1,kaggle_approval
KG2303,,3+,Graduate,Yes,808333.3333333334,0.0,30100.0,144.0,0.0,,0,kaggle_approval
KG2304,,2,Graduate,Yes,700000.0,0.0,32600.0,120.0,0.0,,0,kaggle_approval
KG2305,,1,Graduate,No,691666.6666666666,0.0,24900.0,120.0,1.0,,1,kaggle_approval
KG2306,,3+,Graduate,No,658333.3333333334,0.0,29900.0,96.0,0.0,,0,kaggle_approval
KG2307,,1,Not Graduate,No,716666.6666666666,0.0,25900.0,24.0,1.0,,1,kaggle_approval
KG2308,,3+,Not Graduate,Yes,558333.3333333334,0.0,17600.0,168.0,1.0,,1,kaggle_approval
KG2309,,0,Graduate,No,225000.0,0.0,7400.0,120.0,1.0,,1,kaggle_approval
KG2310,,0,Not Graduate,No,550000.0,0.0,25600.0,96.0,1.0,,1,kaggle_approval
KG2311,,1,Graduate,Yes,591666.6666666666,0.0,20800.0,240.0,0.0,,0,kaggle_approval
KG2312,,3+,Graduate,Yes,25000.0,0.0,700.0,120.0,0.0,,1,kaggle_approval
KG2313,,2,Graduate,No,183333.33333333334,0.0,7000.0,72.0,1.0,,1,kaggle_approval
KG2314,,1,Graduate,Yes,725000.0,0.0,31700.0,144.0,0.0,,0,kaggle_approval
KG2315,,3+,Graduate,No,600000.0,0.0,23100.0,144.0,1.0,,1,kaggle_approval
KG2316,,0,Not Graduate,No,166666.66666666666,0.0,4800.0,240.0,0.0,,0,kaggle_approval
KG2317,,3+,Graduate,Yes,716666.6666666666,0.0,27900.0,96.0,0.0,,0,kaggle_approval
KG2318,,2,Graduate,Yes,191666.66666666666,0.0,5400.0,96.0,0.0,,0,kaggle_approval
KG2319,,2,Not Graduate,Yes,800000.0,0.0,29800.0,192.0,0.0,,0,kaggle_approval
KG2320,,2,Graduate,Yes,158333.33333333334,0.0,6500.0,192.0,1.0,,1,kaggle_approval
KG2321,,1,Graduate,No,175000.0,0.0,6300.0,192.0,1.0,,1,kaggle_approval
KG2322,,1,Not Graduate,Yes,325000.0,0.0,8700.0,96.0,1.0,,1,kaggle_approval
KG2323,,3+,Not Graduate,Yes,16666.666666666668,0.0,300.0,120.0,1.0,,1,kaggle_approval
KG2324,,1,Not Graduate,Yes,158333.33333333334,0.0,4500.0,144.0,1.0,,1,kaggle_approval
KG2325,,0,Not Graduate,Yes,266666.6666666667,0.0,11600.0,48.0,0.0,,1,kaggle_approval
KG2326,,0,Not Graduate,No,91666.66666666667,0.0,4300.0,216.0,1.0,,1,kaggle_approval
KG2327,,3+,Graduate,Yes,666666.6666666666,0.0,21500.0,144.0,1.0,,1,kaggle_approval
KG2328,,3+,Graduate,Yes,508333.3333333333,0.0,21700.0,72.0,1.0,,1,kaggle_approval
KG2329,,3+,Graduate,No,266666.6666666667,0.0,10600.0,24.0,0.0,,1,kaggle_approval
KG2330,,3+,Graduate,Yes,750000.0,0.0,30400.0,240.0,0.0,,0,kaggle_approval
KG2331,,0,Not Graduate,Yes,100000.0,0.0,3200.0,24.0,1.0,,1,kaggle_approval
KG2332,,3+,Graduate,No,658333.3333333334,0.0,27000.0,72.0,1.0,,1,kaggle_approval
KG2333,,3+,Graduate,Yes,641666.6666666666,0.0,23100.0,96.0,1.0,,1,kaggle_approval
KG2334,,2,Not Graduate,No,366666.6666666667,0.0,16500.0,192.0,1.0,,1,kaggle_approval
KG2335,,1,Not Graduate,No,258333.33333333334,0.0,11200.0,216.0,1.0,,1,kaggle_approval
KG2336,,3+,Not Graduate,Yes,216666.66666666666,0.0,9300.0,192.0,1.0,,1,kaggle_approval
KG2337,,3+,Graduate,No,458333.3333333333,0.0,21700.0,168.0,1.0,,1,kaggle_approval
KG2338,,1,Graduate,No,475000.0,0.0,15500.0,96.0,0.0,,0,kaggle_approval
KG2339,,3+,Graduate,No,508333.3333333333,0.0,20700.0,240.0,0.0,,0,kaggle_approval
KG2340,,2,Graduate,No,683333.3333333334,0.0,22500.0,216.0,1.0,,1,kaggle_approval
KG2341,,1,Graduate,No,500000.0,0.0,21200.0,144.0,0.0,,0,kaggle_approval
KG2342,,1,Graduate,Yes,666666.6666666666,0.0,30600.0,120.0,1.0,,1,kaggle_approval
KG2343,,3+,Not Graduate,No,166666.66666666666,0.0,4800.0,96.0,0.0,,0,kaggle_approval
KG2344,,3+,Graduate,Yes,108333.33333333333,0.0,2900.0,144.0,1.0,,1,kaggle_approval
KG2345,,1,Graduate,No,583333.3333333334,0.0,27100.0,72.0,0.0,,1,kaggle_approval
KG2346,,3+,Graduate,No,341666.6666666667,0.0,15300.0,72.0,0.0,,0,kaggle_approval
KG2347,,3+,Graduate,No,666666.6666666666,0.0,26200.0,192.0,1.0,,1,kaggle_approval
KG2348,,3+,Not Graduate,No,675000.0,0.0,28000.0,96.0,1.0,,1,kaggle_approval
KG2349,,3+,Graduate,Yes,791666.6666666666,0.0,22600.0,168.0,0.0,,0,kaggle_approval
KG2350,,0,Graduate,No,766666.6666666666,0.0,22500.0,120.0,0.0,,0,kaggle_approval
KG2351,,2,Graduate,No,325000.0,0.0,14700.0,192.0,0.0,,0,kaggle_approval
KG2352,,1,Graduate,No,758333.3333333334,0.0,26200.0,96.0,1.0,,1,kaggle_approval
KG2353,,3+,Graduate,Yes,250000.0,0.0,8300.0,48.0,1.0,,1,kaggle_approval
KG2354,,3+,Graduate,No,166666.66666666666,0.0,4300.0,96.0,0.0,,0,kaggle_approval
KG2355,,3+,Graduate,No,525000.0,0.0,14600.0,96.0,0.0,,0,kaggle_approval
KG2356,,3+,Not Graduate,Yes,341666.6666666667,0.0,10900.0,96.0,0.0,,0,kaggle_approval
KG2357,,0,Not Graduate,No,816666.6666666666,0.0,29400.0,240.0,1.0,,1,kaggle_approval
KG2358,,2,Graduate,No,433333.3333333333,0.0,15400.0,96.0,1.0,,1,kaggle_approval
KG2359,,3+,Graduate,No,633333.3333333334,0.0,28700.0,216.0,1.0,,1,kaggle_approval
KG2360,,3+,Not Graduate,No,766666.6666666666,0.0,35500.0,24.0,1.0,,1,kaggle_approval
KG2361,,3+,Not Graduate,No,183333.33333333334,0.0,8100.0,48.0,0.0,,0,kaggle_approval
KG2362,,2,Not Graduate,Yes,691666.6666666666,0.0,20600.0,120.0,0.0,,0,kaggle_approval
KG2363,,3+,Graduate,Yes,508333.3333333333,0.0,21600.0,192.0,0.0,,0,kaggle_approval
KG2364,,2,Graduate,No,375000.0,0.0,16600.0,240.0,1.0,,1,kaggle_approval
KG2365,,3+,Not Graduate,No,550000.0,0.0,18800.0,144.0,1.0,,1,kaggle_approval
KG2366,,3+,Not Graduate,No,741666.6666666666,0.0,34900.0,168.0,1.0,,1,kaggle_approval
KG2367,,3+,Graduate,Yes,325000.0,0.0,13300.0,240.0,0.0,,0,kaggle_approval
KG2368,,3+,Graduate,Yes,741666.6666666666,0.0,35400.0,168.0,0.0,,0,kaggle_approval
KG2369,,3+,Not Graduate,No,533333.3333333334,0.0,22300.0,144.0,1.0,,1,kaggle_approval
KG2370,,1,Not Graduate,Yes,791666.6666666666,0.0,28700.0,192.0,0.0,,0,kaggle_approval
KG2371,,3+,Graduate,Yes,25000.0,0.0,1000.0,96.0,1.0,,1,kaggle_approval
KG2372,,3+,Not Graduate,No,341666.6666666667,0.0,12300.0,72.0,0.0,,1,kaggle_approval
KG2373,,2,Graduate,No,675000.0,0.0,20800.0,216.0,1.0,,1,kaggle_approval
KG2374,,3+,Graduate,No,825000.0,0.0,28400.0,120.0,1.0,,1,kaggle_approval
KG2375,,0,Not Graduate,No,400000.0,0.0,19000.0,144.0,1.0,,1,kaggle_approval
KG2376,,0,Graduate,Yes,241666.66666666666,0.0,9700.0,24.0,1.0,,1,kaggle_approval
KG2377,,1,Not Graduate,Yes,291666.6666666667,0.0,13500.0,144.0,1.0,,1,kaggle_approval
KG2378,,1,Not Graduate,Yes,408333.3333333333,0.0,12600.0,48.0,1.0,,1,kaggle_approval
KG2379,,2,Not Graduate,Yes,425000.0,0.0,13300.0,168.0,0.0,,0,kaggle_approval
KG2380,,3+,Graduate,No,608333.3333333334,0.0,26200.0,120.0,1.0,,1,kaggle_approval
KG2381,,0,Graduate,Yes,16666.666666666668,0.0,300.0,216.0,0.0,,0,kaggle_approval
KG2382,,2,Graduate,No,116666.66666666667,0.0,4700.0,48.0,0.0,,1,kaggle_approval
KG2383,,3+,Graduate,Yes,725000.0,0.0,33600.0,168.0,0.0,,0,kaggle_approval
KG2384,,1,Not Graduate,Yes,233333.33333333334,0.0,5900.0,240.0,1.0,,1,kaggle_approval
KG2385,,3+,Graduate,Yes,758333.3333333334,0.0,30100.0,168.0,0.0,,1,kaggle_approval
KG2386,,0,Not Graduate,Yes,566666.6666666666,0.0,15300.0,168.0,1.0,,1,kaggle_approval
KG2387,,0,Not Graduate,Yes,416666.6666666667,0.0,17000.0,72.0,1.0,,1,kaggle_approval
KG2388,,0,Graduate,Yes,366666.6666666667,0.0,16800.0,168.0,1.0,,1,kaggle_approval
KG2389,,3+,Not Graduate,Yes,700000.0,0.0,18600.0,240.0,1.0,,1,kaggle_approval
KG2390,,3+,Graduate,No,650000.0,0.0,17300.0,48.0,0.0,,0,kaggle_approval
KG2391,,3+,Graduate,Yes,400000.0,0.0,9900.0,168.0,1.0,,1,kaggle_approval
KG2392,,1,Graduate,No,266666.6666666667,0.0,8800.0,48.0,0.0,,0,kaggle_approval
KG2393,,3+,Graduate,Yes,191666.66666666666,0.0,6700.0,192.0,1.0,,1,kaggle_approval
KG2394,,3+,Not Graduate,Yes,766666.6666666666,0.0,28100.0,120.0,0.0,,0,kaggle_approval
KG2395,,2,Not Graduate,Yes,391666.6666666667,0.0,13700.0,72.0,0.0,,0,kaggle_approval
KG2396,,0,Not Graduate,Yes,666666.6666666666,0.0,30400.0,24.0,1.0,,1,kaggle_approval
KG2397,,1,Graduate,Yes,216666.66666666666,0.0,8600.0,72.0,1.0,,1,kaggle_approval
KG2398,,3+,Not Graduate,No,16666.666666666668,0.0,800.0,240.0,1.0,,1,kaggle_approval
KG2399,,3+,Graduate,No,608333.3333333334,0.0,17200.0,24.0,0.0,,0,kaggle_approval
KG2400,,3+,Not Graduate,No,275000.0,0.0,11800.0,24.0,1.0,,1,kaggle_approval
KG2401,,3+,Not Graduate,No,691666.6666666666,0.0,23300.0,240.0,0.0,,0,kaggle_approval
KG2402,,3+,Not Graduate,Yes,341666.6666666667,0.0,9600.0,24.0,0.0,,0,kaggle_approval
KG2403,,1,Not Graduate,No,608333.3333333334,0.0,23700.0,192.0,1.0,,1,kaggle_approval
KG2404,,1,Not Graduate,No,775000.0,0.0,27500.0,72.0,0.0,,0,kaggle_approval
KG2405,,2,Graduate,Yes,358333.3333333333,0.0,15200.0,144.0,0.0,,1,kaggle_approval
KG2406,,3+,Not Graduate,No,216666.66666666666,0.0,8100.0,24.0,0.0,,1,kaggle_approval
KG2407,,3+,Graduate,No,241666.66666666666,0.0,9800.0,144.0,0.0,,1,kaggle_approval
KG2408,,2,Graduate,Yes,75000.0,0.0,3500.0,72.0,1.0,,1,kaggle_approval
KG2409,,3+,Not Graduate,Yes,408333.3333333333,0.0,17500.0,240.0,1.0,,1,kaggle_approval
KG2410,,0,Graduate,No,641666.6666666666,0.0,24800.0,120.0,1.0,,1,kaggle_approval
KG2411,,1,Graduate,No,391666.6666666667,0.0,16800.0,144.0,1.0,,1,kaggle_approval
KG2412,,3+,Not Graduate,No,250000.0,0.0,8900.0,240.0,1.0,,1,kaggle_approval
KG2413,,3+,Not Graduate,No,808333.3333333334,0.0,26200.0,48.0,0.0,,0,kaggle_approval
KG2414,,0,Graduate,Yes,575000.0,0.0,26800.0,240.0,0.0,,0,kaggle_approval
KG2415,,2,Not Graduate,Yes,316666.6666666667,0.0,12400.0,96.0,0.0,,0,kaggle_approval
KG2416,,3+,Not Graduate,Yes,50000.0,0.0,1700.0,168.0,0.0,,0,kaggle_approval
KG2417,,2,Not Graduate,Yes,100000.0,0.0,2900.0,144.0,0.0,,0,kaggle_approval
KG2418,,3+,Not Graduate,Yes,650000.0,0.0,26800.0,24.0,0.0,,1,kaggle_approval
KG2419,,0,Not Graduate,No,750000.0,0.0,35100.0,72.0,1.0,,1,kaggle_approval
KG2420,,1,Not Graduate,No,233333.33333333334,0.0,9100.0,144.0,0.0,,0,kaggle_approval
KG2421,,1,Not Graduate,No,650000.0,0.0,21300.0,120.0,0.0,,0,kaggle_approval
KG2422,,3+,Graduate,Yes,391666.6666666667,0.0,9500.0,216.0,1.0,,1,kaggle_approval
KG2423,,2,Graduate,No,383333.3333333333,0.0,17500.0,240.0,0.0,,1,kaggle_approval
KG2424,,3+,Graduate,No,425000.0,0.0,16100.0,168.0,0.0,,0,kaggle_approval
KG2425,,3+,Not Graduate,Yes,508333.3333333333,0.0,22800.0,216.0,1.0,,1,kaggle_approval
KG2426,,0,Not Graduate,No,500000.0,0.0,22900.0,192.0,0.0,,0,kaggle_approval
KG2427,,2,Not Graduate,No,700000.0,0.0,23200.0,192.0,0.0,,0,kaggle_approval
KG2428,,2,Graduate,No,775000.0,0.0,22000.0,168.0,0.0,,0,kaggle_approval
KG2429,,0,Graduate,No,350000.0,0.0,10300.0,120.0,0.0,,0,kaggle_approval
KG2430,,3+,Graduate,No,800000.0,0.0,37800.0,120.0,0.0,,0,kaggle_approval
KG2431,,3+,Graduate,No,466666.6666666667,0.0,13400.0,72.0,1.0,,1,kaggle_approval
KG2432,,3+,Graduate,No,650000.0,0.0,28600.0,24.0,1.0,,1,kaggle_approval
KG2433,,2,Graduate,Yes,375000.0,0.0,12600.0,24.0,0.0,,1,kaggle_approval
KG2434,,3+,Graduate,No,200000.0,0.0,5900.0,24.0,0.0,,0,kaggle_approval
KG2435,,0,Not Graduate,No,325000.0,0.0,11300.0,144.0,0.0,,0,kaggle_approval
KG2436,,3+,Graduate,Yes,800000.0,0.0,20600.0,72.0,0.0,,0,kaggle_approval
KG2437,,3+,Not Graduate,No,75000.0,0.0,2600.0,24.0,1.0,,1,kaggle_approval
KG2438,,3+,Graduate,Yes,91666.66666666667,0.0,3800.0,240.0,1.0,,1,kaggle_approval
KG2439,,3+,Not Graduate,No,533333.3333333334,0.0,24900.0,24.0,1.0,,1,kaggle_approval
KG2440,,2,Graduate,No,383333.3333333333,0.0,15000.0,48.0,1.0,,1,kaggle_approval
KG2441,,3+,Graduate,No,633333.3333333334,0.0,29800.0,240.0,0.0,,0,kaggle_approval
KG2442,,3+,Not Graduate,No,566666.6666666666,0.0,20100.0,168.0,1.0,,1,kaggle_approval
KG2443,,3+,Graduate,No,591666.6666666666,0.0,27000.0,240.0,0.0,,1,kaggle_approval
KG2444,,3+,Not Graduate,Yes,558333.3333333334,0.0,24700.0,72.0,0.0,,0,kaggle_approval
KG2445,,3+,Not Graduate,Yes,483333.3333333333,0.0,12400.0,72.0,1.0,,1,kaggle_approval
KG2446,,0,Graduate,Yes,716666.6666666666,0.0,29400.0,192.0,1.0,,1,kaggle_approval
KG2447,,0,Graduate,Yes,291666.6666666667,0.0,10600.0,48.0,0.0,,1,kaggle_approval
KG2448,,2,Graduate,Yes,400000.0,0.0,17500.0,240.0,0.0,,0,kaggle_approval
KG2449,,3+,Graduate,Yes,508333.3333333333,0.0,14400.0,192.0,0.0,,0,kaggle_approval
KG2450,,3+,Graduate,Yes,433333.3333333333,0.0,12700.0,192.0,1.0,,1,kaggle_approval
KG2451,,3+,Not Graduate,Yes,341666.6666666667,0.0,12400.0,96.0,0.0,,0,kaggle_approval
KG2452,,3+,Not Graduate,No,266666.6666666667,0.0,7400.0,24.0,1.0,,1,kaggle_approval
KG2453,,3+,Not Graduate,Yes,625000.0,0.0,21600.0,168.0,1.0,,1,kaggle_approval
KG2454,,2,Not Graduate,Yes,125000.0,0.0,4500.0,168.0,1.0,,1,kaggle_approval
KG2455,,3+,Graduate,Yes,100000.0,0.0,3100.0,192.0,0.0,,0,kaggle_approval
KG2456,,1,Graduate,Yes,700000.0,0.0,19700.0,72.0,0.0,,0,kaggle_approval
KG2457,,0,Not Graduate,Yes,658333.3333333334,0.0,26300.0,96.0,1.0,,1,kaggle_approval
KG2458,,1,Graduate,Yes,175000.0,0.0,4300.0,240.0,1.0,,1,kaggle_approval
KG2459,,2,Graduate,No,208333.33333333334,0.0,7000.0,240.0,0.0,,0,kaggle_approval
KG2460,,2,Not Graduate,Yes,308333.3333333333,0.0,13900.0,24.0,0.0,,1,kaggle_approval
KG2461,,3+,Graduate,No,91666.66666666667,0.0,4000.0,192.0,0.0,,0,kaggle_approval
KG2462,,3+,Graduate,No,541666.6666666666,0.0,24800.0,96.0,1.0,,1,kaggle_approval
KG2463,,0,Not Graduate,Yes,683333.3333333334,0.0,31500.0,96.0,0.0,,0,kaggle_approval
KG2464,,2,Not Graduate,No,416666.6666666667,0.0,12400.0,96.0,1.0,,1,kaggle_approval
KG2465,,1,Not Graduate,No,125000.0,0.0,6000.0,72.0,0.0,,0,kaggle_approval
KG2466,,3+,Not Graduate,No,308333.3333333333,0.0,9100.0,216.0,0.0,,0,kaggle_approval
KG2467,,3+,Graduate,Yes,341666.6666666667,0.0,14600.0,192.0,1.0,,1,kaggle_approval
KG2468,,2,Not Graduate,No,600000.0,0.0,16800.0,72.0,1.0,,1,kaggle_approval
KG2469,,1,Graduate,No,166666.66666666666,0.0,5000.0,72.0,1.0,,1,kaggle_approval
KG2470,,3+,Not Graduate,No,166666.66666666666,0.0,4700.0,168.0,1.0,,1,kaggle_approval
KG2471,,1,Graduate,Yes,425000.0,0.0,11500.0,48.0,1.0,,1,kaggle_approval
KG2472,,1,Not Graduate,No,500000.0,0.0,13600.0,144.0,0.0,,1,kaggle_approval
KG2473,,1,Graduate,No,408333.3333333333,0.0,18100.0,96.0,0.0,,0,kaggle_approval
KG2474,,3+,Not Graduate,Yes,75000.0,0.0,2300.0,144.0,1.0,,1,kaggle_approval
KG2475,,1,Graduate,Yes,625000.0,0.0,25000.0,216.0,1.0,,1,kaggle_approval
KG2476,,2,Graduate,No,533333.3333333334,0.0,25000.0,144.0,1.0,,1,kaggle_approval
KG2477,,2,Graduate,Yes,725000.0,0.0,26400.0,24.0,1.0,,1,kaggle_approval
KG2478,,3+,Graduate,Yes,608333.3333333334,0.0,17200.0,216.0,1.0,,1,kaggle_approval
KG2479,,3+,Graduate,No,616666.6666666666,0.0,27100.0,48.0,0.0,,1,kaggle_approval
KG2480,,2,Graduate,No,225000.0,0.0,9300.0,192.0,1.0,,1,kaggle_approval
KG2481,,3+,Graduate,No,283333.3333333333,0.0,8900.0,72.0,1.0,,1,kaggle_approval
KG2482,,3+,Not Graduate,Yes,175000.0,0.0,7400.0,48.0,0.0,,1,kaggle_approval
KG2483,,2,Not Graduate,No,258333.33333333334,0.0,10500.0,120.0,1.0,,1,kaggle_approval
KG2484,,3+,Not Graduate,No,391666.6666666667,0.0,17400.0,24.0,0.0,,1,kaggle_approval
KG2485,,3+,Graduate,No,258333.33333333334,0.0,10500.0,72.0,0.0,,1,kaggle_approval
KG2486,,2,Not Graduate,No,475000.0,0.0,20400.0,24.0,1.0,,1,kaggle_approval
KG2487,,3+,Graduate,Yes,191666.66666666666,0.0,8000.0,168.0,0.0,,0,kaggle_approval
KG2488,,0,Not Graduate,Yes,550000.0,0.0,18500.0,192.0,1.0,,1,kaggle_approval
KG2489,,2,Graduate,Yes,225000.0,0.0,6400.0,216.0,0.0,,0,kaggle_approval
KG2490,,1,Not Graduate,Yes,66666.66666666667,0.0,2800.0,192.0,1.0,,1,kaggle_approval
KG2491,,1,Graduate,No,550000.0,0.0,18500.0,96.0,1.0,,1,kaggle_approval
KG2492,,3+,Graduate,No,325000.0,0.0,10700.0,72.0,1.0,,1,kaggle_approval
KG2493,,3+,Not Graduate,No,16666.666666666668,0.0,600.0,192.0,0.0,,0,kaggle_approval
KG2494,,3+,Graduate,No,166666.66666666666,0.0,4200.0,72.0,1.0,,1,kaggle_approval
KG2495,,2,Graduate,Yes,758333.3333333334,0.0,20900.0,240.0,1.0,,1,kaggle_approval
KG2496,,3+,Graduate,No,391666.6666666667,0.0,10800.0,96.0,0.0,,0,kaggle_approval
KG2497,,3+,Not Graduate,Yes,266666.6666666667,0.0,11100.0,72.0,1.0,,1,kaggle_approval
KG2498,,2,Not Graduate,No,141666.66666666666,0.0,4200.0,168.0,1.0,,1,kaggle_approval
KG2499,,1,Not Graduate,No,216666.66666666666,0.0,8100.0,144.0,1.0,,1,kaggle_approval
KG2500,,3+,Not Graduate,Yes,225000.0,0.0,6700.0,168.0,1.0,,1,kaggle_approval
KG2501,,0,Not Graduate,Yes,300000.0,0.0,13400.0,72.0,0.0,,1,kaggle_approval
KG2502,,3+,Graduate,Yes,600000.0,0.0,26000.0,72.0,0.0,,1,kaggle_approval
KG2503,,2,Not Graduate,Yes,208333.33333333334,0.0,6400.0,72.0,1.0,,1,kaggle_approval
KG2504,,2,Not Graduate,No,458333.3333333333,0.0,19600.0,192.0,0.0,,0,kaggle_approval
KG2505,,3+,Graduate,Yes,766666.6666666666,0.0,33500.0,96.0,0.0,,1,kaggle_approval
KG2506,,3+,Not Graduate,No,750000.0,0.0,19000.0,96.0,1.0,,1,kaggle_approval
KG2507,,3+,Not Graduate,Yes,491666.6666666667,0.0,15000.0,168.0,1.0,,1,kaggle_approval
KG2508,,3+,Graduate,No,466666.6666666667,0.0,15600.0,144.0,0.0,,0,kaggle_approval
KG2509,,2,Not Graduate,Yes,266666.6666666667,0.0,12500.0,96.0,1.0,,1,kaggle_approval
KG2510,,3+,Not Graduate,No,758333.3333333334,0.0,27800.0,192.0,0.0,,0,kaggle_approval
KG2511,,0,Not Graduate,Yes,383333.3333333333,0.0,15100.0,24.0,0.0,,1,kaggle_approval
KG2512,,3+,Graduate,No,608333.3333333334,0.0,14900.0,24.0,0.0,,0,kaggle_approval
KG2513,,3+,Not Graduate,Yes,108333.33333333333,0.0,3100.0,192.0,1.0,,1,kaggle_approval
KG2514,,0,Not Graduate,No,150000.0,0.0,4200.0,72.0,1.0,,1,kaggle_approval
KG2515,,3+,Graduate,No,41666.666666666664,0.0,1700.0,120.0,0.0,,0,kaggle_approval
KG2516,,2,Not Graduate,Yes,475000.0,0.0,20500.0,240.0,0.0,,1,kaggle_approval
KG2517,,3+,Graduate,No,25000.0,0.0,1100.0,48.0,0.0,,1,kaggle_approval
KG2518,,3+,Graduate,Yes,175000.0,0.0,7100.0,120.0,0.0,,0,kaggle_approval
KG2519,,1,Not Graduate,Yes,475000.0,0.0,20100.0,168.0,0.0,,0,kaggle_approval
KG2520,,1,Not Graduate,Yes,91666.66666666667,0.0,2700.0,192.0,0.0,,0,kaggle_approval
KG2521,,3+,Graduate,No,775000.0,0.0,34000.0,72.0,1.0,,1,kaggle_approval
KG2522,,1,Graduate,Yes,291666.6666666667,0.0,8100.0,120.0,1.0,,1,kaggle_approval
KG2523,,0,Not Graduate,Yes,683333.3333333334,0.0,28800.0,48.0,1.0,,1,kaggle_approval
KG2524,,2,Not Graduate,Yes,625000.0,0.0,17900.0,240.0,1.0,,1,kaggle_approval
KG2525,,1,Graduate,Yes,583333.3333333334,0.0,25600.0,72.0,0.0,,0,kaggle_approval
KG2526,,3+,Not Graduate,Yes,325000.0,0.0,8300.0,216.0,1.0,,1,kaggle_approval
KG2527,,3+,Graduate,Yes,391666.6666666667,0.0,13200.0,144.0,0.0,,0,kaggle_approval
KG2528,,3+,Not Graduate,Yes,141666.66666666666,0.0,5200.0,192.0,1.0,,1,kaggle_approval
KG2529,,0,Graduate,No,208333.33333333334,0.0,7800.0,96.0,0.0,,0,kaggle_approval
KG2530,,1,Not Graduate,Yes,33333.333333333336,0.0,1400.0,144.0,0.0,,0,kaggle_approval
KG2531,,0,Not Graduate,Yes,200000.0,0.0,9100.0,96.0,0.0,,0,kaggle_approval
KG2532,,3+,Graduate,No,475000.0,0.0,21900.0,24.0,1.0,,1,kaggle_approval
KG2533,,1,Graduate,No,816666.6666666666,0.0,37900.0,48.0,1.0,,1,kaggle_approval
KG2534,,3+,Graduate,No,750000.0,0.0,32800.0,48.0,1.0,,1,kaggle_approval
KG2535,,3+,Not Graduate,No,66666.66666666667,0.0,3000.0,168.0,0.0,,1,kaggle_approval
KG2536,,1,Graduate,No,133333.33333333334,0.0,4500.0,168.0,1.0,,1,kaggle_approval
KG2537,,0,Graduate,Yes,816666.6666666666,0.0,34100.0,240.0,1.0,,1,kaggle_approval
KG2538,,3+,Not Graduate,Yes,241666.66666666666,0.0,7500.0,144.0,1.0,,1,kaggle_approval
KG2539,,3+,Not Graduate,Yes,325000.0,0.0,12000.0,168.0,1.0,,1,kaggle_approval
KG2540,,0,Graduate,Yes,275000.0,0.0,9000.0,216.0,1.0,,1,kaggle_approval
KG2541,,3+,Graduate,Yes,58333.333333333336,0.0,2200.0,96.0,1.0,,1,kaggle_approval
KG2542,,3+,Not Graduate,Yes,700000.0,0.0,29500.0,240.0,1.0,,1,kaggle_approval
KG2543,,1,Graduate,Yes,333333.3333333333,0.0,12100.0,144.0,0.0,,0,kaggle_approval
KG2544,,0,Not Graduate,Yes,158333.33333333334,0.0,6300.0,192.0,1.0,,1,kaggle_approval
KG2545,,0,Not Graduate,No,325000.0,0.0,14600.0,24.0,1.0,,1,kaggle_approval
KG2546,,3+,Not Graduate,No,616666.6666666666,0.0,18000.0,24.0,1.0,,1,kaggle_approval
KG2547,,3+,Not Graduate,Yes,491666.6666666667,0.0,16000.0,72.0,1.0,,1,kaggle_approval
KG2548,,2,Not Graduate,No,116666.66666666667,0.0,2900.0,144.0,0.0,,0,kaggle_approval
KG2549,,2,Graduate,Yes,150000.0,0.0,5500.0,72.0,0.0,,0,kaggle_approval
KG2550,,0,Graduate,Yes,83333.33333333333,0.0,3100.0,72.0,0.0,,0,kaggle_approval
KG2551,,1,Graduate,No,616666.6666666666,0.0,19200.0,240.0,0.0,,0,kaggle_approval
KG2552,,3+,Graduate,No,225000.0,0.0,10600.0,192.0,0.0,,0,kaggle_approval
KG2553,,1,Not Graduate,Yes,300000.0,0.0,13100.0,96.0,0.0,,0,kaggle_approval
KG2554,,3+,Graduate,No,583333.3333333334,0.0,18400.0,144.0,0.0,,0,kaggle_approval
KG2555,,3+,Not Graduate,Yes,416666.6666666667,0.0,18000.0,168.0,0.0,,0,kaggle_approval
KG2556,,2,Graduate,No,150000.0,0.0,5700.0,168.0,0.0,,0,kaggle_approval
KG2557,,2,Graduate,Yes,391666.6666666667,0.0,12000.0,72.0,0.0,,0,kaggle_approval
KG2558,,2,Not Graduate,Yes,558333.3333333334,0.0,23100.0,48.0,0.0,,1,kaggle_approval
KG2559,,3+,Not Graduate,No,483333.3333333333,0.0,17500.0,120.0,1.0,,1,kaggle_approval
KG2560,,0,Graduate,Yes,491666.6666666667,0.0,22700.0,216.0,1.0,,1,kaggle_approval
KG2561,,3+,Not Graduate,No,500000.0,0.0,15800.0,216.0,0.0,,1,kaggle_approval
KG2562,,1,Not Graduate,Yes,58333.333333333336,0.0,1400.0,120.0,0.0,,0,kaggle_approval
KG2563,,0,Not Graduate,Yes,308333.3333333333,0.0,13100.0,168.0,0.0,,0,kaggle_approval
KG2564,,0,Graduate,Yes,591666.6666666666,0.0,19300.0,72.0,1.0,,1,kaggle_approval
KG2565,,3+,Graduate,Yes,91666.66666666667,0.0,3900.0,24.0,0.0,,1,kaggle_approval
KG2566,,3+,Not Graduate,Yes,791666.6666666666,0.0,20100.0,24.0,0.0,,0,kaggle_approval
KG2567,,3+,Not Graduate,Yes,183333.33333333334,0.0,8600.0,24.0,0.0,,1,kaggle_approval
KG2568,,3+,Not Graduate,Yes,458333.3333333333,0.0,20000.0,96.0,1.0,,1,kaggle_approval
KG2569,,3+,Not Graduate,Yes,366666.6666666667,0.0,16300.0,240.0,0.0,,1,kaggle_approval
KG2570,,3+,Not Graduate,No,416666.6666666667,0.0,10800.0,120.0,0.0,,0,kaggle_approval
KG2571,,3+,Not Graduate,Yes,508333.3333333333,0.0,12500.0,168.0,1.0,,1,kaggle_approval
KG2572,,3+,Not Graduate,No,675000.0,0.0,22300.0,120.0,1.0,,1,kaggle_approval
KG2573,,3+,Graduate,Yes,583333.3333333334,0.0,19600.0,96.0,1.0,,1,kaggle_approval
KG2574,,3+,Not Graduate,No,466666.6666666667,0.0,14800.0,240.0,1.0,,1,kaggle_approval
KG2575,,3+,Graduate,No,150000.0,0.0,7000.0,168.0,1.0,,1,kaggle_approval
KG2576,,2,Graduate,No,300000.0,0.0,12100.0,168.0,0.0,,0,kaggle_approval
KG2577,,3+,Graduate,No,50000.0,0.0,1300.0,168.0,0.0,,0,kaggle_approval
KG2578,,1,Graduate,Yes,408333.3333333333,0.0,16500.0,144.0,0.0,,0,kaggle_approval
KG2579,,3+,Graduate,Yes,250000.0,0.0,7100.0,72.0,0.0,,0,kaggle_approval
KG2580,,0,Not Graduate,Yes,316666.6666666667,0.0,10600.0,144.0,0.0,,0,kaggle_approval
KG2581,,1,Graduate,Yes,633333.3333333334,0.0,30000.0,192.0,1.0,,1,kaggle_approval
KG2582,,3+,Graduate,No,650000.0,0.0,25400.0,216.0,0.0,,0,kaggle_approval
KG2583,,0,Graduate,No,566666.6666666666,0.0,21700.0,240.0,1.0,,1,kaggle_approval
KG2584,,3+,Graduate,Yes,491666.6666666667,0.0,17300.0,240.0,1.0,,1,kaggle_approval
KG2585,,2,Not Graduate,No,408333.3333333333,0.0,16800.0,120.0,0.0,,0,kaggle_approval
KG2586,,3+,Not Graduate,Yes,91666.66666666667,0.0,3100.0,192.0,0.0,,0,kaggle_approval
KG2587,,1,Not Graduate,Yes,816666.6666666666,0.0,36000.0,144.0,1.0,,1,kaggle_approval
KG2588,,1,Graduate,Yes,100000.0,0.0,4700.0,24.0,1.0,,1,kaggle_approval
KG2589,,0,Not Graduate,No,391666.6666666667,0.0,11500.0,216.0,0.0,,1,kaggle_approval
KG2590,,3+,Graduate,No,558333.3333333334,0.0,16000.0,48.0,1.0,,1,kaggle_approval
KG2591,,0,Not Graduate,Yes,308333.3333333333,0.0,11300.0,72.0,0.0,,0,kaggle_approval
KG2592,,2,Graduate,No,616666.6666666666,0.0,16000.0,240.0,0.0,,0,kaggle_approval
KG2593,,2,Not Graduate,No,275000.0,0.0,11700.0,168.0,0.0,,0,kaggle_approval
KG2594,,2,Graduate,Yes,400000.0,0.0,15300.0,144.0,0.0,,0,kaggle_approval
KG2595,,3+,Graduate,Yes,383333.3333333333,0.0,11900.0,72.0,1.0,,1,kaggle_approval
KG2596,,1,Graduate,Yes,666666.6666666666,0.0,30600.0,168.0,0.0,,0,kaggle_approval
KG2597,,0,Not Graduate,No,341666.6666666667,0.0,8800.0,216.0,0.0,,0,kaggle_approval
KG2598,,3+,Not Graduate,No,216666.66666666666,0.0,7200.0,192.0,1.0,,1,kaggle_approval
KG2599,,3+,Not Graduate,No,108333.33333333333,0.0,5000.0,72.0,1.0,,1,kaggle_approval
KG2600,,0,Graduate,Yes,191666.66666666666,0.0,4900.0,144.0,0.0,,0,kaggle_approval
KG2601,,3+,Graduate,No,25000.0,0.0,900.0,72.0,0.0,,0,kaggle_approval
KG2602,,0,Graduate,Yes,583333.3333333334,0.0,21700.0,240.0,0.0,,0,kaggle_approval
KG2603,,3+,Not Graduate,Yes,366666.6666666667,0.0,10900.0,216.0,1.0,,1,kaggle_approval
KG2604,,3+,Not Graduate,Yes,425000.0,0.0,11800.0,72.0,1.0,,1,kaggle_approval
KG2605,,1,Not Graduate,No,491666.6666666667,0.0,13000.0,72.0,1.0,,1,kaggle_approval
KG2606,,3+,Graduate,Yes,650000.0,0.0,27200.0,192.0,0.0,,1,kaggle_approval
KG2607,,3+,Graduate,Yes,183333.33333333334,0.0,5100.0,72.0,0.0,,0,kaggle_approval
KG2608,,3+,Not Graduate,No,450000.0,0.0,12600.0,216.0,1.0,,1,kaggle_approval
KG2609,,1,Not Graduate,No,616666.6666666666,0.0,29100.0,96.0,0.0,,1,kaggle_approval
KG2610,,3+,Graduate,No,483333.3333333333,0.0,12000.0,144.0,1.0,,1,kaggle_approval
KG2611,,1,Graduate,Yes,483333.3333333333,0.0,13000.0,144.0,1.0,,1,kaggle_approval
KG2612,,3+,Not Graduate,Yes,400000.0,0.0,14200.0,144.0,0.0,,0,kaggle_approval
KG2613,,1,Not Graduate,Yes,616666.6666666666,0.0,23900.0,48.0,1.0,,1,kaggle_approval
KG2614,,0,Not Graduate,Yes,800000.0,0.0,19600.0,144.0,0.0,,0,kaggle_approval
KG2615,,2,Not Graduate,Yes,16666.666666666668,0.0,500.0,72.0,1.0,,1,kaggle_approval
KG2616,,3+,Not Graduate,No,58333.333333333336,0.0,2100.0,168.0,1.0,,1,kaggle_approval
KG2617,,2,Not Graduate,No,633333.3333333334,0.0,16700.0,240.0,1.0,,1,kaggle_approval
KG2618,,1,Not Graduate,Yes,116666.66666666667,0.0,3300.0,216.0,0.0,,0,kaggle_approval
KG2619,,2,Not Graduate,Yes,316666.6666666667,0.0,15000.0,168.0,1.0,,1,kaggle_approval
KG2620,,3+,Not Graduate,No,225000.0,0.0,10800.0,72.0,0.0,,0,kaggle_approval
KG2621,,2,Not Graduate,Yes,416666.6666666667,0.0,10700.0,24.0,1.0,,1,kaggle_approval
KG2622,,3+,Graduate,Yes,750000.0,0.0,28900.0,72.0,1.0,,1,kaggle_approval
KG2623,,3+,Graduate,No,308333.3333333333,0.0,9000.0,72.0,0.0,,0,kaggle_approval
KG2624,,3+,Not Graduate,Yes,25000.0,0.0,1100.0,48.0,0.0,,1,kaggle_approval
KG2625,,3+,Graduate,No,150000.0,0.0,4100.0,96.0,1.0,,1,kaggle_approval
KG2626,,2,Graduate,No,658333.3333333334,0.0,17700.0,48.0,0.0,,0,kaggle_approval
KG2627,,3+,Graduate,Yes,175000.0,0.0,7700.0,96.0,0.0,,0,kaggle_approval
KG2628,,0,Graduate,Yes,75000.0,0.0,3100.0,48.0,0.0,,1,kaggle_approval
KG2629,,3+,Graduate,No,825000.0,0.0,23600.0,216.0,0.0,,1,kaggle_approval
KG2630,,0,Not Graduate,Yes,466666.6666666667,0.0,20000.0,240.0,1.0,,1,kaggle_approval
KG2631,,1,Not Graduate,Yes,500000.0,0.0,12200.0,192.0,1.0,,1,kaggle_approval
KG2632,,3+,Not Graduate,No,475000.0,0.0,18400.0,48.0,0.0,,1,kaggle_approval
KG2633,,0,Graduate,Yes,750000.0,0.0,33100.0,240.0,1.0,,1,kaggle_approval
KG2634,,0,Graduate,No,608333.3333333334,0.0,16100.0,24.0,0.0,,0,kaggle_approval
KG2635,,3+,Graduate,No,441666.6666666667,0.0,20500.0,192.0,1.0,,1,kaggle_approval
KG2636,,1,Not Graduate,Yes,291666.6666666667,0.0,7400.0,192.0,1.0,,1,kaggle_approval
KG2637,,0,Not Graduate,No,83333.33333333333,0.0,2200.0,144.0,0.0,,0,kaggle_approval
KG2638,,0,Not Graduate,No,425000.0,0.0,19900.0,144.0,1.0,,1,kaggle_approval
KG2639,,0,Graduate,Yes,241666.66666666666,0.0,9900.0,96.0,0.0,,0,kaggle_approval
KG2640,,3+,Not Graduate,No,633333.3333333334,0.0,19100.0,168.0,1.0,,1,kaggle_approval
KG2641,,3+,Not Graduate,Yes,500000.0,0.0,14700.0,216.0,0.0,,0,kaggle_approval
KG2642,,1,Graduate,No,525000.0,0.0,18200.0,216.0,1.0,,1,kaggle_approval
KG2643,,3+,Not Graduate,No,158333.33333333334,0.0,7400.0,216.0,0.0,,1,kaggle_approval
KG2644,,3+,Graduate,No,50000.0,0.0,1400.0,48.0,0.0,,0,kaggle_approval
KG2645,,2,Not Graduate,Yes,341666.6666666667,0.0,11400.0,168.0,0.0,,0,kaggle_approval
KG2646,,0,Not Graduate,Yes,66666.66666666667,0.0,3200.0,96.0,0.0,,0,kaggle_approval
KG2647,,2,Not Graduate,No,550000.0,0.0,22900.0,192.0,0.0,,0,kaggle_approval
KG2648,,3+,Graduate,Yes,25000.0,0.0,1100.0,144.0,1.0,,1,kaggle_approval
KG2649,,3+,Graduate,No,508333.3333333333,0.0,13500.0,24.0,1.0,,1,kaggle_approval
KG2650,,3+,Not Graduate,Yes,400000.0,0.0,17000.0,120.0,1.0,,1,kaggle_approval
KG2651,,3+,Not Graduate,No,375000.0,0.0,17300.0,216.0,1.0,,1,kaggle_approval
KG2652,,2,Graduate,No,316666.6666666667,0.0,9400.0,192.0,0.0,,0,kaggle_approval
KG2653,,2,Graduate,Yes,583333.3333333334,0.0,18900.0,96.0,0.0,,1,kaggle_approval
KG2654,,2,Not Graduate,No,366666.6666666667,0.0,14200.0,216.0,1.0,,1,kaggle_approval
KG2655,,3+,Graduate,No,441666.6666666667,0.0,19400.0,72.0,0.0,,0,kaggle_approval
KG2656,,0,Not Graduate,Yes,216666.66666666666,0.0,5900.0,72.0,0.0,,1,kaggle_approval
KG2657,,3+,Not Graduate,No,275000.0,0.0,13100.0,24.0,0.0,,1,kaggle_approval
KG2658,,1,Not Graduate,Yes,100000.0,0.0,4800.0,72.0,0.0,,0,kaggle_approval
KG2659,,3+,Graduate,No,358333.3333333333,0.0,8600.0,96.0,1.0,,1,kaggle_approval
KG2660,,0,Not Graduate,Yes,700000.0,0.0,27200.0,120.0,0.0,,0,kaggle_approval
KG2661,,0,Graduate,No,50000.0,0.0,1800.0,216.0,1.0,,1,kaggle_approval
KG2662,,2,Graduate,Yes,391666.6666666667,0.0,16200.0,144.0,1.0,,1,kaggle_approval
KG2663,,3+,Graduate,No,350000.0,0.0,12500.0,240.0,0.0,,0,kaggle_approval
KG2664,,2,Graduate,No,358333.3333333333,0.0,14700.0,24.0,1.0,,1,kaggle_approval
KG2665,,0,Not Graduate,No,66666.66666666667,0.0,2900.0,24.0,0.0,,1,kaggle_approval
KG2666,,0,Not Graduate,Yes,775000.0,0.0,32000.0,96.0,0.0,,0,kaggle_approval
KG2667,,3+,Not Graduate,No,516666.6666666667,0.0,13700.0,24.0,0.0,,0,kaggle_approval
KG2668,,3+,Graduate,Yes,291666.6666666667,0.0,10200.0,144.0,1.0,,1,kaggle_approval
KG2669,,2,Graduate,Yes,300000.0,0.0,9200.0,216.0,1.0,,1,kaggle_approval
KG2670,,3+,Graduate,Yes,791666.6666666666,0.0,36700.0,192.0,0.0,,0,kaggle_approval
KG2671,,3+,Graduate,Yes,50000.0,0.0,1400.0,120.0,1.0,,1,kaggle_approval
KG2672,,0,Not Graduate,Yes,316666.6666666667,0.0,14900.0,72.0,1.0,,1,kaggle_approval
KG2673,,3+,Graduate,Yes,116666.66666666667,0.0,3500.0,144.0,1.0,,1,kaggle_approval
KG2674,,1,Not Graduate,No,525000.0,0.0,23900.0,48.0,1.0,,1,kaggle_approval
KG2675,,1,Not Graduate,Yes,233333.33333333334,0.0,6600.0,216.0,1.0,,1,kaggle_approval
KG2676,,3+,Graduate,Yes,450000.0,0.0,17100.0,24.0,0.0,,1,kaggle_approval
KG2677,,3+,Not Graduate,Yes,525000.0,0.0,23900.0,192.0,1.0,,1,kaggle_approval
KG2678,,3+,Graduate,Yes,325000.0,0.0,14300.0,216.0,1.0,,1,kaggle_approval
KG2679,,2,Graduate,Yes,350000.0,0.0,15700.0,24.0,0.0,,1,kaggle_approval
KG2680,,0,Graduate,No,258333.33333333334,0.0,8100.0,216.0,1.0,,1,kaggle_approval
KG2681,,1,Graduate,No,283333.3333333333,0.0,8600.0,72.0,1.0,,1,kaggle_approval
KG2682,,3+,Not Graduate,No,125000.0,0.0,3100.0,72.0,1.0,,1,kaggle_approval
KG2683,,3+,Not Graduate,Yes,75000.0,0.0,2000.0,216.0,1.0,,1,kaggle_approval
KG2684,,3+,Graduate,Yes,650000.0,0.0,25600.0,48.0,1.0,,1,kaggle_approval
KG2685,,1,Not Graduate,Yes,291666.6666666667,0.0,10500.0,240.0,0.0,,0,kaggle_approval
KG2686,,1,Not Graduate,No,700000.0,0.0,32500.0,168.0,1.0,,1,kaggle_approval
KG2687,,3+,Not Graduate,Yes,533333.3333333334,0.0,21300.0,240.0,0.0,,0,kaggle_approval
KG2688,,1,Not Graduate,No,800000.0,0.0,28300.0,72.0,0.0,,0,kaggle_approval
KG2689,,3+,Not Graduate,Yes,175000.0,0.0,6500.0,120.0,1.0,,1,kaggle_approval
KG2690,,2,Not Graduate,Yes,500000.0,0.0,19900.0,96.0,0.0,,0,kaggle_approval
KG2691,,0,Not Graduate,Yes,691666.6666666666,0.0,16800.0,216.0,0.0,,0,kaggle_approval
KG2692,,1,Not Graduate,Yes,441666.6666666667,0.0,18500.0,72.0,0.0,,0,kaggle_approval
KG2693,,1,Not Graduate,Yes,808333.3333333334,0.0,23500.0,48.0,1.0,,1,kaggle_approval
KG2694,,3+,Not Graduate,Yes,683333.3333333334,0.0,16500.0,216.0,0.0,,0,kaggle_approval
KG2695,,3+,Graduate,No,283333.3333333333,0.0,6900.0,168.0,0.0,,0,kaggle_approval
KG2696,,3+,Graduate,No,233333.33333333334,0.0,11000.0,144.0,1.0,,1,kaggle_approval
KG2697,,0,Not Graduate,Yes,200000.0,0.0,5200.0,192.0,1.0,,1,kaggle_approval
KG2698,,1,Graduate,No,683333.3333333334,0.0,24000.0,48.0,0.0,,0,kaggle_approval
KG2699,,3+,Not Graduate,No,350000.0,0.0,11100.0,96.0,0.0,,0,kaggle_approval
KG2700,,3+,Graduate,Yes,458333.3333333333,0.0,14800.0,120.0,0.0,,0,kaggle_approval
KG2701,,3+,Not Graduate,Yes,241666.66666666666,0.0,6300.0,72.0,1.0,,1,kaggle_approval
KG2702,,3+,Not Graduate,No,525000.0,0.0,20100.0,144.0,1.0,,1,kaggle_approval
KG2703,,3+,Not Graduate,Yes,808333.3333333334,0.0,29100.0,216.0,1.0,,1,kaggle_approval
KG2704,,1,Not Graduate,No,541666.6666666666,0.0,16000.0,72.0,1.0,,1,kaggle_approval
KG2705,,3+,Not Graduate,No,408333.3333333333,0.0,10800.0,216.0,1.0,,1,kaggle_approval
KG2706,,3+,Graduate,Yes,575000.0,0.0,16500.0,72.0,0.0,,0,kaggle_approval
KG2707,,3+,Not Graduate,Yes,91666.66666666667,0.0,3000.0,48.0,1.0,,1,kaggle_approval
KG2708,,2,Not Graduate,Yes,650000.0,0.0,29600.0,168.0,0.0,,1,kaggle_approval
KG2709,,2,Graduate,Yes,683333.3333333334,0.0,23600.0,72.0,0.0,,0,kaggle_approval
KG2710,,3+,Not Graduate,Yes,558333.3333333334,0.0,23600.0,168.0,1.0,,1,kaggle_approval
KG2711,,3+,Graduate,Yes,616666.6666666666,0.0,15200.0,120.0,0.0,,0,kaggle_approval
KG2712,,1,Not Graduate,No,100000.0,0.0,2700.0,168.0,1.0,,1,kaggle_approval
KG2713,,0,Not Graduate,No,791666.6666666666,0.0,24800.0,24.0,0.0,,1,kaggle_approval
KG2714,,3+,Not Graduate,Yes,333333.3333333333,0.0,8200.0,24.0,0.0,,1,kaggle_approval
KG2715,,0,Not Graduate,Yes,716666.6666666666,0.0,32600.0,96.0,1.0,,1,kaggle_approval
KG2716,,3+,Graduate,Yes,758333.3333333334,0.0,28400.0,144.0,1.0,,1,kaggle_approval
KG2717,,0,Not Graduate,Yes,591666.6666666666,0.0,18600.0,240.0,1.0,,1,kaggle_approval
KG2718,,0,Not Graduate,No,750000.0,0.0,28400.0,48.0,1.0,,1,kaggle_approval
KG2719,,3+,Graduate,Yes,116666.66666666667,0.0,2700.0,168.0,1.0,,1,kaggle_approval
KG2720,,1,Graduate,No,733333.3333333334,0.0,20200.0,72.0,1.0,,1,kaggle_approval
KG2721,,3+,Not Graduate,Yes,450000.0,0.0,14700.0,48.0,0.0,,0,kaggle_approval
KG2722,,1,Graduate,No,508333.3333333333,0.0,19100.0,72.0,0.0,,0,kaggle_approval
KG2723,,1,Graduate,No,83333.33333333333,0.0,3600.0,48.0,0.0,,1,kaggle_approval
KG2724,,3+,Graduate,Yes,641666.6666666666,0.0,18100.0,240.0,1.0,,1,kaggle_approval
KG2725,,1,Graduate,Yes,508333.3333333333,0.0,12900.0,24.0,0.0,,0,kaggle_approval
KG2726,,2,Not Graduate,Yes,641666.6666666666,0.0,21000.0,144.0,0.0,,0,kaggle_approval
KG2727,,3+,Graduate,Yes,391666.6666666667,0.0,12000.0,24.0,0.0,,0,kaggle_approval
KG2728,,2,Graduate,Yes,758333.3333333334,0.0,34800.0,240.0,1.0,,1,kaggle_approval
KG2729,,0,Graduate,Yes,483333.3333333333,0.0,12700.0,144.0,0.0,,0,kaggle_approval
KG2730,,3+,Not Graduate,No,708333.3333333334,0.0,24900.0,24.0,0.0,,0,kaggle_approval
KG2731,,2,Graduate,Yes,825000.0,0.0,33400.0,168.0,1.0,,1,kaggle_approval
KG2732,,3+,Not Graduate,Yes,166666.66666666666,0.0,4000.0,120.0,1.0,,1,kaggle_approval
KG2733,,1,Not Graduate,Yes,416666.6666666667,0.0,16800.0,72.0,1.0,,1,kaggle_approval
KG2734,,1,Graduate,Yes,266666.6666666667,0.0,11800.0,192.0,1.0,,1,kaggle_approval
KG2735,,1,Not Graduate,Yes,666666.6666666666,0.0,27800.0,96.0,1.0,,1,kaggle_approval
KG2736,,0,Not Graduate,Yes,100000.0,0.0,2800.0,168.0,1.0,,1,kaggle_approval
KG2737,,2,Not Graduate,Yes,483333.3333333333,0.0,22800.0,168.0,1.0,,1,kaggle_approval
KG2738,,1,Graduate,No,208333.33333333334,0.0,7600.0,240.0,1.0,,1,kaggle_approval
KG2739,,1,Not Graduate,Yes,50000.0,0.0,1400.0,120.0,1.0,,1,kaggle_approval
KG2740,,3+,Graduate,No,408333.3333333333,0.0,13000.0,120.0,1.0,,1,kaggle_approval
KG2741,,2,Graduate,Yes,783333.3333333334,0.0,37300.0,168.0,0.0,,0,kaggle_approval
KG2742,,2,Graduate,No,441666.6666666667,0.0,19300.0,192.0,0.0,,0,kaggle_approval
KG2743,,3+,Not Graduate,No,425000.0,0.0,15800.0,48.0,1.0,,1,kaggle_approval
KG2744,,3+,Not Graduate,Yes,241666.66666666666,0.0,8900.0,216.0,1.0,,1,kaggle_approval
KG2745,,1,Graduate,No,758333.3333333334,0.0,34000.0,144.0,1.0,,1,kaggle_approval
KG2746,,3+,Not Graduate,Yes,733333.3333333334,0.0,26700.0,144.0,1.0,,1,kaggle_approval
KG2747,,3+,Not Graduate,No,216666.66666666666,0.0,8800.0,120.0,1.0,,1,kaggle_approval
KG2748,,1,Graduate,Yes,808333.3333333334,0.0,25500.0,216.0,1.0,,1,kaggle_approval
KG2749,,3+,Not Graduate,Yes,50000.0,0.0,1200.0,96.0,0.0,,0,kaggle_approval
KG2750,,0,Graduate,Yes,341666.6666666667,0.0,11100.0,192.0,1.0,,1,kaggle_approval
KG2751,,1,Not Graduate,Yes,666666.6666666666,0.0,28000.0,240.0,1.0,,1,kaggle_approval
KG2752,,2,Graduate,No,733333.3333333334,0.0,26700.0,192.0,1.0,,1,kaggle_approval
KG2753,,1,Graduate,No,16666.666666666668,0.0,300.0,144.0,1.0,,1,kaggle_approval
KG2754,,0,Graduate,Yes,316666.6666666667,0.0,11700.0,24.0,0.0,,1,kaggle_approval
KG2755,,3+,Graduate,No,566666.6666666666,0.0,21800.0,120.0,0.0,,1,kaggle_approval
KG2756,,0,Graduate,No,716666.6666666666,0.0,31800.0,24.0,1.0,,1,kaggle_approval
KG2757,,2,Graduate,Yes,233333.33333333334,0.0,8400.0,120.0,0.0,,0,kaggle_approval
KG2758,,0,Graduate,No,666666.6666666666,0.0,29800.0,144.0,1.0,,1,kaggle_approval
KG2759,,2,Graduate,Yes,191666.66666666666,0.0,5500.0,192.0,1.0,,1,kaggle_approval
KG2760,,3+,Graduate,Yes,633333.3333333334,0.0,16200.0,240.0,1.0,,1,kaggle_approval
KG2761,,2,Graduate,No,241666.66666666666,0.0,11300.0,144.0,1.0,,1,kaggle_approval
KG2762,,3+,Not Graduate,No,658333.3333333334,0.0,25700.0,216.0,0.0,,1,kaggle_approval
KG2763,,2,Not Graduate,No,158333.33333333334,0.0,4500.0,72.0,1.0,,1,kaggle_approval
KG2764,,3+,Not Graduate,Yes,383333.3333333333,0.0,13600.0,240.0,1.0,,1,kaggle_approval
KG2765,,1,Not Graduate,No,216666.66666666666,0.0,7700.0,72.0,0.0,,0,kaggle_approval
KG2766,,2,Not Graduate,No,225000.0,0.0,6700.0,96.0,0.0,,0,kaggle_approval
KG2767,,3+,Graduate,Yes,525000.0,0.0,13200.0,192.0,0.0,,0,kaggle_approval
KG2768,,0,Graduate,Yes,216666.66666666666,0.0,7500.0,24.0,1.0,,1,kaggle_approval
KG2769,,3+,Not Graduate,Yes,641666.6666666666,0.0,23400.0,72.0,0.0,,0,kaggle_approval
KG2770,,0,Graduate,Yes,616666.6666666666,0.0,16300.0,192.0,1.0,,1,kaggle_approval
KG2771,,3+,Graduate,Yes,608333.3333333334,0.0,21600.0,240.0,0.0,,1,kaggle_approval
KG2772,,1,Graduate,No,241666.66666666666,0.0,7600.0,24.0,0.0,,0,kaggle_approval
KG2773,,3+,Graduate,Yes,550000.0,0.0,16000.0,120.0,0.0,,0,kaggle_approval
KG2774,,2,Graduate,Yes,225000.0,0.0,9600.0,168.0,0.0,,1,kaggle_approval
KG2775,,3+,Graduate,Yes,691666.6666666666,0.0,27700.0,48.0,0.0,,1,kaggle_approval
KG2776,,0,Graduate,No,408333.3333333333,0.0,18500.0,96.0,1.0,,1,kaggle_approval
KG2777,,3+,Graduate,Yes,658333.3333333334,0.0,30700.0,120.0,0.0,,0,kaggle_approval
KG2778,,3+,Graduate,Yes,733333.3333333334,0.0,21300.0,168.0,1.0,,1,kaggle_approval
KG2779,,3+,Not Graduate,No,333333.3333333333,0.0,14100.0,216.0,1.0,,1,kaggle_approval
KG2780,,3+,Graduate,Yes,325000.0,0.0,9200.0,144.0,1.0,,1,kaggle_approval
KG2781,,3+,Graduate,Yes,641666.6666666666,0.0,18900.0,24.0,0.0,,1,kaggle_approval
KG2782,,1,Graduate,Yes,316666.6666666667,0.0,10000.0,192.0,1.0,,1,kaggle_approval
KG2783,,3+,Graduate,No,666666.6666666666,0.0,27000.0,240.0,0.0,,1,kaggle_approval
KG2784,,3+,Graduate,Yes,283333.3333333333,0.0,11300.0,240.0,1.0,,1,kaggle_approval
KG2785,,3+,Graduate,Yes,458333.3333333333,0.0,18800.0,144.0,1.0,,1,kaggle_approval
KG2786,,0,Not Graduate,No,641666.6666666666,0.0,29300.0,168.0,1.0,,1,kaggle_approval
KG2787,,3+,Graduate,No,333333.3333333333,0.0,9400.0,48.0,1.0,,1,kaggle_approval
KG2788,,3+,Not Graduate,Yes,491666.6666666667,0.0,22600.0,216.0,1.0,,1,kaggle_approval
KG2789,,0,Not Graduate,Yes,216666.66666666666,0.0,9900.0,240.0,0.0,,0,kaggle_approval
KG2790,,3+,Graduate,No,550000.0,0.0,22200.0,144.0,1.0,,1,kaggle_approval
KG2791,,0,Not Graduate,Yes,83333.33333333333,0.0,3000.0,216.0,0.0,,0,kaggle_approval
KG2792,,3+,Not Graduate,Yes,66666.66666666667,0.0,2800.0,192.0,1.0,,1,kaggle_approval
KG2793,,0,Graduate,No,266666.6666666667,0.0,6300.0,72.0,1.0,,1,kaggle_approval
KG2794,,3+,Graduate,No,700000.0,0.0,23400.0,144.0,0.0,,0,kaggle_approval
KG2795,,3+,Graduate,Yes,483333.3333333333,0.0,17600.0,72.0,1.0,,1,kaggle_approval
KG2796,,0,Not Graduate,Yes,608333.3333333334,0.0,28100.0,120.0,1.0,,1,kaggle_approval
KG2797,,1,Graduate,No,325000.0,0.0,8000.0,72.0,0.0,,0,kaggle_approval
KG2798,,2,Not Graduate,Yes,383333.3333333333,0.0,16000.0,48.0,1.0,,1,kaggle_approval
KG2799,,0,Graduate,No,300000.0,0.0,12300.0,24.0,0.0,,1,kaggle_approval
KG2800,,3+,Graduate,No,625000.0,0.0,28700.0,240.0,0.0,,0,kaggle_approval
KG2801,,1,Graduate,No,433333.3333333333,0.0,15000.0,144.0,1.0,,1,kaggle_approval
KG2802,,3+,Graduate,Yes,366666.6666666667,0.0,10000.0,96.0,1.0,,1,kaggle_approval
KG2803,,1,Not Graduate,Yes,425000.0,0.0,12900.0,168.0,0.0,,0,kaggle_approval
KG2804,,0,Graduate,No,500000.0,0.0,23600.0,72.0,1.0,,1,kaggle_approval
KG2805,,2,Graduate,No,316666.6666666667,0.0,11400.0,72.0,1.0,,1,kaggle_approval
KG2806,,3+,Graduate,No,233333.33333333334,0.0,10900.0,24.0,1.0,,1,kaggle_approval
KG2807,,3+,Graduate,Yes,541666.6666666666,0.0,18300.0,48.0,0.0,,0,kaggle_approval
KG2808,,2,Not Graduate,Yes,133333.33333333334,0.0,6400.0,48.0,1.0,,1,kaggle_approval
KG2809,,3+,Graduate,No,458333.3333333333,0.0,18600.0,144.0,0.0,,1,kaggle_approval
KG2810,,0,Graduate,Yes,800000.0,0.0,20100.0,192.0,0.0,,0,kaggle_approval
KG2811,,0,Graduate,No,583333.3333333334,0.0,27800.0,192.0,1.0,,1,kaggle_approval
KG2812,,2,Not Graduate,No,333333.3333333333,0.0,8100.0,192.0,0.0,,0,kaggle_approval
KG2813,,1,Not Graduate,Yes,675000.0,0.0,30900.0,144.0,0.0,,0,kaggle_approval
KG2814,,2,Not Graduate,Yes,550000.0,0.0,22800.0,96.0,0.0,,0,kaggle_approval
KG2815,,3+,Graduate,No,341666.6666666667,0.0,10200.0,144.0,0.0,,0,kaggle_approval
KG2816,,1,Graduate,No,550000.0,0.0,24800.0,48.0,0.0,,1,kaggle_approval
KG2817,,3+,Graduate,No,425000.0,0.0,12200.0,168.0,0.0,,0,kaggle_approval
KG2818,,3+,Graduate,No,683333.3333333334,0.0,25200.0,216.0,1.0,,1,kaggle_approval
KG2819,,1,Not Graduate,Yes,791666.6666666666,0.0,24400.0,168.0,1.0,,1,kaggle_approval
KG2820,,0,Not Graduate,Yes,633333.3333333334,0.0,27600.0,24.0,0.0,,1,kaggle_approval
KG2821,,2,Not Graduate,Yes,700000.0,0.0,20800.0,144.0,0.0,,0,kaggle_approval
KG2822,,3+,Graduate,No,633333.3333333334,0.0,25100.0,48.0,1.0,,1,kaggle_approval
KG2823,,3+,Not Graduate,Yes,116666.66666666667,0.0,3700.0,144.0,1.0,,1,kaggle_approval
KG2824,,3+,Not Graduate,Yes,225000.0,0.0,6800.0,120.0,0.0,,0,kaggle_approval
KG2825,,1,Graduate,Yes,16666.666666666668,0.0,500.0,120.0,1.0,,1,kaggle_approval
KG2826,,3+,Graduate,No,50000.0,0.0,2100.0,192.0,1.0,,1,kaggle_approval
KG2827,,3+,Graduate,No,433333.3333333333,0.0,12900.0,192.0,1.0,,1,kaggle_approval
KG2828,,0,Not Graduate,Yes,425000.0,0.0,11600.0,120.0,0.0,,0,kaggle_approval
KG2829,,3+,Graduate,Yes,766666.6666666666,0.0,18600.0,24.0,1.0,,1,kaggle_approval
KG2830,,3+,Not Graduate,No,541666.6666666666,0.0,23200.0,216.0,1.0,,1,kaggle_approval
KG2831,,0,Graduate,No,708333.3333333334,0.0,21000.0,72.0,1.0,,1,kaggle_approval
KG2832,,3+,Not Graduate,No,166666.66666666666,0.0,6000.0,144.0,1.0,,1,kaggle_approval
KG2833,,3+,Not Graduate,Yes,625000.0,0.0,18000.0,240.0,0.0,,0,kaggle_approval
KG2834,,0,Graduate,Yes,625000.0,0.0,28900.0,120.0,1.0,,1,kaggle_approval
KG2835,,2,Not Graduate,No,166666.66666666666,0.0,4300.0,192.0,0.0,,0,kaggle_approval
KG2836,,3+,Graduate,Yes,116666.66666666667,0.0,2700.0,168.0,1.0,,1,kaggle_approval
KG2837,,1,Not Graduate,Yes,141666.66666666666,0.0,5600.0,24.0,1.0,,1,kaggle_approval
KG2838,,2,Graduate,Yes,441666.6666666667,0.0,14900.0,72.0,0.0,,0,kaggle_approval
KG2839,,3+,Not Graduate,No,741666.6666666666,0.0,30100.0,24.0,1.0,,1,kaggle_approval
KG2840,,3+,Graduate,No,808333.3333333334,0.0,35300.0,48.0,0.0,,1,kaggle_approval
KG2841,,3+,Graduate,No,750000.0,0.0,25900.0,48.0,0.0,,0,kaggle_approval
KG2842,,2,Not Graduate,Yes,708333.3333333334,0.0,30900.0,72.0,1.0,,1,kaggle_approval
KG2843,,1,Not Graduate,No,291666.6666666667,0.0,10900.0,48.0,0.0,,1,kaggle_approval
KG2844,,1,Not Graduate,No,41666.666666666664,0.0,1400.0,72.0,0.0,,0,kaggle_approval
KG2845,,3+,Graduate,No,741666.6666666666,0.0,19100.0,72.0,1.0,,1,kaggle_approval
KG2846,,2,Not Graduate,Yes,650000.0,0.0,27200.0,216.0,1.0,,1,kaggle_approval
KG2847,,3+,Not Graduate,Yes,816666.6666666666,0.0,27800.0,72.0,1.0,,1,kaggle_approval
KG2848,,0,Graduate,No,433333.3333333333,0.0,19000.0,168.0,1.0,,1,kaggle_approval
KG2849,,3+,Graduate,No,616666.6666666666,0.0,19400.0,192.0,1.0,,1,kaggle_approval
KG2850,,3+,Graduate,Yes,100000.0,0.0,3300.0,72.0,1.0,,1,kaggle_approval
KG2851,,1,Not Graduate,Yes,83333.33333333333,0.0,3200.0,24.0,1.0,,1,kaggle_approval
KG2852,,3+,Graduate,Yes,791666.6666666666,0.0,32500.0,168.0,0.0,,1,kaggle_approval
KG2853,,3+,Not Graduate,No,375000.0,0.0,11700.0,216.0,1.0,,1,kaggle_approval
KG2854,,2,Graduate,No,408333.3333333333,0.0,16000.0,144.0,1.0,,1,kaggle_approval
KG2855,,3+,Not Graduate,Yes,58333.333333333336,0.0,2500.0,96.0,0.0,,0,kaggle_approval
KG2856,,0,Graduate,No,783333.3333333334,0.0,28300.0,240.0,1.0,,1,kaggle_approval
KG2857,,3+,Not Graduate,Yes,691666.6666666666,0.0,31400.0,72.0,1.0,,0,kaggle_approval
KG2858,,3+,Graduate,Yes,466666.6666666667,0.0,13000.0,48.0,1.0,,1,kaggle_approval
KG2859,,3+,Not Graduate,Yes,366666.6666666667,0.0,12300.0,96.0,0.0,,1,kaggle_approval
KG2860,,3+,Graduate,No,175000.0,0.0,5400.0,96.0,1.0,,1,kaggle_approval
KG2861,,1,Not Graduate,Yes,366666.6666666667,0.0,10600.0,48.0,0.0,,0,kaggle_approval
KG2862,,0,Not Graduate,No,525000.0,0.0,19600.0,72.0,0.0,,0,kaggle_approval
KG2863,,3+,Graduate,No,825000.0,0.0,30000.0,216.0,0.0,,0,kaggle_approval
KG2864,,3+,Not Graduate,No,58333.333333333336,0.0,1600.0,240.0,1.0,,1,kaggle_approval
KG2865,,3+,Not Graduate,No,300000.0,0.0,12400.0,168.0,0.0,,0,kaggle_approval
KG2866,,1,Not Graduate,Yes,466666.6666666667,0.0,21000.0,24.0,0.0,,1,kaggle_approval
KG2867,,3+,Not Graduate,Yes,83333.33333333333,0.0,3700.0,96.0,1.0,,1,kaggle_approval
KG2868,,3+,Graduate,Yes,533333.3333333334,0.0,15600.0,96.0,0.0,,1,kaggle_approval
KG2869,,0,Not Graduate,No,741666.6666666666,0.0,19100.0,24.0,1.0,,1,kaggle_approval
KG2870,,3+,Graduate,No,825000.0,0.0,26100.0,24.0,0.0,,0,kaggle_approval
KG2871,,2,Graduate,Yes,333333.3333333333,0.0,8600.0,48.0,1.0,,1,kaggle_approval
KG2872,,0,Not Graduate,Yes,608333.3333333334,0.0,25700.0,120.0,1.0,,1,kaggle_approval
KG2873,,1,Not Graduate,No,675000.0,0.0,25400.0,72.0,0.0,,0,kaggle_approval
KG2874,,3+,Graduate,Yes,566666.6666666666,0.0,22100.0,48.0,0.0,,1,kaggle_approval
KG2875,,0,Not Graduate,Yes,216666.66666666666,0.0,8200.0,96.0,1.0,,1,kaggle_approval
KG2876,,3+,Not Graduate,Yes,25000.0,0.0,1100.0,240.0,1.0,,1,kaggle_approval
KG2877,,2,Graduate,Yes,200000.0,0.0,7500.0,48.0,1.0,,1,kaggle_approval
KG2878,,0,Not Graduate,No,500000.0,0.0,20600.0,144.0,0.0,,0,kaggle_approval
KG2879,,3+,Graduate,Yes,316666.6666666667,0.0,11100.0,192.0,1.0,,1,kaggle_approval
KG2880,,0,Graduate,Yes,583333.3333333334,0.0,22100.0,168.0,0.0,,0,kaggle_approval
KG2881,,0,Graduate,Yes,450000.0,0.0,12900.0,192.0,0.0,,0,kaggle_approval
KG2882,,1,Not Graduate,No,533333.3333333334,0.0,16400.0,72.0,0.0,,0,kaggle_approval
KG2883,,3+,Not Graduate,Yes,583333.3333333334,0.0,24000.0,168.0,0.0,,0,kaggle_approval
KG2884,,2,Not Graduate,Yes,175000.0,0.0,4600.0,48.0,0.0,,0,kaggle_approval
KG2885,,3+,Not Graduate,Yes,366666.6666666667,0.0,15000.0,144.0,0.0,,0,kaggle_approval
KG2886,,0,Not Graduate,No,666666.6666666666,0.0,31000.0,96.0,1.0,,1,kaggle_approval
KG2887,,2,Not Graduate,Yes,325000.0,0.0,8300.0,216.0,0.0,,0,kaggle_approval
KG2888,,0,Graduate,No,391666.6666666667,0.0,15200.0,120.0,1.0,,1,kaggle_approval
KG2889,,0,Graduate,No,566666.6666666666,0.0,21200.0,168.0,0.0,,0,kaggle_approval
KG2890,,0,Not Graduate,Yes,150000.0,0.0,6500.0,144.0,1.0,,1,kaggle_approval
KG2891,,3+,Not Graduate,Yes,716666.6666666666,0.0,32000.0,48.0,0.0,,1,kaggle_approval
KG2892,,1,Not Graduate,Yes,300000.0,0.0,13700.0,120.0,0.0,,0,kaggle_approval
KG2893,,1,Graduate,Yes,566666.6666666666,0.0,22900.0,72.0,0.0,,1,kaggle_approval
KG2894,,3+,Graduate,Yes,91666.66666666667,0.0,4100.0,240.0,1.0,,1,kaggle_approval
KG2895,,3+,Graduate,Yes,333333.3333333333,0.0,8400.0,96.0,1.0,,1,kaggle_approval
KG2896,,1,Graduate,No,208333.33333333334,0.0,5900.0,144.0,1.0,,1,kaggle_approval
KG2897,,2,Graduate,No,450000.0,0.0,17400.0,120.0,0.0,,0,kaggle_approval
KG2898,,3+,Not Graduate,No,550000.0,0.0,13600.0,48.0,1.0,,1,kaggle_approval
KG2899,,3+,Not Graduate,No,500000.0,0.0,14900.0,24.0,0.0,,0,kaggle_approval
KG2900,,0,Graduate,Yes,183333.33333333334,0.0,8300.0,120.0,0.0,,1,kaggle_approval
KG2901,,1,Graduate,No,733333.3333333334,0.0,18500.0,120.0,1.0,,1,kaggle_approval
KG2902,,0,Not Graduate,Yes,333333.3333333333,0.0,10300.0,48.0,1.0,,1,kaggle_approval
KG2903,,3+,Not Graduate,Yes,300000.0,0.0,12400.0,216.0,0.0,,0,kaggle_approval
KG2904,,3+,Graduate,Yes,675000.0,0.0,22500.0,24.0,1.0,,1,kaggle_approval
KG2905,,3+,Not Graduate,Yes,433333.3333333333,0.0,11000.0,144.0,1.0,,1,kaggle_approval
KG2906,,3+,Graduate,No,91666.66666666667,0.0,2800.0,168.0,0.0,,0,kaggle_approval
KG2907,,2,Graduate,No,625000.0,0.0,29800.0,48.0,0.0,,1,kaggle_approval
KG2908,,3+,Not Graduate,No,641666.6666666666,0.0,20300.0,144.0,1.0,,1,kaggle_approval
KG2909,,0,Not Graduate,No,475000.0,0.0,21400.0,96.0,0.0,,0,kaggle_approval
KG2910,,3+,Graduate,Yes,416666.6666666667,0.0,13900.0,96.0,0.0,,1,kaggle_approval
KG2911,,3+,Not Graduate,No,41666.666666666664,0.0,1200.0,192.0,0.0,,0,kaggle_approval
KG2912,,3+,Graduate,No,741666.6666666666,0.0,21300.0,120.0,0.0,,0,kaggle_approval
KG2913,,1,Not Graduate,No,141666.66666666666,0.0,6600.0,48.0,1.0,,1,kaggle_approval
KG2914,,3+,Not Graduate,Yes,41666.666666666664,0.0,1300.0,216.0,1.0,,1,kaggle_approval
KG2915,,3+,Not Graduate,Yes,825000.0,0.0,36500.0,192.0,0.0,,1,kaggle_approval
KG2916,,1,Graduate,No,700000.0,0.0,21800.0,24.0,0.0,,0,kaggle_approval
KG2917,,3+,Not Graduate,Yes,41666.666666666664,0.0,1700.0,48.0,1.0,,1,kaggle_approval
KG2918,,2,Graduate,No,141666.66666666666,0.0,5700.0,120.0,1.0,,1,kaggle_approval
KG2919,,1,Not Graduate,Yes,541666.6666666666,0.0,18300.0,120.0,1.0,,1,kaggle_approval
KG2920,,1,Not Graduate,No,741666.6666666666,0.0,28400.0,72.0,1.0,,1,kaggle_approval
KG2921,,1,Not Graduate,No,33333.333333333336,0.0,1400.0,48.0,0.0,,1,kaggle_approval
KG2922,,3+,Not Graduate,No,475000.0,0.0,12300.0,72.0,0.0,,0,kaggle_approval
KG2923,,0,Not Graduate,Yes,800000.0,0.0,23800.0,144.0,0.0,,0,kaggle_approval
KG2924,,0,Graduate,Yes,708333.3333333334,0.0,20000.0,192.0,1.0,,1,kaggle_approval
KG2925,,0,Graduate,No,333333.3333333333,0.0,11500.0,96.0,0.0,,0,kaggle_approval
KG2926,,2,Not Graduate,Yes,525000.0,0.0,18100.0,72.0,1.0,,1,kaggle_approval
KG2927,,3+,Graduate,Yes,333333.3333333333,0.0,14700.0,96.0,0.0,,0,kaggle_approval
KG2928,,3+,Graduate,No,783333.3333333334,0.0,32200.0,72.0,1.0,,1,kaggle_approval
KG2929,,3+,Graduate,Yes,341666.6666666667,0.0,15500.0,120.0,1.0,,1,kaggle_approval
KG2930,,3+,Graduate,Yes,91666.66666666667,0.0,4400.0,72.0,0.0,,0,kaggle_approval
KG2931,,3+,Not Graduate,No,725000.0,0.0,24800.0,240.0,0.0,,0,kaggle_approval
KG2932,,3+,Graduate,Yes,408333.3333333333,0.0,12800.0,24.0,1.0,,1,kaggle_approval
KG2933,,1,Not Graduate,Yes,233333.33333333334,0.0,9100.0,168.0,0.0,,0,kaggle_approval
KG2934,,0,Graduate,No,800000.0,0.0,23200.0,216.0,0.0,,0,kaggle_approval
KG2935,,3+,Graduate,Yes,575000.0,0.0,19000.0,168.0,0.0,,0,kaggle_approval
KG2936,,2,Not Graduate,Yes,191666.66666666666,0.0,8100.0,24.0,0.0,,1,kaggle_approval
KG2937,,2,Not Graduate,No,566666.6666666666,0.0,21300.0,240.0,1.0,,1,kaggle_approval
KG2938,,1,Not Graduate,Yes,183333.33333333334,0.0,5400.0,192.0,1.0,,1,kaggle_approval
KG2939,,2,Not Graduate,No,491666.6666666667,0.0,19800.0,240.0,0.0,,0,kaggle_approval
KG2940,,1,Graduate,Yes,583333.3333333334,0.0,20300.0,216.0,1.0,,1,kaggle_approval
KG2941,,1,Graduate,Yes,800000.0,0.0,34100.0,240.0,1.0,,1,kaggle_approval
KG2942,,0,Graduate,No,541666.6666666666,0.0,14500.0,144.0,1.0,,1,kaggle_approval
KG2943,,2,Not Graduate,Yes,316666.6666666667,0.0,7600.0,240.0,1.0,,1,kaggle_approval
KG2944,,2,Graduate,No,783333.3333333334,0.0,25100.0,240.0,1.0,,1,kaggle_approval
KG2945,,0,Not Graduate,No,175000.0,0.0,8200.0,48.0,0.0,,1,kaggle_approval
KG2946,,1,Not Graduate,Yes,708333.3333333334,0.0,26200.0,96.0,1.0,,1,kaggle_approval
KG2947,,3+,Graduate,Yes,316666.6666666667,0.0,12000.0,24.0,1.0,,1,kaggle_approval
KG2948,,1,Not Graduate,Yes,283333.3333333333,0.0,9700.0,240.0,1.0,,1,kaggle_approval
KG2949,,1,Graduate,Yes,466666.6666666667,0.0,11700.0,72.0,1.0,,1,kaggle_approval
KG2950,,0,Graduate,Yes,708333.3333333334,0.0,33700.0,120.0,0.0,,0,kaggle_approval
KG2951,,3+,Not Graduate,Yes,175000.0,0.0,5500.0,216.0,0.0,,0,kaggle_approval
KG2952,,3+,Graduate,No,33333.333333333336,0.0,1500.0,48.0,1.0,,1,kaggle_approval
KG2953,,3+,Not Graduate,No,658333.3333333334,0.0,31500.0,240.0,0.0,,0,kaggle_approval
KG2954,,3+,Not Graduate,No,575000.0,0.0,19200.0,144.0,0.0,,0,kaggle_approval
KG2955,,0,Not Graduate,Yes,150000.0,0.0,3900.0,24.0,1.0,,1,kaggle_approval
KG2956,,0,Graduate,Yes,100000.0,0.0,3200.0,216.0,0.0,,0,kaggle_approval
KG2957,,3+,Not Graduate,No,300000.0,0.0,9800.0,144.0,1.0,,1,kaggle_approval
KG2958,,1,Graduate,No,600000.0,0.0,22800.0,24.0,0.0,,1,kaggle_approval
KG2959,,3+,Graduate,No,783333.3333333334,0.0,21800.0,72.0,1.0,,1,kaggle_approval
KG2960,,3+,Graduate,No,750000.0,0.0,24200.0,48.0,1.0,,1,kaggle_approval
KG2961,,1,Not Graduate,Yes,83333.33333333333,0.0,2100.0,96.0,1.0,,1,kaggle_approval
KG2962,,3+,Not Graduate,No,466666.6666666667,0.0,19900.0,192.0,0.0,,1,kaggle_approval
KG2963,,1,Graduate,No,75000.0,0.0,2600.0,48.0,0.0,,0,kaggle_approval
KG2964,,3+,Not Graduate,Yes,750000.0,0.0,19100.0,168.0,0.0,,0,kaggle_approval
KG2965,,2,Not Graduate,No,258333.33333333334,0.0,9000.0,240.0,1.0,,1,kaggle_approval
KG2966,,1,Not Graduate,Yes,666666.6666666666,0.0,20700.0,72.0,0.0,,1,kaggle_approval
KG2967,,3+,Not Graduate,Yes,291666.6666666667,0.0,11300.0,192.0,1.0,,1,kaggle_approval
KG2968,,3+,Graduate,No,325000.0,0.0,12600.0,96.0,0.0,,1,kaggle_approval
KG2969,,2,Graduate,No,808333.3333333334,0.0,34500.0,120.0,1.0,,1,kaggle_approval
KG2970,,3+,Graduate,No,375000.0,0.0,15800.0,168.0,0.0,,0,kaggle_approval
KG2971,,3+,Not Graduate,No,566666.6666666666,0.0,24800.0,96.0,1.0,,1,kaggle_approval
KG2972,,2,Not Graduate,No,525000.0,0.0,18600.0,168.0,1.0,,1,kaggle_approval
KG2973,,2,Graduate,No,408333.3333333333,0.0,18500.0,96.0,0.0,,0,kaggle_approval
KG2974,,0,Graduate,No,400000.0,0.0,18600.0,72.0,1.0,,1,kaggle_approval
KG2975,,3+,Graduate,No,625000.0,0.0,15800.0,216.0,0.0,,0,kaggle_approval
KG2976,,3+,Not Graduate,No,433333.3333333333,0.0,13900.0,48.0,0.0,,0,kaggle_approval
KG2977,,3+,Not Graduate,Yes,783333.3333333334,0.0,30900.0,240.0,1.0,,1,kaggle_approval
KG2978,,3+,Not Graduate,No,266666.6666666667,0.0,10000.0,168.0,1.0,,1,kaggle_approval
KG2979,,1,Not Graduate,Yes,300000.0,0.0,13200.0,240.0,0.0,,0,kaggle_approval
KG2980,,1,Not Graduate,Yes,283333.3333333333,0.0,7200.0,96.0,1.0,,1,kaggle_approval
KG2981,,3+,Graduate,No,175000.0,0.0,8200.0,72.0,1.0,,1,kaggle_approval
KG2982,,1,Graduate,No,600000.0,0.0,15100.0,96.0,0.0,,0,kaggle_approval
KG2983,,3+,Graduate,No,375000.0,0.0,16900.0,216.0,0.0,,0,kaggle_approval
KG2984,,0,Graduate,Yes,216666.66666666666,0.0,9000.0,240.0,1.0,,1,kaggle_approval
KG2985,,3+,Graduate,Yes,533333.3333333334,0.0,21700.0,120.0,0.0,,0,kaggle_approval
KG2986,,0,Graduate,No,533333.3333333334,0.0,25100.0,192.0,1.0,,1,kaggle_approval
KG2987,,3+,Graduate,No,258333.33333333334,0.0,11200.0,192.0,1.0,,1,kaggle_approval
KG2988,,2,Graduate,No,150000.0,0.0,5300.0,24.0,1.0,,1,kaggle_approval
KG2989,,1,Graduate,Yes,775000.0,0.0,19000.0,168.0,1.0,,1,kaggle_approval
KG2990,,3+,Not Graduate,Yes,541666.6666666666,0.0,13800.0,120.0,1.0,,1,kaggle_approval
KG2991,,1,Not Graduate,No,258333.33333333334,0.0,6600.0,240.0,1.0,,1,kaggle_approval
KG2992,,3+,Not Graduate,No,191666.66666666666,0.0,8500.0,144.0,0.0,,1,kaggle_approval
KG2993,,2,Graduate,No,41666.666666666664,0.0,1700.0,120.0,0.0,,0,kaggle_approval
KG2994,,0,Not Graduate,Yes,308333.3333333333,0.0,9300.0,168.0,0.0,,0,kaggle_approval
KG2995,,3+,Not Graduate,Yes,716666.6666666666,0.0,21400.0,168.0,0.0,,0,kaggle_approval
KG2996,,3+,Graduate,No,216666.66666666666,0.0,8500.0,48.0,1.0,,1,kaggle_approval
KG2997,,1,Not Graduate,Yes,591666.6666666666,0.0,18000.0,240.0,0.0,,0,kaggle_approval
KG2998,,3+,Not Graduate,Yes,583333.3333333334,0.0,19800.0,192.0,1.0,,1,kaggle_approval
KG2999,,3+,Not Graduate,No,691666.6666666666,0.0,17700.0,144.0,0.0,,0,kaggle_approval
KG3000,,3+,Graduate,Yes,566666.6666666666,0.0,23900.0,144.0,0.0,,1,kaggle_approval
KG3001,,1,Not Graduate,Yes,825000.0,0.0,25700.0,24.0,0.0,,0,kaggle_approval
KG3002,,2,Graduate,No,425000.0,0.0,11000.0,168.0,0.0,,0,kaggle_approval
KG3003,,3+,Graduate,Yes,291666.6666666667,0.0,10700.0,96.0,1.0,,1,kaggle_approval
KG3004,,3+,Graduate,Yes,358333.3333333333,0.0,12800.0,192.0,0.0,,0,kaggle_approval
KG3005,,0,Graduate,Yes,441666.6666666667,0.0,20200.0,24.0,1.0,,1,kaggle_approval
KG3006,,3+,Graduate,Yes,533333.3333333334,0.0,21900.0,144.0,1.0,,1,kaggle_approval
KG3007,,0,Graduate,No,775000.0,0.0,27200.0,96.0,1.0,,1,kaggle_approval
KG3008,,3+,Graduate,No,91666.66666666667,0.0,3100.0,168.0,0.0,,0,kaggle_approval
KG3009,,2,Not Graduate,No,591666.6666666666,0.0,27000.0,120.0,0.0,,0,kaggle_approval
KG3010,,3+,Not Graduate,No,91666.66666666667,0.0,3300.0,216.0,0.0,,0,kaggle_approval
KG3011,,2,Graduate,No,158333.33333333334,0.0,5200.0,72.0,1.0,,1,kaggle_approval
KG3012,,0,Not Graduate,No,108333.33333333333,0.0,3900.0,192.0,1.0,,1,kaggle_approval
KG3013,,3+,Graduate,No,625000.0,0.0,22800.0,192.0,0.0,,0,kaggle_approval
KG3014,,3+,Not Graduate,No,200000.0,0.0,7000.0,48.0,0.0,,0,kaggle_approval
KG3015,,3+,Graduate,Yes,208333.33333333334,0.0,8000.0,96.0,0.0,,0,kaggle_approval
KG3016,,3+,Graduate,No,625000.0,0.0,16200.0,48.0,0.0,,0,kaggle_approval
KG3017,,3+,Not Graduate,No,775000.0,0.0,36600.0,72.0,0.0,,0,kaggle_approval
KG3018,,3+,Not Graduate,No,275000.0,0.0,10000.0,144.0,0.0,,0,kaggle_approval
KG3019,,3+,Not Graduate,Yes,475000.0,0.0,13900.0,144.0,1.0,,1,kaggle_approval
KG3020,,3+,Not Graduate,No,25000.0,0.0,600.0,72.0,0.0,,0,kaggle_approval
KG3021,,2,Not Graduate,Yes,100000.0,0.0,4500.0,120.0,0.0,,1,kaggle_approval
KG3022,,3+,Graduate,Yes,683333.3333333334,0.0,29600.0,120.0,0.0,,0,kaggle_approval
KG3023,,3+,Not Graduate,No,458333.3333333333,0.0,12400.0,96.0,0.0,,1,kaggle_approval
KG3024,,3+,Not Graduate,No,150000.0,0.0,7200.0,240.0,0.0,,0,kaggle_approval
KG3025,,0,Not Graduate,No,291666.6666666667,0.0,11400.0,192.0,1.0,,1,kaggle_approval
KG3026,,3+,Not Graduate,Yes,500000.0,0.0,13200.0,72.0,0.0,,0,kaggle_approval
KG3027,,0,Graduate,Yes,225000.0,0.0,9700.0,240.0,0.0,,1,kaggle_approval
KG3028,,3+,Not Graduate,Yes,491666.6666666667,0.0,20700.0,120.0,1.0,,1,kaggle_approval
KG3029,,1,Not Graduate,Yes,175000.0,0.0,4200.0,216.0,0.0,,1,kaggle_approval
KG3030,,0,Not Graduate,Yes,166666.66666666666,0.0,5200.0,216.0,0.0,,0,kaggle_approval
KG3031,,3+,Not Graduate,No,750000.0,0.0,34300.0,120.0,1.0,,1,kaggle_approval
KG3032,,1,Not Graduate,Yes,633333.3333333334,0.0,18800.0,168.0,0.0,,0,kaggle_approval
KG3033,,3+,Graduate,No,41666.666666666664,0.0,1500.0,72.0,0.0,,0,kaggle_approval
KG3034,,1,Graduate,No,525000.0,0.0,19000.0,240.0,1.0,,1,kaggle_approval
KG3035,,0,Graduate,Yes,258333.33333333334,0.0,7100.0,120.0,0.0,,0,kaggle_approval
KG3036,,1,Not Graduate,No,91666.66666666667,0.0,2600.0,72.0,1.0,,1,kaggle_approval
KG3037,,3+,Graduate,Yes,325000.0,0.0,14300.0,240.0,0.0,,0,kaggle_approval
KG3038,,3+,Not Graduate,Yes,725000.0,0.0,28200.0,144.0,0.0,,0,kaggle_approval
KG3039,,3+,Not Graduate,Yes,533333.3333333334,0.0,23900.0,72.0,0.0,,0,kaggle_approval
KG3040,,2,Graduate,Yes,16666.666666666668,0.0,800.0,144.0,0.0,,0,kaggle_approval
KG3041,,1,Graduate,No,200000.0,0.0,5800.0,240.0,0.0,,0,kaggle_approval
KG3042,,3+,Not Graduate,No,741666.6666666666,0.0,35200.0,120.0,1.0,,1,kaggle_approval
KG3043,,3+,Not Graduate,No,508333.3333333333,0.0,14800.0,120.0,0.0,,0,kaggle_approval
KG3044,,3+,Not Graduate,Yes,633333.3333333334,0.0,25700.0,48.0,1.0,,1,kaggle_approval
KG3045,,3+,Not Graduate,No,75000.0,0.0,2400.0,192.0,1.0,,1,kaggle_approval
KG3046,,2,Not Graduate,Yes,591666.6666666666,0.0,19700.0,240.0,1.0,,1,kaggle_approval
KG3047,,2,Not Graduate,Yes,416666.6666666667,0.0,14600.0,120.0,1.0,,1,kaggle_approval
KG3048,,3+,Graduate,Yes,166666.66666666666,0.0,7400.0,240.0,0.0,,1,kaggle_approval
KG3049,,3+,Graduate,Yes,216666.66666666666,0.0,6200.0,168.0,0.0,,0,kaggle_approval
KG3050,,2,Graduate,Yes,583333.3333333334,0.0,14900.0,240.0,0.0,,0,kaggle_approval
KG3051,,3+,Graduate,No,325000.0,0.0,9800.0,72.0,1.0,,1,kaggle_approval
KG3052,,3+,Graduate,No,700000.0,0.0,32600.0,48.0,0.0,,1,kaggle_approval
KG3053,,0,Graduate,Yes,16666.666666666668,0.0,600.0,96.0,1.0,,1,kaggle_approval
KG3054,,2,Not Graduate,Yes,158333.33333333334,0.0,6700.0,192.0,1.0,,1,kaggle_approval
KG3055,,2,Not Graduate,Yes,766666.6666666666,0.0,33000.0,168.0,1.0,,1,kaggle_approval
KG3056,,3+,Not Graduate,Yes,25000.0,0.0,500.0,72.0,0.0,,0,kaggle_approval
KG3057,,3+,Graduate,No,525000.0,0.0,18100.0,48.0,0.0,,1,kaggle_approval
KG3058,,2,Not Graduate,No,508333.3333333333,0.0,23500.0,168.0,0.0,,0,kaggle_approval
KG3059,,3+,Graduate,Yes,650000.0,0.0,25600.0,72.0,0.0,,0,kaggle_approval
KG3060,,0,Graduate,Yes,166666.66666666666,0.0,6700.0,96.0,0.0,,0,kaggle_approval
KG3061,,3+,Not Graduate,No,158333.33333333334,0.0,5600.0,24.0,1.0,,1,kaggle_approval
KG3062,,2,Not Graduate,Yes,275000.0,0.0,9600.0,216.0,1.0,,1,kaggle_approval
KG3063,,0,Not Graduate,Yes,791666.6666666666,0.0,26000.0,24.0,1.0,,1,kaggle_approval
KG3064,,0,Graduate,Yes,291666.6666666667,0.0,13900.0,192.0,0.0,,0,kaggle_approval
KG3065,,3+,Graduate,No,366666.6666666667,0.0,15800.0,48.0,1.0,,1,kaggle_approval
KG3066,,2,Not Graduate,No,166666.66666666666,0.0,4000.0,168.0,0.0,,0,kaggle_approval
KG3067,,3+,Not Graduate,No,766666.6666666666,0.0,19500.0,144.0,1.0,,1,kaggle_approval
KG3068,,1,Not Graduate,No,183333.33333333334,0.0,5000.0,24.0,1.0,,1,kaggle_approval
KG3069,,1,Not Graduate,No,158333.33333333334,0.0,7100.0,24.0,1.0,,1,kaggle_approval
KG3070,,3+,Graduate,Yes,725000.0,0.0,18400.0,144.0,0.0,,0,kaggle_approval
KG3071,,3+,Graduate,Yes,808333.3333333334,0.0,19700.0,48.0,1.0,,1,kaggle_approval
KG3072,,3+,Graduate,No,783333.3333333334,0.0,20300.0,120.0,1.0,,1,kaggle_approval
KG3073,,3+,Not Graduate,Yes,666666.6666666666,0.0,23200.0,168.0,1.0,,1,kaggle_approval
KG3074,,3+,Not Graduate,No,83333.33333333333,0.0,2000.0,48.0,0.0,,0,kaggle_approval
KG3075,,3+,Not Graduate,No,441666.6666666667,0.0,14600.0,192.0,1.0,,1,kaggle_approval
KG3076,,3+,Graduate,Yes,116666.66666666667,0.0,5400.0,240.0,0.0,,0,kaggle_approval
KG3077,,2,Graduate,Yes,133333.33333333334,0.0,3800.0,144.0,0.0,,0,kaggle_approval
KG3078,,3+,Graduate,Yes,283333.3333333333,0.0,8500.0,72.0,0.0,,1,kaggle_approval
KG3079,,3+,Graduate,No,650000.0,0.0,28700.0,48.0,0.0,,1,kaggle_approval
KG3080,,3+,Not Graduate,No,591666.6666666666,0.0,19900.0,168.0,1.0,,1,kaggle_approval
KG3081,,1,Not Graduate,Yes,500000.0,0.0,13100.0,24.0,0.0,,0,kaggle_approval
KG3082,,3+,Not Graduate,Yes,683333.3333333334,0.0,28900.0,120.0,0.0,,0,kaggle_approval
KG3083,,3+,Graduate,No,325000.0,0.0,11400.0,240.0,1.0,,1,kaggle_approval
KG3084,,3+,Not Graduate,Yes,700000.0,0.0,17600.0,144.0,0.0,,0,kaggle_approval
KG3085,,3+,Graduate,No,808333.3333333334,0.0,19400.0,240.0,1.0,,1,kaggle_approval
KG3086,,1,Not Graduate,Yes,691666.6666666666,0.0,26300.0,240.0,0.0,,0,kaggle_approval
KG3087,,3+,Graduate,No,208333.33333333334,0.0,9900.0,192.0,0.0,,0,kaggle_approval
KG3088,,3+,Graduate,No,508333.3333333333,0.0,24000.0,216.0,1.0,,1,kaggle_approval
KG3089,,3+,Not Graduate,No,416666.6666666667,0.0,13000.0,120.0,0.0,,0,kaggle_approval
KG3090,,3+,Not Graduate,No,791666.6666666666,0.0,22200.0,96.0,0.0,,1,kaggle_approval
KG3091,,2,Graduate,No,475000.0,0.0,20500.0,96.0,0.0,,0,kaggle_approval
KG3092,,1,Graduate,Yes,416666.6666666667,0.0,12500.0,240.0,1.0,,1,kaggle_approval
KG3093,,3+,Not Graduate,Yes,716666.6666666666,0.0,20600.0,192.0,0.0,,0,kaggle_approval
KG3094,,3+,Not Graduate,No,116666.66666666667,0.0,5300.0,144.0,1.0,,1,kaggle_approval
KG3095,,3+,Graduate,No,491666.6666666667,0.0,21200.0,192.0,0.0,,0,kaggle_approval
KG3096,,3+,Graduate,Yes,341666.6666666667,0.0,10400.0,144.0,1.0,,1,kaggle_approval
KG3097,,3+,Graduate,No,616666.6666666666,0.0,18500.0,96.0,1.0,,1,kaggle_approval
KG3098,,1,Graduate,Yes,591666.6666666666,0.0,19300.0,192.0,1.0,,1,kaggle_approval
KG3099,,3+,Graduate,Yes,441666.6666666667,0.0,18200.0,192.0,0.0,,0,kaggle_approval
KG3100,,2,Not Graduate,No,550000.0,0.0,14100.0,24.0,0.0,,0,kaggle_approval
KG3101,,3+,Not Graduate,No,233333.33333333334,0.0,10600.0,48.0,1.0,,1,kaggle_approval
KG3102,,1,Not Graduate,Yes,133333.33333333334,0.0,4400.0,48.0,0.0,,0,kaggle_approval
KG3103,,0,Graduate,Yes,708333.3333333334,0.0,25300.0,240.0,0.0,,1,kaggle_approval
KG3104,,1,Not Graduate,Yes,433333.3333333333,0.0,20700.0,144.0,1.0,,1,kaggle_approval
KG3105,,2,Not Graduate,Yes,533333.3333333334,0.0,19300.0,72.0,0.0,,0,kaggle_approval
KG3106,,3+,Graduate,No,108333.33333333333,0.0,2900.0,48.0,0.0,,0,kaggle_approval
KG3107,,0,Graduate,No,466666.6666666667,0.0,11600.0,144.0,0.0,,0,kaggle_approval
KG3108,,3+,Graduate,Yes,750000.0,0.0,19800.0,240.0,0.0,,0,kaggle_approval
KG3109,,1,Not Graduate,Yes,650000.0,0.0,17200.0,48.0,0.0,,1,kaggle_approval
KG3110,,3+,Not Graduate,Yes,333333.3333333333,0.0,11000.0,96.0,1.0,,1,kaggle_approval
KG3111,,0,Graduate,Yes,58333.333333333336,0.0,1800.0,144.0,0.0,,0,kaggle_approval
KG3112,,3+,Graduate,Yes,608333.3333333334,0.0,18700.0,192.0,1.0,,1,kaggle_approval
KG3113,,0,Not Graduate,Yes,433333.3333333333,0.0,15400.0,48.0,1.0,,1,kaggle_approval
KG3114,,1,Not Graduate,No,516666.6666666667,0.0,18200.0,216.0,0.0,,0,kaggle_approval
KG3115,,3+,Graduate,No,91666.66666666667,0.0,3600.0,96.0,1.0,,1,kaggle_approval
KG3116,,1,Not Graduate,Yes,466666.6666666667,0.0,13700.0,96.0,0.0,,0,kaggle_approval
KG3117,,3+,Graduate,Yes,283333.3333333333,0.0,9800.0,96.0,0.0,,1,kaggle_approval
KG3118,,3+,Graduate,No,125000.0,0.0,4900.0,192.0,0.0,,0,kaggle_approval
KG3119,,2,Not Graduate,No,483333.3333333333,0.0,18600.0,216.0,0.0,,0,kaggle_approval
KG3120,,3+,Not Graduate,No,816666.6666666666,0.0,29400.0,96.0,0.0,,1,kaggle_approval
KG3121,,3+,Not Graduate,No,691666.6666666666,0.0,23100.0,48.0,0.0,,0,kaggle_approval
KG3122,,3+,Graduate,Yes,41666.666666666664,0.0,1200.0,48.0,1.0,,1,kaggle_approval
KG3123,,3+,Graduate,No,158333.33333333334,0.0,6100.0,24.0,0.0,,1,kaggle_approval
KG3124,,1,Not Graduate,Yes,808333.3333333334,0.0,24700.0,168.0,1.0,,1,kaggle_approval
KG3125,,3+,Not Graduate,No,150000.0,0.0,6200.0,216.0,0.0,,0,kaggle_approval
KG3126,,0,Graduate,Yes,275000.0,0.0,9700.0,168.0,0.0,,0,kaggle_approval
KG3127,,3+,Graduate,No,75000.0,0.0,2300.0,192.0,0.0,,1,kaggle_approval
KG3128,,3+,Graduate,Yes,683333.3333333334,0.0,28900.0,48.0,0.0,,1,kaggle_approval
KG3129,,1,Not Graduate,Yes,41666.666666666664,0.0,1700.0,216.0,1.0,,1,kaggle_approval
KG3130,,3+,Graduate,Yes,83333.33333333333,0.0,2600.0,96.0,1.0,,1,kaggle_approval
KG3131,,3+,Not Graduate,No,591666.6666666666,0.0,27900.0,96.0,0.0,,1,kaggle_approval
KG3132,,1,Graduate,Yes,16666.666666666668,0.0,400.0,216.0,1.0,,1,kaggle_approval
KG3133,,2,Graduate,No,258333.33333333334,0.0,7300.0,168.0,0.0,,0,kaggle_approval
KG3134,,3+,Graduate,No,58333.333333333336,0.0,2300.0,192.0,1.0,,1,kaggle_approval
KG3135,,3+,Not Graduate,No,150000.0,0.0,5700.0,24.0,0.0,,1,kaggle_approval
KG3136,,3+,Not Graduate,Yes,700000.0,0.0,27000.0,96.0,1.0,,1,kaggle_approval
KG3137,,3+,Graduate,No,616666.6666666666,0.0,17500.0,240.0,0.0,,0,kaggle_approval
KG3138,,2,Not Graduate,Yes,558333.3333333334,0.0,20200.0,72.0,1.0,,1,kaggle_approval
KG3139,,1,Graduate,Yes,141666.66666666666,0.0,6000.0,192.0,1.0,,1,kaggle_approval
KG3140,,3+,Not Graduate,Yes,25000.0,0.0,600.0,120.0,0.0,,0,kaggle_approval
KG3141,,1,Graduate,Yes,316666.6666666667,0.0,8800.0,144.0,1.0,,1,kaggle_approval
KG3142,,3+,Graduate,Yes,108333.33333333333,0.0,4000.0,96.0,0.0,,0,kaggle_approval
KG3143,,3+,Not Graduate,Yes,258333.33333333334,0.0,10900.0,144.0,1.0,,1,kaggle_approval
KG3144,,1,Graduate,Yes,16666.666666666668,0.0,400.0,240.0,1.0,,1,kaggle_approval
KG3145,,2,Not Graduate,Yes,675000.0,0.0,24700.0,72.0,0.0,,1,kaggle_approval
KG3146,,1,Not Graduate,Yes,741666.6666666666,0.0,22900.0,48.0,1.0,,1,kaggle_approval
KG3147,,3+,Graduate,Yes,350000.0,0.0,8500.0,48.0,0.0,,0,kaggle_approval
KG3148,,3+,Not Graduate,Yes,341666.6666666667,0.0,11100.0,216.0,1.0,,1,kaggle_approval
KG3149,,3+,Not Graduate,No,691666.6666666666,0.0,25700.0,144.0,0.0,,0,kaggle_approval
KG3150,,3+,Not Graduate,No,625000.0,0.0,25200.0,96.0,0.0,,0,kaggle_approval
KG3151,,3+,Graduate,No,175000.0,0.0,7700.0,72.0,1.0,,1,kaggle_approval
KG3152,,3+,Graduate,No,116666.66666666667,0.0,3200.0,96.0,1.0,,1,kaggle_approval
KG3153,,0,Not Graduate,No,575000.0,0.0,23500.0,24.0,1.0,,1,kaggle_approval
KG3154,,0,Graduate,Yes,208333.33333333334,0.0,9100.0,120.0,1.0,,1,kaggle_approval
KG3155,,3+,Not Graduate,Yes,316666.6666666667,0.0,9400.0,144.0,0.0,,0,kaggle_approval
KG3156,,3+,Not Graduate,Yes,641666.6666666666,0.0,29300.0,120.0,0.0,,0,kaggle_approval
KG3157,,1,Not Graduate,No,266666.6666666667,0.0,6600.0,192.0,0.0,,0,kaggle_approval
KG3158,,0,Not Graduate,Yes,716666.6666666666,0.0,20000.0,120.0,1.0,,1,kaggle_approval
KG3159,,3+,Not Graduate,Yes,316666.6666666667,0.0,13700.0,192.0,1.0,,1,kaggle_approval
KG3160,,3+,Graduate,No,700000.0,0.0,31100.0,216.0,0.0,,1,kaggle_approval
KG3161,,1,Graduate,No,133333.33333333334,0.0,5400.0,48.0,0.0,,1,kaggle_approval
KG3162,,2,Not Graduate,No,650000.0,0.0,19400.0,192.0,0.0,,0,kaggle_approval
KG3163,,1,Graduate,Yes,783333.3333333334,0.0,21000.0,144.0,0.0,,0,kaggle_approval
KG3164,,3+,Not Graduate,Yes,825000.0,0.0,26700.0,120.0,0.0,,1,kaggle_approval
KG3165,,3+,Not Graduate,No,200000.0,0.0,8000.0,216.0,0.0,,0,kaggle_approval
KG3166,,2,Graduate,Yes,625000.0,0.0,15100.0,96.0,0.0,,0,kaggle_approval
KG3167,,3+,Graduate,No,275000.0,0.0,11800.0,192.0,1.0,,1,kaggle_approval
KG3168,,2,Graduate,No,458333.3333333333,0.0,19000.0,24.0,0.0,,1,kaggle_approval
KG3169,,3+,Not Graduate,No,200000.0,0.0,7500.0,144.0,0.0,,0,kaggle_approval
KG3170,,1,Not Graduate,Yes,725000.0,0.0,27500.0,192.0,1.0,,1,kaggle_approval
KG3171,,1,Not Graduate,No,800000.0,0.0,26000.0,192.0,0.0,,0,kaggle_approval
KG3172,,0,Graduate,No,700000.0,0.0,19800.0,192.0,1.0,,1,kaggle_approval
KG3173,,3+,Not Graduate,No,766666.6666666666,0.0,23900.0,120.0,0.0,,0,kaggle_approval
KG3174,,2,Graduate,Yes,383333.3333333333,0.0,12600.0,24.0,0.0,,0,kaggle_approval
KG3175,,3+,Not Graduate,No,633333.3333333334,0.0,17500.0,72.0,0.0,,0,kaggle_approval
KG3176,,3+,Graduate,No,708333.3333333334,0.0,17800.0,48.0,1.0,,1,kaggle_approval
KG3177,,3+,Not Graduate,Yes,258333.33333333334,0.0,8200.0,216.0,0.0,,0,kaggle_approval
KG3178,,3+,Graduate,Yes,408333.3333333333,0.0,13100.0,216.0,0.0,,0,kaggle_approval
KG3179,,3+,Not Graduate,Yes,483333.3333333333,0.0,14000.0,168.0,0.0,,0,kaggle_approval
KG3180,,0,Not Graduate,No,475000.0,0.0,21300.0,48.0,1.0,,1,kaggle_approval
KG3181,,3+,Graduate,No,266666.6666666667,0.0,12200.0,168.0,1.0,,0,kaggle_approval
KG3182,,3+,Not Graduate,Yes,666666.6666666666,0.0,31500.0,192.0,1.0,,1,kaggle_approval
KG3183,,3+,Not Graduate,No,416666.6666666667,0.0,11400.0,72.0,0.0,,0,kaggle_approval
KG3184,,2,Not Graduate,Yes,241666.66666666666,0.0,8300.0,120.0,1.0,,1,kaggle_approval
KG3185,,2,Not Graduate,No,533333.3333333334,0.0,23900.0,216.0,1.0,,1,kaggle_approval
KG3186,,3+,Graduate,No,525000.0,0.0,22500.0,216.0,1.0,,1,kaggle_approval
KG3187,,0,Not Graduate,No,491666.6666666667,0.0,23300.0,192.0,0.0,,1,kaggle_approval
KG3188,,1,Graduate,No,675000.0,0.0,29600.0,48.0,1.0,,1,kaggle_approval
KG3189,,3+,Graduate,Yes,591666.6666666666,0.0,20100.0,48.0,1.0,,1,kaggle_approval
KG3190,,1,Not Graduate,No,116666.66666666667,0.0,4400.0,168.0,1.0,,1,kaggle_approval
KG3191,,3+,Graduate,Yes,191666.66666666666,0.0,8000.0,96.0,0.0,,0,kaggle_approval
KG3192,,1,Graduate,No,616666.6666666666,0.0,16100.0,48.0,1.0,,1,kaggle_approval
KG3193,,0,Graduate,Yes,441666.6666666667,0.0,13300.0,144.0,0.0,,1,kaggle_approval
KG3194,,3+,Graduate,Yes,641666.6666666666,0.0,16400.0,24.0,1.0,,1,kaggle_approval
KG3195,,0,Not Graduate,No,416666.6666666667,0.0,10700.0,192.0,1.0,,1,kaggle_approval
KG3196,,3+,Not Graduate,Yes,500000.0,0.0,12300.0,144.0,1.0,,1,kaggle_approval
KG3197,,0,Graduate,No,116666.66666666667,0.0,2700.0,24.0,1.0,,1,kaggle_approval
KG3198,,3+,Not Graduate,Yes,783333.3333333334,0.0,23100.0,72.0,1.0,,1,kaggle_approval
KG3199,,3+,Not Graduate,No,433333.3333333333,0.0,17200.0,216.0,1.0,,1,kaggle_approval
KG3200,,0,Graduate,No,258333.33333333334,0.0,11100.0,96.0,0.0,,0,kaggle_approval
KG3201,,3+,Not Graduate,Yes,700000.0,0.0,20500.0,144.0,1.0,,1,kaggle_approval
KG3202,,0,Not Graduate,No,100000.0,0.0,2900.0,216.0,0.0,,0,kaggle_approval
KG3203,,3+,Not Graduate,Yes,400000.0,0.0,13100.0,72.0,1.0,,1,kaggle_approval
KG3204,,3+,Not Graduate,Yes,766666.6666666666,0.0,34200.0,48.0,0.0,,1,kaggle_approval
KG3205,,2,Not Graduate,No,441666.6666666667,0.0,10900.0,72.0,1.0,,1,kaggle_approval
KG3206,,3+,Graduate,No,391666.6666666667,0.0,10900.0,24.0,1.0,,1,kaggle_approval
KG3207,,0,Not Graduate,No,541666.6666666666,0.0,24700.0,72.0,0.0,,1,kaggle_approval
KG3208,,3+,Graduate,Yes,266666.6666666667,0.0,11500.0,240.0,1.0,,1,kaggle_approval
KG3209,,3+,Graduate,No,383333.3333333333,0.0,12500.0,72.0,0.0,,0,kaggle_approval
KG3210,,3+,Graduate,No,58333.333333333336,0.0,1800.0,120.0,1.0,,1,kaggle_approval
KG3211,,3+,Not Graduate,Yes,633333.3333333334,0.0,16500.0,96.0,0.0,,0,kaggle_approval
KG3212,,3+,Graduate,No,100000.0,0.0,2600.0,96.0,1.0,,1,kaggle_approval
KG3213,,2,Graduate,No,425000.0,0.0,16500.0,144.0,1.0,,1,kaggle_approval
KG3214,,1,Not Graduate,Yes,358333.3333333333,0.0,16300.0,168.0,1.0,,0,kaggle_approval
KG3215,,3+,Graduate,No,25000.0,0.0,1200.0,216.0,0.0,,0,kaggle_approval
KG3216,,2,Graduate,Yes,333333.3333333333,0.0,13000.0,120.0,0.0,,1,kaggle_approval
KG3217,,3+,Not Graduate,No,325000.0,0.0,14900.0,144.0,1.0,,1,kaggle_approval
KG3218,,0,Not Graduate,Yes,575000.0,0.0,21300.0,216.0,1.0,,1,kaggle_approval
KG3219,,3+,Not Graduate,Yes,583333.3333333334,0.0,24100.0,120.0,1.0,,1,kaggle_approval
KG3220,,1,Graduate,No,525000.0,0.0,18300.0,240.0,0.0,,0,kaggle_approval
KG3221,,3+,Graduate,Yes,741666.6666666666,0.0,22500.0,144.0,1.0,,1,kaggle_approval
KG3222,,0,Not Graduate,Yes,475000.0,0.0,19400.0,96.0,0.0,,0,kaggle_approval
KG3223,,3+,Not Graduate,Yes,433333.3333333333,0.0,18300.0,120.0,0.0,,0,kaggle_approval
KG3224,,3+,Graduate,No,616666.6666666666,0.0,17500.0,48.0,0.0,,0,kaggle_approval
KG3225,,3+,Graduate,No,541666.6666666666,0.0,16000.0,168.0,0.0,,0,kaggle_approval
KG3226,,3+,Graduate,No,516666.6666666667,0.0,14900.0,168.0,0.0,,1,kaggle_approval
KG3227,,3+,Not Graduate,Yes,200000.0,0.0,6500.0,240.0,0.0,,0,kaggle_approval
KG3228,,0,Not Graduate,No,208333.33333333334,0.0,7100.0,120.0,0.0,,1,kaggle_approval
KG3229,,2,Graduate,Yes,225000.0,0.0,8500.0,240.0,0.0,,0,kaggle_approval
KG3230,,3+,Not Graduate,No,250000.0,0.0,7600.0,72.0,0.0,,0,kaggle_approval
KG3231,,3+,Graduate,Yes,508333.3333333333,0.0,13600.0,48.0,0.0,,0,kaggle_approval
KG3232,,3+,Graduate,No,125000.0,0.0,5400.0,216.0,1.0,,1,kaggle_approval
KG3233,,2,Graduate,No,541666.6666666666,0.0,14100.0,168.0,0.0,,1,kaggle_approval
KG3234,,3+,Not Graduate,No,16666.666666666668,0.0,700.0,120.0,0.0,,1,kaggle_approval
KG3235,,1,Not Graduate,No,825000.0,0.0,23400.0,192.0,1.0,,1,kaggle_approval
KG3236,,3+,Graduate,No,458333.3333333333,0.0,11600.0,144.0,0.0,,0,kaggle_approval
KG3237,,3+,Graduate,No,100000.0,0.0,4400.0,72.0,1.0,,1,kaggle_approval
KG3238,,3+,Graduate,Yes,575000.0,0.0,20200.0,216.0,0.0,,0,kaggle_approval
KG3239,,3+,Graduate,Yes,666666.6666666666,0.0,25300.0,48.0,0.0,,1,kaggle_approval
KG3240,,3+,Not Graduate,Yes,341666.6666666667,0.0,13900.0,240.0,0.0,,0,kaggle_approval
KG3241,,2,Graduate,No,116666.66666666667,0.0,4700.0,240.0,0.0,,1,kaggle_approval
KG3242,,3+,Not Graduate,Yes,133333.33333333334,0.0,3200.0,240.0,0.0,,0,kaggle_approval
KG3243,,1,Graduate,No,175000.0,0.0,4200.0,144.0,0.0,,0,kaggle_approval
KG3244,,1,Not Graduate,No,733333.3333333334,0.0,30200.0,216.0,1.0,,1,kaggle_approval
KG3245,,3+,Not Graduate,Yes,591666.6666666666,0.0,25400.0,120.0,1.0,,1,kaggle_approval
KG3246,,1,Not Graduate,No,716666.6666666666,0.0,31500.0,192.0,1.0,,1,kaggle_approval
KG3247,,2,Not Graduate,Yes,450000.0,0.0,14800.0,72.0,1.0,,1,kaggle_approval
KG3248,,3+,Graduate,Yes,83333.33333333333,0.0,2500.0,72.0,1.0,,1,kaggle_approval
KG3249,,0,Graduate,No,450000.0,0.0,18400.0,96.0,1.0,,1,kaggle_approval
KG3250,,2,Graduate,No,350000.0,0.0,16800.0,48.0,1.0,,1,kaggle_approval
KG3251,,2,Not Graduate,No,625000.0,0.0,22400.0,168.0,1.0,,1,kaggle_approval
KG3252,,3+,Graduate,No,100000.0,0.0,3300.0,24.0,0.0,,1,kaggle_approval
KG3253,,3+,Graduate,Yes,525000.0,0.0,14500.0,120.0,0.0,,0,kaggle_approval
KG3254,,3+,Graduate,Yes,25000.0,0.0,900.0,48.0,1.0,,1,kaggle_approval
KG3255,,3+,Graduate,No,616666.6666666666,0.0,28800.0,96.0,0.0,,0,kaggle_approval
KG3256,,3+,Not Graduate,No,183333.33333333334,0.0,5400.0,144.0,1.0,,1,kaggle_approval
KG3257,,3+,Graduate,No,333333.3333333333,0.0,9100.0,120.0,0.0,,0,kaggle_approval
KG3258,,3+,Graduate,Yes,225000.0,0.0,10400.0,192.0,1.0,,1,kaggle_approval
KG3259,,0,Not Graduate,Yes,166666.66666666666,0.0,6900.0,48.0,0.0,,1,kaggle_approval
KG3260,,3+,Not Graduate,No,533333.3333333334,0.0,14800.0,72.0,0.0,,0,kaggle_approval
KG3261,,3+,Not Graduate,Yes,116666.66666666667,0.0,5100.0,48.0,0.0,,1,kaggle_approval
KG3262,,0,Not Graduate,Yes,233333.33333333334,0.0,6300.0,144.0,1.0,,1,kaggle_approval
KG3263,,2,Not Graduate,Yes,683333.3333333334,0.0,28700.0,168.0,0.0,,0,kaggle_approval
KG3264,,3+,Not Graduate,No,750000.0,0.0,26700.0,168.0,1.0,,1,kaggle_approval
KG3265,,3+,Not Graduate,Yes,66666.66666666667,0.0,2100.0,144.0,0.0,,0,kaggle_approval
KG3266,,3+,Not Graduate,Yes,508333.3333333333,0.0,21200.0,72.0,1.0,,1,kaggle_approval
KG3267,,3+,Not Graduate,Yes,200000.0,0.0,9400.0,24.0,1.0,,1,kaggle_approval
KG3268,,3+,Graduate,Yes,500000.0,0.0,17000.0,144.0,1.0,,1,kaggle_approval
KG3269,,2,Not Graduate,Yes,658333.3333333334,0.0,22500.0,72.0,0.0,,1,kaggle_approval
KG3270,,3+,Graduate,Yes,791666.6666666666,0.0,25700.0,216.0,0.0,,0,kaggle_approval
KG3271,,3+,Not Graduate,Yes,150000.0,0.0,6400.0,240.0,0.0,,0,kaggle_approval
KG3272,,3+,Not Graduate,Yes,483333.3333333333,0.0,14100.0,144.0,1.0,,1,kaggle_approval
KG3273,,3+,Graduate,No,233333.33333333334,0.0,9400.0,120.0,0.0,,0,kaggle_approval
KG3274,,3+,Graduate,Yes,333333.3333333333,0.0,8300.0,96.0,0.0,,0,kaggle_approval
KG3275,,1,Not Graduate,No,83333.33333333333,0.0,3400.0,216.0,0.0,,1,kaggle_approval
KG3276,,0,Graduate,No,758333.3333333334,0.0,21100.0,240.0,0.0,,1,kaggle_approval
KG3277,,0,Graduate,No,383333.3333333333,0.0,18100.0,168.0,0.0,,0,kaggle_approval
KG3278,,2,Not Graduate,No,650000.0,0.0,16900.0,72.0,1.0,,1,kaggle_approval
KG3279,,3+,Graduate,Yes,550000.0,0.0,18800.0,120.0,0.0,,0,kaggle_approval
KG3280,,3+,Not Graduate,No,816666.6666666666,0.0,26600.0,144.0,1.0,,1,kaggle_approval
KG3281,,1,Graduate,No,616666.6666666666,0.0,26600.0,216.0,0.0,,0,kaggle_approval
KG3282,,3+,Graduate,Yes,358333.3333333333,0.0,16600.0,120.0,0.0,,1,kaggle_approval
KG3283,,2,Not Graduate,Yes,816666.6666666666,0.0,34600.0,192.0,1.0,,1,kaggle_approval
KG3284,,3+,Not Graduate,No,91666.66666666667,0.0,3900.0,240.0,1.0,,1,kaggle_approval
KG3285,,3+,Graduate,Yes,716666.6666666666,0.0,21800.0,240.0,1.0,,1,kaggle_approval
KG3286,,0,Not Graduate,Yes,783333.3333333334,0.0,35500.0,192.0,0.0,,1,kaggle_approval
KG3287,,3+,Graduate,Yes,441666.6666666667,0.0,20300.0,168.0,0.0,,0,kaggle_approval
KG3288,,1,Not Graduate,Yes,725000.0,0.0,33800.0,216.0,0.0,,1,kaggle_approval
KG3289,,3+,Graduate,Yes,400000.0,0.0,14200.0,144.0,0.0,,0,kaggle_approval
KG3290,,3+,Not Graduate,No,366666.6666666667,0.0,9800.0,216.0,1.0,,1,kaggle_approval
KG3291,,1,Graduate,Yes,450000.0,0.0,19300.0,144.0,1.0,,1,kaggle_approval
KG3292,,3+,Not Graduate,Yes,700000.0,0.0,31900.0,120.0,1.0,,1,kaggle_approval
KG3293,,1,Graduate,Yes,450000.0,0.0,19500.0,216.0,1.0,,1,kaggle_approval
KG3294,,3+,Not Graduate,Yes,783333.3333333334,0.0,32100.0,120.0,1.0,,1,kaggle_approval
KG3295,,0,Not Graduate,Yes,66666.66666666667,0.0,2400.0,48.0,0.0,,1,kaggle_approval
KG3296,,0,Not Graduate,No,316666.6666666667,0.0,14800.0,120.0,0.0,,0,kaggle_approval
KG3297,,3+,Graduate,No,258333.33333333334,0.0,6300.0,48.0,0.0,,0,kaggle_approval
KG3298,,3+,Not Graduate,Yes,500000.0,0.0,21300.0,48.0,1.0,,1,kaggle_approval
KG3299,,2,Not Graduate,Yes,566666.6666666666,0.0,15500.0,144.0,0.0,,0,kaggle_approval
KG3300,,3+,Not Graduate,No,433333.3333333333,0.0,11700.0,72.0,1.0,,1,kaggle_approval
KG3301,,0,Not Graduate,No,158333.33333333334,0.0,6700.0,144.0,0.0,,1,kaggle_approval
KG3302,,3+,Graduate,Yes,300000.0,0.0,8500.0,240.0,0.0,,1,kaggle_approval
KG3303,,3+,Graduate,Yes,125000.0,0.0,4100.0,168.0,1.0,,1,kaggle_approval
KG3304,,3+,Not Graduate,No,166666.66666666666,0.0,5800.0,96.0,1.0,,1,kaggle_approval
KG3305,,3+,Graduate,No,766666.6666666666,0.0,18600.0,240.0,0.0,,0,kaggle_approval
KG3306,,0,Not Graduate,Yes,508333.3333333333,0.0,15900.0,216.0,0.0,,0,kaggle_approval
KG3307,,3+,Not Graduate,No,25000.0,0.0,500.0,96.0,0.0,,0,kaggle_approval
KG3308,,1,Graduate,No,66666.66666666667,0.0,2300.0,120.0,1.0,,1,kaggle_approval
KG3309,,0,Not Graduate,No,275000.0,0.0,9000.0,192.0,1.0,,1,kaggle_approval
KG3310,,1,Not Graduate,No,483333.3333333333,0.0,18700.0,240.0,0.0,,1,kaggle_approval
KG3311,,3+,Not Graduate,No,708333.3333333334,0.0,23400.0,192.0,1.0,,1,kaggle_approval
KG3312,,0,Not Graduate,Yes,341666.6666666667,0.0,12800.0,96.0,1.0,,1,kaggle_approval
KG3313,,2,Graduate,No,650000.0,0.0,26400.0,48.0,1.0,,1,kaggle_approval
KG3314,,0,Graduate,No,625000.0,0.0,23000.0,168.0,1.0,,1,kaggle_approval
KG3315,,2,Graduate,No,191666.66666666666,0.0,8800.0,216.0,0.0,,0,kaggle_approval
KG3316,,3+,Graduate,Yes,50000.0,0.0,2300.0,72.0,0.0,,0,kaggle_approval
KG3317,,1,Not Graduate,No,241666.66666666666,0.0,11500.0,240.0,0.0,,0,kaggle_approval
KG3318,,3+,Not Graduate,No,75000.0,0.0,2200.0,24.0,0.0,,0,kaggle_approval
KG3319,,3+,Graduate,Yes,750000.0,0.0,20400.0,72.0,0.0,,0,kaggle_approval
KG3320,,1,Not Graduate,No,400000.0,0.0,14300.0,48.0,0.0,,0,kaggle_approval
KG3321,,1,Graduate,No,133333.33333333334,0.0,4600.0,144.0,0.0,,0,kaggle_approval
KG3322,,3+,Not Graduate,No,216666.66666666666,0.0,8100.0,144.0,0.0,,0,kaggle_approval
KG3323,,3+,Graduate,Yes,150000.0,0.0,4600.0,168.0,0.0,,0,kaggle_approval
KG3324,,3+,Graduate,Yes,366666.6666666667,0.0,11800.0,240.0,1.0,,1,kaggle_approval
KG3325,,2,Not Graduate,No,16666.666666666668,0.0,300.0,240.0,0.0,,0,kaggle_approval
KG3326,,3+,Not Graduate,Yes,66666.66666666667,0.0,2100.0,72.0,0.0,,0,kaggle_approval
KG3327,,3+,Graduate,No,125000.0,0.0,3200.0,48.0,1.0,,1,kaggle_approval
KG3328,,0,Not Graduate,Yes,641666.6666666666,0.0,16900.0,168.0,0.0,,0,kaggle_approval
KG3329,,3+,Graduate,Yes,600000.0,0.0,21300.0,24.0,1.0,,1,kaggle_approval
KG3330,,3+,Graduate,No,83333.33333333333,0.0,2300.0,192.0,0.0,,0,kaggle_approval
KG3331,,1,Graduate,No,525000.0,0.0,17200.0,144.0,1.0,,1,kaggle_approval
KG3332,,3+,Graduate,No,158333.33333333334,0.0,4100.0,144.0,1.0,,1,kaggle_approval
KG3333,,3+,Graduate,No,366666.6666666667,0.0,15300.0,48.0,0.0,,1,kaggle_approval
KG3334,,0,Not Graduate,No,758333.3333333334,0.0,26400.0,72.0,0.0,,0,kaggle_approval
KG3335,,2,Graduate,Yes,75000.0,0.0,2300.0,240.0,0.0,,0,kaggle_approval
KG3336,,0,Graduate,Yes,383333.3333333333,0.0,12000.0,144.0,0.0,,0,kaggle_approval
KG3337,,2,Graduate,Yes,783333.3333333334,0.0,22700.0,168.0,0.0,,0,kaggle_approval
KG3338,,3+,Graduate,No,575000.0,0.0,26500.0,192.0,0.0,,0,kaggle_approval
KG3339,,2,Graduate,No,25000.0,0.0,900.0,96.0,1.0,,1,kaggle_approval
KG3340,,3+,Graduate,Yes,158333.33333333334,0.0,6700.0,24.0,1.0,,1,kaggle_approval
KG3341,,3+,Graduate,Yes,366666.6666666667,0.0,16400.0,72.0,0.0,,0,kaggle_approval
KG3342,,3+,Not Graduate,Yes,100000.0,0.0,4100.0,192.0,0.0,,1,kaggle_approval
KG3343,,1,Graduate,Yes,83333.33333333333,0.0,3000.0,120.0,1.0,,1,kaggle_approval
KG3344,,0,Graduate,No,258333.33333333334,0.0,10400.0,216.0,1.0,,1,kaggle_approval
KG3345,,1,Graduate,Yes,175000.0,0.0,6300.0,192.0,1.0,,1,kaggle_approval
KG3346,,0,Not Graduate,No,175000.0,0.0,4700.0,24.0,0.0,,0,kaggle_approval
KG3347,,3+,Graduate,No,783333.3333333334,0.0,33300.0,216.0,0.0,,0,kaggle_approval
KG3348,,2,Not Graduate,No,808333.3333333334,0.0,37700.0,72.0,1.0,,1,kaggle_approval
KG3349,,3+,Graduate,No,116666.66666666667,0.0,2700.0,216.0,1.0,,1,kaggle_approval
KG3350,,2,Not Graduate,No,391666.6666666667,0.0,14600.0,240.0,0.0,,1,kaggle_approval
KG3351,,3+,Not Graduate,Yes,341666.6666666667,0.0,13300.0,120.0,1.0,,1,kaggle_approval
KG3352,,3+,Not Graduate,Yes,100000.0,0.0,2800.0,72.0,0.0,,0,kaggle_approval
KG3353,,3+,Not Graduate,No,658333.3333333334,0.0,27800.0,192.0,1.0,,1,kaggle_approval
KG3354,,2,Not Graduate,No,550000.0,0.0,15000.0,192.0,0.0,,0,kaggle_approval
KG3355,,0,Not Graduate,No,183333.33333333334,0.0,8800.0,48.0,0.0,,1,kaggle_approval
KG3356,,3+,Not Graduate,No,458333.3333333333,0.0,17600.0,96.0,1.0,,1,kaggle_approval
KG3357,,3+,Graduate,No,425000.0,0.0,15500.0,96.0,0.0,,0,kaggle_approval
KG3358,,2,Not Graduate,Yes,325000.0,0.0,7700.0,120.0,0.0,,0,kaggle_approval
KG3359,,3+,Graduate,No,16666.666666666668,0.0,400.0,72.0,1.0,,1,kaggle_approval
KG3360,,3+,Graduate,No,483333.3333333333,0.0,14700.0,120.0,1.0,,1,kaggle_approval
KG3361,,3+,Not Graduate,No,691666.6666666666,0.0,20700.0,24.0,0.0,,0,kaggle_approval
KG3362,,3+,Graduate,Yes,216666.66666666666,0.0,5500.0,96.0,1.0,,1,kaggle_approval
KG3363,,1,Graduate,No,175000.0,0.0,8100.0,72.0,1.0,,1,kaggle_approval
KG3364,,3+,Not Graduate,No,325000.0,0.0,10800.0,240.0,0.0,,0,kaggle_approval
KG3365,,1,Graduate,Yes,433333.3333333333,0.0,16300.0,72.0,0.0,,0,kaggle_approval
KG3366,,3+,Not Graduate,Yes,650000.0,0.0,24400.0,240.0,0.0,,0,kaggle_approval
KG3367,,3+,Not Graduate,Yes,450000.0,0.0,14300.0,48.0,0.0,,1,kaggle_approval
KG3368,,2,Not Graduate,No,241666.66666666666,0.0,11000.0,24.0,1.0,,1,kaggle_approval
KG3369,,3+,Graduate,No,591666.6666666666,0.0,28300.0,72.0,1.0,,1,kaggle_approval
KG3370,,1,Graduate,Yes,66666.66666666667,0.0,2500.0,48.0,0.0,,1,kaggle_approval
KG3371,,3+,Graduate,Yes,283333.3333333333,0.0,12800.0,120.0,1.0,,1,kaggle_approval
KG3372,,1,Graduate,Yes,566666.6666666666,0.0,17600.0,168.0,0.0,,0,kaggle_approval
KG3373,,3+,Graduate,Yes,583333.3333333334,0.0,27100.0,144.0,1.0,,1,kaggle_approval
KG3374,,0,Graduate,Yes,775000.0,0.0,24500.0,120.0,1.0,,1,kaggle_approval
KG3375,,2,Graduate,No,625000.0,0.0,19900.0,120.0,1.0,,1,kaggle_approval
KG3376,,3+,Graduate,Yes,666666.6666666666,0.0,31200.0,240.0,0.0,,0,kaggle_approval
KG3377,,3+,Graduate,Yes,133333.33333333334,0.0,4100.0,24.0,1.0,,1,kaggle_approval
KG3378,,1,Graduate,Yes,558333.3333333334,0.0,18800.0,72.0,1.0,,1,kaggle_approval
KG3379,,3+,Not Graduate,No,316666.6666666667,0.0,11400.0,48.0,0.0,,1,kaggle_approval
KG3380,,1,Not Graduate,Yes,225000.0,0.0,5400.0,72.0,0.0,,0,kaggle_approval
KG3381,,3+,Graduate,No,108333.33333333333,0.0,2900.0,96.0,1.0,,1,kaggle_approval
KG3382,,3+,Not Graduate,No,283333.3333333333,0.0,10500.0,192.0,0.0,,0,kaggle_approval
KG3383,,3+,Graduate,No,283333.3333333333,0.0,10900.0,168.0,1.0,,1,kaggle_approval
KG3384,,3+,Graduate,Yes,200000.0,0.0,6800.0,96.0,0.0,,0,kaggle_approval
KG3385,,0,Not Graduate,No,158333.33333333334,0.0,6900.0,48.0,1.0,,1,kaggle_approval
KG3386,,3+,Graduate,No,58333.333333333336,0.0,2200.0,72.0,1.0,,1,kaggle_approval
KG3387,,1,Not Graduate,No,575000.0,0.0,20900.0,48.0,0.0,,1,kaggle_approval
KG3388,,3+,Graduate,Yes,25000.0,0.0,800.0,216.0,1.0,,1,kaggle_approval
KG3389,,3+,Not Graduate,No,500000.0,0.0,18700.0,120.0,0.0,,0,kaggle_approval
KG3390,,1,Not Graduate,No,358333.3333333333,0.0,16400.0,240.0,0.0,,0,kaggle_approval
KG3391,,3+,Graduate,No,483333.3333333333,0.0,13500.0,168.0,1.0,,1,kaggle_approval
KG3392,,2,Graduate,Yes,275000.0,0.0,6700.0,96.0,1.0,,1,kaggle_approval
KG3393,,2,Not Graduate,No,33333.333333333336,0.0,1500.0,48.0,1.0,,1,kaggle_approval
KG3394,,3+,Not Graduate,No,25000.0,0.0,600.0,48.0,0.0,,0,kaggle_approval
KG3395,,1,Not Graduate,No,350000.0,0.0,10700.0,72.0,0.0,,0,kaggle_approval
KG3396,,2,Not Graduate,Yes,50000.0,0.0,2300.0,144.0,0.0,,0,kaggle_approval
KG3397,,3+,Not Graduate,Yes,366666.6666666667,0.0,15200.0,72.0,0.0,,0,kaggle_approval
KG3398,,0,Graduate,Yes,766666.6666666666,0.0,29400.0,24.0,1.0,,1,kaggle_approval
KG3399,,2,Graduate,Yes,575000.0,0.0,25300.0,48.0,1.0,,1,kaggle_approval
KG3400,,3+,Not Graduate,Yes,425000.0,0.0,13700.0,168.0,0.0,,0,kaggle_approval
KG3401,,3+,Graduate,No,283333.3333333333,0.0,12700.0,24.0,1.0,,1,kaggle_approval
KG3402,,3+,Not Graduate,Yes,716666.6666666666,0.0,26800.0,144.0,1.0,,1,kaggle_approval
KG3403,,3+,Not Graduate,Yes,766666.6666666666,0.0,28900.0,96.0,0.0,,0,kaggle_approval
KG3404,,3+,Graduate,Yes,400000.0,0.0,16300.0,48.0,0.0,,1,kaggle_approval
KG3405,,3+,Not Graduate,No,233333.33333333334,0.0,8300.0,168.0,0.0,,0,kaggle_approval
KG3406,,1,Graduate,Yes,283333.3333333333,0.0,7000.0,48.0,0.0,,0,kaggle_approval
KG3407,,3+,Not Graduate,Yes,66666.66666666667,0.0,2200.0,168.0,0.0,,1,kaggle_approval
KG3408,,1,Not Graduate,No,341666.6666666667,0.0,11100.0,72.0,0.0,,0,kaggle_approval
KG3409,,0,Not Graduate,No,158333.33333333334,0.0,3800.0,192.0,0.0,,0,kaggle_approval
KG3410,,3+,Graduate,Yes,558333.3333333334,0.0,25400.0,168.0,1.0,,1,kaggle_approval
KG3411,,0,Graduate,No,433333.3333333333,0.0,13400.0,24.0,0.0,,0,kaggle_approval
KG3412,,3+,Graduate,Yes,558333.3333333334,0.0,16400.0,24.0,0.0,,0,kaggle_approval
KG3413,,1,Not Graduate,Yes,391666.6666666667,0.0,15000.0,240.0,1.0,,1,kaggle_approval
KG3414,,0,Not Graduate,No,500000.0,0.0,22000.0,144.0,1.0,,1,kaggle_approval
KG3415,,3+,Not Graduate,Yes,541666.6666666666,0.0,18900.0,144.0,0.0,,0,kaggle_approval
KG3416,,3+,Graduate,No,41666.666666666664,0.0,2000.0,144.0,1.0,,1,kaggle_approval
KG3417,,3+,Not Graduate,No,475000.0,0.0,13300.0,24.0,0.0,,0,kaggle_approval
KG3418,,3+,Not Graduate,Yes,566666.6666666666,0.0,20000.0,144.0,1.0,,1,kaggle_approval
KG3419,,3+,Not Graduate,No,258333.33333333334,0.0,12300.0,216.0,1.0,,1,kaggle_approval
KG3420,,3+,Not Graduate,No,425000.0,0.0,11000.0,192.0,1.0,,1,kaggle_approval
KG3421,,1,Not Graduate,Yes,525000.0,0.0,23900.0,120.0,1.0,,1,kaggle_approval
KG3422,,3+,Graduate,Yes,366666.6666666667,0.0,14100.0,120.0,1.0,,1,kaggle_approval
KG3423,,1,Not Graduate,No,675000.0,0.0,21900.0,72.0,1.0,,1,kaggle_approval
KG3424,,1,Not Graduate,No,91666.66666666667,0.0,3700.0,24.0,0.0,,1,kaggle_approval
KG3425,,0,Graduate,Yes,200000.0,0.0,6900.0,48.0,0.0,,1,kaggle_approval
KG3426,,3+,Graduate,Yes,583333.3333333334,0.0,26300.0,144.0,0.0,,0,kaggle_approval
KG3427,,1,Graduate,Yes,725000.0,0.0,30000.0,144.0,0.0,,0,kaggle_approval
KG3428,,0,Not Graduate,Yes,291666.6666666667,0.0,12600.0,120.0,0.0,,0,kaggle_approval
KG3429,,1,Graduate,Yes,133333.33333333334,0.0,5300.0,48.0,1.0,,1,kaggle_approval
KG3430,,3+,Not Graduate,Yes,650000.0,0.0,17300.0,192.0,0.0,,0,kaggle_approval
KG3431,,2,Not Graduate,No,308333.3333333333,0.0,9200.0,120.0,1.0,,1,kaggle_approval
KG3432,,3+,Graduate,No,33333.333333333336,0.0,1400.0,216.0,1.0,,1,kaggle_approval
KG3433,,0,Not Graduate,No,400000.0,0.0,15700.0,120.0,0.0,,0,kaggle_approval
KG3434,,0,Graduate,Yes,241666.66666666666,0.0,7500.0,216.0,1.0,,1,kaggle_approval
KG3435,,3+,Graduate,Yes,416666.6666666667,0.0,14600.0,216.0,0.0,,0,kaggle_approval
KG3436,,0,Graduate,Yes,633333.3333333334,0.0,18100.0,192.0,0.0,,0,kaggle_approval
KG3437,,1,Graduate,No,250000.0,0.0,9400.0,48.0,1.0,,1,kaggle_approval
KG3438,,3+,Not Graduate,Yes,16666.666666666668,0.0,700.0,216.0,0.0,,0,kaggle_approval
KG3439,,3+,Not Graduate,Yes,566666.6666666666,0.0,19000.0,96.0,1.0,,1,kaggle_approval
KG3440,,3+,Not Graduate,Yes,808333.3333333334,0.0,27400.0,24.0,0.0,,0,kaggle_approval
KG3441,,0,Graduate,Yes,100000.0,0.0,4200.0,48.0,1.0,,1,kaggle_approval
KG3442,,3+,Not Graduate,Yes,616666.6666666666,0.0,24000.0,192.0,1.0,,1,kaggle_approval
KG3443,,3+,Graduate,No,575000.0,0.0,20800.0,48.0,1.0,,1,kaggle_approval
KG3444,,0,Not Graduate,Yes,758333.3333333334,0.0,23300.0,216.0,0.0,,0,kaggle_approval
KG3445,,0,Graduate,Yes,108333.33333333333,0.0,4700.0,192.0,0.0,,0,kaggle_approval
KG3446,,3+,Graduate,No,550000.0,0.0,14600.0,120.0,1.0,,1,kaggle_approval
KG3447,,3+,Not Graduate,Yes,150000.0,0.0,5700.0,168.0,1.0,,1,kaggle_approval
KG3448,,3+,Not Graduate,Yes,683333.3333333334,0.0,20900.0,168.0,1.0,,1,kaggle_approval
KG3449,,3+,Not Graduate,No,233333.33333333334,0.0,8300.0,168.0,0.0,,0,kaggle_approval
KG3450,,1,Graduate,Yes,583333.3333333334,0.0,16000.0,48.0,0.0,,1,kaggle_approval
KG3451,,3+,Graduate,No,58333.333333333336,0.0,1800.0,216.0,1.0,,1,kaggle_approval
KG3452,,0,Not Graduate,No,616666.6666666666,0.0,25500.0,72.0,0.0,,0,kaggle_approval
KG3453,,3+,Not Graduate,Yes,191666.66666666666,0.0,5000.0,120.0,0.0,,0,kaggle_approval
KG3454,,1,Graduate,Yes,50000.0,0.0,1900.0,96.0,0.0,,0,kaggle_approval
KG3455,,3+,Graduate,No,83333.33333333333,0.0,3000.0,48.0,1.0,,1,kaggle_approval
KG3456,,1,Not Graduate,Yes,183333.33333333334,0.0,5200.0,96.0,0.0,,0,kaggle_approval
KG3457,,1,Not Graduate,No,666666.6666666666,0.0,30900.0,24.0,0.0,,1,kaggle_approval
KG3458,,3+,Not Graduate,No,716666.6666666666,0.0,20900.0,120.0,1.0,,1,kaggle_approval
KG3459,,3+,Not Graduate,Yes,625000.0,0.0,26000.0,24.0,0.0,,1,kaggle_approval
KG3460,,3+,Not Graduate,Yes,433333.3333333333,0.0,11800.0,216.0,1.0,,1,kaggle_approval
KG3461,,2,Not Graduate,No,658333.3333333334,0.0,20900.0,24.0,1.0,,1,kaggle_approval
KG3462,,1,Graduate,Yes,350000.0,0.0,11300.0,48.0,1.0,,1,kaggle_approval
KG3463,,0,Graduate,No,541666.6666666666,0.0,20200.0,192.0,1.0,,1,kaggle_approval
KG3464,,0,Graduate,Yes,616666.6666666666,0.0,15200.0,144.0,1.0,,1,kaggle_approval
KG3465,,3+,Not Graduate,No,758333.3333333334,0.0,25600.0,144.0,1.0,,1,kaggle_approval
KG3466,,0,Not Graduate,No,66666.66666666667,0.0,2300.0,192.0,1.0,,1,kaggle_approval
KG3467,,1,Graduate,Yes,66666.66666666667,0.0,2800.0,120.0,1.0,,1,kaggle_approval
KG3468,,3+,Graduate,Yes,341666.6666666667,0.0,9900.0,48.0,0.0,,0,kaggle_approval
KG3469,,3+,Graduate,Yes,350000.0,0.0,8700.0,72.0,0.0,,1,kaggle_approval
KG3470,,3+,Graduate,Yes,400000.0,0.0,11500.0,144.0,0.0,,0,kaggle_approval
KG3471,,3+,Not Graduate,Yes,691666.6666666666,0.0,25900.0,96.0,1.0,,1,kaggle_approval
KG3472,,3+,Not Graduate,No,633333.3333333334,0.0,23900.0,96.0,1.0,,1,kaggle_approval
KG3473,,3+,Graduate,No,425000.0,0.0,12300.0,240.0,0.0,,0,kaggle_approval
KG3474,,3+,Graduate,No,300000.0,0.0,11600.0,168.0,0.0,,0,kaggle_approval
KG3475,,3+,Not Graduate,Yes,450000.0,0.0,16800.0,192.0,0.0,,1,kaggle_approval
KG3476,,3+,Not Graduate,No,58333.333333333336,0.0,1400.0,48.0,0.0,,0,kaggle_approval
KG3477,,2,Not Graduate,Yes,816666.6666666666,0.0,38200.0,120.0,1.0,,1,kaggle_approval
KG3478,,3+,Graduate,No,808333.3333333334,0.0,36400.0,48.0,1.0,,1,kaggle_approval
KG3479,,0,Graduate,Yes,783333.3333333334,0.0,29900.0,144.0,0.0,,0,kaggle_approval
KG3480,,3+,Graduate,Yes,266666.6666666667,0.0,9100.0,216.0,0.0,,0,kaggle_approval
KG3481,,0,Graduate,Yes,308333.3333333333,0.0,11600.0,120.0,1.0,,1,kaggle_approval
KG3482,,2,Graduate,Yes,350000.0,0.0,15800.0,72.0,1.0,,1,kaggle_approval
KG3483,,2,Not Graduate,No,583333.3333333334,0.0,24200.0,72.0,1.0,,1,kaggle_approval
KG3484,,3+,Not Graduate,No,266666.6666666667,0.0,11500.0,192.0,0.0,,0,kaggle_approval
KG3485,,3+,Graduate,No,658333.3333333334,0.0,17700.0,24.0,0.0,,1,kaggle_approval
KG3486,,3+,Not Graduate,No,183333.33333333334,0.0,8300.0,216.0,0.0,,0,kaggle_approval
KG3487,,0,Graduate,Yes,225000.0,0.0,8400.0,72.0,1.0,,1,kaggle_approval
KG3488,,3+,Not Graduate,No,566666.6666666666,0.0,18000.0,144.0,1.0,,1,kaggle_approval
KG3489,,3+,Graduate,Yes,525000.0,0.0,23300.0,48.0,0.0,,1,kaggle_approval
KG3490,,3+,Graduate,Yes,750000.0,0.0,31400.0,24.0,1.0,,1,kaggle_approval
KG3491,,1,Graduate,No,391666.6666666667,0.0,15700.0,48.0,0.0,,1,kaggle_approval
KG3492,,2,Not Graduate,No,675000.0,0.0,17500.0,48.0,1.0,,1,kaggle_approval
KG3493,,2,Not Graduate,No,750000.0,0.0,27300.0,168.0,0.0,,0,kaggle_approval
KG3494,,3+,Not Graduate,No,316666.6666666667,0.0,14100.0,96.0,1.0,,1,kaggle_approval
KG3495,,3+,Not Graduate,Yes,733333.3333333334,0.0,22200.0,120.0,0.0,,0,kaggle_approval
KG3496,,3+,Not Graduate,Yes,725000.0,0.0,27200.0,216.0,0.0,,0,kaggle_approval
KG3497,,3+,Not Graduate,No,416666.6666666667,0.0,12400.0,168.0,0.0,,0,kaggle_approval
KG3498,,0,Not Graduate,Yes,500000.0,0.0,22700.0,120.0,0.0,,0,kaggle_approval
KG3499,,2,Graduate,Yes,758333.3333333334,0.0,24200.0,192.0,1.0,,1,kaggle_approval
KG3500,,1,Graduate,No,616666.6666666666,0.0,17900.0,72.0,0.0,,0,kaggle_approval
KG3501,,1,Not Graduate,Yes,691666.6666666666,0.0,28400.0,192.0,1.0,,1,kaggle_approval
KG3502,,1,Graduate,Yes,633333.3333333334,0.0,23900.0,144.0,1.0,,1,kaggle_approval
KG3503,,1,Not Graduate,Yes,291666.6666666667,0.0,9600.0,48.0,0.0,,0,kaggle_approval
KG3504,,3+,Graduate,Yes,83333.33333333333,0.0,3500.0,216.0,1.0,,1,kaggle_approval
KG3505,,3+,Graduate,Yes,825000.0,0.0,25900.0,48.0,1.0,,1,kaggle_approval
KG3506,,2,Graduate,Yes,475000.0,0.0,15100.0,216.0,0.0,,0,kaggle_approval
KG3507,,3+,Graduate,No,58333.333333333336,0.0,2400.0,192.0,0.0,,0,kaggle_approval
KG3508,,0,Not Graduate,Yes,800000.0,0.0,23800.0,144.0,1.0,,1,kaggle_approval
KG3509,,1,Not Graduate,No,775000.0,0.0,28900.0,72.0,0.0,,0,kaggle_approval
KG3510,,0,Graduate,No,791666.6666666666,0.0,28400.0,216.0,0.0,,1,kaggle_approval
KG3511,,3+,Graduate,Yes,725000.0,0.0,23400.0,192.0,0.0,,0,kaggle_approval
KG3512,,3+,Graduate,Yes,608333.3333333334,0.0,21000.0,168.0,1.0,,1,kaggle_approval
KG3513,,3+,Graduate,Yes,341666.6666666667,0.0,12700.0,120.0,0.0,,0,kaggle_approval
KG3514,,2,Graduate,No,241666.66666666666,0.0,10200.0,48.0,1.0,,1,kaggle_approval
KG3515,,3+,Graduate,Yes,625000.0,0.0,17900.0,24.0,1.0,,1,kaggle_approval
KG3516,,1,Graduate,No,658333.3333333334,0.0,25700.0,240.0,1.0,,1,kaggle_approval
KG3517,,1,Graduate,Yes,575000.0,0.0,22300.0,192.0,1.0,,1,kaggle_approval
KG3518,,0,Not Graduate,No,575000.0,0.0,22900.0,120.0,0.0,,0,kaggle_approval
KG3519,,0,Not Graduate,No,400000.0,0.0,18800.0,192.0,0.0,,1,kaggle_approval
KG3520,,3+,Graduate,Yes,641666.6666666666,0.0,24400.0,96.0,0.0,,0,kaggle_approval
KG3521,,3+,Not Graduate,No,575000.0,0.0,22700.0,48.0,1.0,,1,kaggle_approval
KG3522,,1,Not Graduate,No,100000.0,0.0,4500.0,48.0,0.0,,1,kaggle_approval
KG3523,,1,Graduate,No,241666.66666666666,0.0,9600.0,48.0,1.0,,1,kaggle_approval
KG3524,,3+,Graduate,Yes,458333.3333333333,0.0,18900.0,72.0,0.0,,0,kaggle_approval
KG3525,,3+,Graduate,Yes,266666.6666666667,0.0,10700.0,48.0,0.0,,1,kaggle_approval
KG3526,,3+,Not Graduate,No,216666.66666666666,0.0,8200.0,48.0,1.0,,1,kaggle_approval
KG3527,,0,Graduate,No,41666.666666666664,0.0,1600.0,216.0,1.0,,1,kaggle_approval
KG3528,,0,Graduate,No,150000.0,0.0,6900.0,120.0,1.0,,0,kaggle_approval
KG3529,,0,Not Graduate,No,108333.33333333333,0.0,4900.0,144.0,0.0,,1,kaggle_approval
KG3530,,1,Not Graduate,No,825000.0,0.0,20700.0,240.0,1.0,,1,kaggle_approval
KG3531,,0,Not Graduate,No,166666.66666666666,0.0,4700.0,24.0,1.0,,1,kaggle_approval
KG3532,,1,Not Graduate,No,425000.0,0.0,15300.0,48.0,1.0,,1,kaggle_approval
KG3533,,3+,Graduate,Yes,683333.3333333334,0.0,24000.0,240.0,1.0,,1,kaggle_approval
KG3534,,3+,Not Graduate,No,350000.0,0.0,12600.0,216.0,0.0,,1,kaggle_approval
KG3535,,2,Not Graduate,Yes,108333.33333333333,0.0,4900.0,96.0,0.0,,1,kaggle_approval
KG3536,,1,Not Graduate,Yes,383333.3333333333,0.0,13600.0,216.0,0.0,,0,kaggle_approval
KG3537,,1,Not Graduate,No,550000.0,0.0,19700.0,144.0,1.0,,1,kaggle_approval
KG3538,,2,Graduate,Yes,691666.6666666666,0.0,30100.0,192.0,1.0,,1,kaggle_approval
KG3539,,0,Graduate,No,575000.0,0.0,20700.0,192.0,1.0,,1,kaggle_approval
KG3540,,3+,Graduate,Yes,391666.6666666667,0.0,12500.0,96.0,1.0,,1,kaggle_approval
KG3541,,1,Graduate,No,658333.3333333334,0.0,15800.0,96.0,0.0,,1,kaggle_approval
KG3542,,3+,Not Graduate,No,733333.3333333334,0.0,24900.0,192.0,1.0,,1,kaggle_approval
KG3543,,1,Graduate,No,541666.6666666666,0.0,23400.0,24.0,1.0,,1,kaggle_approval
KG3544,,3+,Not Graduate,No,291666.6666666667,0.0,13700.0,48.0,0.0,,1,kaggle_approval
KG3545,,2,Not Graduate,Yes,683333.3333333334,0.0,19600.0,192.0,1.0,,1,kaggle_approval
KG3546,,0,Not Graduate,Yes,166666.66666666666,0.0,6000.0,168.0,0.0,,0,kaggle_approval
KG3547,,3+,Not Graduate,No,225000.0,0.0,8200.0,24.0,1.0,,1,kaggle_approval
KG3548,,0,Graduate,Yes,441666.6666666667,0.0,17600.0,48.0,1.0,,1,kaggle_approval
KG3549,,2,Not Graduate,No,825000.0,0.0,19900.0,72.0,0.0,,0,kaggle_approval
KG3550,,2,Not Graduate,Yes,416666.6666666667,0.0,19500.0,168.0,1.0,,1,kaggle_approval
KG3551,,2,Not Graduate,No,758333.3333333334,0.0,18600.0,240.0,0.0,,0,kaggle_approval
KG3552,,3+,Not Graduate,Yes,633333.3333333334,0.0,26400.0,168.0,1.0,,1,kaggle_approval
KG3553,,0,Graduate,No,433333.3333333333,0.0,17800.0,216.0,0.0,,1,kaggle_approval
KG3554,,3+,Graduate,No,150000.0,0.0,6000.0,48.0,0.0,,1,kaggle_approval
KG3555,,0,Not Graduate,No,608333.3333333334,0.0,28200.0,192.0,0.0,,0,kaggle_approval
KG3556,,3+,Graduate,No,266666.6666666667,0.0,11600.0,72.0,1.0,,1,kaggle_approval
KG3557,,3+,Graduate,No,433333.3333333333,0.0,20700.0,24.0,0.0,,1,kaggle_approval
KG3558,,3+,Not Graduate,No,591666.6666666666,0.0,28200.0,168.0,0.0,,0,kaggle_approval
KG3559,,3+,Graduate,Yes,116666.66666666667,0.0,4800.0,72.0,0.0,,0,kaggle_approval
KG3560,,3+,Not Graduate,No,225000.0,0.0,10700.0,72.0,1.0,,1,kaggle_approval
KG3561,,3+,Graduate,Yes,541666.6666666666,0.0,18100.0,120.0,0.0,,0,kaggle_approval
KG3562,,3+,Graduate,No,775000.0,0.0,35900.0,216.0,0.0,,0,kaggle_approval
KG3563,,0,Graduate,Yes,558333.3333333334,0.0,14900.0,192.0,1.0,,1,kaggle_approval
KG3564,,3+,Graduate,No,566666.6666666666,0.0,19300.0,72.0,1.0,,1,kaggle_approval
KG3565,,3+,Not Graduate,No,466666.6666666667,0.0,13600.0,48.0,0.0,,0,kaggle_approval
KG3566,,1,Not Graduate,Yes,158333.33333333334,0.0,4700.0,24.0,1.0,,1,kaggle_approval
KG3567,,3+,Not Graduate,No,700000.0,0.0,19500.0,72.0,1.0,,1,kaggle_approval
KG3568,,2,Not Graduate,Yes,208333.33333333334,0.0,7200.0,192.0,0.0,,0,kaggle_approval
KG3569,,1,Not Graduate,Yes,241666.66666666666,0.0,9900.0,216.0,1.0,,1,kaggle_approval
KG3570,,3+,Graduate,Yes,266666.6666666667,0.0,7400.0,24.0,0.0,,0,kaggle_approval
KG3571,,3+,Not Graduate,Yes,250000.0,0.0,10900.0,24.0,1.0,,1,kaggle_approval
KG3572,,3+,Graduate,Yes,66666.66666666667,0.0,2500.0,240.0,0.0,,0,kaggle_approval
KG3573,,2,Not Graduate,Yes,33333.333333333336,0.0,1300.0,24.0,1.0,,1,kaggle_approval
KG3574,,2,Not Graduate,No,366666.6666666667,0.0,10600.0,240.0,0.0,,0,kaggle_approval
KG3575,,2,Not Graduate,Yes,725000.0,0.0,19900.0,120.0,1.0,,1,kaggle_approval
KG3576,,3+,Not Graduate,No,616666.6666666666,0.0,15400.0,72.0,1.0,,1,kaggle_approval
KG3577,,3+,Not Graduate,Yes,475000.0,0.0,14400.0,144.0,1.0,,1,kaggle_approval
KG3578,,3+,Not Graduate,Yes,808333.3333333334,0.0,27600.0,120.0,1.0,,1,kaggle_approval
KG3579,,2,Not Graduate,No,583333.3333333334,0.0,22400.0,72.0,1.0,,1,kaggle_approval
KG3580,,2,Not Graduate,No,741666.6666666666,0.0,23100.0,48.0,0.0,,0,kaggle_approval
KG3581,,3+,Graduate,Yes,258333.33333333334,0.0,11200.0,168.0,1.0,,1,kaggle_approval
KG3582,,3+,Graduate,No,183333.33333333334,0.0,6100.0,144.0,0.0,,0,kaggle_approval
KG3583,,3+,Not Graduate,Yes,591666.6666666666,0.0,21500.0,48.0,0.0,,1,kaggle_approval
KG3584,,3+,Graduate,Yes,683333.3333333334,0.0,19000.0,72.0,0.0,,0,kaggle_approval
KG3585,,3+,Graduate,Yes,816666.6666666666,0.0,28400.0,144.0,0.0,,0,kaggle_approval
KG3586,,2,Graduate,Yes,325000.0,0.0,9700.0,96.0,0.0,,0,kaggle_approval
KG3587,,2,Graduate,Yes,183333.33333333334,0.0,8100.0,96.0,1.0,,1,kaggle_approval
KG3588,,3+,Not Graduate,Yes,50000.0,0.0,1700.0,240.0,1.0,,1,kaggle_approval
KG3589,,3+,Not Graduate,Yes,575000.0,0.0,22000.0,120.0,0.0,,0,kaggle_approval
KG3590,,2,Graduate,Yes,616666.6666666666,0.0,27300.0,216.0,0.0,,1,kaggle_approval
KG3591,,3+,Not Graduate,Yes,333333.3333333333,0.0,11600.0,72.0,0.0,,0,kaggle_approval
KG3592,,3+,Not Graduate,Yes,58333.333333333336,0.0,2000.0,216.0,0.0,,0,kaggle_approval
KG3593,,2,Not Graduate,Yes,158333.33333333334,0.0,4600.0,192.0,1.0,,1,kaggle_approval
KG3594,,2,Graduate,No,183333.33333333334,0.0,6800.0,240.0,0.0,,0,kaggle_approval
KG3595,,1,Graduate,Yes,166666.66666666666,0.0,5600.0,168.0,0.0,,1,kaggle_approval
KG3596,,3+,Not Graduate,No,616666.6666666666,0.0,17900.0,72.0,0.0,,0,kaggle_approval
KG3597,,2,Not Graduate,Yes,191666.66666666666,0.0,9000.0,72.0,0.0,,1,kaggle_approval
KG3598,,3+,Not Graduate,Yes,333333.3333333333,0.0,15500.0,144.0,0.0,,0,kaggle_approval
KG3599,,3+,Graduate,Yes,125000.0,0.0,5800.0,216.0,0.0,,0,kaggle_approval
KG3600,,2,Not Graduate,Yes,433333.3333333333,0.0,12900.0,216.0,1.0,,1,kaggle_approval
KG3601,,2,Graduate,No,450000.0,0.0,14500.0,96.0,0.0,,0,kaggle_approval
KG3602,,3+,Graduate,No,641666.6666666666,0.0,25300.0,216.0,1.0,,1,kaggle_approval
KG3603,,0,Not Graduate,Yes,158333.33333333334,0.0,6400.0,240.0,1.0,,1,kaggle_approval
KG3604,,3+,Not Graduate,Yes,533333.3333333334,0.0,15500.0,24.0,0.0,,0,kaggle_approval
KG3605,,3+,Graduate,No,58333.333333333336,0.0,1700.0,216.0,1.0,,1,kaggle_approval
KG3606,,3+,Graduate,Yes,483333.3333333333,0.0,23000.0,192.0,0.0,,0,kaggle_approval
KG3607,,1,Graduate,No,150000.0,0.0,5400.0,48.0,0.0,,1,kaggle_approval
KG3608,,3+,Graduate,Yes,358333.3333333333,0.0,13800.0,216.0,1.0,,1,kaggle_approval
KG3609,,3+,Graduate,No,666666.6666666666,0.0,27100.0,96.0,0.0,,0,kaggle_approval
KG3610,,0,Not Graduate,No,91666.66666666667,0.0,4100.0,216.0,1.0,,1,kaggle_approval
KG3611,,2,Not Graduate,Yes,733333.3333333334,0.0,31100.0,144.0,1.0,,1,kaggle_approval
KG3612,,3+,Graduate,No,400000.0,0.0,18600.0,168.0,1.0,,1,kaggle_approval
KG3613,,0,Not Graduate,Yes,16666.666666666668,0.0,700.0,240.0,1.0,,1,kaggle_approval
KG3614,,3+,Graduate,Yes,116666.66666666667,0.0,2700.0,192.0,0.0,,0,kaggle_approval
KG3615,,3+,Graduate,No,208333.33333333334,0.0,6400.0,192.0,0.0,,1,kaggle_approval
KG3616,,3+,Graduate,No,675000.0,0.0,25300.0,96.0,1.0,,1,kaggle_approval
KG3617,,0,Graduate,Yes,508333.3333333333,0.0,19200.0,72.0,1.0,,1,kaggle_approval
KG3618,,0,Not Graduate,Yes,166666.66666666666,0.0,4600.0,192.0,1.0,,1,kaggle_approval
KG3619,,3+,Not Graduate,No,400000.0,0.0,10100.0,144.0,1.0,,1,kaggle_approval
KG3620,,3+,Graduate,Yes,75000.0,0.0,2800.0,24.0,1.0,,1,kaggle_approval
KG3621,,3+,Not Graduate,No,108333.33333333333,0.0,3500.0,144.0,0.0,,0,kaggle_approval
KG3622,,3+,Not Graduate,Yes,350000.0,0.0,9100.0,24.0,1.0,,1,kaggle_approval
KG3623,,2,Graduate,Yes,275000.0,0.0,11100.0,240.0,1.0,,1,kaggle_approval
KG3624,,2,Not Graduate,Yes,725000.0,0.0,28400.0,144.0,1.0,,1,kaggle_approval
KG3625,,1,Not Graduate,Yes,66666.66666666667,0.0,2600.0,24.0,0.0,,1,kaggle_approval
KG3626,,3+,Graduate,Yes,616666.6666666666,0.0,17100.0,24.0,0.0,,0,kaggle_approval
KG3627,,3+,Not Graduate,No,575000.0,0.0,18500.0,72.0,0.0,,0,kaggle_approval
KG3628,,1,Graduate,Yes,733333.3333333334,0.0,33700.0,168.0,0.0,,1,kaggle_approval
KG3629,,2,Graduate,Yes,716666.6666666666,0.0,32500.0,48.0,1.0,,1,kaggle_approval
KG3630,,2,Graduate,No,450000.0,0.0,20600.0,216.0,1.0,,1,kaggle_approval
KG3631,,3+,Graduate,Yes,241666.66666666666,0.0,5900.0,216.0,1.0,,1,kaggle_approval
KG3632,,3+,Graduate,No,816666.6666666666,0.0,21000.0,144.0,0.0,,0,kaggle_approval
KG3633,,3+,Graduate,No,275000.0,0.0,10800.0,48.0,0.0,,1,kaggle_approval
KG3634,,0,Not Graduate,No,25000.0,0.0,500.0,216.0,0.0,,0,kaggle_approval
KG3635,,0,Graduate,No,125000.0,0.0,4300.0,144.0,1.0,,1,kaggle_approval
KG3636,,3+,Not Graduate,Yes,450000.0,0.0,16300.0,48.0,0.0,,1,kaggle_approval
KG3637,,0,Graduate,No,550000.0,0.0,15200.0,216.0,0.0,,0,kaggle_approval
KG3638,,0,Graduate,No,475000.0,0.0,17200.0,96.0,0.0,,0,kaggle_approval
KG3639,,3+,Not Graduate,Yes,708333.3333333334,0.0,26100.0,24.0,1.0,,1,kaggle_approval
KG3640,,0,Graduate,No,616666.6666666666,0.0,24100.0,192.0,1.0,,1,kaggle_approval
KG3641,,3+,Not Graduate,Yes,650000.0,0.0,17700.0,72.0,1.0,,1,kaggle_approval
KG3642,,3+,Graduate,Yes,600000.0,0.0,16500.0,216.0,0.0,,0,kaggle_approval
KG3643,,2,Not Graduate,No,633333.3333333334,0.0,19300.0,144.0,0.0,,0,kaggle_approval
KG3644,,3+,Not Graduate,Yes,583333.3333333334,0.0,26700.0,48.0,0.0,,1,kaggle_approval
KG3645,,0,Not Graduate,No,475000.0,0.0,13000.0,72.0,0.0,,0,kaggle_approval
KG3646,,2,Not Graduate,No,683333.3333333334,0.0,30600.0,120.0,0.0,,0,kaggle_approval
KG3647,,0,Graduate,Yes,750000.0,0.0,27800.0,96.0,1.0,,1,kaggle_approval
KG3648,,3+,Not Graduate,No,325000.0,0.0,11900.0,72.0,1.0,,1,kaggle_approval
KG3649,,0,Graduate,No,541666.6666666666,0.0,16200.0,48.0,1.0,,1,kaggle_approval
KG3650,,3+,Not Graduate,Yes,191666.66666666666,0.0,7700.0,192.0,0.0,,1,kaggle_approval
KG3651,,1,Not Graduate,No,475000.0,0.0,21800.0,216.0,1.0,,1,kaggle_approval
KG3652,,3+,Not Graduate,No,66666.66666666667,0.0,2800.0,144.0,0.0,,0,kaggle_approval
KG3653,,3+,Not Graduate,Yes,700000.0,0.0,19700.0,168.0,1.0,,1,kaggle_approval
KG3654,,1,Graduate,Yes,358333.3333333333,0.0,17200.0,48.0,0.0,,1,kaggle_approval
KG3655,,1,Not Graduate,Yes,25000.0,0.0,900.0,240.0,0.0,,0,kaggle_approval
KG3656,,1,Graduate,No,725000.0,0.0,34000.0,192.0,1.0,,1,kaggle_approval
KG3657,,1,Not Graduate,No,366666.6666666667,0.0,12100.0,48.0,1.0,,1,kaggle_approval
KG3658,,1,Graduate,Yes,466666.6666666667,0.0,16800.0,192.0,0.0,,0,kaggle_approval
KG3659,,2,Graduate,No,50000.0,0.0,1300.0,144.0,0.0,,0,kaggle_approval
KG3660,,3+,Not Graduate,Yes,208333.33333333334,0.0,5100.0,240.0,1.0,,1,kaggle_approval
KG3661,,3+,Not Graduate,No,316666.6666666667,0.0,10500.0,120.0,1.0,,1,kaggle_approval
KG3662,,2,Not Graduate,No,208333.33333333334,0.0,9600.0,48.0,1.0,,1,kaggle_approval
KG3663,,3+,Not Graduate,Yes,458333.3333333333,0.0,20400.0,120.0,0.0,,0,kaggle_approval
KG3664,,3+,Graduate,Yes,375000.0,0.0,17100.0,24.0,1.0,,1,kaggle_approval
KG3665,,3+,Not Graduate,No,158333.33333333334,0.0,4000.0,120.0,0.0,,0,kaggle_approval
KG3666,,3+,Graduate,Yes,533333.3333333334,0.0,20000.0,144.0,0.0,,1,kaggle_approval
KG3667,,1,Not Graduate,Yes,316666.6666666667,0.0,11100.0,72.0,1.0,,1,kaggle_approval
KG3668,,3+,Not Graduate,Yes,525000.0,0.0,16900.0,192.0,0.0,,1,kaggle_approval
KG3669,,3+,Not Graduate,No,25000.0,0.0,600.0,72.0,1.0,,1,kaggle_approval
KG3670,,3+,Not Graduate,Yes,591666.6666666666,0.0,21800.0,216.0,1.0,,1,kaggle_approval
KG3671,,2,Not Graduate,Yes,50000.0,0.0,1700.0,24.0,0.0,,0,kaggle_approval
KG3672,,3+,Graduate,Yes,366666.6666666667,0.0,15300.0,192.0,1.0,,1,kaggle_approval
KG3673,,3+,Not Graduate,No,633333.3333333334,0.0,20800.0,144.0,1.0,,1,kaggle_approval
KG3674,,3+,Graduate,Yes,725000.0,0.0,26400.0,120.0,0.0,,0,kaggle_approval
KG3675,,3+,Graduate,Yes,466666.6666666667,0.0,12700.0,144.0,0.0,,0,kaggle_approval
KG3676,,3+,Not Graduate,No,341666.6666666667,0.0,13100.0,168.0,1.0,,1,kaggle_approval
KG3677,,2,Not Graduate,Yes,658333.3333333334,0.0,16100.0,216.0,0.0,,0,kaggle_approval
KG3678,,3+,Not Graduate,Yes,466666.6666666667,0.0,20900.0,168.0,1.0,,1,kaggle_approval
KG3679,,3+,Not Graduate,No,100000.0,0.0,3100.0,120.0,0.0,,0,kaggle_approval
KG3680,,3+,Graduate,No,575000.0,0.0,19700.0,72.0,0.0,,1,kaggle_approval
KG3681,,3+,Not Graduate,No,225000.0,0.0,5600.0,24.0,1.0,,1,kaggle_approval
KG3682,,3+,Graduate,Yes,816666.6666666666,0.0,22100.0,48.0,0.0,,0,kaggle_approval
KG3683,,2,Not Graduate,No,775000.0,0.0,32300.0,48.0,0.0,,1,kaggle_approval
KG3684,,3+,Not Graduate,No,558333.3333333334,0.0,25300.0,144.0,0.0,,1,kaggle_approval
KG3685,,3+,Graduate,No,108333.33333333333,0.0,4600.0,120.0,0.0,,0,kaggle_approval
KG3686,,2,Graduate,Yes,658333.3333333334,0.0,17100.0,192.0,1.0,,1,kaggle_approval
KG3687,,3+,Not Graduate,No,558333.3333333334,0.0,23200.0,216.0,1.0,,1,kaggle_approval
KG3688,,2,Not Graduate,Yes,175000.0,0.0,4500.0,216.0,0.0,,1,kaggle_approval
KG3689,,3+,Graduate,Yes,391666.6666666667,0.0,11000.0,48.0,0.0,,0,kaggle_approval
KG3690,,2,Graduate,No,308333.3333333333,0.0,13400.0,192.0,0.0,,0,kaggle_approval
KG3691,,0,Graduate,Yes,483333.3333333333,0.0,21800.0,24.0,0.0,,1,kaggle_approval
KG3692,,3+,Graduate,Yes,200000.0,0.0,6900.0,240.0,1.0,,1,kaggle_approval
KG3693,,1,Not Graduate,Yes,675000.0,0.0,27600.0,192.0,0.0,,0,kaggle_approval
KG3694,,3+,Graduate,Yes,450000.0,0.0,21400.0,144.0,0.0,,0,kaggle_approval
KG3695,,0,Graduate,No,116666.66666666667,0.0,5400.0,96.0,0.0,,1,kaggle_approval
KG3696,,2,Not Graduate,No,208333.33333333334,0.0,8600.0,96.0,1.0,,1,kaggle_approval
KG3697,,0,Not Graduate,Yes,133333.33333333334,0.0,5300.0,48.0,1.0,,1,kaggle_approval
KG3698,,0,Not Graduate,No,308333.3333333333,0.0,10600.0,240.0,0.0,,0,kaggle_approval
KG3699,,3+,Not Graduate,Yes,41666.666666666664,0.0,1800.0,240.0,1.0,,1,kaggle_approval
KG3700,,3+,Not Graduate,Yes,441666.6666666667,0.0,19500.0,48.0,0.0,,1,kaggle_approval
KG3701,,0,Graduate,Yes,233333.33333333334,0.0,6800.0,144.0,0.0,,0,kaggle_approval
KG3702,,1,Graduate,Yes,800000.0,0.0,29900.0,216.0,0.0,,0,kaggle_approval
KG3703,,3+,Graduate,No,183333.33333333334,0.0,7800.0,240.0,1.0,,1,kaggle_approval
KG3704,,1,Not Graduate,Yes,700000.0,0.0,30900.0,96.0,0.0,,0,kaggle_approval
KG3705,,1,Not Graduate,No,175000.0,0.0,5300.0,240.0,0.0,,0,kaggle_approval
KG3706,,2,Not Graduate,Yes,233333.33333333334,0.0,7000.0,24.0,1.0,,1,kaggle_approval
KG3707,,0,Not Graduate,No,208333.33333333334,0.0,5800.0,240.0,1.0,,1,kaggle_approval
KG3708,,3+,Graduate,Yes,141666.66666666666,0.0,5800.0,120.0,0.0,,0,kaggle_approval
KG3709,,3+,Graduate,No,508333.3333333333,0.0,20700.0,48.0,1.0,,1,kaggle_approval
KG3710,,3+,Graduate,No,341666.6666666667,0.0,11700.0,120.0,1.0,,1,kaggle_approval
KG3711,,3+,Not Graduate,Yes,375000.0,0.0,12700.0,96.0,0.0,,0,kaggle_approval
KG3712,,2,Graduate,Yes,466666.6666666667,0.0,19100.0,96.0,0.0,,0,kaggle_approval
KG3713,,3+,Not Graduate,Yes,483333.3333333333,0.0,16600.0,120.0,0.0,,0,kaggle_approval
KG3714,,3+,Not Graduate,No,716666.6666666666,0.0,26700.0,120.0,1.0,,1,kaggle_approval
KG3715,,2,Graduate,No,241666.66666666666,0.0,10500.0,240.0,1.0,,1,kaggle_approval
KG3716,,2,Not Graduate,Yes,691666.6666666666,0.0,17600.0,24.0,0.0,,0,kaggle_approval
KG3717,,3+,Not Graduate,No,200000.0,0.0,5100.0,72.0,1.0,,1,kaggle_approval
KG3718,,3+,Graduate,No,466666.6666666667,0.0,12000.0,48.0,1.0,,1,kaggle_approval
KG3719,,1,Graduate,Yes,791666.6666666666,0.0,35400.0,168.0,0.0,,0,kaggle_approval
KG3720,,3+,Not Graduate,Yes,408333.3333333333,0.0,15900.0,120.0,1.0,,1,kaggle_approval
KG3721,,3+,Not Graduate,Yes,491666.6666666667,0.0,16500.0,24.0,1.0,,1,kaggle_approval
KG3722,,3+,Graduate,Yes,41666.666666666664,0.0,1500.0,48.0,0.0,,1,kaggle_approval
KG3723,,3+,Graduate,No,583333.3333333334,0.0,21700.0,168.0,1.0,,1,kaggle_approval
KG3724,,1,Not Graduate,No,291666.6666666667,0.0,12700.0,48.0,0.0,,1,kaggle_approval
KG3725,,0,Graduate,No,433333.3333333333,0.0,12200.0,192.0,1.0,,1,kaggle_approval
KG3726,,3+,Graduate,Yes,525000.0,0.0,19900.0,144.0,1.0,,1,kaggle_approval
KG3727,,2,Not Graduate,No,700000.0,0.0,28300.0,120.0,1.0,,1,kaggle_approval
KG3728,,1,Not Graduate,Yes,625000.0,0.0,22500.0,168.0,0.0,,0,kaggle_approval
KG3729,,2,Graduate,No,275000.0,0.0,13000.0,192.0,0.0,,0,kaggle_approval
KG3730,,2,Not Graduate,No,733333.3333333334,0.0,22400.0,168.0,1.0,,1,kaggle_approval
KG3731,,3+,Graduate,No,16666.666666666668,0.0,700.0,216.0,1.0,,1,kaggle_approval
KG3732,,3+,Not Graduate,Yes,666666.6666666666,0.0,29100.0,48.0,1.0,,1,kaggle_approval
KG3733,,3+,Graduate,No,83333.33333333333,0.0,4000.0,72.0,1.0,,1,kaggle_approval
KG3734,,1,Graduate,No,783333.3333333334,0.0,26700.0,120.0,0.0,,0,kaggle_approval
KG3735,,3+,Graduate,No,175000.0,0.0,7300.0,216.0,0.0,,0,kaggle_approval
KG3736,,3+,Graduate,Yes,450000.0,0.0,11500.0,240.0,1.0,,1,kaggle_approval
KG3737,,2,Graduate,Yes,391666.6666666667,0.0,15100.0,96.0,1.0,,1,kaggle_approval
KG3738,,3+,Graduate,No,733333.3333333334,0.0,33700.0,144.0,0.0,,0,kaggle_approval
KG3739,,3+,Graduate,No,266666.6666666667,0.0,12200.0,72.0,0.0,,0,kaggle_approval
KG3740,,0,Graduate,Yes,600000.0,0.0,21900.0,48.0,0.0,,1,kaggle_approval
KG3741,,2,Not Graduate,Yes,208333.33333333334,0.0,7200.0,192.0,0.0,,0,kaggle_approval
KG3742,,3+,Not Graduate,Yes,575000.0,0.0,15700.0,168.0,1.0,,1,kaggle_approval
KG3743,,3+,Graduate,Yes,475000.0,0.0,20500.0,192.0,0.0,,0,kaggle_approval
KG3744,,3+,Graduate,Yes,458333.3333333333,0.0,15100.0,216.0,1.0,,1,kaggle_approval
KG3745,,3+,Not Graduate,Yes,766666.6666666666,0.0,29100.0,120.0,1.0,,1,kaggle_approval
KG3746,,3+,Graduate,Yes,475000.0,0.0,11500.0,24.0,1.0,,1,kaggle_approval
KG3747,,3+,Graduate,Yes,416666.6666666667,0.0,16400.0,168.0,0.0,,0,kaggle_approval
KG3748,,3+,Not Graduate,No,191666.66666666666,0.0,5500.0,72.0,0.0,,0,kaggle_approval
KG3749,,0,Not Graduate,Yes,250000.0,0.0,11000.0,192.0,0.0,,0,kaggle_approval
KG3750,,0,Not Graduate,No,658333.3333333334,0.0,26200.0,216.0,1.0,,1,kaggle_approval
KG3751,,2,Graduate,No,166666.66666666666,0.0,6200.0,192.0,1.0,,1,kaggle_approval
KG3752,,3+,Not Graduate,No,225000.0,0.0,8700.0,168.0,1.0,,1,kaggle_approval
KG3753,,3+,Graduate,Yes,533333.3333333334,0.0,15800.0,216.0,1.0,,1,kaggle_approval
KG3754,,0,Not Graduate,Yes,683333.3333333334,0.0,19100.0,24.0,1.0,,1,kaggle_approval
KG3755,,1,Graduate,No,233333.33333333334,0.0,6900.0,168.0,0.0,,1,kaggle_approval
KG3756,,1,Not Graduate,No,741666.6666666666,0.0,20000.0,24.0,1.0,,1,kaggle_approval
KG3757,,1,Not Graduate,No,425000.0,0.0,20000.0,48.0,0.0,,1,kaggle_approval
KG3758,,3+,Graduate,No,233333.33333333334,0.0,8500.0,240.0,0.0,,0,kaggle_approval
KG3759,,2,Not Graduate,Yes,508333.3333333333,0.0,12300.0,216.0,1.0,,1,kaggle_approval
KG3760,,2,Not Graduate,No,700000.0,0.0,24500.0,72.0,0.0,,1,kaggle_approval
KG3761,,1,Not Graduate,No,133333.33333333334,0.0,5600.0,72.0,1.0,,1,kaggle_approval
KG3762,,3+,Graduate,No,341666.6666666667,0.0,11000.0,168.0,0.0,,0,kaggle_approval
KG3763,,1,Not Graduate,No,25000.0,0.0,700.0,120.0,1.0,,1,kaggle_approval
KG3764,,3+,Graduate,No,800000.0,0.0,34500.0,240.0,0.0,,0,kaggle_approval
KG3765,,3+,Graduate,Yes,691666.6666666666,0.0,25400.0,48.0,1.0,,1,kaggle_approval
KG3766,,1,Graduate,No,383333.3333333333,0.0,16700.0,192.0,0.0,,0,kaggle_approval
KG3767,,3+,Not Graduate,Yes,466666.6666666667,0.0,11600.0,144.0,1.0,,1,kaggle_approval
KG3768,,3+,Graduate,Yes,341666.6666666667,0.0,8300.0,192.0,0.0,,0,kaggle_approval
KG3769,,3+,Not Graduate,No,308333.3333333333,0.0,13400.0,216.0,0.0,,0,kaggle_approval
KG3770,,3+,Not Graduate,Yes,66666.66666666667,0.0,2400.0,24.0,0.0,,1,kaggle_approval
KG3771,,3+,Graduate,No,675000.0,0.0,28100.0,144.0,1.0,,1,kaggle_approval
KG3772,,2,Graduate,Yes,225000.0,0.0,9500.0,120.0,0.0,,0,kaggle_approval
KG3773,,2,Not Graduate,Yes,583333.3333333334,0.0,21400.0,144.0,0.0,,0,kaggle_approval
KG3774,,3+,Not Graduate,Yes,675000.0,0.0,29300.0,24.0,0.0,,1,kaggle_approval
KG3775,,1,Graduate,No,266666.6666666667,0.0,7600.0,48.0,0.0,,1,kaggle_approval
KG3776,,3+,Not Graduate,Yes,33333.333333333336,0.0,1400.0,120.0,1.0,,1,kaggle_approval
KG3777,,1,Graduate,No,650000.0,0.0,23900.0,48.0,0.0,,1,kaggle_approval
KG3778,,0,Not Graduate,No,483333.3333333333,0.0,19600.0,168.0,1.0,,1,kaggle_approval
KG3779,,0,Not Graduate,Yes,216666.66666666666,0.0,6000.0,96.0,0.0,,0,kaggle_approval
KG3780,,3+,Not Graduate,No,450000.0,0.0,21100.0,144.0,1.0,,1,kaggle_approval
KG3781,,3+,Graduate,Yes,50000.0,0.0,1700.0,48.0,0.0,,1,kaggle_approval
KG3782,,1,Graduate,No,50000.0,0.0,1200.0,168.0,0.0,,0,kaggle_approval
KG3783,,3+,Graduate,Yes,791666.6666666666,0.0,21700.0,192.0,0.0,,0,kaggle_approval
KG3784,,3+,Graduate,Yes,158333.33333333334,0.0,4800.0,144.0,1.0,,1,kaggle_approval
KG3785,,1,Graduate,Yes,816666.6666666666,0.0,21200.0,48.0,1.0,,1,kaggle_approval
KG3786,,3+,Graduate,No,650000.0,0.0,16600.0,240.0,1.0,,1,kaggle_approval
KG3787,,3+,Not Graduate,No,408333.3333333333,0.0,14100.0,24.0,1.0,,1,kaggle_approval
KG3788,,3+,Graduate,Yes,691666.6666666666,0.0,22700.0,24.0,1.0,,1,kaggle_approval
KG3789,,3+,Not Graduate,Yes,325000.0,0.0,8900.0,120.0,1.0,,1,kaggle_approval
KG3790,,2,Graduate,No,750000.0,0.0,35700.0,144.0,0.0,,0,kaggle_approval
KG3791,,1,Not Graduate,No,800000.0,0.0,32400.0,240.0,0.0,,0,kaggle_approval
KG3792,,3+,Not Graduate,Yes,83333.33333333333,0.0,2400.0,216.0,1.0,,1,kaggle_approval
KG3793,,3+,Graduate,No,233333.33333333334,0.0,7200.0,192.0,0.0,,0,kaggle_approval
KG3794,,2,Not Graduate,No,691666.6666666666,0.0,20800.0,72.0,1.0,,1,kaggle_approval
KG3795,,3+,Not Graduate,Yes,575000.0,0.0,18300.0,216.0,1.0,,1,kaggle_approval
KG3796,,3+,Not Graduate,Yes,316666.6666666667,0.0,9100.0,216.0,1.0,,1,kaggle_approval
KG3797,,2,Not Graduate,No,666666.6666666666,0.0,17800.0,240.0,0.0,,0,kaggle_approval
KG3798,,3+,Graduate,Yes,816666.6666666666,0.0,29700.0,48.0,0.0,,1,kaggle_approval
KG3799,,0,Graduate,Yes,241666.66666666666,0.0,7200.0,192.0,0.0,,0,kaggle_approval
KG3800,,3+,Graduate,No,658333.3333333334,0.0,31500.0,240.0,0.0,,0,kaggle_approval
KG3801,,3+,Not Graduate,No,383333.3333333333,0.0,17900.0,96.0,0.0,,0,kaggle_approval
KG3802,,2,Graduate,No,83333.33333333333,0.0,3700.0,216.0,1.0,,1,kaggle_approval
KG3803,,3+,Graduate,No,750000.0,0.0,21300.0,168.0,1.0,,1,kaggle_approval
KG3804,,0,Graduate,Yes,783333.3333333334,0.0,36100.0,120.0,1.0,,1,kaggle_approval
KG3805,,3+,Graduate,Yes,616666.6666666666,0.0,23300.0,240.0,0.0,,0,kaggle_approval
KG3806,,0,Graduate,No,550000.0,0.0,20100.0,192.0,0.0,,0,kaggle_approval
KG3807,,0,Not Graduate,No,108333.33333333333,0.0,3400.0,120.0,0.0,,0,kaggle_approval
KG3808,,0,Graduate,Yes,91666.66666666667,0.0,3400.0,168.0,1.0,,1,kaggle_approval
KG3809,,3+,Graduate,No,766666.6666666666,0.0,34800.0,144.0,1.0,,1,kaggle_approval
KG3810,,2,Graduate,No,583333.3333333334,0.0,23900.0,216.0,1.0,,1,kaggle_approval
KG3811,,3+,Graduate,No,425000.0,0.0,18800.0,120.0,1.0,,1,kaggle_approval
KG3812,,1,Not Graduate,Yes,266666.6666666667,0.0,9300.0,240.0,1.0,,1,kaggle_approval
KG3813,,1,Not Graduate,Yes,308333.3333333333,0.0,10900.0,168.0,1.0,,1,kaggle_approval
KG3814,,3+,Graduate,No,300000.0,0.0,12800.0,48.0,0.0,,1,kaggle_approval
KG3815,,1,Graduate,No,466666.6666666667,0.0,11700.0,120.0,1.0,,1,kaggle_approval
KG3816,,0,Not Graduate,Yes,791666.6666666666,0.0,32000.0,24.0,0.0,,1,kaggle_approval
KG3817,,3+,Not Graduate,No,125000.0,0.0,4000.0,216.0,1.0,,1,kaggle_approval
KG3818,,3+,Not Graduate,No,616666.6666666666,0.0,18300.0,120.0,1.0,,1,kaggle_approval
KG3819,,2,Graduate,No,500000.0,0.0,17400.0,192.0,1.0,,1,kaggle_approval
KG3820,,0,Graduate,Yes,250000.0,0.0,9600.0,72.0,1.0,,1,kaggle_approval
KG3821,,3+,Graduate,Yes,500000.0,0.0,12900.0,168.0,1.0,,1,kaggle_approval
KG3822,,3+,Graduate,Yes,50000.0,0.0,1500.0,144.0,0.0,,0,kaggle_approval
KG3823,,0,Graduate,No,150000.0,0.0,6600.0,48.0,1.0,,1,kaggle_approval
KG3824,,2,Graduate,Yes,458333.3333333333,0.0,12000.0,24.0,0.0,,1,kaggle_approval
KG3825,,1,Graduate,No,83333.33333333333,0.0,2100.0,72.0,1.0,,1,kaggle_approval
KG3826,,2,Not Graduate,Yes,141666.66666666666,0.0,3500.0,120.0,1.0,,1,kaggle_approval
KG3827,,1,Graduate,Yes,283333.3333333333,0.0,12300.0,96.0,0.0,,0,kaggle_approval
KG3828,,1,Graduate,Yes,800000.0,0.0,35900.0,96.0,0.0,,0,kaggle_approval
KG3829,,0,Not Graduate,Yes,216666.66666666666,0.0,7600.0,216.0,0.0,,0,kaggle_approval
KG3830,,1,Graduate,No,133333.33333333334,0.0,3500.0,216.0,1.0,,1,kaggle_approval
KG3831,,0,Graduate,Yes,358333.3333333333,0.0,12800.0,240.0,0.0,,1,kaggle_approval
KG3832,,3+,Graduate,No,116666.66666666667,0.0,3500.0,192.0,0.0,,0,kaggle_approval
KG3833,,0,Not Graduate,No,666666.6666666666,0.0,18000.0,192.0,1.0,,1,kaggle_approval
KG3834,,3+,Not Graduate,Yes,416666.6666666667,0.0,18100.0,144.0,0.0,,0,kaggle_approval
KG3835,,3+,Graduate,No,375000.0,0.0,10200.0,144.0,1.0,,1,kaggle_approval
KG3836,,1,Graduate,No,283333.3333333333,0.0,9900.0,24.0,1.0,,1,kaggle_approval
KG3837,,3+,Graduate,Yes,475000.0,0.0,12800.0,168.0,0.0,,0,kaggle_approval
KG3838,,2,Not Graduate,Yes,216666.66666666666,0.0,7600.0,120.0,0.0,,0,kaggle_approval
KG3839,,0,Graduate,Yes,375000.0,0.0,12200.0,240.0,0.0,,0,kaggle_approval
KG3840,,2,Not Graduate,Yes,425000.0,0.0,16800.0,24.0,0.0,,1,kaggle_approval
KG3841,,3+,Not Graduate,Yes,425000.0,0.0,18600.0,240.0,0.0,,0,kaggle_approval
KG3842,,3+,Graduate,Yes,141666.66666666666,0.0,6500.0,168.0,0.0,,1,kaggle_approval
KG3843,,1,Not Graduate,No,433333.3333333333,0.0,10500.0,240.0,0.0,,0,kaggle_approval
KG3844,,3+,Not Graduate,No,700000.0,0.0,29000.0,24.0,0.0,,1,kaggle_approval
KG3845,,1,Not Graduate,Yes,750000.0,0.0,34000.0,192.0,1.0,,1,kaggle_approval
KG3846,,3+,Graduate,Yes,283333.3333333333,0.0,11800.0,240.0,1.0,,1,kaggle_approval
KG3847,,1,Not Graduate,No,450000.0,0.0,19400.0,96.0,1.0,,1,kaggle_approval
KG3848,,0,Graduate,Yes,58333.333333333336,0.0,2100.0,144.0,1.0,,1,kaggle_approval
KG3849,,2,Graduate,No,633333.3333333334,0.0,24800.0,144.0,0.0,,1,kaggle_approval
KG3850,,2,Not Graduate,No,416666.6666666667,0.0,14700.0,144.0,1.0,,1,kaggle_approval
KG3851,,3+,Not Graduate,Yes,208333.33333333334,0.0,9400.0,192.0,1.0,,1,kaggle_approval
KG3852,,3+,Not Graduate,Yes,166666.66666666666,0.0,5200.0,192.0,1.0,,1,kaggle_approval
KG3853,,3+,Not Graduate,No,750000.0,0.0,23900.0,144.0,1.0,,1,kaggle_approval
KG3854,,3+,Graduate,No,691666.6666666666,0.0,31800.0,192.0,1.0,,1,kaggle_approval
KG3855,,0,Not Graduate,Yes,258333.33333333334,0.0,8500.0,96.0,1.0,,1,kaggle_approval
KG3856,,2,Graduate,Yes,708333.3333333334,0.0,25600.0,192.0,1.0,,1,kaggle_approval
KG3857,,2,Graduate,Yes,100000.0,0.0,4600.0,240.0,1.0,,1,kaggle_approval
KG3858,,3+,Graduate,Yes,233333.33333333334,0.0,5500.0,96.0,1.0,,1,kaggle_approval
KG3859,,3+,Graduate,Yes,233333.33333333334,0.0,10900.0,72.0,0.0,,0,kaggle_approval
KG3860,,3+,Graduate,Yes,541666.6666666666,0.0,24100.0,72.0,0.0,,0,kaggle_approval
KG3861,,3+,Graduate,No,725000.0,0.0,25200.0,216.0,1.0,,1,kaggle_approval
KG3862,,1,Not Graduate,Yes,450000.0,0.0,13600.0,48.0,1.0,,1,kaggle_approval
KG3863,,2,Not Graduate,No,716666.6666666666,0.0,33300.0,192.0,0.0,,0,kaggle_approval
KG3864,,3+,Graduate,No,391666.6666666667,0.0,9600.0,120.0,0.0,,0,kaggle_approval
KG3865,,3+,Not Graduate,Yes,91666.66666666667,0.0,3900.0,48.0,1.0,,1,kaggle_approval
KG3866,,0,Graduate,No,533333.3333333334,0.0,14000.0,96.0,0.0,,0,kaggle_approval
KG3867,,0,Graduate,No,358333.3333333333,0.0,9900.0,48.0,1.0,,1,kaggle_approval
KG3868,,3+,Not Graduate,Yes,241666.66666666666,0.0,11100.0,48.0,1.0,,1,kaggle_approval
KG3869,,3+,Not Graduate,No,800000.0,0.0,27100.0,96.0,0.0,,1,kaggle_approval
KG3870,,3+,Not Graduate,Yes,75000.0,0.0,2500.0,240.0,0.0,,0,kaggle_approval
KG3871,,3+,Not Graduate,No,675000.0,0.0,26300.0,48.0,0.0,,1,kaggle_approval
KG3872,,0,Not Graduate,Yes,733333.3333333334,0.0,25000.0,48.0,0.0,,0,kaggle_approval
KG3873,,0,Graduate,No,733333.3333333334,0.0,17500.0,48.0,1.0,,1,kaggle_approval
KG3874,,1,Not Graduate,No,533333.3333333334,0.0,21500.0,72.0,0.0,,0,kaggle_approval
KG3875,,2,Graduate,No,241666.66666666666,0.0,6600.0,120.0,0.0,,0,kaggle_approval
KG3876,,3+,Graduate,No,133333.33333333334,0.0,6100.0,96.0,1.0,,1,kaggle_approval
KG3877,,1,Not Graduate,No,133333.33333333334,0.0,5100.0,216.0,1.0,,1,kaggle_approval
KG3878,,2,Graduate,Yes,258333.33333333334,0.0,10700.0,48.0,0.0,,1,kaggle_approval
KG3879,,2,Not Graduate,Yes,466666.6666666667,0.0,16700.0,168.0,1.0,,1,kaggle_approval
KG3880,,3+,Graduate,Yes,675000.0,0.0,19900.0,240.0,0.0,,0,kaggle_approval
KG3881,,3+,Not Graduate,No,758333.3333333334,0.0,19300.0,144.0,1.0,,1,kaggle_approval
KG3882,,0,Graduate,Yes,458333.3333333333,0.0,17100.0,96.0,0.0,,0,kaggle_approval
KG3883,,1,Graduate,Yes,808333.3333333334,0.0,34300.0,240.0,1.0,,1,kaggle_approval
KG3884,,3+,Graduate,No,191666.66666666666,0.0,5400.0,192.0,0.0,,0,kaggle_approval
KG3885,,1,Not Graduate,Yes,466666.6666666667,0.0,18000.0,120.0,0.0,,0,kaggle_approval
KG3886,,2,Not Graduate,Yes,375000.0,0.0,16600.0,48.0,1.0,,1,kaggle_approval
KG3887,,1,Graduate,Yes,41666.666666666664,0.0,1800.0,96.0,1.0,,1,kaggle_approval
KG3888,,0,Graduate,No,350000.0,0.0,11000.0,240.0,1.0,,1,kaggle_approval
KG3889,,1,Not Graduate,No,758333.3333333334,0.0,23300.0,216.0,1.0,,1,kaggle_approval
KG3890,,3+,Graduate,Yes,266666.6666666667,0.0,12800.0,216.0,1.0,,1,kaggle_approval
KG3891,,3+,Graduate,Yes,516666.6666666667,0.0,21300.0,192.0,1.0,,1,kaggle_approval
KG3892,,3+,Not Graduate,Yes,208333.33333333334,0.0,7700.0,120.0,1.0,,1,kaggle_approval
KG3893,,0,Graduate,No,758333.3333333334,0.0,27100.0,144.0,1.0,,1,kaggle_approval
KG3894,,3+,Graduate,Yes,41666.666666666664,0.0,900.0,144.0,0.0,,0,kaggle_approval
KG3895,,3+,Not Graduate,No,575000.0,0.0,18000.0,96.0,0.0,,0,kaggle_approval
KG3896,,0,Graduate,Yes,150000.0,0.0,5200.0,192.0,0.0,,0,kaggle_approval
KG3897,,0,Graduate,Yes,333333.3333333333,0.0,14500.0,24.0,1.0,,1,kaggle_approval
KG3898,,1,Not Graduate,No,325000.0,0.0,12300.0,120.0,1.0,,1,kaggle_approval
KG3899,,2,Not Graduate,Yes,666666.6666666666,0.0,28100.0,216.0,1.0,,1,kaggle_approval
KG3900,,3+,Graduate,No,75000.0,0.0,3200.0,120.0,1.0,,1,kaggle_approval
KG3901,,0,Graduate,Yes,683333.3333333334,0.0,29700.0,72.0,0.0,,0,kaggle_approval
KG3902,,3+,Graduate,No,191666.66666666666,0.0,4900.0,48.0,0.0,,0,kaggle_approval
KG3903,,3+,Graduate,Yes,575000.0,0.0,19400.0,72.0,1.0,,1,kaggle_approval
KG3904,,3+,Not Graduate,No,733333.3333333334,0.0,30700.0,144.0,1.0,,1,kaggle_approval
KG3905,,1,Graduate,No,216666.66666666666,0.0,7200.0,96.0,0.0,,0,kaggle_approval
KG3906,,1,Graduate,No,308333.3333333333,0.0,8700.0,240.0,1.0,,1,kaggle_approval
KG3907,,2,Graduate,Yes,516666.6666666667,0.0,23800.0,48.0,0.0,,1,kaggle_approval
KG3908,,3+,Graduate,Yes,83333.33333333333,0.0,2600.0,72.0,0.0,,0,kaggle_approval
KG3909,,1,Not Graduate,No,500000.0,0.0,20000.0,144.0,1.0,,1,kaggle_approval
KG3910,,1,Not Graduate,Yes,758333.3333333334,0.0,31400.0,48.0,0.0,,1,kaggle_approval
KG3911,,1,Graduate,No,141666.66666666666,0.0,6700.0,192.0,0.0,,0,kaggle_approval
KG3912,,3+,Not Graduate,Yes,141666.66666666666,0.0,4600.0,144.0,0.0,,0,kaggle_approval
KG3913,,1,Graduate,No,591666.6666666666,0.0,14300.0,144.0,1.0,,1,kaggle_approval
KG3914,,3+,Graduate,No,783333.3333333334,0.0,36800.0,120.0,0.0,,0,kaggle_approval
KG3915,,3+,Not Graduate,No,516666.6666666667,0.0,16400.0,72.0,0.0,,0,kaggle_approval
KG3916,,1,Graduate,No,691666.6666666666,0.0,31800.0,192.0,1.0,,1,kaggle_approval
KG3917,,1,Graduate,Yes,741666.6666666666,0.0,21200.0,96.0,1.0,,1,kaggle_approval
KG3918,,1,Graduate,Yes,541666.6666666666,0.0,14800.0,144.0,0.0,,0,kaggle_approval
KG3919,,3+,Graduate,Yes,675000.0,0.0,26700.0,120.0,1.0,,1,kaggle_approval
KG3920,,2,Not Graduate,No,408333.3333333333,0.0,13500.0,96.0,0.0,,0,kaggle_approval
KG3921,,3+,Graduate,No,758333.3333333334,0.0,26600.0,24.0,1.0,,1,kaggle_approval
KG3922,,3+,Graduate,Yes,750000.0,0.0,33100.0,192.0,0.0,,0,kaggle_approval
KG3923,,3+,Graduate,Yes,108333.33333333333,0.0,3900.0,192.0,0.0,,1,kaggle_approval
KG3924,,1,Not Graduate,No,558333.3333333334,0.0,25000.0,240.0,0.0,,1,kaggle_approval
KG3925,,3+,Not Graduate,No,266666.6666666667,0.0,9300.0,72.0,1.0,,1,kaggle_approval
KG3926,,0,Not Graduate,No,625000.0,0.0,28700.0,24.0,1.0,,1,kaggle_approval
KG3927,,3+,Graduate,No,408333.3333333333,0.0,12800.0,168.0,1.0,,1,kaggle_approval
KG3928,,1,Not Graduate,Yes,58333.333333333336,0.0,1800.0,192.0,1.0,,1,kaggle_approval
KG3929,,2,Graduate,No,533333.3333333334,0.0,16500.0,96.0,0.0,,0,kaggle_approval
KG3930,,0,Not Graduate,Yes,325000.0,0.0,14100.0,240.0,1.0,,1,kaggle_approval
KG3931,,3+,Graduate,No,808333.3333333334,0.0,26900.0,120.0,0.0,,0,kaggle_approval
KG3932,,3+,Graduate,Yes,300000.0,0.0,12500.0,144.0,1.0,,1,kaggle_approval
KG3933,,2,Graduate,Yes,283333.3333333333,0.0,10300.0,48.0,1.0,,1,kaggle_approval
KG3934,,0,Not Graduate,No,816666.6666666666,0.0,20100.0,192.0,1.0,,1,kaggle_approval
KG3935,,1,Not Graduate,No,425000.0,0.0,14200.0,72.0,0.0,,0,kaggle_approval
KG3936,,3+,Graduate,Yes,491666.6666666667,0.0,11800.0,96.0,0.0,,0,kaggle_approval
KG3937,,3+,Graduate,No,100000.0,0.0,2400.0,168.0,0.0,,0,kaggle_approval
KG3938,,2,Not Graduate,No,808333.3333333334,0.0,30200.0,168.0,1.0,,1,kaggle_approval
KG3939,,3+,Not Graduate,Yes,391666.6666666667,0.0,11800.0,48.0,1.0,,1,kaggle_approval
KG3940,,3+,Graduate,No,350000.0,0.0,12500.0,216.0,1.0,,1,kaggle_approval
KG3941,,3+,Graduate,No,775000.0,0.0,26100.0,192.0,1.0,,1,kaggle_approval
KG3942,,3+,Not Graduate,Yes,441666.6666666667,0.0,20800.0,72.0,0.0,,0,kaggle_approval
KG3943,,0,Graduate,No,633333.3333333334,0.0,30100.0,24.0,1.0,,1,kaggle_approval
KG3944,,2,Graduate,No,516666.6666666667,0.0,16900.0,144.0,1.0,,1,kaggle_approval
KG3945,,0,Graduate,No,741666.6666666666,0.0,21600.0,120.0,0.0,,1,kaggle_approval
KG3946,,3+,Not Graduate,Yes,658333.3333333334,0.0,27300.0,120.0,0.0,,1,kaggle_approval
KG3947,,1,Graduate,Yes,291666.6666666667,0.0,10800.0,168.0,1.0,,1,kaggle_approval
KG3948,,2,Graduate,No,441666.6666666667,0.0,16700.0,216.0,0.0,,0,kaggle_approval
KG3949,,2,Not Graduate,No,116666.66666666667,0.0,3100.0,48.0,1.0,,1,kaggle_approval
KG3950,,1,Not Graduate,Yes,758333.3333333334,0.0,23600.0,240.0,0.0,,0,kaggle_approval
KG3951,,3+,Not Graduate,No,366666.6666666667,0.0,17200.0,48.0,0.0,,1,kaggle_approval
KG3952,,3+,Not Graduate,No,233333.33333333334,0.0,8200.0,168.0,1.0,,1,kaggle_approval
KG3953,,3+,Not Graduate,No,108333.33333333333,0.0,3300.0,96.0,1.0,,1,kaggle_approval
KG3954,,3+,Graduate,No,700000.0,0.0,28700.0,168.0,1.0,,1,kaggle_approval
KG3955,,3+,Graduate,Yes,441666.6666666667,0.0,14000.0,72.0,1.0,,1,kaggle_approval
KG3956,,2,Graduate,No,500000.0,0.0,13900.0,48.0,0.0,,0,kaggle_approval
KG3957,,2,Not Graduate,Yes,175000.0,0.0,6800.0,144.0,1.0,,1,kaggle_approval
KG3958,,0,Not Graduate,No,358333.3333333333,0.0,11000.0,48.0,0.0,,0,kaggle_approval
KG3959,,3+,Not Graduate,Yes,608333.3333333334,0.0,22900.0,144.0,1.0,,1,kaggle_approval
KG3960,,2,Graduate,No,433333.3333333333,0.0,16200.0,144.0,1.0,,1,kaggle_approval
KG3961,,3+,Graduate,No,391666.6666666667,0.0,9800.0,168.0,0.0,,0,kaggle_approval
KG3962,,3+,Graduate,No,650000.0,0.0,28500.0,48.0,1.0,,1,kaggle_approval
KG3963,,3+,Graduate,Yes,41666.666666666664,0.0,1900.0,216.0,1.0,,1,kaggle_approval
KG3964,,1,Not Graduate,Yes,500000.0,0.0,20300.0,168.0,1.0,,1,kaggle_approval
KG3965,,3+,Graduate,No,400000.0,0.0,10800.0,144.0,1.0,,1,kaggle_approval
KG3966,,3+,Graduate,Yes,741666.6666666666,0.0,19300.0,144.0,1.0,,1,kaggle_approval
KG3967,,1,Graduate,Yes,150000.0,0.0,4000.0,192.0,1.0,,1,kaggle_approval
KG3968,,2,Graduate,No,250000.0,0.0,7000.0,48.0,0.0,,1,kaggle_approval
KG3969,,3+,Not Graduate,No,641666.6666666666,0.0,24500.0,240.0,0.0,,1,kaggle_approval
KG3970,,1,Not Graduate,No,691666.6666666666,0.0,20400.0,168.0,0.0,,0,kaggle_approval
KG3971,,3+,Not Graduate,No,350000.0,0.0,9400.0,48.0,1.0,,1,kaggle_approval
KG3972,,3+,Graduate,Yes,666666.6666666666,0.0,31200.0,72.0,0.0,,0,kaggle_approval
KG3973,,2,Graduate,Yes,783333.3333333334,0.0,30000.0,192.0,0.0,,1,kaggle_approval
KG3974,,1,Graduate,No,66666.66666666667,0.0,2400.0,192.0,1.0,,1,kaggle_approval
KG3975,,0,Graduate,Yes,41666.666666666664,0.0,1300.0,48.0,1.0,,1,kaggle_approval
KG3976,,2,Graduate,Yes,508333.3333333333,0.0,22300.0,96.0,1.0,,1,kaggle_approval
KG3977,,3+,Graduate,Yes,708333.3333333334,0.0,30800.0,240.0,0.0,,0,kaggle_approval
KG3978,,3+,Graduate,Yes,633333.3333333334,0.0,18000.0,144.0,0.0,,0,kaggle_approval
KG3979,,3+,Not Graduate,No,725000.0,0.0,17900.0,144.0,1.0,,1,kaggle_approval
KG3980,,3+,Not Graduate,No,783333.3333333334,0.0,20200.0,120.0,1.0,,1,kaggle_approval
KG3981,,1,Not Graduate,Yes,33333.333333333336,0.0,900.0,96.0,1.0,,1,kaggle_approval
KG3982,,0,Graduate,No,225000.0,0.0,7500.0,72.0,1.0,,1,kaggle_approval
KG3983,,1,Not Graduate,Yes,191666.66666666666,0.0,5500.0,72.0,1.0,,1,kaggle_approval
KG3984,,0,Graduate,No,625000.0,0.0,15900.0,24.0,0.0,,0,kaggle_approval
KG3985,,3+,Not Graduate,Yes,591666.6666666666,0.0,19400.0,192.0,0.0,,0,kaggle_approval
KG3986,,1,Not Graduate,Yes,733333.3333333334,0.0,28600.0,96.0,1.0,,1,kaggle_approval
KG3987,,2,Not Graduate,No,700000.0,0.0,20700.0,72.0,0.0,,0,kaggle_approval
KG3988,,0,Graduate,Yes,391666.6666666667,0.0,16200.0,192.0,0.0,,0,kaggle_approval
KG3989,,1,Graduate,No,575000.0,0.0,19500.0,24.0,1.0,,1,kaggle_approval
KG3990,,3+,Not Graduate,No,200000.0,0.0,8200.0,120.0,0.0,,0,kaggle_approval
KG3991,,1,Not Graduate,Yes,133333.33333333334,0.0,4800.0,168.0,0.0,,0,kaggle_approval
KG3992,,0,Graduate,No,291666.6666666667,0.0,7800.0,168.0,0.0,,0,kaggle_approval
KG3993,,0,Not Graduate,No,308333.3333333333,0.0,12700.0,168.0,1.0,,1,kaggle_approval
KG3994,,1,Not Graduate,No,266666.6666666667,0.0,12000.0,192.0,0.0,,1,kaggle_approval
KG3995,,2,Not Graduate,Yes,583333.3333333334,0.0,22500.0,144.0,1.0,,1,kaggle_approval
KG3996,,3+,Not Graduate,No,775000.0,0.0,28300.0,144.0,1.0,,1,kaggle_approval
KG3997,,0,Not Graduate,No,16666.666666666668,0.0,800.0,240.0,0.0,,0,kaggle_approval
KG3998,,3+,Graduate,No,575000.0,0.0,16500.0,96.0,0.0,,0,kaggle_approval
KG3999,,3+,Not Graduate,No,750000.0,0.0,26500.0,96.0,0.0,,0,kaggle_approval
KG4000,,1,Not Graduate,No,575000.0,0.0,22700.0,192.0,0.0,,0,kaggle_approval
KG4001,,0,Graduate,No,625000.0,0.0,25100.0,168.0,1.0,,1,kaggle_approval
KG4002,,3+,Not Graduate,No,766666.6666666666,0.0,28000.0,96.0,0.0,,0,kaggle_approval
KG4003,,1,Graduate,No,383333.3333333333,0.0,12700.0,96.0,0.0,,0,kaggle_approval
KG4004,,3+,Graduate,Yes,416666.6666666667,0.0,19600.0,216.0,1.0,,1,kaggle_approval
KG4005,,2,Graduate,No,375000.0,0.0,17200.0,72.0,1.0,,1,kaggle_approval
KG4006,,0,Graduate,No,658333.3333333334,0.0,22700.0,216.0,0.0,,0,kaggle_approval
KG4007,,3+,Not Graduate,No,425000.0,0.0,13500.0,240.0,1.0,,1,kaggle_approval
KG4008,,3+,Graduate,No,308333.3333333333,0.0,7600.0,168.0,1.0,,1,kaggle_approval
KG4009,,1,Not Graduate,No,441666.6666666667,0.0,17800.0,144.0,1.0,,1,kaggle_approval
KG4010,,3+,Not Graduate,No,16666.666666666668,0.0,500.0,192.0,1.0,,1,kaggle_approval
KG4011,,3+,Graduate,Yes,750000.0,0.0,18600.0,192.0,0.0,,0,kaggle_approval
KG4012,,3+,Not Graduate,No,575000.0,0.0,17100.0,48.0,1.0,,1,kaggle_approval
KG4013,,2,Not Graduate,No,58333.333333333336,0.0,2300.0,96.0,1.0,,1,kaggle_approval
KG4014,,0,Graduate,No,208333.33333333334,0.0,8900.0,24.0,1.0,,1,kaggle_approval
KG4015,,0,Not Graduate,No,383333.3333333333,0.0,14400.0,168.0,1.0,,1,kaggle_approval
KG4016,,3+,Graduate,No,83333.33333333333,0.0,3900.0,120.0,1.0,,1,kaggle_approval
KG4017,,3+,Not Graduate,Yes,766666.6666666666,0.0,30100.0,72.0,1.0,,1,kaggle_approval
KG4018,,3+,Graduate,Yes,183333.33333333334,0.0,4400.0,24.0,1.0,,1,kaggle_approval
KG4019,,3+,Graduate,Yes,808333.3333333334,0.0,33300.0,144.0,1.0,,1,kaggle_approval
KG4020,,0,Graduate,Yes,458333.3333333333,0.0,18200.0,48.0,0.0,,1,kaggle_approval
KG4021,,3+,Not Graduate,Yes,108333.33333333333,0.0,3400.0,24.0,1.0,,1,kaggle_approval
KG4022,,1,Not Graduate,Yes,658333.3333333334,0.0,19100.0,24.0,0.0,,1,kaggle_approval
KG4023,,2,Not Graduate,No,358333.3333333333,0.0,8800.0,72.0,0.0,,0,kaggle_approval
KG4024,,0,Not Graduate,No,316666.6666666667,0.0,13300.0,72.0,1.0,,1,kaggle_approval
KG4025,,3+,Not Graduate,No,725000.0,0.0,24700.0,96.0,0.0,,0,kaggle_approval
KG4026,,3+,Graduate,No,108333.33333333333,0.0,3100.0,168.0,0.0,,0,kaggle_approval
KG4027,,1,Not Graduate,Yes,566666.6666666666,0.0,16800.0,120.0,1.0,,1,kaggle_approval
KG4028,,1,Not Graduate,No,758333.3333333334,0.0,24000.0,240.0,0.0,,0,kaggle_approval
KG4029,,0,Graduate,No,250000.0,0.0,11300.0,192.0,0.0,,0,kaggle_approval
KG4030,,0,Not Graduate,Yes,100000.0,0.0,3000.0,48.0,1.0,,1,kaggle_approval
KG4031,,1,Not Graduate,Yes,416666.6666666667,0.0,16900.0,144.0,0.0,,0,kaggle_approval
KG4032,,3+,Graduate,Yes,808333.3333333334,0.0,24700.0,216.0,1.0,,1,kaggle_approval
KG4033,,2,Not Graduate,Yes,583333.3333333334,0.0,23800.0,120.0,1.0,,1,kaggle_approval
KG4034,,1,Graduate,No,341666.6666666667,0.0,9100.0,240.0,0.0,,1,kaggle_approval
KG4035,,0,Graduate,Yes,441666.6666666667,0.0,12900.0,240.0,1.0,,1,kaggle_approval
KG4036,,1,Not Graduate,No,608333.3333333334,0.0,19200.0,168.0,0.0,,1,kaggle_approval
KG4037,,1,Graduate,No,541666.6666666666,0.0,18500.0,192.0,1.0,,1,kaggle_approval
KG4038,,3+,Graduate,Yes,50000.0,0.0,1400.0,48.0,1.0,,1,kaggle_approval
KG4039,,3+,Not Graduate,Yes,433333.3333333333,0.0,15000.0,240.0,0.0,,0,kaggle_approval
KG4040,,3+,Not Graduate,Yes,233333.33333333334,0.0,9200.0,216.0,0.0,,0,kaggle_approval
KG4041,,1,Graduate,Yes,650000.0,0.0,23300.0,72.0,1.0,,1,kaggle_approval
KG4042,,2,Graduate,No,250000.0,0.0,6500.0,48.0,0.0,,0,kaggle_approval
KG4043,,3+,Graduate,No,775000.0,0.0,34900.0,72.0,1.0,,1,kaggle_approval
KG4044,,3+,Not Graduate,Yes,425000.0,0.0,18000.0,72.0,0.0,,0,kaggle_approval
KG4045,,3+,Not Graduate,Yes,358333.3333333333,0.0,16100.0,216.0,1.0,,1,kaggle_approval
KG4046,,3+,Graduate,No,91666.66666666667,0.0,2100.0,96.0,1.0,,1,kaggle_approval
KG4047,,2,Graduate,No,541666.6666666666,0.0,16200.0,120.0,1.0,,1,kaggle_approval
KG4048,,3+,Not Graduate,No,533333.3333333334,0.0,23000.0,96.0,0.0,,0,kaggle_approval
KG4049,,2,Not Graduate,No,616666.6666666666,0.0,22500.0,192.0,1.0,,1,kaggle_approval
KG4050,,3+,Graduate,No,725000.0,0.0,32100.0,96.0,0.0,,0,kaggle_approval
KG4051,,0,Not Graduate,No,766666.6666666666,0.0,24700.0,168.0,0.0,,0,kaggle_approval
KG4052,,1,Graduate,Yes,516666.6666666667,0.0,19700.0,216.0,1.0,,1,kaggle_approval
KG4053,,1,Not Graduate,No,100000.0,0.0,4600.0,240.0,0.0,,0,kaggle_approval
KG4054,,1,Not Graduate,Yes,583333.3333333334,0.0,20300.0,168.0,1.0,,1,kaggle_approval
KG4055,,3+,Graduate,Yes,316666.6666666667,0.0,10100.0,24.0,0.0,,1,kaggle_approval
KG4056,,0,Graduate,No,408333.3333333333,0.0,16300.0,168.0,0.0,,0,kaggle_approval
KG4057,,2,Graduate,Yes,650000.0,0.0,22100.0,72.0,0.0,,0,kaggle_approval
KG4058,,1,Not Graduate,Yes,616666.6666666666,0.0,17200.0,96.0,1.0,,1,kaggle_approval
KG4059,,1,Not Graduate,No,583333.3333333334,0.0,26600.0,192.0,0.0,,0,kaggle_approval
KG4060,,1,Not Graduate,No,408333.3333333333,0.0,12500.0,24.0,1.0,,1,kaggle_approval
KG4061,,3+,Not Graduate,No,483333.3333333333,0.0,20600.0,240.0,0.0,,0,kaggle_approval
KG4062,,3+,Not Graduate,No,166666.66666666666,0.0,6900.0,216.0,0.0,,0,kaggle_approval
KG4063,,3+,Graduate,No,691666.6666666666,0.0,24600.0,24.0,0.0,,0,kaggle_approval
KG4064,,0,Graduate,Yes,83333.33333333333,0.0,2800.0,144.0,1.0,,1,kaggle_approval
KG4065,,3+,Graduate,No,458333.3333333333,0.0,11600.0,72.0,1.0,,1,kaggle_approval
KG4066,,3+,Graduate,No,116666.66666666667,0.0,3400.0,72.0,1.0,,1,kaggle_approval
KG4067,,3+,Graduate,No,308333.3333333333,0.0,12300.0,72.0,0.0,,0,kaggle_approval
KG4068,,2,Not Graduate,Yes,175000.0,0.0,6900.0,24.0,0.0,,1,kaggle_approval
KG4069,,3+,Not Graduate,No,516666.6666666667,0.0,21900.0,144.0,0.0,,0,kaggle_approval
KG4070,,0,Not Graduate,No,775000.0,0.0,31900.0,24.0,0.0,,1,kaggle_approval
KG4071,,3+,Not Graduate,Yes,425000.0,0.0,10300.0,144.0,1.0,,1,kaggle_approval
KG4072,,0,Graduate,Yes,583333.3333333334,0.0,14000.0,48.0,1.0,,1,kaggle_approval
KG4073,,3+,Graduate,Yes,441666.6666666667,0.0,17900.0,24.0,0.0,,1,kaggle_approval
KG4074,,3+,Graduate,No,75000.0,0.0,2800.0,120.0,0.0,,1,kaggle_approval
KG4075,,3+,Not Graduate,Yes,783333.3333333334,0.0,25700.0,168.0,1.0,,1,kaggle_approval
KG4076,,3+,Not Graduate,Yes,216666.66666666666,0.0,8500.0,48.0,0.0,,1,kaggle_approval
KG4077,,2,Graduate,No,125000.0,0.0,4900.0,192.0,0.0,,0,kaggle_approval
KG4078,,1,Graduate,Yes,150000.0,0.0,6300.0,144.0,1.0,,1,kaggle_approval
KG4079,,3+,Graduate,Yes,650000.0,0.0,20000.0,168.0,1.0,,1,kaggle_approval
KG4080,,3+,Graduate,Yes,175000.0,0.0,7400.0,168.0,1.0,,1,kaggle_approval
KG4081,,0,Not Graduate,Yes,691666.6666666666,0.0,17500.0,240.0,1.0,,1,kaggle_approval
KG4082,,2,Not Graduate,Yes,366666.6666666667,0.0,16800.0,48.0,0.0,,1,kaggle_approval
KG4083,,2,Not Graduate,No,191666.66666666666,0.0,5000.0,192.0,0.0,,1,kaggle_approval
KG4084,,3+,Graduate,Yes,641666.6666666666,0.0,22300.0,240.0,1.0,,1,kaggle_approval
KG4085,,0,Not Graduate,Yes,775000.0,0.0,29400.0,120.0,0.0,,0,kaggle_approval
KG4086,,3+,Not Graduate,No,491666.6666666667,0.0,16400.0,144.0,1.0,,1,kaggle_approval
KG4087,,3+,Not Graduate,Yes,158333.33333333334,0.0,4900.0,48.0,0.0,,0,kaggle_approval
KG4088,,0,Not Graduate,No,575000.0,0.0,19500.0,240.0,1.0,,1,kaggle_approval
KG4089,,3+,Graduate,Yes,175000.0,0.0,8200.0,240.0,0.0,,0,kaggle_approval
KG4090,,0,Not Graduate,No,683333.3333333334,0.0,20900.0,168.0,1.0,,1,kaggle_approval
KG4091,,3+,Not Graduate,No,641666.6666666666,0.0,17200.0,72.0,0.0,,1,kaggle_approval
KG4092,,3+,Not Graduate,No,641666.6666666666,0.0,19000.0,24.0,0.0,,0,kaggle_approval
KG4093,,1,Graduate,No,58333.333333333336,0.0,1400.0,72.0,1.0,,1,kaggle_approval
KG4094,,3+,Graduate,No,591666.6666666666,0.0,18200.0,96.0,1.0,,1,kaggle_approval
KG4095,,2,Graduate,No,325000.0,0.0,13600.0,120.0,0.0,,0,kaggle_approval
KG4096,,1,Not Graduate,Yes,433333.3333333333,0.0,20500.0,120.0,0.0,,0,kaggle_approval
KG4097,,3+,Not Graduate,No,458333.3333333333,0.0,20200.0,168.0,1.0,,1,kaggle_approval
KG4098,,3+,Graduate,No,216666.66666666666,0.0,6300.0,120.0,1.0,,1,kaggle_approval
KG4099,,0,Not Graduate,Yes,608333.3333333334,0.0,24000.0,216.0,1.0,,1,kaggle_approval
KG4100,,3+,Graduate,No,725000.0,0.0,31100.0,192.0,1.0,,0,kaggle_approval
KG4101,,3+,Graduate,No,750000.0,0.0,22700.0,192.0,1.0,,1,kaggle_approval
KG4102,,3+,Graduate,No,33333.333333333336,0.0,800.0,192.0,1.0,,1,kaggle_approval
KG4103,,2,Not Graduate,Yes,275000.0,0.0,10700.0,96.0,1.0,,1,kaggle_approval
KG4104,,1,Not Graduate,No,525000.0,0.0,17800.0,144.0,1.0,,1,kaggle_approval
KG4105,,0,Not Graduate,No,583333.3333333334,0.0,23600.0,168.0,1.0,,1,kaggle_approval
KG4106,,2,Graduate,Yes,175000.0,0.0,8100.0,48.0,0.0,,1,kaggle_approval
KG4107,,3+,Not Graduate,No,633333.3333333334,0.0,26300.0,216.0,0.0,,1,kaggle_approval
KG4108,,1,Graduate,No,683333.3333333334,0.0,17500.0,48.0,1.0,,1,kaggle_approval
KG4109,,3+,Not Graduate,Yes,766666.6666666666,0.0,23200.0,96.0,0.0,,0,kaggle_approval
KG4110,,3+,Graduate,No,316666.6666666667,0.0,12100.0,240.0,0.0,,0,kaggle_approval
KG4111,,1,Graduate,No,266666.6666666667,0.0,8900.0,144.0,1.0,,1,kaggle_approval
KG4112,,3+,Not Graduate,No,808333.3333333334,0.0,31700.0,120.0,0.0,,0,kaggle_approval
KG4113,,3+,Graduate,No,391666.6666666667,0.0,14400.0,192.0,1.0,,1,kaggle_approval
KG4114,,3+,Graduate,Yes,316666.6666666667,0.0,12500.0,216.0,1.0,,1,kaggle_approval
KG4115,,3+,Graduate,No,33333.333333333336,0.0,1000.0,240.0,1.0,,1,kaggle_approval
KG4116,,3+,Not Graduate,Yes,266666.6666666667,0.0,6800.0,192.0,1.0,,1,kaggle_approval
KG4117,,3+,Graduate,Yes,325000.0,0.0,12700.0,96.0,1.0,,1,kaggle_approval
KG4118,,1,Graduate,Yes,291666.6666666667,0.0,13100.0,120.0,0.0,,0,kaggle_approval
KG4119,,2,Graduate,No,183333.33333333334,0.0,8300.0,72.0,0.0,,1,kaggle_approval
KG4120,,3+,Not Graduate,No,533333.3333333334,0.0,19700.0,240.0,0.0,,0,kaggle_approval
KG4121,,3+,Graduate,No,758333.3333333334,0.0,19900.0,24.0,1.0,,1,kaggle_approval
KG4122,,0,Not Graduate,Yes,275000.0,0.0,8900.0,24.0,0.0,,0,kaggle_approval
KG4123,,3+,Graduate,No,650000.0,0.0,21800.0,96.0,0.0,,0,kaggle_approval
KG4124,,0,Not Graduate,Yes,516666.6666666667,0.0,16200.0,72.0,0.0,,0,kaggle_approval
KG4125,,3+,Not Graduate,Yes,583333.3333333334,0.0,26100.0,216.0,1.0,,1,kaggle_approval
KG4126,,0,Graduate,No,766666.6666666666,0.0,28200.0,144.0,0.0,,0,kaggle_approval
KG4127,,3+,Not Graduate,Yes,625000.0,0.0,20800.0,72.0,1.0,,1,kaggle_approval
KG4128,,2,Graduate,No,441666.6666666667,0.0,13200.0,120.0,0.0,,0,kaggle_approval
KG4129,,3+,Not Graduate,Yes,566666.6666666666,0.0,22800.0,168.0,0.0,,0,kaggle_approval
KG4130,,1,Not Graduate,No,658333.3333333334,0.0,20800.0,216.0,0.0,,0,kaggle_approval
KG4131,,0,Not Graduate,Yes,516666.6666666667,0.0,14900.0,96.0,1.0,,1,kaggle_approval
KG4132,,1,Graduate,No,83333.33333333333,0.0,3000.0,216.0,1.0,,1,kaggle_approval
KG4133,,2,Graduate,Yes,650000.0,0.0,25400.0,120.0,0.0,,0,kaggle_approval
KG4134,,3+,Graduate,Yes,250000.0,0.0,8800.0,168.0,0.0,,0,kaggle_approval
KG4135,,3+,Graduate,Yes,475000.0,0.0,15000.0,240.0,1.0,,1,kaggle_approval
KG4136,,3+,Not Graduate,No,550000.0,0.0,25400.0,144.0,1.0,,1,kaggle_approval
KG4137,,3+,Graduate,Yes,591666.6666666666,0.0,18200.0,48.0,1.0,,1,kaggle_approval
KG4138,,3+,Graduate,Yes,108333.33333333333,0.0,4800.0,168.0,1.0,,1,kaggle_approval
KG4139,,2,Not Graduate,No,433333.3333333333,0.0,16800.0,216.0,0.0,,0,kaggle_approval
KG4140,,3+,Graduate,No,466666.6666666667,0.0,20300.0,48.0,0.0,,1,kaggle_approval
KG4141,,2,Graduate,No,591666.6666666666,0.0,16500.0,168.0,1.0,,1,kaggle_approval
KG4142,,2,Graduate,No,425000.0,0.0,19100.0,96.0,0.0,,0,kaggle_approval
KG4143,,3+,Not Graduate,Yes,633333.3333333334,0.0,29300.0,96.0,1.0,,1,kaggle_approval
KG4144,,0,Graduate,Yes,208333.33333333334,0.0,5400.0,72.0,0.0,,0,kaggle_approval
KG4145,,3+,Graduate,No,575000.0,0.0,22800.0,192.0,0.0,,1,kaggle_approval
KG4146,,0,Graduate,No,258333.33333333334,0.0,6500.0,24.0,0.0,,0,kaggle_approval
KG4147,,2,Graduate,Yes,808333.3333333334,0.0,35100.0,240.0,1.0,,1,kaggle_approval
KG4148,,0,Not Graduate,Yes,483333.3333333333,0.0,12600.0,24.0,1.0,,1,kaggle_approval
KG4149,,3+,Not Graduate,No,633333.3333333334,0.0,18600.0,216.0,1.0,,1,kaggle_approval
KG4150,,3+,Not Graduate,No,58333.333333333336,0.0,2800.0,24.0,0.0,,1,kaggle_approval
KG4151,,3+,Graduate,No,191666.66666666666,0.0,5600.0,216.0,0.0,,0,kaggle_approval
KG4152,,3+,Not Graduate,No,133333.33333333334,0.0,3300.0,96.0,1.0,,1,kaggle_approval
KG4153,,3+,Not Graduate,No,675000.0,0.0,19300.0,168.0,1.0,,1,kaggle_approval
KG4154,,1,Graduate,No,641666.6666666666,0.0,17100.0,168.0,1.0,,1,kaggle_approval
KG4155,,3+,Graduate,No,125000.0,0.0,3400.0,120.0,1.0,,1,kaggle_approval
KG4156,,3+,Not Graduate,No,616666.6666666666,0.0,23500.0,24.0,0.0,,1,kaggle_approval
KG4157,,3+,Not Graduate,Yes,741666.6666666666,0.0,27100.0,216.0,0.0,,0,kaggle_approval
KG4158,,0,Graduate,No,200000.0,0.0,5300.0,192.0,0.0,,0,kaggle_approval
KG4159,,3+,Graduate,No,466666.6666666667,0.0,20300.0,48.0,1.0,,1,kaggle_approval
KG4160,,3+,Graduate,No,491666.6666666667,0.0,14400.0,72.0,1.0,,1,kaggle_approval
KG4161,,1,Graduate,No,133333.33333333334,0.0,3300.0,24.0,0.0,,0,kaggle_approval
KG4162,,3+,Not Graduate,No,91666.66666666667,0.0,4000.0,24.0,0.0,,1,kaggle_approval
KG4163,,2,Graduate,Yes,550000.0,0.0,25600.0,72.0,1.0,,1,kaggle_approval
KG4164,,3+,Graduate,No,741666.6666666666,0.0,24400.0,120.0,1.0,,1,kaggle_approval
KG4165,,1,Graduate,Yes,533333.3333333334,0.0,16400.0,240.0,0.0,,1,kaggle_approval
KG4166,,3+,Not Graduate,Yes,683333.3333333334,0.0,17300.0,144.0,0.0,,1,kaggle_approval
KG4167,,1,Graduate,No,41666.666666666664,0.0,1300.0,168.0,1.0,,1,kaggle_approval
KG4168,,0,Graduate,No,808333.3333333334,0.0,31600.0,216.0,1.0,,1,kaggle_approval
KG4169,,3+,Not Graduate,Yes,591666.6666666666,0.0,16700.0,48.0,0.0,,0,kaggle_approval
KG4170,,3+,Not Graduate,Yes,116666.66666666667,0.0,3400.0,168.0,1.0,,1,kaggle_approval
KG4171,,1,Not Graduate,No,600000.0,0.0,28100.0,168.0,1.0,,1,kaggle_approval
KG4172,,1,Graduate,Yes,700000.0,0.0,26200.0,168.0,1.0,,1,kaggle_approval
KG4173,,3+,Not Graduate,No,358333.3333333333,0.0,13900.0,24.0,1.0,,1,kaggle_approval
KG4174,,0,Not Graduate,Yes,733333.3333333334,0.0,29800.0,96.0,0.0,,0,kaggle_approval
KG4175,,3+,Not Graduate,No,333333.3333333333,0.0,15100.0,96.0,1.0,,1,kaggle_approval
KG4176,,3+,Not Graduate,Yes,575000.0,0.0,17900.0,216.0,0.0,,0,kaggle_approval
KG4177,,3+,Graduate,No,800000.0,0.0,33000.0,168.0,0.0,,0,kaggle_approval
KG4178,,2,Not Graduate,No,575000.0,0.0,16500.0,192.0,1.0,,1,kaggle_approval
KG4179,,1,Not Graduate,Yes,300000.0,0.0,13400.0,192.0,1.0,,1,kaggle_approval
KG4180,,2,Not Graduate,No,158333.33333333334,0.0,4600.0,144.0,0.0,,1,kaggle_approval
KG4181,,3+,Not Graduate,Yes,808333.3333333334,0.0,30800.0,216.0,0.0,,0,kaggle_approval
KG4182,,2,Not Graduate,No,100000.0,0.0,4100.0,96.0,0.0,,0,kaggle_approval
KG4183,,1,Not Graduate,No,33333.333333333336,0.0,1600.0,192.0,1.0,,1,kaggle_approval
KG4184,,2,Graduate,No,550000.0,0.0,21500.0,216.0,0.0,,0,kaggle_approval
KG4185,,2,Graduate,No,125000.0,0.0,3300.0,48.0,1.0,,1,kaggle_approval
KG4186,,3+,Not Graduate,No,291666.6666666667,0.0,9500.0,24.0,1.0,,1,kaggle_approval
KG4187,,3+,Not Graduate,Yes,333333.3333333333,0.0,8600.0,48.0,1.0,,1,kaggle_approval
KG4188,,3+,Not Graduate,No,341666.6666666667,0.0,14100.0,96.0,0.0,,0,kaggle_approval
KG4189,,3+,Graduate,No,483333.3333333333,0.0,18500.0,192.0,0.0,,0,kaggle_approval
KG4190,,3+,Graduate,Yes,716666.6666666666,0.0,23300.0,144.0,1.0,,1,kaggle_approval
KG4191,,2,Graduate,No,375000.0,0.0,11400.0,120.0,0.0,,0,kaggle_approval
KG4192,,2,Graduate,Yes,825000.0,0.0,37300.0,96.0,0.0,,0,kaggle_approval
KG4193,,1,Not Graduate,Yes,266666.6666666667,0.0,8100.0,120.0,1.0,,1,kaggle_approval
KG4194,,3+,Graduate,Yes,741666.6666666666,0.0,19100.0,240.0,0.0,,0,kaggle_approval
KG4195,,3+,Not Graduate,Yes,175000.0,0.0,4900.0,144.0,1.0,,1,kaggle_approval
KG4196,,1,Graduate,No,591666.6666666666,0.0,26000.0,192.0,1.0,,1,kaggle_approval
KG4197,,2,Graduate,Yes,650000.0,0.0,28900.0,168.0,1.0,,1,kaggle_approval
KG4198,,3+,Not Graduate,Yes,716666.6666666666,0.0,23200.0,144.0,1.0,,1,kaggle_approval
KG4199,,3+,Graduate,Yes,425000.0,0.0,17000.0,120.0,0.0,,0,kaggle_approval
KG4200,,3+,Not Graduate,No,50000.0,0.0,2000.0,240.0,1.0,,1,kaggle_approval
KG4201,,0,Graduate,Yes,550000.0,0.0,21200.0,216.0,0.0,,0,kaggle_approval
KG4202,,0,Not Graduate,Yes,391666.6666666667,0.0,17000.0,216.0,1.0,,1,kaggle_approval
KG4203,,2,Graduate,Yes,641666.6666666666,0.0,19700.0,168.0,1.0,,1,kaggle_approval
KG4204,,3+,Graduate,Yes,533333.3333333334,0.0,21900.0,72.0,0.0,,0,kaggle_approval
KG4205,,2,Graduate,No,91666.66666666667,0.0,2500.0,240.0,1.0,,1,kaggle_approval
KG4206,,2,Not Graduate,No,741666.6666666666,0.0,17800.0,240.0,1.0,,1,kaggle_approval
KG4207,,0,Not Graduate,Yes,175000.0,0.0,8300.0,240.0,1.0,,1,kaggle_approval
KG4208,,3+,Not Graduate,Yes,191666.66666666666,0.0,5800.0,96.0,0.0,,0,kaggle_approval
KG4209,,3+,Graduate,No,691666.6666666666,0.0,17700.0,192.0,1.0,,1,kaggle_approval
KG4210,,3+,Graduate,No,75000.0,0.0,2700.0,240.0,0.0,,0,kaggle_approval
KG4211,,3+,Not Graduate,Yes,766666.6666666666,0.0,35000.0,48.0,1.0,,1,kaggle_approval
KG4212,,3+,Graduate,No,816666.6666666666,0.0,28300.0,24.0,1.0,,1,kaggle_approval
KG4213,,0,Not Graduate,No,16666.666666666668,0.0,600.0,144.0,1.0,,1,kaggle_approval
KG4214,,2,Not Graduate,Yes,266666.6666666667,0.0,9700.0,72.0,1.0,,1,kaggle_approval
KG4215,,3+,Not Graduate,No,650000.0,0.0,27000.0,72.0,1.0,,1,kaggle_approval
KG4216,,1,Graduate,No,691666.6666666666,0.0,30000.0,216.0,0.0,,0,kaggle_approval
KG4217,,1,Graduate,Yes,175000.0,0.0,5200.0,168.0,1.0,,1,kaggle_approval
KG4218,,3+,Not Graduate,Yes,33333.333333333336,0.0,1400.0,48.0,0.0,,1,kaggle_approval
KG4219,,3+,Graduate,Yes,641666.6666666666,0.0,21800.0,216.0,1.0,,1,kaggle_approval
KG4220,,3+,Graduate,Yes,466666.6666666667,0.0,16500.0,240.0,1.0,,1,kaggle_approval
KG4221,,0,Graduate,No,700000.0,0.0,31000.0,48.0,1.0,,1,kaggle_approval
KG4222,,3+,Graduate,Yes,108333.33333333333,0.0,4300.0,216.0,0.0,,0,kaggle_approval
KG4223,,0,Not Graduate,No,725000.0,0.0,30200.0,120.0,0.0,,0,kaggle_approval
KG4224,,0,Not Graduate,No,225000.0,0.0,8400.0,168.0,1.0,,1,kaggle_approval
KG4225,,3+,Graduate,Yes,66666.66666666667,0.0,1800.0,96.0,1.0,,1,kaggle_approval
KG4226,,3+,Graduate,Yes,316666.6666666667,0.0,10300.0,192.0,1.0,,1,kaggle_approval
KG4227,,3+,Graduate,Yes,58333.333333333336,0.0,2600.0,24.0,1.0,,1,kaggle_approval
KG4228,,3+,Graduate,Yes,33333.333333333336,0.0,1400.0,24.0,0.0,,1,kaggle_approval
KG4229,,1,Graduate,Yes,266666.6666666667,0.0,9300.0,72.0,0.0,,0,kaggle_approval
KG4230,,3+,Graduate,No,625000.0,0.0,22200.0,96.0,1.0,,1,kaggle_approval
KG4231,,2,Not Graduate,No,308333.3333333333,0.0,13500.0,48.0,1.0,,1,kaggle_approval
KG4232,,3+,Graduate,No,275000.0,0.0,9100.0,216.0,1.0,,1,kaggle_approval
KG4233,,1,Graduate,Yes,16666.666666666668,0.0,500.0,240.0,1.0,,1,kaggle_approval
KG4234,,1,Not Graduate,No,591666.6666666666,0.0,17000.0,72.0,1.0,,1,kaggle_approval
KG4235,,3+,Not Graduate,Yes,125000.0,0.0,5100.0,168.0,1.0,,1,kaggle_approval
KG4236,,0,Not Graduate,No,250000.0,0.0,6500.0,24.0,1.0,,1,kaggle_approval
KG4237,,3+,Graduate,Yes,158333.33333333334,0.0,5300.0,144.0,0.0,,0,kaggle_approval
KG4238,,0,Not Graduate,No,758333.3333333334,0.0,30100.0,96.0,0.0,,0,kaggle_approval
KG4239,,0,Not Graduate,No,183333.33333333334,0.0,7500.0,24.0,0.0,,1,kaggle_approval
KG4240,,0,Not Graduate,Yes,700000.0,0.0,23000.0,168.0,0.0,,0,kaggle_approval
KG4241,,1,Graduate,Yes,33333.333333333336,0.0,700.0,120.0,1.0,,1,kaggle_approval
KG4242,,2,Graduate,Yes,466666.6666666667,0.0,15800.0,192.0,1.0,,1,kaggle_approval
KG4243,,3+,Not Graduate,Yes,683333.3333333334,0.0,27100.0,48.0,1.0,,1,kaggle_approval
KG4244,,0,Not Graduate,Yes,133333.33333333334,0.0,3400.0,96.0,1.0,,1,kaggle_approval
KG4245,,3+,Not Graduate,No,150000.0,0.0,5600.0,240.0,1.0,,1,kaggle_approval
KG4246,,3+,Not Graduate,Yes,541666.6666666666,0.0,23900.0,24.0,0.0,,1,kaggle_approval
KG4247,,1,Graduate,Yes,258333.33333333334,0.0,11500.0,48.0,1.0,,1,kaggle_approval
KG4248,,3+,Not Graduate,No,258333.33333333334,0.0,9800.0,144.0,1.0,,1,kaggle_approval
KG4249,,3+,Graduate,Yes,441666.6666666667,0.0,14500.0,48.0,0.0,,0,kaggle_approval
KG4250,,3+,Graduate,No,91666.66666666667,0.0,4000.0,168.0,1.0,,1,kaggle_approval
KG4251,,1,Graduate,Yes,500000.0,0.0,13400.0,144.0,1.0,,1,kaggle_approval
KG4252,,0,Graduate,Yes,508333.3333333333,0.0,14600.0,216.0,1.0,,1,kaggle_approval
KG4253,,3+,Not Graduate,No,341666.6666666667,0.0,14100.0,120.0,0.0,,0,kaggle_approval
KG4254,,3+,Graduate,Yes,583333.3333333334,0.0,26200.0,144.0,1.0,,1,kaggle_approval
KG4255,,0,Not Graduate,Yes,741666.6666666666,0.0,27700.0,72.0,0.0,,0,kaggle_approval
KG4256,,3+,Graduate,No,400000.0,0.0,12000.0,72.0,0.0,,0,kaggle_approval
KG4257,,3+,Graduate,Yes,616666.6666666666,0.0,18300.0,48.0,0.0,,0,kaggle_approval
KG4258,,0,Graduate,No,808333.3333333334,0.0,27500.0,216.0,0.0,,0,kaggle_approval
KG4259,,3+,Graduate,Yes,808333.3333333334,0.0,22600.0,192.0,0.0,,0,kaggle_approval
KG4260,,0,Not Graduate,Yes,375000.0,0.0,11500.0,168.0,0.0,,0,kaggle_approval
KG4261,,3+,Graduate,No,733333.3333333334,0.0,29300.0,120.0,0.0,,1,kaggle_approval
KG4262,,3+,Graduate,Yes,250000.0,0.0,7500.0,72.0,1.0,,1,kaggle_approval
KG4263,,3+,Graduate,No,108333.33333333333,0.0,3000.0,240.0,0.0,,0,kaggle_approval
KG4264,,3+,Graduate,No,416666.6666666667,0.0,12700.0,168.0,1.0,,1,kaggle_approval
KG4265,,3+,Graduate,Yes,83333.33333333333,0.0,2300.0,144.0,0.0,,0,kaggle_approval
KG4266,,0,Not Graduate,Yes,275000.0,0.0,11300.0,240.0,0.0,,1,kaggle_approval
KG4267,,2,Not Graduate,No,541666.6666666666,0.0,23900.0,216.0,0.0,,0,kaggle_approval
KG4268,,1,Not Graduate,No,341666.6666666667,0.0,12800.0,96.0,1.0,,1,kaggle_approval
KG4269,,1,Graduate,No,766666.6666666666,0.0,29700.0,120.0,1.0,,1,kaggle_approval
