gender,married,dependents,education,self_employed,applicant_income,coapplicant_income,total_income,loan_amount,loan_term_months,credit_history,cibil_score,property_area,residential_assets,commercial_assets,luxury_assets,bank_asset_value,total_assets,loan_to_income_ratio,asset_to_income_ratio,loan_to_asset_ratio,target
Male,No,0.0,Graduate,No,70188,0.0,70188.0,,360.0,1.0,,Urban,,,,,,,,,1
Male,Yes,1.0,Graduate,No,54996,18096.0,73092.0,128000.0,360.0,1.0,,Rural,,,,,,1.7512176435177584,,,0
Male,Yes,0.0,Graduate,Yes,36000,0.0,36000.0,66000.0,360.0,1.0,,Urban,,,,,,1.8333333333333333,,,1
Male,Yes,0.0,Not Graduate,No,30996,28296.0,59292.0,120000.0,360.0,1.0,,Urban,,,,,,2.0238818053025702,,,1
Male,No,0.0,Graduate,No,72000,0.0,72000.0,141000.0,360.0,1.0,,Urban,,,,,,1.9583333333333333,,,1
Male,Yes,2.0,Graduate,Yes,65004,50352.0,115356.0,267000.0,360.0,1.0,,Urban,,,,,,2.31457401435556,,,1
Male,Yes,0.0,Not Graduate,No,27996,18192.0,46188.0,95000.0,360.0,1.0,,Urban,,,,,,2.0568112929765308,,,1
Male,Yes,3.0,Graduate,No,36432,30048.0,66480.0,158000.0,360.0,0.0,,Semiurban,,,,,,2.3766546329723224,,,0
Male,Yes,2.0,Graduate,No,48072,18312.0,66384.0,168000.0,360.0,1.0,,Urban,,,,,,2.530730296456978,,,1
Male,Yes,1.0,Graduate,No,154092,131616.0,285708.0,349000.0,360.0,1.0,,Semiurban,,,,,,1.221526873591219,,,0
Male,Yes,2.0,Graduate,No,38400,8400.0,46800.0,70000.0,360.0,1.0,,Urban,,,,,,1.4957264957264957,,,1
Male,Yes,2.0,Graduate,,30000,22080.0,52080.0,109000.0,360.0,1.0,,Urban,,,,,,2.0929339477726576,,,1
Male,Yes,2.0,Graduate,No,36876,97272.0,134148.0,200000.0,360.0,1.0,,Urban,,,,,,1.4908906580791366,,,1
Male,No,0.0,Graduate,No,22236,34080.0,56316.0,114000.0,360.0,1.0,,Rural,,,,,,2.0242914979757085,,,0
Male,Yes,2.0,Graduate,No,15588,13032.0,28620.0,17000.0,120.0,1.0,,Urban,,,,,,0.593990216631726,,,1
Male,No,0.0,Graduate,No,59400,0.0,59400.0,125000.0,360.0,1.0,,Urban,,,,,,2.1043771043771042,,,1
Male,No,1.0,Not Graduate,No,43152,0.0,43152.0,100000.0,240.0,,,Urban,,,,,,2.3173896922506487,,,1
Female,No,0.0,Graduate,No,42120,0.0,42120.0,76000.0,360.0,0.0,,Urban,,,,,,1.8043684710351378,,,0
Male,Yes,0.0,Not Graduate,No,58644,0.0,58644.0,133000.0,360.0,1.0,,Rural,,,,,,2.267921697019303,,,0
Male,Yes,0.0,Graduate,,31200,42000.0,73200.0,115000.0,,1.0,,Urban,,,,,,1.5710382513661203,,,1
Male,Yes,0.0,Not Graduate,No,91920,0.0,91920.0,104000.0,360.0,0.0,,Urban,,,,,,1.1314186248912097,,,0
Male,Yes,1.0,Graduate,No,71460,67500.0,138960.0,315000.0,360.0,1.0,,Urban,,,,,,2.266839378238342,,,1
Male,Yes,0.0,Not Graduate,No,31200,22932.0,54132.0,116000.0,360.0,0.0,,Semiurban,,,,,,2.142909923889751,,,0
,Yes,2.0,Not Graduate,No,40380,23004.0,63384.0,112000.0,360.0,0.0,,Rural,,,,,,1.7670074466742396,,,0
Male,Yes,1.0,Graduate,,44604,35100.0,79704.0,151000.0,360.0,,,Semiurban,,,,,,1.8945096858375992,,,0
Male,Yes,0.0,Graduate,Yes,114720,0.0,114720.0,191000.0,360.0,1.0,,Semiurban,,,,,,1.664923291492329,,,1
Male,Yes,0.0,Graduate,No,33588,27036.0,60624.0,122000.0,360.0,1.0,,Semiurban,,,,,,2.0124043283188175,,,1
Male,Yes,2.0,Not Graduate,No,50712,12480.0,63192.0,110000.0,360.0,1.0,,Urban,,,,,,1.7407266742625649,,,1
Male,No,0.0,Not Graduate,No,17304,0.0,17304.0,35000.0,360.0,1.0,,Urban,,,,,,2.0226537216828477,,,0
Female,No,2.0,Graduate,,45000,24996.0,69996.0,120000.0,360.0,1.0,,Semiurban,,,,,,1.7143836790673752,,,1
Male,Yes,1.0,Graduate,,49992,40428.0,90420.0,201000.0,360.0,,,Urban,,,,,,2.222959522229595,,,0
Male,No,0.0,Graduate,No,38004,0.0,38004.0,74000.0,360.0,1.0,,Urban,,,,,,1.9471634564782654,,,0
Male,No,1.0,Graduate,Yes,56304,0.0,56304.0,106000.0,360.0,1.0,,Rural,,,,,,1.882637112816141,,,0
Male,Yes,0.0,Graduate,No,42000,20004.0,62004.0,114000.0,360.0,1.0,,Semiurban,,,,,,1.838591058641378,,,1
Male,No,3.0,Graduate,No,150000,36000.0,186000.0,320000.0,360.0,1.0,,Rural,,,,,,1.7204301075268817,,,0
Male,Yes,0.0,Graduate,No,27300,24804.0,52104.0,,360.0,1.0,,Urban,,,,,,,,,1
Male,Yes,0.0,Graduate,No,21936,15960.0,37896.0,100000.0,,0.0,,Urban,,,,,,2.638800928857927,,,0
Female,Yes,0.0,Graduate,No,44004,17508.0,61512.0,144000.0,360.0,1.0,,Semiurban,,,,,,2.3410066328521264,,,1
Male,No,0.0,Graduate,No,49992,86520.0,136512.0,184000.0,360.0,1.0,,Urban,,,,,,1.3478668541959682,,,1
Male,No,0.0,Not Graduate,No,44976,20016.0,64992.0,110000.0,360.0,1.0,,Semiurban,,,,,,1.6925160019694732,,,1
Male,No,0.0,Graduate,No,43200,0.0,43200.0,80000.0,360.0,1.0,,Urban,,,,,,1.8518518518518519,,,0
Male,No,0.0,Graduate,No,21600,14556.0,36156.0,47000.0,360.0,1.0,,Urban,,,,,,1.2999225578050668,,,1
Male,Yes,0.0,Graduate,No,28800,0.0,28800.0,75000.0,360.0,,,Urban,,,,,,2.6041666666666665,,,1
Male,Yes,0.0,Graduate,No,47292,28032.0,75324.0,134000.0,360.0,1.0,,Semiurban,,,,,,1.7789814667303914,,,1
Male,Yes,0.0,Not Graduate,Yes,56340,0.0,56340.0,96000.0,,1.0,,Urban,,,,,,1.703940362087327,,,1
Female,No,0.0,Graduate,No,40920,0.0,40920.0,88000.0,,1.0,,Urban,,,,,,2.150537634408602,,,1
Male,Yes,1.0,Graduate,No,67788,0.0,67788.0,44000.0,360.0,1.0,,Urban,,,,,,0.6490824334690506,,,1
Male,Yes,0.0,Graduate,No,69852,0.0,69852.0,144000.0,360.0,1.0,,Urban,,,,,,2.061501460230201,,,1
Female,Yes,0.0,Graduate,No,31740,41280.0,73020.0,120000.0,360.0,0.0,,Urban,,,,,,1.6433853738701725,,,0
Female,No,0.0,Graduate,No,48000,27300.0,75300.0,144000.0,360.0,1.0,,Semiurban,,,,,,1.9123505976095618,,,1
Female,Yes,0.0,Not Graduate,No,23136,19728.0,42864.0,100000.0,360.0,1.0,,Semiurban,,,,,,2.3329600597237774,,,1
Female,No,0.0,Graduate,No,37032,0.0,37032.0,120000.0,360.0,1.0,,Semiurban,,,,,,3.240440699935191,,,1
Female,No,0.0,Graduate,No,50760,0.0,50760.0,112000.0,360.0,1.0,,Semiurban,,,,,,2.206461780929866,,,0
Male,Yes,2.0,Graduate,No,55392,0.0,55392.0,134000.0,360.0,1.0,,Urban,,,,,,2.4191218948584634,,,0
Female,Yes,1.0,Graduate,Yes,138000,0.0,138000.0,286000.0,360.0,0.0,,Urban,,,,,,2.072463768115942,,,0
Male,Yes,2.0,Graduate,No,32496,14004.0,46500.0,97000.0,360.0,1.0,,Semiurban,,,,,,2.086021505376344,,,1
Male,Yes,0.0,Graduate,No,25584,19092.0,44676.0,96000.0,360.0,1.0,,Semiurban,,,,,,2.1488047273704,,,1
Male,Yes,0.0,Graduate,No,40392,26400.0,66792.0,135000.0,360.0,1.0,,Rural,,,,,,2.021200143729788,,,0
Male,Yes,1.0,Graduate,No,96960,27000.0,123960.0,180000.0,360.0,1.0,,Urban,,,,,,1.452081316553727,,,1
Male,Yes,2.0,Not Graduate,No,40284,34308.0,74592.0,144000.0,360.0,1.0,,Urban,,,,,,1.9305019305019304,,,1
Male,Yes,0.0,Graduate,No,30000,45552.0,75552.0,120000.0,360.0,1.0,,Urban,,,,,,1.5883100381194408,,,1
Male,Yes,3.0,Graduate,No,36348,0.0,36348.0,99000.0,360.0,1.0,,Urban,,,,,,2.723671178606801,,,1
Male,Yes,0.0,Not Graduate,Yes,31308,41388.0,72696.0,165000.0,180.0,0.0,,Rural,,,,,,2.269725982172334,,,0
Male,Yes,1.0,Graduate,No,59340,0.0,59340.0,,360.0,0.0,,Rural,,,,,,,,,0
Female,No,0.0,Graduate,No,49992,0.0,49992.0,116000.0,360.0,0.0,,Semiurban,,,,,,2.3203712594015045,,,0
Male,Yes,0.0,Graduate,No,68712,55140.0,123852.0,258000.0,360.0,1.0,,Semiurban,,,,,,2.0831314795077995,,,0
Male,No,0.0,Not Graduate,No,38400,27048.0,65448.0,126000.0,180.0,0.0,,Urban,,,,,,1.9251925192519252,,,0
Male,Yes,1.0,Graduate,No,129000,0.0,129000.0,312000.0,360.0,1.0,,Urban,,,,,,2.4186046511627906,,,1
Male,Yes,3.0,Not Graduate,Yes,85200,0.0,85200.0,125000.0,60.0,1.0,,Urban,,,,,,1.4671361502347418,,,1
Female,No,0.0,Graduate,No,51600,0.0,51600.0,136000.0,360.0,0.0,,Semiurban,,,,,,2.635658914728682,,,0
Male,Yes,0.0,Graduate,No,38496,36792.0,75288.0,172000.0,360.0,1.0,,Urban,,,,,,2.28456062055042,,,1
Male,Yes,2.0,Not Graduate,Yes,22500,22500.0,45000.0,97000.0,360.0,1.0,,Semiurban,,,,,,2.1555555555555554,,,1
Male,No,0.0,Graduate,No,42000,0.0,42000.0,81000.0,300.0,1.0,,Semiurban,,,,,,1.9285714285714286,,,1
Male,Yes,3.0,Not Graduate,No,57060,0.0,57060.0,95000.0,,0.0,,Semiurban,,,,,,1.6649141254819488,,,0
Male,Yes,3.0,Graduate,Yes,63192,21288.0,84480.0,187000.0,360.0,1.0,,Semiurban,,,,,,2.2135416666666665,,,1
Male,No,0.0,Graduate,No,45000,0.0,45000.0,113000.0,480.0,1.0,,Urban,,,,,,2.511111111111111,,,0
Male,No,0.0,Graduate,No,45000,57000.0,102000.0,176000.0,360.0,1.0,,Urban,,,,,,1.7254901960784315,,,0
Male,Yes,1.0,Graduate,Yes,12000,36264.0,48264.0,110000.0,360.0,1.0,,Urban,,,,,,2.2791314437261727,,,0
Male,Yes,3.0,Graduate,No,38004,48000.0,86004.0,180000.0,300.0,0.0,,Semiurban,,,,,,2.092925910422771,,,0
Male,Yes,3.0,Not Graduate,Yes,39996,25992.0,65988.0,130000.0,360.0,,,Semiurban,,,,,,1.9700551615445232,,,1
Female,No,0.0,Graduate,No,46152,0.0,46152.0,111000.0,360.0,1.0,,Semiurban,,,,,,2.405096203848154,,,1
Male,Yes,1.0,Graduate,Yes,28740,0.0,28740.0,,360.0,1.0,,Semiurban,,,,,,,,,1
Female,Yes,2.0,Graduate,No,16536,22572.0,39108.0,167000.0,360.0,1.0,,Urban,,,,,,4.270226040707784,,,0
Male,Yes,0.0,Graduate,No,72000,27000.0,99000.0,265000.0,360.0,,,Semiurban,,,,,,2.676767676767677,,,0
Male,Yes,1.0,Graduate,No,47856,0.0,47856.0,50000.0,240.0,1.0,,Urban,,,,,,1.0448010698762955,,,1
Male,No,0.0,Graduate,No,28392,30372.0,58764.0,136000.0,360.0,1.0,,Semiurban,,,,,,2.31434211421959,,,1
Male,Yes,2.0,Not Graduate,No,39996,24000.0,63996.0,99000.0,360.0,,,Semiurban,,,,,,1.5469716857303581,,,1
Male,Yes,0.0,Graduate,No,30000,25416.0,55416.0,104000.0,360.0,1.0,,Semiurban,,,,,,1.8767143063375198,,,1
Male,No,0.0,Graduate,No,102792,0.0,102792.0,210000.0,360.0,1.0,,Urban,,,,,,2.042960541676395,,,1
Male,Yes,0.0,Graduate,No,68340,50004.0,118344.0,175000.0,360.0,1.0,,Semiurban,,,,,,1.4787399445683769,,,1
Male,Yes,0.0,Graduate,No,35496,34800.0,70296.0,131000.0,360.0,1.0,,Semiurban,,,,,,1.863548423807898,,,1
Male,Yes,2.0,Graduate,No,75000,67848.0,142848.0,188000.0,180.0,1.0,,Semiurban,,,,,,1.316084229390681,,,1
Male,Yes,2.0,Not Graduate,No,39276,21840.0,61116.0,81000.0,360.0,1.0,,Urban,,,,,,1.3253485175731397,,,1
Male,No,0.0,Graduate,No,49596,0.0,49596.0,122000.0,360.0,1.0,,Semiurban,,,,,,2.4598757964351963,,,1
Male,No,0.0,Not Graduate,No,43440,0.0,43440.0,25000.0,120.0,1.0,,Semiurban,,,,,,0.5755064456721916,,,1
Male,No,0.0,Graduate,,81384,0.0,81384.0,,360.0,,,Urban,,,,,,,,,0
Female,Yes,0.0,Graduate,No,29808,27624.0,57432.0,137000.0,360.0,1.0,,Semiurban,,,,,,2.385429725588522,,,1
Male,Yes,0.0,Graduate,No,23724,11964.0,35688.0,50000.0,360.0,1.0,,Semiurban,,,,,,1.4010311589329747,,,1
Male,Yes,0.0,Not Graduate,No,50256,0.0,50256.0,115000.0,180.0,1.0,,Semiurban,,,,,,2.2882839859917223,,,1
Male,Yes,0.0,Graduate,No,21108,42492.0,63600.0,131000.0,360.0,1.0,,Semiurban,,,,,,2.059748427672956,,,1
Male,Yes,2.0,Not Graduate,No,51456,39156.0,90612.0,133000.0,180.0,1.0,,Urban,,,,,,1.4677967598110626,,,1
Male,No,0.0,Graduate,No,58116,45672.0,103788.0,151000.0,360.0,1.0,,Semiurban,,,,,,1.454888811808687,,,1
Male,Yes,,Graduate,No,163800,0.0,163800.0,,360.0,1.0,,Urban,,,,,,,,,1
Male,Yes,0.0,Graduate,No,55824,42996.0,98820.0,,360.0,1.0,,Semiurban,,,,,,,,,1
Male,,,Graduate,No,45792,9048.0,54840.0,160000.0,360.0,1.0,,Urban,,,,,,2.917578409919767,,,1
Male,Yes,1.0,Graduate,No,36624,12360.0,48984.0,100000.0,360.0,1.0,,Urban,,,,,,2.0414829332026785,,,1
Male,Yes,2.0,Graduate,No,137004,13512.0,150516.0,225000.0,360.0,1.0,,Urban,,,,,,1.494857689547955,,,1
Male,No,0.0,Not Graduate,,87996,0.0,87996.0,120000.0,360.0,1.0,,Rural,,,,,,1.3636983499249966,,,0
Male,Yes,2.0,Graduate,No,45600,43200.0,88800.0,216000.0,360.0,0.0,,Urban,,,,,,2.4324324324324325,,,0
Male,Yes,3.0,Not Graduate,No,24852,9048.0,33900.0,94000.0,480.0,1.0,,Semiurban,,,,,,2.7728613569321534,,,1
Male,No,0.0,Graduate,No,63792,0.0,63792.0,136000.0,360.0,1.0,,Urban,,,,,,2.1319287684976174,,,1
Female,Yes,0.0,Graduate,,35148,27996.0,63144.0,139000.0,360.0,1.0,,Semiurban,,,,,,2.2013176232104397,,,1
Male,Yes,0.0,Not Graduate,No,42864,49368.0,92232.0,152000.0,,0.0,,Rural,,,,,,1.6480180414606644,,,0
Female,No,1.0,Graduate,Yes,89412,0.0,89412.0,,360.0,1.0,,Semiurban,,,,,,,,,1
Male,No,0.0,Graduate,,60600,0.0,60600.0,118000.0,360.0,1.0,,Semiurban,,,,,,1.9471947194719472,,,1
Male,Yes,1.0,Graduate,No,174996,0.0,174996.0,185000.0,180.0,1.0,,Rural,,,,,,1.057167020960479,,,1
Female,Yes,0.0,Graduate,No,38004,27396.0,65400.0,154000.0,360.0,1.0,,Semiurban,,,,,,2.3547400611620795,,,1
Male,Yes,1.0,Graduate,No,26568,16776.0,43344.0,85000.0,360.0,,,Urban,,,,,,1.9610557401255075,,,1
Male,Yes,0.0,Graduate,No,66816,25704.0,92520.0,175000.0,360.0,1.0,,Rural,,,,,,1.8914829226113272,,,0
Female,No,0.0,Graduate,No,124896,0.0,124896.0,259000.0,360.0,1.0,,Urban,,,,,,2.0737253394824493,,,1
Male,Yes,,Graduate,No,68004,32004.0,100008.0,180000.0,360.0,1.0,,Rural,,,,,,1.7998560115190785,,,1
Female,No,0.0,Graduate,No,49992,0.0,49992.0,44000.0,360.0,1.0,,Semiurban,,,,,,0.8801408225316051,,,1
Female,No,0.0,Graduate,No,25644,107760.0,133404.0,137000.0,360.0,0.0,,Semiurban,,,,,,1.0269557134718599,,,1
Male,Yes,2.0,Graduate,No,35484,0.0,35484.0,81000.0,360.0,1.0,,Semiurban,,,,,,2.2827189719310113,,,1
Male,Yes,0.0,Not Graduate,No,51600,24168.0,75768.0,194000.0,360.0,1.0,,Rural,,,,,,2.5604476823989017,,,1
Female,No,0.0,Graduate,No,44304,0.0,44304.0,93000.0,360.0,,,Rural,,,,,,2.099133261105092,,,1
,Yes,3.0,Graduate,No,285636,0.0,285636.0,370000.0,360.0,1.0,,Rural,,,,,,1.2953549272500666,,,1
Male,No,0.0,Graduate,No,46380,19680.0,66060.0,,360.0,1.0,,Rural,,,,,,,,,1
Male,Yes,1.0,Graduate,Yes,126156,46200.0,172356.0,160000.0,180.0,0.0,,Urban,,,,,,0.9283111699041519,,,0
Male,Yes,0.0,Graduate,No,72960,30828.0,103788.0,182000.0,360.0,,,Rural,,,,,,1.7535745943654373,,,0
Male,No,0.0,Graduate,Yes,241992,0.0,241992.0,650000.0,480.0,,,Urban,,,,,,2.6860392079076996,,,1
Male,No,0.0,Graduate,No,24168,23148.0,47316.0,74000.0,360.0,1.0,,Urban,,,,,,1.563952996872094,,,1
Male,No,0.0,Graduate,No,32616,0.0,32616.0,70000.0,360.0,1.0,,Semiurban,,,,,,2.146185921020358,,,1
Male,Yes,0.0,Graduate,Yes,41508,0.0,41508.0,25000.0,120.0,1.0,,Semiurban,,,,,,0.6022935337766214,,,1
Male,No,0.0,Graduate,No,58740,0.0,58740.0,102000.0,360.0,1.0,,Semiurban,,,,,,1.7364657814096016,,,1
Male,Yes,3.0,Graduate,No,48000,93000.0,141000.0,290000.0,360.0,1.0,,Semiurban,,,,,,2.0567375886524824,,,0
Female,Yes,0.0,Graduate,No,54996,0.0,54996.0,84000.0,360.0,1.0,,Rural,,,,,,1.5273838097316168,,,0
Male,Yes,2.0,Graduate,Yes,39792,42000.0,81792.0,88000.0,360.0,1.0,,Urban,,,,,,1.0758998435054774,,,1
Male,No,0.0,Graduate,No,179988,0.0,179988.0,242000.0,360.0,0.0,,Semiurban,,,,,,1.3445340800497811,,,0
Male,Yes,2.0,Not Graduate,No,50400,17160.0,67560.0,129000.0,360.0,1.0,,Rural,,,,,,1.9094138543516874,,,0
Male,Yes,2.0,Graduate,No,60504,24996.0,85500.0,185000.0,360.0,1.0,,Rural,,,,,,2.1637426900584797,,,0
Male,No,0.0,Graduate,No,65004,0.0,65004.0,168000.0,360.0,1.0,,Urban,,,,,,2.584456341148237,,,1
Male,No,0.0,Graduate,Yes,83400,0.0,83400.0,175000.0,180.0,1.0,,Semiurban,,,,,,2.0983213429256593,,,1
Male,Yes,0.0,Graduate,No,32376,24408.0,56784.0,122000.0,360.0,1.0,,Semiurban,,,,,,2.148492533107918,,,1
Male,Yes,2.0,Graduate,No,141084,0.0,141084.0,187000.0,180.0,1.0,,Urban,,,,,,1.3254515040684982,,,1
Female,Yes,0.0,Graduate,No,27960,53832.0,81792.0,100000.0,360.0,1.0,,Semiurban,,,,,,1.2226134585289514,,,1
Female,Yes,2.0,Graduate,No,178392,0.0,178392.0,70000.0,360.0,1.0,,Urban,,,,,,0.3923942777703036,,,1
Male,Yes,1.0,Graduate,No,18456,17100.0,35556.0,30000.0,360.0,1.0,,Urban,,,,,,0.8437394532568343,,,1
Female,No,0.0,Graduate,No,120000,19992.0,139992.0,225000.0,360.0,1.0,,Rural,,,,,,1.6072346991256643,,,0
Male,Yes,0.0,Graduate,No,58320,9960.0,68280.0,125000.0,360.0,1.0,,Semiurban,,,,,,1.830697129466901,,,1
Male,No,0.0,Graduate,No,75324,0.0,75324.0,118000.0,360.0,0.0,,Rural,,,,,,1.5665657692103447,,,0
Male,Yes,0.0,Graduate,Yes,30924,45000.0,75924.0,152000.0,360.0,1.0,,Rural,,,,,,2.002002002002002,,,1
Male,No,0.0,Graduate,No,109992,0.0,109992.0,244000.0,360.0,1.0,,Urban,,,,,,2.218343152229253,,,0
Male,Yes,2.0,Not Graduate,No,27372,0.0,27372.0,113000.0,360.0,1.0,,Rural,,,,,,4.128306298407131,,,0
Male,No,0.0,Graduate,No,39048,0.0,39048.0,50000.0,360.0,1.0,,Urban,,,,,,1.2804753124359762,,,1
Male,Yes,3.0,Graduate,No,479988,0.0,479988.0,600000.0,180.0,0.0,,Semiurban,,,,,,1.2500312507812696,,,1
Male,Yes,1.0,Graduate,No,72000,0.0,72000.0,160000.0,360.0,,,Rural,,,,,,2.2222222222222223,,,1
Male,Yes,1.0,Graduate,No,114456,0.0,114456.0,187000.0,360.0,1.0,,Urban,,,,,,1.6338156147340464,,,1
Male,No,0.0,Graduate,,35760,24996.0,60756.0,120000.0,360.0,1.0,,Rural,,,,,,1.9751135690302193,,,1
Male,Yes,0.0,Graduate,No,54996,67500.0,122496.0,255000.0,360.0,1.0,,Semiurban,,,,,,2.0817006269592477,,,1
Male,Yes,0.0,Not Graduate,No,22356,12492.0,34848.0,98000.0,360.0,1.0,,Semiurban,,,,,,2.812213039485767,,,1
Male,Yes,0.0,Graduate,No,95196,0.0,95196.0,275000.0,360.0,1.0,,Urban,,,,,,2.8887768393629982,,,0
Male,Yes,1.0,Graduate,No,37068,15360.0,52428.0,121000.0,360.0,0.0,,Semiurban,,,,,,2.3079270618753336,,,0
Male,Yes,2.0,Graduate,No,50004,17364.0,67368.0,158000.0,360.0,1.0,,Rural,,,,,,2.3453271582947393,,,1
Male,Yes,0.0,Graduate,No,111876,0.0,111876.0,75000.0,180.0,1.0,,Urban,,,,,,0.6703850691837392,,,1
Male,Yes,0.0,Graduate,No,44484,37992.0,82476.0,182000.0,,1.0,,Rural,,,,,,2.206702555895048,,,1
Female,Yes,0.0,Graduate,No,54996,0.0,54996.0,112000.0,360.0,1.0,,Rural,,,,,,2.0365117463088223,,,0
Male,Yes,0.0,Graduate,No,29268,39996.0,69264.0,129000.0,360.0,1.0,,Rural,,,,,,1.8624393624393625,,,1
Male,No,0.0,Graduate,No,26844,0.0,26844.0,63000.0,480.0,0.0,,Semiurban,,,,,,2.3468931604827894,,,0
Male,Yes,2.0,Graduate,No,96000,0.0,96000.0,200000.0,360.0,1.0,,Semiurban,,,,,,2.0833333333333335,,,1
Male,Yes,0.0,Not Graduate,,21840,21228.0,43068.0,95000.0,360.0,1.0,,Rural,,,,,,2.2058140614841646,,,1
,Yes,3.0,Graduate,No,621156,0.0,621156.0,700000.0,300.0,1.0,,Urban,,,,,,1.1269310768953371,,,1
Male,Yes,3.0,Not Graduate,No,42264,0.0,42264.0,81000.0,180.0,1.0,,Rural,,,,,,1.9165247018739353,,,0
Male,Yes,0.0,Graduate,No,68496,67500.0,135996.0,187000.0,360.0,1.0,,Semiurban,,,,,,1.375040442365952,,,1
Male,Yes,0.0,Not Graduate,Yes,52128,8832.0,60960.0,87000.0,360.0,1.0,,Semiurban,,,,,,1.4271653543307086,,,0
Male,Yes,0.0,Graduate,No,41964,23568.0,65532.0,116000.0,360.0,1.0,,Rural,,,,,,1.7701275712628946,,,1
Male,Yes,2.0,Graduate,No,24540,19428.0,43968.0,101000.0,360.0,1.0,,Rural,,,,,,2.2971251819505096,,,1
Male,Yes,3.0,Graduate,No,66192,135600.0,201792.0,495000.0,360.0,0.0,,Semiurban,,,,,,2.4530209324452903,,,0
Male,Yes,1.0,Graduate,No,45000,0.0,45000.0,116000.0,360.0,1.0,,Semiurban,,,,,,2.577777777777778,,,1
Male,No,0.0,Not Graduate,No,27996,17412.0,45408.0,102000.0,480.0,0.0,,Urban,,,,,,2.2463002114164903,,,0
Male,Yes,1.0,Graduate,No,76800,87000.0,163800.0,180000.0,360.0,0.0,,Urban,,,,,,1.098901098901099,,,0
Male,No,0.0,Graduate,No,22992,60756.0,83748.0,67000.0,360.0,,,Rural,,,,,,0.8000191049338492,,,0
Male,Yes,0.0,Graduate,No,55200,0.0,55200.0,73000.0,180.0,1.0,,Semiurban,,,,,,1.3224637681159421,,,1
Male,Yes,1.0,Graduate,No,406152,0.0,406152.0,260000.0,360.0,1.0,,Semiurban,,,,,,0.6401544249443558,,,0
Female,Yes,0.0,Graduate,No,43500,0.0,43500.0,108000.0,360.0,1.0,,Semiurban,,,,,,2.4827586206896552,,,1
Male,Yes,0.0,Graduate,Yes,469764,57000.0,526764.0,120000.0,360.0,1.0,,Semiurban,,,,,,0.2278060004100508,,,1
Male,Yes,1.0,Graduate,Yes,26136,0.0,26136.0,66000.0,300.0,0.0,,Rural,,,,,,2.525252525252525,,,0
Male,Yes,0.0,Graduate,No,28596,25656.0,54252.0,58000.0,360.0,,,Rural,,,,,,1.06908501069085,,,1
,Yes,0.0,Graduate,Yes,8088,63552.0,71640.0,168000.0,360.0,1.0,,Rural,,,,,,2.3450586264656614,,,1
Male,Yes,0.0,Graduate,No,111936,0.0,111936.0,188000.0,180.0,1.0,,Rural,,,,,,1.6795311606632362,,,1
Male,No,0.0,Not Graduate,No,58620,0.0,58620.0,48000.0,360.0,1.0,,Rural,,,,,,0.8188331627430911,,,1
Male,No,0.0,Graduate,No,144000,0.0,144000.0,164000.0,360.0,1.0,,Semiurban,,,,,,1.1388888888888888,,,0
Male,Yes,0.0,Not Graduate,No,72396,0.0,72396.0,160000.0,360.0,1.0,,Urban,,,,,,2.210066854522349,,,0
Male,No,0.0,Graduate,No,46296,0.0,46296.0,76000.0,360.0,1.0,,Semiurban,,,,,,1.6416105063072404,,,1
Male,No,0.0,Graduate,No,50292,0.0,50292.0,120000.0,360.0,1.0,,Rural,,,,,,2.3860653781913626,,,1
Male,Yes,1.0,Graduate,No,37500,30996.0,68496.0,170000.0,360.0,1.0,,Semiurban,,,,,,2.481896753095071,,,0
Male,No,0.0,Graduate,No,99996,45000.0,144996.0,187000.0,360.0,1.0,,Rural,,,,,,1.2896907500896577,,,1
Female,No,0.0,Not Graduate,No,22884,28380.0,51264.0,120000.0,,1.0,,Urban,,,,,,2.3408239700374533,,,1
Female,Yes,0.0,Graduate,No,40992,33792.0,74784.0,113000.0,360.0,,,Semiurban,,,,,,1.5110183996576807,,,1
Male,No,0.0,Graduate,Yes,132000,0.0,132000.0,83000.0,360.0,1.0,,Urban,,,,,,0.6287878787878788,,,0
Male,Yes,1.0,Not Graduate,No,31200,30000.0,61200.0,90000.0,360.0,1.0,,Semiurban,,,,,,1.4705882352941178,,,1
Male,No,2.0,Graduate,No,59076,0.0,59076.0,166000.0,360.0,0.0,,Semiurban,,,,,,2.8099397386417495,,,1
Male,Yes,3.0,Not Graduate,No,47904,0.0,47904.0,,180.0,1.0,,Urban,,,,,,,,,0
Male,Yes,1.0,Not Graduate,No,42000,12996.0,54996.0,135000.0,360.0,1.0,,Urban,,,,,,2.454723979925813,,,1
Male,Yes,2.0,Not Graduate,No,47004,0.0,47004.0,124000.0,360.0,1.0,,Semiurban,,,,,,2.63807335545911,,,1
Female,No,0.0,Not Graduate,No,52896,0.0,52896.0,120000.0,360.0,1.0,,Semiurban,,,,,,2.268602540834846,,,1
Female,No,0.0,Graduate,No,38928,0.0,38928.0,80000.0,360.0,1.0,,Urban,,,,,,2.055076037813399,,,1
Male,No,0.0,Not Graduate,No,47700,30372.0,78072.0,55000.0,360.0,1.0,,Rural,,,,,,0.7044779178194487,,,1
Male,No,0.0,Graduate,No,29748,0.0,29748.0,59000.0,360.0,1.0,,Urban,,,,,,1.9833266101922817,,,1
Male,No,0.0,Graduate,No,41016,0.0,41016.0,127000.0,360.0,1.0,,Semiurban,,,,,,3.0963526428710746,,,0
Female,No,0.0,Graduate,No,120000,0.0,120000.0,214000.0,360.0,1.0,,Semiurban,,,,,,1.7833333333333334,,,0
Male,Yes,3.0,Graduate,No,41160,15000.0,56160.0,128000.0,360.0,0.0,,Semiurban,,,,,,2.2792022792022792,,,0
Male,Yes,1.0,Graduate,Yes,93444,0.0,93444.0,240000.0,360.0,1.0,,Urban,,,,,,2.568383202773854,,,1
Male,Yes,3.0,Not Graduate,Yes,68436,0.0,68436.0,130000.0,360.0,1.0,,Rural,,,,,,1.8995850137354608,,,1
Male,Yes,0.0,Graduate,No,38076,36252.0,74328.0,137000.0,360.0,1.0,,Urban,,,,,,1.8431815735658164,,,1
Male,Yes,3.0,Not Graduate,No,46200,11796.0,57996.0,100000.0,360.0,1.0,,Semiurban,,,,,,1.7242568452996758,,,1
Male,Yes,0.0,Graduate,No,1800,21600.0,23400.0,135000.0,360.0,1.0,,Rural,,,,,,5.769230769230769,,,0
Male,Yes,0.0,Graduate,No,44724,21300.0,66024.0,131000.0,360.0,1.0,,Semiurban,,,,,,1.9841269841269842,,,1
Male,Yes,2.0,Graduate,,60000,0.0,60000.0,72000.0,360.0,0.0,,Semiurban,,,,,,1.2,,,0
Female,Yes,2.0,Graduate,No,51396,28596.0,79992.0,127000.0,360.0,,,Semiurban,,,,,,1.5876587658765877,,,1
Male,Yes,0.0,Graduate,No,26652,0.0,26652.0,60000.0,360.0,0.0,,Urban,,,,,,2.25123818099955,,,0
Male,Yes,2.0,Graduate,No,48108,20604.0,68712.0,116000.0,360.0,1.0,,Semiurban,,,,,,1.6882058446850623,,,1
Male,No,0.0,Graduate,No,35652,33492.0,69144.0,144000.0,360.0,1.0,,Semiurban,,,,,,2.0826102047900035,,,1
Male,Yes,0.0,Graduate,No,90936,12120.0,103056.0,175000.0,,1.0,,Semiurban,,,,,,1.6981058841794752,,,1
Male,Yes,0.0,Graduate,No,75000,0.0,75000.0,128000.0,360.0,1.0,,Semiurban,,,,,,1.7066666666666668,,,1
Male,Yes,0.0,Graduate,No,39000,0.0,39000.0,170000.0,360.0,1.0,,Rural,,,,,,4.358974358974359,,,0
Male,Yes,,Not Graduate,Yes,56820,0.0,56820.0,138000.0,360.0,1.0,,Urban,,,,,,2.4287222808870115,,,0
Male,Yes,2.0,Graduate,No,75000,20340.0,95340.0,210000.0,360.0,1.0,,Semiurban,,,,,,2.202643171806167,,,1
Male,,,Graduate,No,57096,0.0,57096.0,158000.0,480.0,1.0,,Semiurban,,,,,,2.7672691607117836,,,1
Male,No,0.0,Graduate,Yes,76800,0.0,76800.0,200000.0,360.0,1.0,,Rural,,,,,,2.6041666666666665,,,1
Male,Yes,1.0,Graduate,No,29892,24648.0,54540.0,104000.0,360.0,1.0,,Semiurban,,,,,,1.9068573524019068,,,1
Male,Yes,0.0,Graduate,,44592,0.0,44592.0,42000.0,180.0,1.0,,Rural,,,,,,0.9418729817007535,,,1
Male,No,0.0,Not Graduate,No,38268,31176.0,69444.0,120000.0,,1.0,,Rural,,,,,,1.7280110592707794,,,1
Female,No,0.0,Graduate,No,99996,0.0,99996.0,280000.0,360.0,1.0,,Semiurban,,,,,,2.8001120044801793,,,1
Male,Yes,1.0,Graduate,No,37860,21348.0,59208.0,140000.0,360.0,1.0,,Semiurban,,,,,,2.364545331711931,,,1
Male,Yes,1.0,Graduate,No,66000,15120.0,81120.0,170000.0,360.0,1.0,,Rural,,,,,,2.0956607495069033,,,1
Male,Yes,0.0,Graduate,,68952,0.0,68952.0,255000.0,360.0,,,Urban,,,,,,3.698224852071006,,,0
Female,No,0.0,Graduate,Yes,41556,0.0,41556.0,122000.0,360.0,,,Urban,,,,,,2.9357974781018386,,,1
Female,No,1.0,Graduate,No,45744,0.0,45744.0,112000.0,360.0,1.0,,Rural,,,,,,2.448408534452606,,,1
Male,Yes,1.0,Graduate,No,39780,0.0,39780.0,96000.0,360.0,1.0,,Semiurban,,,,,,2.4132730015082955,,,1
Male,Yes,2.0,Graduate,No,69828,60000.0,129828.0,120000.0,360.0,1.0,,Rural,,,,,,0.9242998428690267,,,1
Male,Yes,1.0,Not Graduate,No,30120,23796.0,53916.0,140000.0,180.0,1.0,,Urban,,,,,,2.596631797611099,,,0
Male,No,0.0,Graduate,No,35580,68412.0,103992.0,155000.0,60.0,1.0,,Urban,,,,,,1.490499269174552,,,1
Male,Yes,2.0,Graduate,Yes,75000,15600.0,90600.0,108000.0,360.0,1.0,,Rural,,,,,,1.1920529801324504,,,1
Male,Yes,0.0,Not Graduate,No,40872,53004.0,93876.0,123000.0,360.0,1.0,,Semiurban,,,,,,1.3102390387319442,,,1
Male,No,0.0,Graduate,Yes,72600,51996.0,124596.0,120000.0,180.0,1.0,,Urban,,,,,,0.9631127805065973,,,0
Male,Yes,2.0,Graduate,No,116436,0.0,116436.0,112000.0,360.0,1.0,,Urban,,,,,,0.961901817307362,,,1
Male,Yes,1.0,Not Graduate,No,79296,0.0,79296.0,137000.0,180.0,1.0,,Urban,,,,,,1.7277037933817594,,,1
Male,Yes,1.0,Graduate,No,34584,22116.0,56700.0,123000.0,480.0,1.0,,Semiurban,,,,,,2.1693121693121693,,,1
Male,Yes,0.0,Graduate,No,21708,22416.0,44124.0,90000.0,360.0,1.0,,Urban,,,,,,2.0397062822953496,,,1
Male,Yes,0.0,Not Graduate,No,20016,46680.0,66696.0,201000.0,360.0,0.0,,Semiurban,,,,,,3.013673983447283,,,0
Female,No,2.0,Graduate,No,41124,0.0,41124.0,138000.0,360.0,1.0,,Urban,,,,,,3.3557046979865772,,,0
Male,No,0.0,Not Graduate,Yes,30996,26004.0,57000.0,104000.0,360.0,1.0,,Rural,,,,,,1.8245614035087718,,,1
Male,Yes,1.0,Not Graduate,No,31932,85212.0,117144.0,279000.0,180.0,1.0,,Semiurban,,,,,,2.3816840811309157,,,1
Male,No,0.0,Graduate,Yes,195000,0.0,195000.0,192000.0,360.0,0.0,,Urban,,,,,,0.9846153846153847,,,0
Female,No,3.0,Graduate,No,36996,0.0,36996.0,255000.0,360.0,1.0,,Rural,,,,,,6.892637041842361,,,1
Male,No,0.0,Not Graduate,No,72540,0.0,72540.0,115000.0,360.0,0.0,,Rural,,,,,,1.585332230493521,,,0
Male,Yes,3.0,Graduate,No,63000,0.0,63000.0,94000.0,360.0,1.0,,Urban,,,,,,1.492063492063492,,,0
Male,Yes,0.0,Graduate,No,176196,25200.0,201396.0,304000.0,360.0,1.0,,Rural,,,,,,1.5094639416870246,,,0
Male,Yes,3.0,Not Graduate,No,59172,0.0,59172.0,128000.0,360.0,,,Semiurban,,,,,,2.1631852903400257,,,0
Male,Yes,1.0,Graduate,No,72996,51000.0,123996.0,330000.0,360.0,,,Urban,,,,,,2.6613761734249493,,,1
Male,No,0.0,Graduate,No,24720,26508.0,51228.0,134000.0,360.0,1.0,,Semiurban,,,,,,2.6157570078863124,,,1
Female,No,1.0,Graduate,No,41772,0.0,41772.0,155000.0,36.0,1.0,,Semiurban,,,,,,3.7106195537680744,,,0
Female,No,0.0,Graduate,No,86400,0.0,86400.0,120000.0,360.0,1.0,,Rural,,,,,,1.3888888888888888,,,1
Male,No,0.0,Graduate,Yes,61992,0.0,61992.0,128000.0,360.0,1.0,,Semiurban,,,,,,2.0647825525874306,,,1
Male,No,0.0,Graduate,No,49140,41364.0,90504.0,151000.0,360.0,1.0,,Rural,,,,,,1.6684345443295323,,,1
Male,Yes,2.0,Graduate,No,56496,16644.0,73140.0,150000.0,360.0,1.0,,Semiurban,,,,,,2.0508613617719442,,,1
Male,Yes,3.0,Graduate,No,51996,21732.0,73728.0,160000.0,360.0,0.0,,Urban,,,,,,2.170138888888889,,,1
Female,No,0.0,Graduate,,41016,0.0,41016.0,135000.0,360.0,1.0,,Rural,,,,,,3.291398478642481,,,0
Female,No,1.0,Graduate,No,34512,18720.0,53232.0,90000.0,360.0,1.0,,Urban,,,,,,1.690712353471596,,,1
Female,No,0.0,Graduate,No,38844,0.0,38844.0,30000.0,360.0,1.0,,Urban,,,,,,0.7723200494284832,,,1
Male,Yes,0.0,Graduate,No,133752,0.0,133752.0,136000.0,360.0,1.0,,Urban,,,,,,1.0168072253125187,,,1
Male,No,0.0,Graduate,No,33996,22284.0,56280.0,126000.0,360.0,1.0,,Rural,,,,,,2.2388059701492535,,,1
Male,Yes,0.0,Graduate,No,31440,26676.0,58116.0,150000.0,360.0,1.0,,Semiurban,,,,,,2.5810448069378484,,,1
Male,Yes,2.0,Graduate,No,46800,0.0,46800.0,90000.0,360.0,1.0,,Semiurban,,,,,,1.9230769230769231,,,1
Male,Yes,1.0,Graduate,No,33000,22104.0,55104.0,115000.0,360.0,1.0,,Semiurban,,,,,,2.0869628339140536,,,1
Male,Yes,0.0,Graduate,No,47916,39288.0,87204.0,207000.0,360.0,1.0,,Semiurban,,,,,,2.3737443236548783,,,1
Male,Yes,0.0,Graduate,No,37236,15600.0,52836.0,80000.0,360.0,1.0,,Urban,,,,,,1.5141191611779847,,,1
Male,Yes,0.0,Graduate,No,174996,0.0,174996.0,436000.0,360.0,1.0,,Semiurban,,,,,,2.491485519669021,,,1
Female,Yes,0.0,Not Graduate,No,49200,0.0,49200.0,124000.0,360.0,,,Rural,,,,,,2.5203252032520327,,,1
Male,No,1.0,Not Graduate,Yes,48636,29112.0,77748.0,158000.0,360.0,0.0,,Urban,,,,,,2.0322066162473633,,,0
Male,Yes,0.0,Graduate,No,47124,9600.0,56724.0,112000.0,360.0,1.0,,Semiurban,,,,,,1.9744728862562584,,,1
Male,Yes,2.0,Graduate,No,27612,11829.5998536,39441.5998536,78000.0,180.0,1.0,,Urban,,,,,,1.9776074066346632,,,1
Female,No,0.0,Graduate,No,21732,19992.0,41724.0,54000.0,360.0,1.0,,Urban,,,,,,1.2942191544434858,,,1
Male,Yes,0.0,Graduate,No,248004,0.0,248004.0,,360.0,1.0,,Rural,,,,,,,,,0
Male,No,0.0,Graduate,No,37896,36636.0,74532.0,89000.0,360.0,1.0,,Rural,,,,,,1.1941179627542533,,,1
Female,No,0.0,Graduate,Yes,31200,20604.0,51804.0,99000.0,300.0,1.0,,Semiurban,,,,,,1.911049339819319,,,0
Male,Yes,0.0,Graduate,No,44448,24000.0,68448.0,120000.0,360.0,1.0,,Rural,,,,,,1.753155680224404,,,1
Female,No,0.0,Graduate,No,49488,0.0,49488.0,115000.0,360.0,1.0,,Semiurban,,,,,,2.323795667636599,,,1
Male,No,0.0,Graduate,No,114096,0.0,114096.0,187000.0,360.0,1.0,,Rural,,,,,,1.6389706913476372,,,1
Male,Yes,0.0,Graduate,No,36900,28992.0,65892.0,139000.0,360.0,1.0,,Rural,,,,,,2.1095125356644204,,,1
Male,Yes,2.0,Graduate,No,52800,0.0,52800.0,127000.0,360.0,0.0,,Semiurban,,,,,,2.4053030303030303,,,0
Male,Yes,2.0,Graduate,No,37836,18720.0,56556.0,134000.0,360.0,1.0,,Urban,,,,,,2.3693330504278944,,,1
Female,No,,Graduate,No,65004,0.0,65004.0,143000.0,480.0,0.0,,Urban,,,,,,2.1998646237154635,,,0
Male,Yes,0.0,Graduate,No,28596,40008.0,68604.0,172000.0,360.0,1.0,,Semiurban,,,,,,2.5071424406740133,,,1
Male,Yes,3.0,Graduate,,52992,15000.0,67992.0,110000.0,360.0,1.0,,Urban,,,,,,1.6178373926344276,,,1
Male,Yes,1.0,Graduate,No,82500,0.0,82500.0,200000.0,360.0,1.0,,Semiurban,,,,,,2.4242424242424243,,,1
Female,Yes,1.0,Graduate,No,55992,0.0,55992.0,135000.0,360.0,1.0,,Urban,,,,,,2.411058722674668,,,1
Female,No,0.0,Graduate,No,60000,30492.0,90492.0,151000.0,480.0,1.0,,Rural,,,,,,1.668655792777262,,,0
Male,Yes,1.0,Graduate,No,24168,35100.0,59268.0,113000.0,360.0,1.0,,Urban,,,,,,1.9065937774178308,,,0
Male,Yes,0.0,Not Graduate,No,21600,35208.0,56808.0,93000.0,360.0,0.0,,Urban,,,,,,1.6370933671313899,,,0
Male,Yes,,Not Graduate,No,34500,21000.0,55500.0,105000.0,360.0,1.0,,Semiurban,,,,,,1.8918918918918919,,,1
Female,No,0.0,Graduate,No,60000,0.0,60000.0,132000.0,360.0,1.0,,Rural,,,,,,2.2,,,1
Male,Yes,1.0,Graduate,No,19500,21636.0,41136.0,96000.0,360.0,1.0,,Urban,,,,,,2.3337222870478413,,,1
Male,No,0.0,Graduate,No,48000,30000.0,78000.0,140000.0,360.0,1.0,,Rural,,,,,,1.794871794871795,,,1
Male,No,0.0,Not Graduate,No,24000,0.0,24000.0,,360.0,1.0,,Urban,,,,,,,,,0
Female,No,0.0,Graduate,No,45144,19992.0,65136.0,135000.0,360.0,1.0,,Rural,,,,,,2.072586588061901,,,1
Female,No,0.0,Graduate,No,28800,22356.0,51156.0,104000.0,360.0,0.0,,Urban,,,,,,2.0329971068887325,,,0
Male,No,0.0,Graduate,No,242796,0.0,242796.0,480000.0,360.0,1.0,,Rural,,,,,,1.9769683190826868,,,0
Male,Yes,2.0,Not Graduate,No,92004,0.0,92004.0,185000.0,360.0,,,Rural,,,,,,2.0107821399069605,,,1
Female,No,0.0,Graduate,No,35004,0.0,35004.0,84000.0,360.0,1.0,,Semiurban,,,,,,2.399725745629071,,,1
Male,No,0.0,Not Graduate,No,35124,28860.0,63984.0,111000.0,360.0,1.0,,Semiurban,,,,,,1.7348087021755438,,,1
Female,No,0.0,Graduate,No,30084,0.0,30084.0,56000.0,360.0,1.0,,Rural,,,,,,1.8614545938040155,,,1
Male,Yes,2.0,Graduate,Yes,68952,0.0,68952.0,144000.0,84.0,,,Rural,,,,,,2.088409328228333,,,1
,Yes,0.0,Graduate,No,29676,22116.0,51792.0,159000.0,360.0,1.0,,Rural,,,,,,3.0699721964782207,,,0
Male,Yes,1.0,Not Graduate,No,40788,19680.0,60468.0,111000.0,180.0,1.0,,Urban,,,,,,1.835681682873586,,,1
Male,Yes,2.0,Graduate,No,44604,0.0,44604.0,120000.0,360.0,1.0,,Semiurban,,,,,,2.690341673392521,,,1
Male,Yes,0.0,Graduate,No,24696,25608.0,50304.0,88000.0,360.0,,,Urban,,,,,,1.7493638676844783,,,1
Female,No,1.0,Graduate,No,42492,0.0,42492.0,112000.0,360.0,,,Semiurban,,,,,,2.6357902664030877,,,1
Male,Yes,1.0,Graduate,Yes,120000,0.0,120000.0,155000.0,360.0,1.0,,Rural,,,,,,1.2916666666666667,,,0
Male,Yes,0.0,Graduate,No,28800,26004.0,54804.0,115000.0,360.0,1.0,,Semiurban,,,,,,2.098386979052624,,,1
Male,Yes,3.0,Graduate,No,52104,2268.0,54372.0,124000.0,360.0,1.0,,Semiurban,,,,,,2.2805855955271097,,,1
Male,Yes,2.0,Not Graduate,No,43212,19080.0,62292.0,,360.0,1.0,,Rural,,,,,,,,,1
Female,No,0.0,Graduate,No,37992,35820.0,73812.0,132000.0,360.0,,,Rural,,,,,,1.788327101284344,,,1
Male,Yes,3.0,Graduate,No,180000,0.0,180000.0,300000.0,360.0,1.0,,Rural,,,,,,1.6666666666666667,,,1
Male,Yes,1.0,Graduate,Yes,103992,59796.0,163788.0,376000.0,360.0,0.0,,Rural,,,,,,2.295650475004274,,,0
Male,No,0.0,Graduate,No,59004,0.0,59004.0,130000.0,360.0,0.0,,Rural,,,,,,2.2032404582740153,,,1
Male,Yes,0.0,Graduate,Yes,69816,25920.0,95736.0,184000.0,360.0,1.0,,Semiurban,,,,,,1.921952034762263,,,1
Female,Yes,0.0,Graduate,No,51996,29412.0,81408.0,110000.0,360.0,1.0,,Urban,,,,,,1.3512185534591195,,,0
Female,No,0.0,Graduate,No,30000,0.0,30000.0,67000.0,360.0,1.0,,Urban,,,,,,2.2333333333333334,,,1
Male,No,1.0,Graduate,No,52608,21516.0,74124.0,117000.0,360.0,1.0,,Urban,,,,,,1.5784361340456532,,,1
Male,No,0.0,Graduate,No,35220,0.0,35220.0,98000.0,360.0,1.0,,Semiurban,,,,,,2.782509937535491,,,1
Male,No,,Graduate,No,33996,0.0,33996.0,71000.0,360.0,1.0,,Urban,,,,,,2.0884809977644427,,,1
Male,Yes,0.0,Graduate,,760044,0.0,760044.0,490000.0,180.0,1.0,,Urban,,,,,,0.6446995173963612,,,1
,Yes,1.0,Graduate,Yes,117996,21996.0,139992.0,182000.0,180.0,1.0,,Urban,,,,,,1.3000742899594262,,,1
Male,Yes,,Graduate,Yes,66036,53880.0,119916.0,70000.0,,1.0,,Semiurban,,,,,,0.5837419527002234,,,1
Male,Yes,1.0,Graduate,,63000,8256.0,71256.0,160000.0,360.0,1.0,,Rural,,,,,,2.2454249466711573,,,1
Male,Yes,2.0,Graduate,Yes,30000,55200.0,85200.0,176000.0,360.0,1.0,,Rural,,,,,,2.0657276995305165,,,1
Female,No,3.0,Not Graduate,No,21960,0.0,21960.0,,360.0,0.0,,Urban,,,,,,,,,0
Female,No,0.0,Graduate,No,49920,0.0,49920.0,71000.0,360.0,1.0,,Semiurban,,,,,,1.422275641025641,,,1
Male,Yes,3.0,Not Graduate,No,31764,19044.0,50808.0,173000.0,360.0,1.0,,Rural,,,,,,3.4049755943945836,,,0
Female,No,0.0,Graduate,No,28536,0.0,28536.0,46000.0,360.0,1.0,,Rural,,,,,,1.6119988786094757,,,0
Male,Yes,1.0,Not Graduate,No,54648,14748.0,69396.0,158000.0,360.0,1.0,,Urban,,,,,,2.2767882875093663,,,1
Male,Yes,3.0,Not Graduate,No,38076,0.0,38076.0,74000.0,360.0,1.0,,Semiurban,,,,,,1.9434814581363589,,,1
Male,Yes,2.0,Graduate,,30996,27960.0,58956.0,125000.0,360.0,1.0,,Rural,,,,,,2.12022525273085,,,1
Male,Yes,0.0,Graduate,No,29988,29496.0,59484.0,160000.0,360.0,1.0,,Semiurban,,,,,,2.6897989375294196,,,1
Male,Yes,,Not Graduate,No,42276,38760.0,81036.0,152000.0,360.0,0.0,,Rural,,,,,,1.8757095611826842,,,0
Male,Yes,2.0,Not Graduate,No,36996,26016.0,63012.0,126000.0,360.0,1.0,,Urban,,,,,,1.999619120167587,,,1
Male,Yes,0.0,Graduate,No,75996,54996.0,130992.0,259000.0,360.0,,,Semiurban,,,,,,1.977219982899719,,,1
Male,Yes,0.0,Graduate,No,31500,75000.0,106500.0,187000.0,360.0,1.0,,Rural,,,,,,1.755868544600939,,,1
Male,Yes,0.0,Graduate,No,108996,0.0,108996.0,228000.0,360.0,1.0,,Semiurban,,,,,,2.0918198832984696,,,1
Male,No,0.0,Graduate,No,105000,50004.0,155004.0,308000.0,360.0,1.0,,Rural,,,,,,1.9870454956001136,,,0
Male,Yes,3.0,Graduate,No,31992,24996.0,56988.0,95000.0,360.0,1.0,,Rural,,,,,,1.6670176177440865,,,1
Female,Yes,0.0,Graduate,Yes,66000,0.0,66000.0,105000.0,360.0,0.0,,Rural,,,,,,1.5909090909090908,,,0
Female,Yes,0.0,Graduate,No,29076,6060.0,35136.0,130000.0,360.0,1.0,,Semiurban,,,,,,3.6999089253187614,,,1
Female,No,,Graduate,No,45756,0.0,45756.0,116000.0,180.0,1.0,,Urban,,,,,,2.5351866421890024,,,1
Male,Yes,2.0,Graduate,No,99996,38004.0,138000.0,165000.0,360.0,1.0,,Rural,,,,,,1.1956521739130435,,,1
Male,Yes,1.0,Graduate,No,46500,0.0,46500.0,67000.0,360.0,1.0,,Urban,,,,,,1.4408602150537635,,,0
Male,Yes,0.0,Not Graduate,No,36000,19992.0,55992.0,100000.0,480.0,0.0,,Urban,,,,,,1.7859694242034576,,,0
Male,Yes,3.0,Graduate,No,62004,38004.0,100008.0,200000.0,360.0,1.0,,Semiurban,,,,,,1.9998400127989762,,,1
Female,No,1.0,Graduate,No,56676,0.0,56676.0,81000.0,360.0,1.0,,Semiurban,,,,,,1.4291763709506669,,,0
Male,Yes,2.0,Graduate,No,60000,44004.0,104004.0,236000.0,360.0,1.0,,Semiurban,,,,,,2.2691434944809816,,,1
Male,Yes,0.0,Graduate,No,57000,27996.0,84996.0,130000.0,360.0,1.0,,Urban,,,,,,1.5294837404113135,,,1
Male,Yes,0.0,Graduate,No,36156,36396.0,72552.0,95000.0,300.0,,,Urban,,,,,,1.3094056676590584,,,1
Male,No,0.0,Graduate,Yes,81864,0.0,81864.0,141000.0,360.0,1.0,,Rural,,,,,,1.7223688068015244,,,1
Male,No,0.0,Not Graduate,No,74592,0.0,74592.0,133000.0,360.0,1.0,,Rural,,,,,,1.783033033033033,,,0
Male,No,0.0,Graduate,No,30000,0.0,30000.0,96000.0,480.0,1.0,,Semiurban,,,,,,3.2,,,0
Male,No,0.0,Graduate,No,61488,0.0,61488.0,124000.0,,0.0,,Rural,,,,,,2.0166536559979185,,,0
Male,Yes,1.0,Graduate,No,75900,0.0,75900.0,175000.0,360.0,1.0,,Semiurban,,,,,,2.30566534914361,,,1
Male,Yes,0.0,Graduate,No,236760,63192.0,299952.0,570000.0,360.0,1.0,,Rural,,,,,,1.9003040486477836,,,0
Female,No,0.0,Graduate,Yes,189108,0.0,189108.0,55000.0,360.0,1.0,,Semiurban,,,,,,0.29083909723544216,,,1
Male,Yes,2.0,Graduate,No,62220,0.0,62220.0,155000.0,360.0,1.0,,Semiurban,,,,,,2.491160398585664,,,1
Male,Yes,2.0,Graduate,Yes,111876,94476.0,206352.0,380000.0,300.0,1.0,,Rural,,,,,,1.8415135302783594,,,1
Male,No,1.0,Graduate,No,36744,23844.0,60588.0,111000.0,180.0,0.0,,Urban,,,,,,1.8320459496930086,,,0
Female,No,0.0,Graduate,,33168,17508.0,50676.0,110000.0,360.0,1.0,,Urban,,,,,,2.17065277448891,,,1
Male,Yes,0.0,Graduate,No,57804,11076.0,68880.0,120000.0,180.0,1.0,,Urban,,,,,,1.7421602787456445,,,1
Male,Yes,3.0,Graduate,No,105000,59952.0,164952.0,130000.0,360.0,1.0,,Rural,,,,,,0.788108055676803,,,1
Male,Yes,0.0,Graduate,No,51720,0.0,51720.0,130000.0,360.0,,,Semiurban,,,,,,2.51353441608662,,,1
Male,No,0.0,Graduate,No,36828,0.0,36828.0,71000.0,480.0,1.0,,Urban,,,,,,1.9278809601390245,,,0
Male,Yes,2.0,Graduate,No,64692,0.0,64692.0,130000.0,360.0,1.0,,Urban,,,,,,2.0095220429110245,,,1
Male,Yes,0.0,Graduate,,39996,30000.0,69996.0,128000.0,360.0,1.0,,Semiurban,,,,,,1.8286759243385335,,,1
Male,No,0.0,Graduate,No,71292,50784.0,122076.0,296000.0,360.0,1.0,,Semiurban,,,,,,2.4247190274910713,,,1
Female,No,0.0,Graduate,No,72000,0.0,72000.0,156000.0,360.0,1.0,,Urban,,,,,,2.1666666666666665,,,1
Male,No,0.0,Graduate,Yes,86004,0.0,86004.0,128000.0,360.0,1.0,,Urban,,,,,,1.4883028696339704,,,1
Male,Yes,2.0,Graduate,No,54792,0.0,54792.0,100000.0,360.0,1.0,,Urban,,,,,,1.8250839538618777,,,0
Male,No,1.0,Graduate,,44004,0.0,44004.0,113000.0,180.0,1.0,,Urban,,,,,,2.5679483683301516,,,1
Male,No,0.0,Not Graduate,No,28152,19200.0,47352.0,132000.0,360.0,1.0,,Semiurban,,,,,,2.787633046122656,,,1
Male,Yes,0.0,Not Graduate,No,36120,37632.0,73752.0,,360.0,0.0,,Urban,,,,,,,,,0
Male,Yes,0.0,Graduate,No,27996,29004.0,57000.0,136000.0,360.0,1.0,,Urban,,,,,,2.3859649122807016,,,1
Male,Yes,0.0,Graduate,No,65856,0.0,65856.0,125000.0,360.0,1.0,,Rural,,,,,,1.8980806608357628,,,1
Male,No,3.0,Graduate,No,110004,0.0,110004.0,185000.0,360.0,1.0,,Rural,,,,,,1.6817570270171993,,,1
Male,Yes,3.0,Graduate,No,114048,0.0,114048.0,275000.0,360.0,1.0,,Rural,,,,,,2.4112654320987654,,,1
Male,Yes,0.0,Graduate,No,30996,25380.0,56376.0,120000.0,360.0,,,Urban,,,,,,2.1285653469561514,,,1
Male,Yes,2.0,Not Graduate,No,23916,19500.0,43416.0,113000.0,180.0,1.0,,Semiurban,,,,,,2.6027271052146674,,,1
Male,Yes,2.0,Graduate,No,37200,16800.0,54000.0,113000.0,360.0,1.0,,Urban,,,,,,2.0925925925925926,,,1
Male,Yes,2.0,Graduate,No,39312,5808.0,45120.0,135000.0,360.0,,,Semiurban,,,,,,2.992021276595745,,,1
Female,No,0.0,Graduate,No,38160,0.0,38160.0,71000.0,360.0,0.0,,Urban,,,,,,1.8605870020964361,,,0
Male,Yes,0.0,Graduate,No,36396,17508.0,53904.0,95000.0,360.0,1.0,,Urban,,,,,,1.7623924013060255,,,1
Male,No,0.0,Not Graduate,No,46824,19992.0,66816.0,109000.0,360.0,1.0,,Rural,,,,,,1.631345785440613,,,1
Female,No,0.0,Graduate,No,18000,21600.0,39600.0,103000.0,360.0,0.0,,Semiurban,,,,,,2.601010101010101,,,0
Male,Yes,2.0,Not Graduate,No,34668,0.0,34668.0,45000.0,180.0,0.0,,Urban,,,,,,1.2980269989615785,,,0
Male,No,0.0,Not Graduate,No,33060,0.0,33060.0,65000.0,300.0,1.0,,Rural,,,,,,1.9661222020568663,,,0
Male,No,0.0,Graduate,No,30000,240000.0,270000.0,103000.0,360.0,1.0,,Semiurban,,,,,,0.3814814814814815,,,1
Female,No,0.0,Not Graduate,No,23556,0.0,23556.0,53000.0,360.0,1.0,,Semiurban,,,,,,2.249957547970793,,,1
Female,No,0.0,Graduate,Yes,89292,0.0,89292.0,194000.0,360.0,1.0,,Rural,,,,,,2.1726470456479863,,,0
Female,No,0.0,Graduate,No,54564,0.0,54564.0,115000.0,360.0,1.0,,Semiurban,,,,,,2.1076167436404956,,,1
Male,Yes,0.0,Not Graduate,No,26004,28800.0,54804.0,115000.0,360.0,1.0,,Urban,,,,,,2.098386979052624,,,1
Female,No,0.0,Not Graduate,No,26556,0.0,26556.0,66000.0,360.0,1.0,,Rural,,,,,,2.485314053321283,,,1
Male,Yes,1.0,Graduate,No,99600,0.0,99600.0,152000.0,300.0,0.0,,Semiurban,,,,,,1.5261044176706828,,,0
Male,Yes,3.0,Graduate,No,972000,0.0,972000.0,360000.0,360.0,0.0,,Rural,,,,,,0.37037037037037035,,,0
Female,No,1.0,Not Graduate,Yes,46404,0.0,46404.0,62000.0,360.0,1.0,,Semiurban,,,,,,1.3360917162313595,,,0
Male,Yes,0.0,Graduate,,75072,0.0,75072.0,160000.0,360.0,,,Urban,,,,,,2.131287297527707,,,1
Male,Yes,0.0,Not Graduate,No,73152,0.0,73152.0,218000.0,360.0,0.0,,Rural,,,,,,2.980096237970254,,,0
Male,Yes,0.0,Not Graduate,No,27036,24396.0,51432.0,110000.0,360.0,1.0,,Rural,,,,,,2.1387463058018352,,,1
Female,Yes,0.0,Not Graduate,No,25788,38844.0,64632.0,178000.0,360.0,0.0,,Semiurban,,,,,,2.7540537195197428,,,0
Female,No,0.0,Graduate,No,35940,0.0,35940.0,60000.0,360.0,1.0,,Urban,,,,,,1.669449081803005,,,1
Female,No,1.0,Graduate,No,31200,0.0,31200.0,160000.0,360.0,1.0,,Urban,,,,,,5.128205128205129,,,0
Male,Yes,2.0,Graduate,Yes,19200,240000.0,259200.0,239000.0,360.0,1.0,,Urban,,,,,,0.9220679012345679,,,0
Male,Yes,0.0,Graduate,No,12300,33276.0,45576.0,112000.0,360.0,1.0,,Rural,,,,,,2.4574337370545902,,,1
Male,Yes,0.0,Graduate,No,38952,17004.0,55956.0,138000.0,360.0,1.0,,Semiurban,,,,,,2.4662234612910146,,,1
Male,Yes,0.0,Graduate,No,69948,0.0,69948.0,138000.0,360.0,1.0,,Rural,,,,,,1.9728941499399555,,,1
Female,No,0.0,Not Graduate,No,32640,0.0,32640.0,80000.0,,0.0,,Urban,,,,,,2.450980392156863,,,0
Male,Yes,0.0,Graduate,No,21840,20628.0,42468.0,100000.0,360.0,1.0,,Urban,,,,,,2.3547141377036827,,,1
Male,Yes,1.0,Graduate,No,87000,20004.0,107004.0,110000.0,,0.0,,Urban,,,,,,1.0279989533101566,,,0
Male,Yes,0.0,Graduate,No,178560,0.0,178560.0,96000.0,360.0,1.0,,Semiurban,,,,,,0.5376344086021505,,,1
Male,Yes,0.0,Graduate,No,31992,51600.0,83592.0,121000.0,360.0,1.0,,Rural,,,,,,1.4475069384630108,,,1
Female,No,1.0,Not Graduate,No,55272,0.0,55272.0,81000.0,360.0,1.0,,Rural,,,,,,1.4654798089448546,,,0
Male,Yes,2.0,Graduate,No,71220,0.0,71220.0,133000.0,360.0,1.0,,Semiurban,,,,,,1.8674529626509409,,,1
Male,Yes,0.0,Graduate,No,35040,193.44001007999998,35233.44001008,87000.0,360.0,1.0,,Rural,,,,,,2.4692451255145684,,,1
Male,No,0.0,Not Graduate,No,32604,0.0,32604.0,60000.0,180.0,1.0,,Urban,,,,,,1.840264998159735,,,1
Female,No,1.0,Graduate,Yes,103488,0.0,103488.0,150000.0,360.0,1.0,,Semiurban,,,,,,1.449443413729128,,,1
Male,No,0.0,Graduate,No,78000,0.0,78000.0,105000.0,360.0,0.0,,Rural,,,,,,1.3461538461538463,,,0
Male,No,0.0,Graduate,,154512,0.0,154512.0,405000.0,360.0,1.0,,Semiurban,,,,,,2.621155638397018,,,1
Male,Yes,0.0,Graduate,No,29100,28080.0,57180.0,143000.0,360.0,1.0,,Semiurban,,,,,,2.5008744316194473,,,1
Male,No,0.0,Graduate,No,45000,0.0,45000.0,100000.0,360.0,1.0,,Urban,,,,,,2.2222222222222223,,,1
Female,,,Graduate,No,120564,0.0,120564.0,,240.0,1.0,,Semiurban,,,,,,,,,1
Male,No,0.0,Graduate,No,23112,22212.0,45324.0,50000.0,360.0,1.0,,Semiurban,,,,,,1.1031682993557497,,,1
Male,Yes,0.0,Graduate,No,26556,13500.0,40056.0,,360.0,1.0,,Urban,,,,,,,,,1
Male,No,0.0,Graduate,Yes,124992,0.0,124992.0,187000.0,360.0,0.0,,Urban,,,,,,1.496095750128008,,,0
Female,Yes,0.0,Not Graduate,Yes,85704,0.0,85704.0,138000.0,360.0,1.0,,Rural,,,,,,1.6101932231867824,,,1
Male,No,0.0,Graduate,No,43920,60768.0,104688.0,187000.0,360.0,1.0,,Semiurban,,,,,,1.7862601253247745,,,1
Male,Yes,0.0,Graduate,No,94812,21996.0,116808.0,180000.0,360.0,1.0,,Rural,,,,,,1.540990343127183,,,1
Male,No,3.0,Not Graduate,No,56484,23916.0,80400.0,148000.0,360.0,1.0,,Semiurban,,,,,,1.8407960199004976,,,1
Male,No,1.0,Graduate,No,452628,0.0,452628.0,152000.0,360.0,1.0,,Semiurban,,,,,,0.33581660878248804,,,1
Male,Yes,0.0,Graduate,No,87996,99996.0,187992.0,175000.0,300.0,,,Rural,,,,,,0.9308906761989872,,,1
Male,Yes,1.0,Graduate,Yes,41592,14520.0,56112.0,130000.0,360.0,1.0,,Rural,,,,,,2.31679498146564,,,1
Male,Yes,2.0,Not Graduate,No,55824,0.0,55824.0,110000.0,360.0,1.0,,Rural,,,,,,1.9704786471768414,,,1
Male,Yes,0.0,Graduate,,42468,16512.0,58980.0,55000.0,360.0,1.0,,Rural,,,,,,0.932519498134961,,,0
Male,Yes,2.0,Graduate,No,40080,20520.0,60600.0,150000.0,360.0,0.0,,Rural,,,,,,2.4752475247524752,,,0
Male,No,1.0,Not Graduate,Yes,33228,18504.0,51732.0,190000.0,360.0,,,Semiurban,,,,,,3.672775071522462,,,0
Male,Yes,2.0,Not Graduate,No,27708,15060.0,42768.0,125000.0,360.0,0.0,,Rural,,,,,,2.922745978301534,,,0
Male,Yes,2.0,Not Graduate,No,23496,17472.0,40968.0,60000.0,300.0,,,Urban,,,,,,1.4645577035735209,,,1
Male,Yes,0.0,Graduate,No,47376,20796.0,68172.0,149000.0,360.0,0.0,,Rural,,,,,,2.185648066654932,,,0
Male,Yes,0.0,Graduate,No,29796,29592.0,59388.0,90000.0,180.0,0.0,,Rural,,,,,,1.5154576682158012,,,1
Male,No,0.0,Graduate,Yes,85020,0.0,85020.0,84000.0,360.0,1.0,,Semiurban,,,,,,0.9880028228652082,,,1
Male,Yes,2.0,Graduate,No,46308,0.0,46308.0,96000.0,360.0,1.0,,Semiurban,,,,,,2.0730759264058047,,,1
Male,Yes,0.0,Graduate,No,51612,0.0,51612.0,118000.0,360.0,1.0,,Urban,,,,,,2.2862900100751764,,,1
Male,Yes,0.0,Graduate,No,44496,30828.0,75324.0,173000.0,360.0,1.0,,Urban,,,,,,2.2967447294355052,,,0
Male,No,2.0,Graduate,No,52248,0.0,52248.0,136000.0,360.0,1.0,,Rural,,,,,,2.6029704486296126,,,1
Male,Yes,0.0,Graduate,No,100008,0.0,100008.0,160000.0,360.0,1.0,,Semiurban,,,,,,1.5998720102391808,,,0
,Yes,0.0,Graduate,Yes,24996,48996.0,73992.0,160000.0,360.0,,,Semiurban,,,,,,2.1623959346956427,,,1
Male,Yes,3.0,Graduate,No,92880,0.0,92880.0,128000.0,180.0,1.0,,Urban,,,,,,1.3781223083548666,,,1
Male,Yes,0.0,Graduate,No,36180,26256.0,62436.0,153000.0,360.0,1.0,,Rural,,,,,,2.4505093215452622,,,1
Female,No,1.0,Not Graduate,,62292,0.0,62292.0,132000.0,360.0,1.0,,Semiurban,,,,,,2.119052205740705,,,1
Male,No,0.0,Graduate,No,49992,0.0,49992.0,98000.0,360.0,0.0,,Semiurban,,,,,,1.9603136501840295,,,0
Male,No,0.0,Graduate,No,72000,0.0,72000.0,140000.0,360.0,1.0,,Rural,,,,,,1.9444444444444444,,,1
Male,Yes,3.0,Not Graduate,No,35364,19968.0,55332.0,70000.0,180.0,0.0,,Urban,,,,,,1.2650907250777128,,,0
,Yes,0.0,Graduate,No,200304,0.0,200304.0,110000.0,360.0,1.0,,Semiurban,,,,,,0.549165268791437,,,1
Female,Yes,2.0,Not Graduate,,2520,35004.0,37524.0,98000.0,360.0,1.0,,Semiurban,,,,,,2.611661869736702,,,1
Male,Yes,0.0,Graduate,No,51996,29412.0,81408.0,110000.0,360.0,1.0,,Urban,,,,,,1.3512185534591195,,,0
Male,Yes,1.0,Graduate,Yes,41400,24948.0,66348.0,162000.0,360.0,1.0,,Semiurban,,,,,,2.441671188279978,,,1
Male,Yes,1.0,Not Graduate,No,31836,18000.0,49836.0,113000.0,180.0,0.0,,Rural,,,,,,2.267437193996308,,,0
Male,Yes,3.0,Graduate,No,56292,0.0,56292.0,100000.0,360.0,1.0,,Semiurban,,,,,,1.7764513607617423,,,1
Female,No,0.0,Graduate,Yes,30000,0.0,30000.0,93000.0,360.0,,,Urban,,,,,,3.1,,,1
Male,No,2.0,Graduate,No,66384,55776.0,122160.0,162000.0,360.0,1.0,,Rural,,,,,,1.3261296660117878,,,1
Male,Yes,2.0,Graduate,Yes,198300,12168.0,210468.0,150000.0,360.0,1.0,,Rural,,,,,,0.7126974171845601,,,1
Male,Yes,2.0,Graduate,No,80400,21000.0,101400.0,230000.0,300.0,1.0,,Semiurban,,,,,,2.2682445759368837,,,1
,Yes,2.0,Graduate,No,34476,22464.0,56940.0,132000.0,360.0,0.0,,Semiurban,,,,,,2.3182297154899896,,,0
Male,Yes,1.0,Graduate,Yes,200004,27000.0,227004.0,86000.0,360.0,1.0,,Semiurban,,,,,,0.3788479498158623,,,1
Male,Yes,2.0,Graduate,No,35364,19236.0,54600.0,,360.0,1.0,,Urban,,,,,,,,,0
Female,No,0.0,Not Graduate,No,52200,0.0,52200.0,154000.0,360.0,1.0,,Rural,,,,,,2.950191570881226,,,1
Male,Yes,3.0,Not Graduate,No,37140,0.0,37140.0,113000.0,360.0,1.0,,Rural,,,,,,3.042541733979537,,,1
Male,Yes,0.0,Graduate,No,24996,37800.0,62796.0,128000.0,360.0,1.0,,Semiurban,,,,,,2.038346391489904,,,1
Male,Yes,0.0,Graduate,No,129996,0.0,129996.0,234000.0,360.0,1.0,,Semiurban,,,,,,1.800055386319579,,,1
Male,Yes,2.0,Graduate,No,99996,0.0,99996.0,246000.0,360.0,1.0,,Semiurban,,,,,,2.4600984039361573,,,1
Male,Yes,1.0,Not Graduate,No,23496,29232.0,52728.0,131000.0,360.0,1.0,,Rural,,,,,,2.4844484903656503,,,1
Male,No,2.0,Graduate,No,42564,0.0,42564.0,80000.0,360.0,0.0,,Rural,,,,,,1.87952260125928,,,0
Male,Yes,1.0,Graduate,No,219996,0.0,219996.0,500000.0,360.0,1.0,,Urban,,,,,,2.272768595792651,,,0
Male,Yes,2.0,Graduate,Yes,54996,24996.0,79992.0,160000.0,360.0,1.0,,Semiurban,,,,,,2.000200020002,,,1
Male,No,0.0,Graduate,No,29220,0.0,29220.0,75000.0,360.0,1.0,,Urban,,,,,,2.566735112936345,,,0
Male,No,0.0,Not Graduate,No,32388,33420.0,65808.0,96000.0,360.0,,,Semiurban,,,,,,1.4587892049598834,,,1
Male,Yes,1.0,Not Graduate,No,63996,13572.0,77568.0,186000.0,360.0,,,Urban,,,,,,2.3978960396039604,,,1
Male,No,0.0,Not Graduate,No,44292,0.0,44292.0,110000.0,360.0,1.0,,Rural,,,,,,2.4835184683464284,,,1
Female,No,0.0,Not Graduate,Yes,207156,0.0,207156.0,225000.0,360.0,1.0,,Semiurban,,,,,,1.0861379829693565,,,1
Male,Yes,0.0,Graduate,No,43164,25884.0,69048.0,119000.0,360.0,0.0,,Rural,,,,,,1.7234387672343876,,,0
Female,Yes,1.0,Graduate,No,39912,10956.0,50868.0,105000.0,84.0,1.0,,Semiurban,,,,,,2.0641660769049306,,,1
Male,Yes,0.0,Not Graduate,No,31200,20400.0,51600.0,107000.0,360.0,1.0,,Rural,,,,,,2.0736434108527133,,,1
Male,Yes,0.0,Graduate,No,55500,34284.0,89784.0,111000.0,12.0,,,Urban,,,,,,1.2363004544239509,,,1
Male,Yes,1.0,Graduate,Yes,34740,0.0,34740.0,95000.0,360.0,1.0,,Semiurban,,,,,,2.734599884858952,,,1
Male,No,0.0,Graduate,No,75396,52992.0,128388.0,209000.0,360.0,0.0,,Rural,,,,,,1.6278779948281772,,,0
Female,No,0.0,Graduate,No,7740,44196.0,51936.0,113000.0,480.0,1.0,,Rural,,,,,,2.175754775107825,,,1
Female,No,0.0,Graduate,No,37908,0.0,37908.0,100000.0,360.0,1.0,,Semiurban,,,,,,2.6379656009285637,,,1
Male,Yes,2.0,Graduate,No,58380,67488.0,125868.0,208000.0,360.0,1.0,,Semiurban,,,,,,1.6525248673213206,,,1
Male,Yes,1.0,Not Graduate,No,48600,63624.0,112224.0,138000.0,360.0,,,Rural,,,,,,1.229683490162532,,,0
Male,Yes,0.0,Not Graduate,No,45768,17796.0,63564.0,124000.0,300.0,1.0,,Semiurban,,,,,,1.95078975520735,,,1
Male,Yes,2.0,Graduate,No,42120,52992.0,95112.0,243000.0,360.0,1.0,,Rural,,,,,,2.554882664647994,,,1
Male,Yes,0.0,Graduate,No,249996,80004.0,330000.0,480000.0,360.0,,,Urban,,,,,,1.4545454545454546,,,1
,No,0.0,Graduate,No,42996,0.0,42996.0,96000.0,360.0,1.0,,Urban,,,,,,2.2327658386826683,,,0
Male,Yes,0.0,Graduate,Yes,29748,36156.0,65904.0,188000.0,360.0,1.0,,Urban,,,,,,2.8526341344986648,,,1
Female,No,1.0,Graduate,No,159144,0.0,159144.0,40000.0,360.0,1.0,,Urban,,,,,,0.25134469411350724,,,1
Male,No,0.0,Not Graduate,No,43176,15444.0,58620.0,100000.0,360.0,1.0,,Rural,,,,,,1.7059024223814399,,,0
Male,Yes,1.0,Graduate,No,72780,24048.0,96828.0,250000.0,360.0,1.0,,Semiurban,,,,,,2.581897798157558,,,1
Male,Yes,2.0,Graduate,No,39396,24420.0,63816.0,148000.0,360.0,1.0,,Urban,,,,,,2.3191676068697507,,,1
Male,Yes,0.0,Graduate,No,25560,79992.0,105552.0,70000.0,180.0,1.0,,Semiurban,,,,,,0.6631802334394422,,,0
Male,No,0.0,Graduate,No,69780,43992.0,113772.0,311000.0,360.0,1.0,,Rural,,,,,,2.7335372499384736,,,0
Male,Yes,3.0,Graduate,No,41592,41136.0,82728.0,150000.0,360.0,1.0,,Rural,,,,,,1.8131708732230924,,,1
Female,Yes,2.0,Graduate,No,24372,19584.0,43956.0,113000.0,480.0,1.0,,Semiurban,,,,,,2.5707525707525707,,,1
Male,Yes,,Not Graduate,No,36888,21600.0,58488.0,123000.0,360.0,0.0,,Semiurban,,,,,,2.1029954862535907,,,0
Male,No,0.0,Graduate,No,56196,22980.0,79176.0,185000.0,360.0,1.0,,Semiurban,,,,,,2.336566636354451,,,0
Female,No,0.0,Not Graduate,No,40800,0.0,40800.0,95000.0,360.0,1.0,,Rural,,,,,,2.3284313725490198,,,0
Male,Yes,2.0,Not Graduate,No,26304,20904.0,47208.0,45000.0,360.0,1.0,,Semiurban,,,,,,0.9532282663955262,,,1
Male,No,0.0,Graduate,No,30000,0.0,30000.0,55000.0,360.0,1.0,,Semiurban,,,,,,1.8333333333333333,,,1
Male,Yes,3.0,Graduate,Yes,68124,17088.0,85212.0,100000.0,360.0,1.0,,Rural,,,,,,1.1735436323522508,,,1
Male,Yes,2.0,Graduate,Yes,95376,85992.0,181368.0,480000.0,360.0,1.0,,Rural,,,,,,2.646552864893476,,,1
Male,No,0.0,Graduate,No,56160,25044.0,81204.0,,360.0,1.0,,Semiurban,,,,,,,,,0
Male,Yes,2.0,Graduate,Yes,210000,0.0,210000.0,400000.0,360.0,1.0,,Rural,,,,,,1.9047619047619047,,,1
Male,Yes,0.0,Graduate,No,45300,0.0,45300.0,110000.0,360.0,1.0,,Semiurban,,,,,,2.4282560706401766,,,1
Male,Yes,1.0,Not Graduate,No,63420,17160.0,80580.0,161000.0,360.0,0.0,,Semiurban,,,,,,1.9980143956316705,,,1
Male,No,1.0,Not Graduate,No,32148,15624.0,47772.0,94000.0,360.0,1.0,,Semiurban,,,,,,1.9676798124424348,,,1
Male,No,0.0,Not Graduate,No,81396,0.0,81396.0,130000.0,360.0,1.0,,Semiurban,,,,,,1.5971300801022164,,,1
Male,Yes,0.0,Graduate,No,12300,66000.0,78300.0,216000.0,360.0,,,Rural,,,,,,2.7586206896551726,,,1
Male,Yes,3.0,Graduate,No,51372,0.0,51372.0,100000.0,360.0,1.0,,Urban,,,,,,1.9465856887020168,,,1
Male,No,2.0,Graduate,No,43056,0.0,43056.0,110000.0,360.0,0.0,,Rural,,,,,,2.554812337421033,,,0
Male,No,1.0,Graduate,No,135000,0.0,135000.0,196000.0,360.0,,,Semiurban,,,,,,1.451851851851852,,,0
Female,No,0.0,Not Graduate,Yes,217980,0.0,217980.0,125000.0,360.0,1.0,,Urban,,,,,,0.5734471052390128,,,1
Male,No,0.0,Not Graduate,,30600,24504.0,55104.0,126000.0,360.0,1.0,,Rural,,,,,,2.2865853658536586,,,1
Male,Yes,0.0,Graduate,No,73596,46872.0,120468.0,324000.0,360.0,1.0,,Urban,,,,,,2.6895109074609023,,,1
Male,No,2.0,Graduate,No,43404,0.0,43404.0,107000.0,360.0,1.0,,Semiurban,,,,,,2.4652105796700763,,,1
Male,Yes,0.0,Not Graduate,No,35004,6432.0,41436.0,66000.0,360.0,1.0,,Rural,,,,,,1.5928178395598032,,,0
Male,Yes,3.0,Graduate,No,77004,0.0,77004.0,157000.0,180.0,1.0,,Rural,,,,,,2.0388551244091215,,,1
Female,Yes,1.0,Graduate,No,55296,34140.0,89436.0,140000.0,180.0,1.0,,Semiurban,,,,,,1.5653651773335122,,,1
Female,No,0.0,Graduate,No,25656,0.0,25656.0,99000.0,360.0,0.0,,Semiurban,,,,,,3.8587464920486436,,,0
Female,No,1.0,Graduate,,43824,0.0,43824.0,95000.0,360.0,1.0,,Semiurban,,,,,,2.1677619569185835,,,1
Male,Yes,1.0,Not Graduate,No,26868,30288.0,57156.0,128000.0,360.0,1.0,,Urban,,,,,,2.239484918468752,,,1
Female,Yes,0.0,Not Graduate,No,36204,7956.0,44160.0,102000.0,360.0,,,Semiurban,,,,,,2.3097826086956523,,,1
Male,Yes,0.0,Graduate,No,33216,23400.0,56616.0,155000.0,360.0,1.0,,Rural,,,,,,2.7377419810654233,,,1
Male,No,0.0,Not Graduate,No,40296,0.0,40296.0,80000.0,36.0,1.0,,Semiurban,,,,,,1.9853087155052611,,,0
Male,No,0.0,Graduate,No,30312,21396.0,51708.0,145000.0,360.0,1.0,,Rural,,,,,,2.804208246306181,,,1
Female,No,0.0,Graduate,No,60000,0.0,60000.0,103000.0,360.0,0.0,,Semiurban,,,,,,1.7166666666666666,,,0
Male,Yes,0.0,Graduate,No,33420,24192.0,57612.0,110000.0,360.0,1.0,,Rural,,,,,,1.9093244462959105,,,1
Male,Yes,2.0,Graduate,Yes,79596,0.0,79596.0,,360.0,0.0,,Rural,,,,,,,,,0
Male,Yes,1.0,Not Graduate,No,29904,28500.0,58404.0,,360.0,1.0,,Rural,,,,,,,,,1
Male,Yes,1.0,Graduate,No,39996,39000.0,78996.0,158000.0,360.0,1.0,,Urban,,,,,,2.000101270950428,,,1
Male,Yes,0.0,Not Graduate,No,29448,27996.0,57444.0,181000.0,360.0,0.0,,Urban,,,,,,3.15089478448576,,,0
Male,Yes,0.0,Graduate,No,43116,51192.0,94308.0,132000.0,180.0,0.0,,Rural,,,,,,1.3996691691054841,,,0
Male,Yes,1.0,Graduate,No,65616,12384.0,78000.0,26000.0,360.0,1.0,,Semiurban,,,,,,0.3333333333333333,,,1
Female,No,0.0,Graduate,No,32004,19500.0,51504.0,84000.0,360.0,,,Urban,,,,,,1.6309412861136998,,,1
Male,Yes,3.0,Graduate,Yes,121668,0.0,121668.0,260000.0,360.0,1.0,,Semiurban,,,,,,2.1369628825985467,,,1
Male,Yes,0.0,Graduate,No,46644,32028.0,78672.0,162000.0,360.0,1.0,,Semiurban,,,,,,2.059182428309945,,,1
Female,Yes,0.0,Graduate,No,50160,27672.0,77832.0,182000.0,360.0,1.0,,Semiurban,,,,,,2.3383698221811082,,,1
Male,Yes,2.0,Not Graduate,No,44100,2904.0,47004.0,108000.0,360.0,1.0,,Semiurban,,,,,,2.297676793464386,,,1
Female,Yes,1.0,Graduate,Yes,233808,0.0,233808.0,600000.0,360.0,1.0,,Semiurban,,,,,,2.566208170806816,,,1
Male,Yes,0.0,Graduate,No,71076,24648.0,95724.0,211000.0,360.0,1.0,,Rural,,,,,,2.2042538966194476,,,1
Male,No,0.0,Not Graduate,Yes,69600,0.0,69600.0,132000.0,360.0,1.0,,Semiurban,,,,,,1.896551724137931,,,1
Male,Yes,2.0,Graduate,No,105588,0.0,105588.0,258000.0,360.0,0.0,,Urban,,,,,,2.4434594840322763,,,0
Male,Yes,0.0,Not Graduate,No,53604,0.0,53604.0,120000.0,360.0,,,Rural,,,,,,2.238638907544213,,,1
Male,No,0.0,Graduate,No,39996,0.0,39996.0,70000.0,360.0,1.0,,Urban,,,,,,1.75017501750175,,,1
Male,Yes,3.0,Graduate,No,40800,30000.0,70800.0,123000.0,360.0,0.0,,Rural,,,,,,1.7372881355932204,,,0
Female,No,0.0,Graduate,No,28536,0.0,28536.0,9000.0,360.0,1.0,,Urban,,,,,,0.3153910849453322,,,0
Male,Yes,0.0,Graduate,No,37992,24768.0,62760.0,104000.0,360.0,0.0,,Urban,,,,,,1.65710643722116,,,0
Male,Yes,1.0,Graduate,No,41004,21000.0,62004.0,186000.0,360.0,1.0,,Urban,,,,,,2.9998064640990902,,,1
Male,Yes,,Graduate,No,61392,17412.0,78804.0,165000.0,360.0,0.0,,Urban,,,,,,2.0938023450586263,,,0
Male,Yes,2.0,Graduate,No,199992,0.0,199992.0,275000.0,360.0,1.0,,Urban,,,,,,1.375055002200088,,,1
Male,Yes,2.0,Not Graduate,No,73500,19500.0,93000.0,187000.0,480.0,1.0,,Semiurban,,,,,,2.010752688172043,,,0
Male,Yes,3.0,Graduate,No,76872,0.0,76872.0,150000.0,360.0,1.0,,Semiurban,,,,,,1.9512956603184515,,,0
Male,Yes,2.0,Graduate,No,37908,5532.0,43440.0,108000.0,84.0,1.0,,Urban,,,,,,2.4861878453038675,,,1
,Yes,0.0,Graduate,No,37044,26520.0,63564.0,136000.0,360.0,0.0,,Semiurban,,,,,,2.139575860549997,,,0
Male,No,0.0,Graduate,No,38748,32868.0,71616.0,110000.0,360.0,1.0,,Urban,,,,,,1.535969615728329,,,1
Male,Yes,1.0,Graduate,No,21384,26784.0,48168.0,107000.0,360.0,1.0,,Rural,,,,,,2.221391795382827,,,1
Male,No,0.0,Graduate,,38184,35004.0,73188.0,161000.0,360.0,1.0,,Urban,,,,,,2.199814177187517,,,1
Male,Yes,2.0,Graduate,No,78480,0.0,78480.0,205000.0,360.0,1.0,,Semiurban,,,,,,2.612130479102956,,,1
Male,No,0.0,Graduate,No,22032,406044.0,428076.0,90000.0,360.0,1.0,,Urban,,,,,,0.21024304095534438,,,0
Female,Yes,0.0,Graduate,No,37992,0.0,37992.0,36000.0,360.0,1.0,,Semiurban,,,,,,0.9475679090334808,,,1
Male,Yes,1.0,Graduate,No,22560,0.0,22560.0,61000.0,360.0,,,Rural,,,,,,2.7039007092198584,,,0
Male,Yes,1.0,Graduate,No,33444,23004.0,56448.0,146000.0,360.0,0.0,,Rural,,,,,,2.5864512471655328,,,0
Male,Yes,1.0,Graduate,No,51396,36000.0,87396.0,172000.0,84.0,1.0,,Rural,,,,,,1.9680534578241566,,,0
Male,Yes,0.0,Graduate,No,27564,18264.0,45828.0,104000.0,360.0,1.0,,Urban,,,,,,2.269354979488522,,,1
Female,No,0.0,Not Graduate,No,25980,0.0,25980.0,70000.0,360.0,1.0,,Semiurban,,,,,,2.6943802925327174,,,1
,No,0.0,Graduate,No,57000,0.0,57000.0,94000.0,360.0,1.0,,Semiurban,,,,,,1.6491228070175439,,,1
Male,Yes,2.0,Graduate,Yes,32712,0.0,32712.0,106000.0,360.0,0.0,,Semiurban,,,,,,3.240401076057716,,,0
Male,Yes,0.0,Graduate,No,36000,40992.0,76992.0,56000.0,180.0,1.0,,Semiurban,,,,,,0.7273482959268496,,,1
Male,Yes,2.0,Graduate,Yes,72000,0.0,72000.0,205000.0,240.0,1.0,,Semiurban,,,,,,2.8472222222222223,,,0
,No,3.0,Graduate,Yes,112284,0.0,112284.0,292000.0,360.0,1.0,,Semiurban,,,,,,2.600548608884614,,,1
Male,Yes,0.0,Graduate,No,46308,39600.0,85908.0,142000.0,180.0,1.0,,Rural,,,,,,1.6529310425105928,,,1
Male,Yes,0.0,Graduate,Yes,193440,0.0,193440.0,260000.0,360.0,1.0,,Urban,,,,,,1.3440860215053763,,,1
Male,No,0.0,Not Graduate,No,45996,0.0,45996.0,110000.0,360.0,1.0,,Rural,,,,,,2.3915123054178626,,,1
Male,Yes,2.0,Not Graduate,Yes,76596,12000.0,88596.0,187000.0,360.0,1.0,,Rural,,,,,,2.1107047722244796,,,0
Male,No,,Graduate,No,35844,0.0,35844.0,88000.0,360.0,0.0,,Semiurban,,,,,,2.455083138042629,,,0
Male,Yes,0.0,Graduate,Yes,119556,0.0,119556.0,180000.0,360.0,1.0,,Rural,,,,,,1.5055706112616682,,,1
Male,Yes,2.0,Graduate,No,69360,0.0,69360.0,192000.0,360.0,1.0,,Urban,,,,,,2.7681660899653977,,,1
Female,No,3.0,Graduate,,4992,500004.0,504996.0,350000.0,180.0,,,Urban,,,,,,0.6930747966320525,,,0
Male,Yes,0.0,Not Graduate,,34728,33504.0,68232.0,155000.0,360.0,1.0,,Rural,,,,,,2.271661390549889,,,1
Male,Yes,3.0,Graduate,No,68436,0.0,68436.0,128000.0,360.0,1.0,,Urban,,,,,,1.8703606289087615,,,1
Male,No,0.0,Graduate,No,44112,51612.0,95724.0,172000.0,360.0,1.0,,Rural,,,,,,1.7968325602774644,,,1
Female,Yes,1.0,Graduate,No,144000,0.0,144000.0,496000.0,360.0,1.0,,Semiurban,,,,,,3.4444444444444446,,,1
Male,Yes,0.0,Not Graduate,No,28800,45600.0,74400.0,,180.0,1.0,,Urban,,,,,,,,,0
Male,Yes,1.0,Graduate,No,40800,30000.0,70800.0,173000.0,360.0,1.0,,Semiurban,,,,,,2.443502824858757,,,1
Male,Yes,2.0,Not Graduate,No,47844,16932.0,64776.0,157000.0,360.0,1.0,,Rural,,,,,,2.4237371866123256,,,1
Male,Yes,0.0,Graduate,No,38784,23400.0,62184.0,108000.0,360.0,1.0,,Rural,,,,,,1.7367811655731378,,,1
Female,No,0.0,Graduate,No,34800,0.0,34800.0,71000.0,360.0,1.0,,Rural,,,,,,2.0402298850574714,,,1
Male,Yes,3.0,Graduate,No,49272,0.0,49272.0,40000.0,180.0,1.0,,Rural,,,,,,0.8118201006656924,,,1
Male,Yes,1.0,Graduate,No,96864,2880.0,99744.0,253000.0,360.0,1.0,,Urban,,,,,,2.536493423163298,,,1
Male,Yes,2.0,Graduate,No,90996,0.0,90996.0,187000.0,360.0,1.0,,Urban,,,,,,2.055035386170821,,,1
Female,No,0.0,Graduate,Yes,54996,0.0,54996.0,133000.0,360.0,0.0,,Semiurban,,,,,,2.4183576987417266,,,0
,,2.0,Graduate,No,9600000,0.0,9600000.0,29900000.0,144.0,,778.0,,2400000.0,17600000.0,22700000.0,8000000.0,50700000.0,3.1145833333333335,5.28125,0.5897435897435898,1
,,0.0,Not Graduate,Yes,4100000,0.0,4100000.0,12200000.0,96.0,,417.0,,2700000.0,2200000.0,8800000.0,3300000.0,17000000.0,2.975609756097561,4.146341463414634,0.7176470588235294,0
,,3.0,Graduate,No,9100000,0.0,9100000.0,29700000.0,240.0,,506.0,,7100000.0,4500000.0,33300000.0,12800000.0,57700000.0,3.2637362637362637,6.34065934065934,0.5147313691507799,0
,,3.0,Graduate,No,8200000,0.0,8200000.0,30700000.0,96.0,,467.0,,18200000.0,3300000.0,23300000.0,7900000.0,52700000.0,3.7439024390243905,6.426829268292683,0.5825426944971537,0
,,5.0,Not Graduate,Yes,9800000,0.0,9800000.0,24200000.0,240.0,,382.0,,12400000.0,8200000.0,29400000.0,5000000.0,55000000.0,2.4693877551020407,5.612244897959184,0.44,0
,,0.0,Graduate,Yes,4800000,0.0,4800000.0,13500000.0,120.0,,319.0,,6800000.0,8300000.0,13700000.0,5100000.0,33900000.0,2.8125,7.0625,0.39823008849557523,0
,,5.0,Graduate,No,8700000,0.0,8700000.0,33000000.0,48.0,,678.0,,22500000.0,14800000.0,29200000.0,4300000.0,70800000.0,3.793103448275862,8.137931034482758,0.4661016949152542,1
,,2.0,Graduate,Yes,5700000,0.0,5700000.0,15000000.0,240.0,,382.0,,13200000.0,5700000.0,11800000.0,6000000.0,36700000.0,2.6315789473684212,6.43859649122807,0.4087193460490463,0
,,0.0,Graduate,Yes,800000,0.0,800000.0,2200000.0,240.0,,782.0,,1300000.0,800000.0,2800000.0,600000.0,5500000.0,2.75,6.875,0.4,1
,,5.0,Not Graduate,No,1100000,0.0,1100000.0,4300000.0,120.0,,388.0,,3200000.0,1400000.0,3300000.0,1600000.0,9500000.0,3.909090909090909,8.636363636363637,0.45263157894736844,0
,,4.0,Graduate,Yes,2900000,0.0,2900000.0,11200000.0,24.0,,547.0,,8100000.0,4700000.0,9500000.0,3100000.0,25400000.0,3.8620689655172415,8.758620689655173,0.4409448818897638,1
,,2.0,Not Graduate,Yes,6700000,0.0,6700000.0,22700000.0,216.0,,538.0,,15300000.0,5800000.0,20400000.0,6400000.0,47900000.0,3.388059701492537,7.149253731343284,0.47390396659707723,0
,,3.0,Not Graduate,Yes,5000000,0.0,5000000.0,11600000.0,192.0,,311.0,,6400000.0,9600000.0,14600000.0,4300000.0,34900000.0,2.32,6.98,0.332378223495702,0
,,2.0,Graduate,Yes,9100000,0.0,9100000.0,31500000.0,168.0,,679.0,,10800000.0,16600000.0,20900000.0,5000000.0,53300000.0,3.4615384615384617,5.857142857142857,0.5909943714821764,1
,,1.0,Not Graduate,No,1900000,0.0,1900000.0,7400000.0,72.0,,469.0,,1900000.0,1200000.0,5900000.0,1900000.0,10900000.0,3.8947368421052633,5.7368421052631575,0.6788990825688074,0
,,5.0,Not Graduate,No,4700000,0.0,4700000.0,10700000.0,120.0,,794.0,,5700000.0,3900000.0,16400000.0,4400000.0,30400000.0,2.276595744680851,6.468085106382978,0.3519736842105263,1
,,2.0,Graduate,Yes,500000,0.0,500000.0,1600000.0,48.0,,663.0,,1300000.0,100000.0,1300000.0,700000.0,3400000.0,3.2,6.8,0.47058823529411764,1
,,4.0,Not Graduate,Yes,2900000,0.0,2900000.0,9400000.0,168.0,,780.0,,2900000.0,2800000.0,6700000.0,4300000.0,16700000.0,3.2413793103448274,5.758620689655173,0.562874251497006,1
,,2.0,Graduate,No,2700000,0.0,2700000.0,10300000.0,120.0,,736.0,,1000000.0,0.0,6200000.0,3300000.0,10500000.0,3.814814814814815,3.888888888888889,0.9809523809523809,1
,,5.0,Graduate,No,6300000,0.0,6300000.0,14600000.0,144.0,,652.0,,10300000.0,3500000.0,23500000.0,5900000.0,43200000.0,2.3174603174603177,6.857142857142857,0.33796296296296297,1
,,2.0,Graduate,No,5000000,0.0,5000000.0,19400000.0,144.0,,315.0,,9500000.0,1600000.0,18000000.0,6100000.0,35200000.0,3.88,7.04,0.5511363636363636,0
,,4.0,Graduate,No,5800000,0.0,5800000.0,14000000.0,192.0,,530.0,,3800000.0,11300000.0,22200000.0,5400000.0,42700000.0,2.413793103448276,7.362068965517241,0.32786885245901637,0
,,4.0,Graduate,Yes,6500000,0.0,6500000.0,25700000.0,216.0,,311.0,,13100000.0,1700000.0,19500000.0,8500000.0,42800000.0,3.953846153846154,6.584615384615384,0.6004672897196262,0
,,0.0,Not Graduate,Yes,500000,0.0,500000.0,1400000.0,24.0,,551.0,,900000.0,600000.0,1100000.0,300000.0,2900000.0,2.8,5.8,0.4827586206896552,1
,,0.0,Not Graduate,No,4900000,0.0,4900000.0,9800000.0,192.0,,324.0,,3800000.0,8700000.0,10000000.0,3300000.0,25800000.0,2.0,5.26530612244898,0.3798449612403101,0
,,5.0,Not Graduate,No,3100000,0.0,3100000.0,9500000.0,240.0,,514.0,,7900000.0,3100000.0,6600000.0,2600000.0,20200000.0,3.064516129032258,6.516129032258065,0.47029702970297027,0
,,4.0,Graduate,No,8200000,0.0,8200000.0,28100000.0,144.0,,696.0,,11500000.0,10600000.0,25300000.0,7200000.0,54600000.0,3.426829268292683,6.658536585365853,0.5146520146520146,1
,,4.0,Not Graduate,Yes,2400000,0.0,2400000.0,5600000.0,48.0,,662.0,,4500000.0,4200000.0,5400000.0,2500000.0,16600000.0,2.3333333333333335,6.916666666666667,0.3373493975903614,1
,,5.0,Not Graduate,Yes,7000000,0.0,7000000.0,24000000.0,72.0,,336.0,,2300000.0,11900000.0,27500000.0,9700000.0,51400000.0,3.4285714285714284,7.3428571428571425,0.4669260700389105,0
,,3.0,Not Graduate,Yes,9000000,0.0,9000000.0,31500000.0,120.0,,850.0,,21800000.0,12400000.0,33700000.0,8000000.0,75900000.0,3.5,8.433333333333334,0.4150197628458498,1
,,2.0,Not Graduate,No,9800000,0.0,9800000.0,25300000.0,144.0,,313.0,,20200000.0,5200000.0,25500000.0,9300000.0,60200000.0,2.5816326530612246,6.142857142857143,0.420265780730897,0
,,2.0,Graduate,No,5700000,0.0,5700000.0,12000000.0,72.0,,363.0,,3600000.0,7400000.0,21700000.0,4300000.0,37000000.0,2.1052631578947367,6.491228070175438,0.32432432432432434,0
,,1.0,Not Graduate,Yes,800000,0.0,800000.0,1600000.0,120.0,,436.0,,700000.0,200000.0,2200000.0,1000000.0,4100000.0,2.0,5.125,0.3902439024390244,0
,,5.0,Not Graduate,Yes,8400000,0.0,8400000.0,22000000.0,24.0,,830.0,,3800000.0,3900000.0,19900000.0,5400000.0,33000000.0,2.619047619047619,3.9285714285714284,0.6666666666666666,1
,,3.0,Graduate,No,4900000,0.0,4900000.0,11900000.0,96.0,,612.0,,9700000.0,1200000.0,19000000.0,5800000.0,35700000.0,2.4285714285714284,7.285714285714286,0.3333333333333333,1
,,2.0,Graduate,Yes,1700000,0.0,1700000.0,3400000.0,96.0,,691.0,,2700000.0,2800000.0,6000000.0,900000.0,12400000.0,2.0,7.294117647058823,0.27419354838709675,1
,,3.0,Not Graduate,No,1600000,0.0,1600000.0,6200000.0,216.0,,636.0,,3400000.0,700000.0,5300000.0,1400000.0,10800000.0,3.875,6.75,0.5740740740740741,1
,,5.0,Graduate,Yes,8000000,0.0,8000000.0,27200000.0,72.0,,348.0,,6400000.0,300000.0,16700000.0,7100000.0,30500000.0,3.4,3.8125,0.8918032786885246,0
,,5.0,Graduate,No,3600000,0.0,3600000.0,7700000.0,192.0,,830.0,,7000000.0,1300000.0,10000000.0,2900000.0,21200000.0,2.138888888888889,5.888888888888889,0.3632075471698113,1
,,3.0,Not Graduate,Yes,1500000,0.0,1500000.0,5100000.0,72.0,,352.0,,100000.0,200000.0,5600000.0,900000.0,6800000.0,3.4,4.533333333333333,0.75,0
,,1.0,Graduate,No,7800000,0.0,7800000.0,18100000.0,24.0,,712.0,,8600000.0,11200000.0,21700000.0,9000000.0,50500000.0,2.3205128205128207,6.4743589743589745,0.3584158415841584,1
,,2.0,Not Graduate,No,9100000,0.0,9100000.0,24900000.0,192.0,,822.0,,22300000.0,12100000.0,31000000.0,5200000.0,70600000.0,2.7362637362637363,7.758241758241758,0.3526912181303116,1
,,3.0,Graduate,No,1400000,0.0,1400000.0,3400000.0,72.0,,540.0,,200000.0,1500000.0,3900000.0,800000.0,6400000.0,2.4285714285714284,4.571428571428571,0.53125,0
,,2.0,Graduate,Yes,800000,0.0,800000.0,2300000.0,144.0,,342.0,,2200000.0,1300000.0,1800000.0,800000.0,6100000.0,2.875,7.625,0.3770491803278688,0
,,5.0,Graduate,No,6500000,0.0,6500000.0,13400000.0,216.0,,787.0,,18200000.0,300000.0,16200000.0,5400000.0,40100000.0,2.0615384615384613,6.1692307692307695,0.3341645885286783,1
,,4.0,Graduate,No,8000000,0.0,8000000.0,27800000.0,192.0,,331.0,,13000000.0,6300000.0,21400000.0,10900000.0,51600000.0,3.475,6.45,0.5387596899224806,0
,,3.0,Not Graduate,Yes,4200000,0.0,4200000.0,14600000.0,72.0,,679.0,,2400000.0,6900000.0,8700000.0,4900000.0,22900000.0,3.4761904761904763,5.4523809523809526,0.6375545851528385,1
,,1.0,Graduate,Yes,4900000,0.0,4900000.0,19100000.0,168.0,,677.0,,5400000.0,9100000.0,17700000.0,6500000.0,38700000.0,3.8979591836734695,7.8979591836734695,0.4935400516795866,1
,,3.0,Not Graduate,No,5500000,0.0,5500000.0,20500000.0,144.0,,634.0,,800000.0,8600000.0,18500000.0,8200000.0,36100000.0,3.727272727272727,6.5636363636363635,0.5678670360110804,1
,,1.0,Not Graduate,Yes,9500000,0.0,9500000.0,19100000.0,192.0,,662.0,,100000.0,10500000.0,37700000.0,11700000.0,60000000.0,2.0105263157894737,6.315789473684211,0.31833333333333336,1
,,4.0,Graduate,No,7300000,0.0,7300000.0,25400000.0,192.0,,502.0,,500000.0,1800000.0,20500000.0,10500000.0,33300000.0,3.4794520547945207,4.561643835616438,0.7627627627627628,0
,,2.0,Graduate,No,8700000,0.0,8700000.0,24700000.0,120.0,,435.0,,6800000.0,3500000.0,21800000.0,11300000.0,43400000.0,2.839080459770115,4.988505747126437,0.5691244239631337,0
,,5.0,Not Graduate,No,3800000,0.0,3800000.0,7600000.0,48.0,,689.0,,8700000.0,100000.0,9300000.0,3400000.0,21500000.0,2.0,5.657894736842105,0.35348837209302325,1
,,1.0,Not Graduate,Yes,8400000,0.0,8400000.0,23000000.0,144.0,,657.0,,15400000.0,14800000.0,31900000.0,8200000.0,70300000.0,2.738095238095238,8.369047619047619,0.32716927453769556,1
,,2.0,Graduate,Yes,5100000,0.0,5100000.0,19700000.0,240.0,,590.0,,7400000.0,9300000.0,19400000.0,3400000.0,39500000.0,3.8627450980392157,7.745098039215686,0.49873417721518987,1
,,5.0,Not Graduate,No,6700000,0.0,6700000.0,24500000.0,144.0,,818.0,,1200000.0,5600000.0,16300000.0,6200000.0,29300000.0,3.656716417910448,4.373134328358209,0.8361774744027304,1
,,2.0,Not Graduate,No,4300000,0.0,4300000.0,10600000.0,216.0,,431.0,,2100000.0,1500000.0,9300000.0,5200000.0,18100000.0,2.4651162790697674,4.209302325581396,0.585635359116022,0
,,5.0,Graduate,Yes,9300000,0.0,9300000.0,30500000.0,216.0,,841.0,,19300000.0,10300000.0,34600000.0,8700000.0,72900000.0,3.2795698924731185,7.838709677419355,0.41838134430727025,1
,,1.0,Graduate,No,7400000,0.0,7400000.0,18400000.0,240.0,,421.0,,18500000.0,9100000.0,17500000.0,4100000.0,49200000.0,2.4864864864864864,6.648648648648648,0.37398373983739835,0
,,4.0,Not Graduate,Yes,5500000,0.0,5500000.0,18200000.0,192.0,,797.0,,0.0,4900000.0,18600000.0,4800000.0,28300000.0,3.309090909090909,5.1454545454545455,0.6431095406360424,1
,,2.0,Not Graduate,No,8500000,0.0,8500000.0,18900000.0,216.0,,478.0,,23800000.0,16300000.0,25900000.0,11400000.0,77400000.0,2.223529411764706,9.105882352941176,0.2441860465116279,0
,,3.0,Not Graduate,Yes,9600000,0.0,9600000.0,30500000.0,216.0,,669.0,,4700000.0,1900000.0,26500000.0,9300000.0,42400000.0,3.1770833333333335,4.416666666666667,0.7193396226415094,1
,,5.0,Not Graduate,Yes,8800000,0.0,8800000.0,28900000.0,72.0,,365.0,,24400000.0,8600000.0,27400000.0,4700000.0,65100000.0,3.284090909090909,7.3977272727272725,0.44393241167434716,0
,,3.0,Not Graduate,Yes,3300000,0.0,3300000.0,7500000.0,240.0,,586.0,,1600000.0,5600000.0,10500000.0,2900000.0,20600000.0,2.272727272727273,6.242424242424242,0.3640776699029126,1
,,4.0,Graduate,Yes,3900000,0.0,3900000.0,12300000.0,216.0,,784.0,,7600000.0,6900000.0,13100000.0,2800000.0,30400000.0,3.1538461538461537,7.794871794871795,0.40460526315789475,1
,,1.0,Graduate,No,4100000,0.0,4100000.0,10300000.0,144.0,,364.0,,9500000.0,6100000.0,14900000.0,2800000.0,33300000.0,2.5121951219512195,8.121951219512194,0.30930930930930933,0
,,3.0,Not Graduate,No,8300000,0.0,8300000.0,29100000.0,120.0,,715.0,,6100000.0,11900000.0,24100000.0,11900000.0,54000000.0,3.5060240963855422,6.506024096385542,0.5388888888888889,1
,,0.0,Not Graduate,Yes,2700000,0.0,2700000.0,10100000.0,240.0,,693.0,,200000.0,1700000.0,5900000.0,1400000.0,9200000.0,3.740740740740741,3.4074074074074074,1.0978260869565217,0
,,4.0,Graduate,No,5600000,0.0,5600000.0,12400000.0,48.0,,777.0,,5500000.0,3100000.0,11800000.0,5500000.0,25900000.0,2.2142857142857144,4.625,0.47876447876447875,1
,,0.0,Graduate,No,1900000,0.0,1900000.0,5000000.0,144.0,,312.0,,4000000.0,2800000.0,4900000.0,2400000.0,14100000.0,2.6315789473684212,7.421052631578948,0.3546099290780142,0
,,4.0,Not Graduate,Yes,500000,0.0,500000.0,1500000.0,240.0,,340.0,,100000.0,200000.0,1900000.0,600000.0,2800000.0,3.0,5.6,0.5357142857142857,0
,,5.0,Graduate,Yes,5300000,0.0,5300000.0,18600000.0,48.0,,386.0,,2700000.0,9700000.0,11900000.0,4200000.0,28500000.0,3.509433962264151,5.377358490566038,0.6526315789473685,1
,,5.0,Not Graduate,No,7000000,0.0,7000000.0,18300000.0,48.0,,418.0,,18400000.0,11700000.0,21500000.0,7600000.0,59200000.0,2.6142857142857143,8.457142857142857,0.3091216216216216,0
,,3.0,Not Graduate,Yes,5800000,0.0,5800000.0,16700000.0,192.0,,735.0,,3900000.0,9400000.0,12600000.0,5600000.0,31500000.0,2.8793103448275863,5.431034482758621,0.5301587301587302,1
,,2.0,Not Graduate,No,2600000,0.0,2600000.0,8400000.0,72.0,,494.0,,6500000.0,3800000.0,5600000.0,2000000.0,17900000.0,3.230769230769231,6.884615384615385,0.4692737430167598,0
,,2.0,Not Graduate,No,1900000,0.0,1900000.0,6500000.0,216.0,,671.0,,600000.0,2500000.0,4800000.0,1100000.0,9000000.0,3.4210526315789473,4.7368421052631575,0.7222222222222222,1
,,4.0,Graduate,No,5700000,0.0,5700000.0,14800000.0,192.0,,697.0,,14300000.0,7800000.0,12900000.0,6300000.0,41300000.0,2.5964912280701755,7.245614035087719,0.3583535108958838,1
,,0.0,Graduate,No,9000000,0.0,9000000.0,33500000.0,96.0,,801.0,,11600000.0,8900000.0,35400000.0,11100000.0,67000000.0,3.7222222222222223,7.444444444444445,0.5,1
,,2.0,Not Graduate,No,8500000,0.0,8500000.0,29400000.0,144.0,,576.0,,17600000.0,5600000.0,25200000.0,9000000.0,57400000.0,3.458823529411765,6.752941176470588,0.5121951219512195,1
,,0.0,Not Graduate,No,700000,0.0,700000.0,1400000.0,168.0,,639.0,,1900000.0,700000.0,2400000.0,900000.0,5900000.0,2.0,8.428571428571429,0.23728813559322035,1
,,4.0,Graduate,No,3500000,0.0,3500000.0,8900000.0,48.0,,470.0,,1300000.0,2200000.0,12300000.0,2000000.0,17800000.0,2.5428571428571427,5.085714285714285,0.5,0
,,0.0,Not Graduate,No,8800000,0.0,8800000.0,31200000.0,48.0,,826.0,,2900000.0,500000.0,33300000.0,8600000.0,45300000.0,3.5454545454545454,5.1477272727272725,0.6887417218543046,1
,,2.0,Not Graduate,Yes,9900000,0.0,9900000.0,21200000.0,192.0,,363.0,,25500000.0,11400000.0,26600000.0,6800000.0,70300000.0,2.1414141414141414,7.101010101010101,0.3015647226173542,0
,,3.0,Graduate,No,3600000,0.0,3600000.0,8600000.0,240.0,,613.0,,9400000.0,300000.0,10300000.0,3300000.0,23300000.0,2.388888888888889,6.472222222222222,0.36909871244635195,1
,,3.0,Not Graduate,Yes,3000000,0.0,3000000.0,8200000.0,192.0,,713.0,,5300000.0,5800000.0,11000000.0,3400000.0,25500000.0,2.7333333333333334,8.5,0.3215686274509804,1
,,2.0,Graduate,No,6800000,0.0,6800000.0,21200000.0,192.0,,439.0,,17100000.0,4700000.0,23300000.0,3600000.0,48700000.0,3.1176470588235294,7.161764705882353,0.4353182751540041,0
,,5.0,Not Graduate,Yes,1100000,0.0,1100000.0,3800000.0,216.0,,387.0,,1300000.0,1200000.0,3800000.0,1600000.0,7900000.0,3.4545454545454546,7.181818181818182,0.4810126582278481,0
,,1.0,Not Graduate,Yes,8700000,0.0,8700000.0,28300000.0,96.0,,402.0,,20400000.0,13600000.0,27900000.0,10200000.0,72100000.0,3.2528735632183907,8.28735632183908,0.3925104022191401,0
,,4.0,Graduate,Yes,2000000,0.0,2000000.0,8000000.0,72.0,,837.0,,5100000.0,2600000.0,3900000.0,2900000.0,14500000.0,4.0,7.25,0.5517241379310345,1
,,2.0,Not Graduate,No,9800000,0.0,9800000.0,37600000.0,120.0,,641.0,,24100000.0,0.0,23400000.0,7600000.0,55100000.0,3.836734693877551,5.622448979591836,0.6823956442831216,1
,,4.0,Graduate,No,5700000,0.0,5700000.0,21100000.0,216.0,,489.0,,500000.0,4300000.0,12500000.0,6000000.0,23300000.0,3.7017543859649122,4.087719298245614,0.9055793991416309,0
,,4.0,Graduate,No,8800000,0.0,8800000.0,20700000.0,216.0,,540.0,,19200000.0,3200000.0,22400000.0,12700000.0,57500000.0,2.352272727272727,6.534090909090909,0.36,0
,,4.0,Graduate,No,3800000,0.0,3800000.0,8900000.0,48.0,,844.0,,9100000.0,3500000.0,13100000.0,4700000.0,30400000.0,2.3421052631578947,8.0,0.29276315789473684,1
,,1.0,Graduate,No,1700000,0.0,1700000.0,6400000.0,120.0,,452.0,,900000.0,1100000.0,5600000.0,2100000.0,9700000.0,3.764705882352941,5.705882352941177,0.6597938144329897,0
,,2.0,Graduate,No,1000000,0.0,1000000.0,2000000.0,120.0,,366.0,,1200000.0,400000.0,3200000.0,1300000.0,6100000.0,2.0,6.1,0.32786885245901637,0
,,5.0,Graduate,No,300000,0.0,300000.0,1100000.0,24.0,,300.0,,100000.0,500000.0,700000.0,400000.0,1700000.0,3.6666666666666665,5.666666666666667,0.6470588235294118,1
,,2.0,Graduate,Yes,6600000,0.0,6600000.0,15000000.0,216.0,,470.0,,1200000.0,4800000.0,18200000.0,7000000.0,31200000.0,2.272727272727273,4.7272727272727275,0.4807692307692308,0
,,2.0,Not Graduate,No,8700000,0.0,8700000.0,25000000.0,240.0,,861.0,,14700000.0,8500000.0,23200000.0,7300000.0,53700000.0,2.8735632183908044,6.172413793103448,0.4655493482309125,1
,,4.0,Graduate,No,9400000,0.0,9400000.0,29400000.0,144.0,,562.0,,25900000.0,15200000.0,36400000.0,7100000.0,84600000.0,3.127659574468085,9.0,0.3475177304964539,1
,,0.0,Graduate,No,4400000,0.0,4400000.0,10800000.0,168.0,,463.0,,2400000.0,4800000.0,13800000.0,4700000.0,25700000.0,2.4545454545454546,5.840909090909091,0.42023346303501946,0
,,4.0,Not Graduate,No,400000,0.0,400000.0,900000.0,144.0,,478.0,,700000.0,100000.0,1200000.0,100000.0,2100000.0,2.25,5.25,0.42857142857142855,0
,,2.0,Not Graduate,Yes,300000,0.0,300000.0,1100000.0,24.0,,702.0,,300000.0,200000.0,500000.0,200000.0,1200000.0,3.6666666666666665,4.0,0.9166666666666666,1
,,2.0,Not Graduate,Yes,4300000,0.0,4300000.0,12900000.0,240.0,,618.0,,11400000.0,3600000.0,11400000.0,2400000.0,28800000.0,3.0,6.6976744186046515,0.4479166666666667,1
,,4.0,Graduate,No,1600000,0.0,1600000.0,4500000.0,144.0,,633.0,,700000.0,1700000.0,4100000.0,1900000.0,8400000.0,2.8125,5.25,0.5357142857142857,1
,,5.0,Not Graduate,Yes,6200000,0.0,6200000.0,23600000.0,120.0,,331.0,,18500000.0,10300000.0,23800000.0,8700000.0,61300000.0,3.806451612903226,9.887096774193548,0.38499184339314846,0
,,3.0,Not Graduate,Yes,4200000,0.0,4200000.0,9700000.0,192.0,,841.0,,7800000.0,300000.0,16700000.0,5100000.0,29900000.0,2.3095238095238093,7.119047619047619,0.32441471571906355,1
,,4.0,Not Graduate,Yes,9000000,0.0,9000000.0,18100000.0,144.0,,764.0,,600000.0,16500000.0,20800000.0,11600000.0,49500000.0,2.011111111111111,5.5,0.3656565656565657,1
,,0.0,Graduate,No,2700000,0.0,2700000.0,10600000.0,72.0,,591.0,,1300000.0,2700000.0,9900000.0,1800000.0,15700000.0,3.925925925925926,5.814814814814815,0.6751592356687898,1
,,1.0,Graduate,Yes,9700000,0.0,9700000.0,35900000.0,24.0,,719.0,,19600000.0,7600000.0,20400000.0,10900000.0,58500000.0,3.7010309278350517,6.030927835051546,0.6136752136752137,1
,,2.0,Graduate,No,3300000,0.0,3300000.0,6800000.0,168.0,,317.0,,3400000.0,300000.0,11700000.0,3600000.0,19000000.0,2.0606060606060606,5.757575757575758,0.35789473684210527,0
,,0.0,Not Graduate,No,300000,0.0,300000.0,1100000.0,96.0,,778.0,,800000.0,200000.0,900000.0,100000.0,2000000.0,3.6666666666666665,6.666666666666667,0.55,1
,,3.0,Graduate,Yes,7400000,0.0,7400000.0,18200000.0,168.0,,302.0,,5600000.0,3100000.0,17900000.0,5000000.0,31600000.0,2.4594594594594597,4.27027027027027,0.5759493670886076,0
,,5.0,Not Graduate,No,7100000,0.0,7100000.0,19700000.0,96.0,,502.0,,7300000.0,5600000.0,25300000.0,9800000.0,48000000.0,2.7746478873239435,6.76056338028169,0.41041666666666665,0
,,5.0,Not Graduate,Yes,7300000,0.0,7300000.0,22100000.0,216.0,,879.0,,19500000.0,10600000.0,19300000.0,9800000.0,59200000.0,3.0273972602739727,8.10958904109589,0.3733108108108108,1
,,1.0,Not Graduate,No,8400000,0.0,8400000.0,23400000.0,168.0,,437.0,,15400000.0,5800000.0,33400000.0,8100000.0,62700000.0,2.7857142857142856,7.464285714285714,0.37320574162679426,0
,,0.0,Not Graduate,Yes,3300000,0.0,3300000.0,10800000.0,144.0,,797.0,,600000.0,6000000.0,7700000.0,3300000.0,17600000.0,3.272727272727273,5.333333333333333,0.6136363636363636,1
,,4.0,Not Graduate,Yes,5800000,0.0,5800000.0,23200000.0,216.0,,456.0,,16100000.0,4200000.0,22600000.0,7500000.0,50400000.0,4.0,8.689655172413794,0.4603174603174603,0
,,0.0,Not Graduate,No,600000,0.0,600000.0,1600000.0,72.0,,647.0,,1500000.0,600000.0,1500000.0,700000.0,4300000.0,2.6666666666666665,7.166666666666667,0.37209302325581395,1
,,0.0,Not Graduate,No,7200000,0.0,7200000.0,15800000.0,144.0,,379.0,,12700000.0,12200000.0,21500000.0,3600000.0,50000000.0,2.1944444444444446,6.944444444444445,0.316,0
,,1.0,Not Graduate,Yes,9100000,0.0,9100000.0,32900000.0,24.0,,717.0,,2200000.0,2000000.0,23600000.0,5900000.0,33700000.0,3.6153846153846154,3.7032967032967035,0.9762611275964391,1
,,5.0,Graduate,No,900000,0.0,900000.0,2300000.0,192.0,,545.0,,100000.0,200000.0,2700000.0,800000.0,3800000.0,2.5555555555555554,4.222222222222222,0.6052631578947368,0
,,2.0,Graduate,No,800000,0.0,800000.0,3200000.0,96.0,,317.0,,300000.0,1000000.0,2000000.0,900000.0,4200000.0,4.0,5.25,0.7619047619047619,0
,,1.0,Not Graduate,No,8500000,0.0,8500000.0,32900000.0,120.0,,570.0,,5100000.0,6200000.0,20500000.0,5500000.0,37300000.0,3.8705882352941177,4.3882352941176475,0.8820375335120644,1
,,0.0,Not Graduate,Yes,9000000,0.0,9000000.0,18700000.0,216.0,,865.0,,26800000.0,0.0,20900000.0,11300000.0,59000000.0,2.077777777777778,6.555555555555555,0.3169491525423729,1
,,3.0,Graduate,No,7000000,0.0,7000000.0,19500000.0,168.0,,719.0,,12200000.0,10300000.0,18200000.0,10200000.0,50900000.0,2.7857142857142856,7.271428571428571,0.3831041257367387,1
,,3.0,Graduate,No,200000,0.0,200000.0,600000.0,192.0,,821.0,,400000.0,100000.0,500000.0,100000.0,1100000.0,3.0,5.5,0.5454545454545454,1
,,4.0,Not Graduate,Yes,400000,0.0,400000.0,800000.0,120.0,,859.0,,900000.0,500000.0,800000.0,200000.0,2400000.0,2.0,6.0,0.3333333333333333,1
,,3.0,Not Graduate,No,5100000,0.0,5100000.0,18200000.0,120.0,,395.0,,100000.0,8000000.0,15500000.0,6300000.0,29900000.0,3.5686274509803924,5.862745098039215,0.6086956521739131,0
,,2.0,Not Graduate,Yes,700000,0.0,700000.0,2600000.0,144.0,,429.0,,1600000.0,1300000.0,2700000.0,800000.0,6400000.0,3.7142857142857144,9.142857142857142,0.40625,0
,,3.0,Graduate,No,400000,0.0,400000.0,1200000.0,144.0,,861.0,,200000.0,600000.0,1100000.0,200000.0,2100000.0,3.0,5.25,0.5714285714285714,1
,,0.0,Not Graduate,Yes,9500000,0.0,9500000.0,20800000.0,168.0,,565.0,,15100000.0,11900000.0,33900000.0,13400000.0,74300000.0,2.1894736842105265,7.821052631578947,0.27994616419919244,1
,,5.0,Graduate,No,8800000,0.0,8800000.0,22600000.0,120.0,,357.0,,7900000.0,8600000.0,18200000.0,4900000.0,39600000.0,2.5681818181818183,4.5,0.5707070707070707,0
,,3.0,Not Graduate,Yes,1800000,0.0,1800000.0,3600000.0,216.0,,465.0,,600000.0,500000.0,5400000.0,2600000.0,9100000.0,2.0,5.055555555555555,0.3956043956043956,0
,,4.0,Not Graduate,Yes,6800000,0.0,6800000.0,13900000.0,96.0,,479.0,,11700000.0,9100000.0,25700000.0,9600000.0,56100000.0,2.0441176470588234,8.25,0.24777183600713013,0
,,3.0,Not Graduate,No,1500000,0.0,1500000.0,5500000.0,192.0,,717.0,,2100000.0,800000.0,4400000.0,1300000.0,8600000.0,3.6666666666666665,5.733333333333333,0.6395348837209303,1
,,3.0,Graduate,No,1600000,0.0,1600000.0,5500000.0,144.0,,425.0,,600000.0,800000.0,5400000.0,900000.0,7700000.0,3.4375,4.8125,0.7142857142857143,0
,,2.0,Not Graduate,No,4600000,0.0,4600000.0,16700000.0,24.0,,786.0,,200000.0,5900000.0,13900000.0,6100000.0,26100000.0,3.630434782608696,5.673913043478261,0.6398467432950191,1
,,5.0,Not Graduate,Yes,2200000,0.0,2200000.0,6700000.0,72.0,,382.0,,4400000.0,1300000.0,8600000.0,1100000.0,15400000.0,3.0454545454545454,7.0,0.43506493506493504,0
,,3.0,Not Graduate,Yes,2900000,0.0,2900000.0,8500000.0,144.0,,564.0,,1000000.0,3100000.0,7500000.0,1800000.0,13400000.0,2.9310344827586206,4.620689655172414,0.6343283582089553,1
,,0.0,Graduate,No,200000,0.0,200000.0,700000.0,96.0,,501.0,,500000.0,200000.0,700000.0,100000.0,1500000.0,3.5,7.5,0.4666666666666667,0
,,2.0,Not Graduate,Yes,2500000,0.0,2500000.0,9400000.0,120.0,,727.0,,6600000.0,4100000.0,9500000.0,3300000.0,23500000.0,3.76,9.4,0.4,1
,,4.0,Not Graduate,No,3600000,0.0,3600000.0,7500000.0,72.0,,894.0,,1100000.0,6500000.0,7400000.0,2800000.0,17800000.0,2.0833333333333335,4.944444444444445,0.42134831460674155,1
,,0.0,Graduate,Yes,5500000,0.0,5500000.0,16700000.0,216.0,,829.0,,5500000.0,1300000.0,12800000.0,5900000.0,25500000.0,3.036363636363636,4.636363636363637,0.6549019607843137,1
,,4.0,Not Graduate,No,6600000,0.0,6600000.0,17400000.0,240.0,,506.0,,2600000.0,10000000.0,25900000.0,7200000.0,45700000.0,2.6363636363636362,6.924242424242424,0.38074398249452956,0
,,2.0,Graduate,Yes,8600000,0.0,8600000.0,32100000.0,72.0,,802.0,,9400000.0,16700000.0,24500000.0,9800000.0,60400000.0,3.7325581395348837,7.023255813953488,0.5314569536423841,1
,,5.0,Not Graduate,No,600000,0.0,600000.0,1500000.0,168.0,,543.0,,300000.0,900000.0,2100000.0,300000.0,3600000.0,2.5,6.0,0.4166666666666667,0
,,3.0,Graduate,Yes,1400000,0.0,1400000.0,3200000.0,240.0,,772.0,,2400000.0,900000.0,5100000.0,1600000.0,10000000.0,2.2857142857142856,7.142857142857143,0.32,1
,,3.0,Graduate,No,4000000,0.0,4000000.0,11100000.0,144.0,,572.0,,9700000.0,100000.0,12500000.0,2400000.0,24700000.0,2.775,6.175,0.4493927125506073,1
,,0.0,Not Graduate,Yes,4900000,0.0,4900000.0,11900000.0,192.0,,709.0,,14600000.0,900000.0,18500000.0,3800000.0,37800000.0,2.4285714285714284,7.714285714285714,0.3148148148148148,1
,,5.0,Graduate,No,2000000,0.0,2000000.0,6200000.0,216.0,,402.0,,4000000.0,2100000.0,7200000.0,1100000.0,14400000.0,3.1,7.2,0.4305555555555556,0
,,1.0,Not Graduate,Yes,5200000,0.0,5200000.0,19300000.0,96.0,,481.0,,14300000.0,9500000.0,18800000.0,4200000.0,46800000.0,3.7115384615384617,9.0,0.41239316239316237,0
,,5.0,Graduate,Yes,8900000,0.0,8900000.0,28800000.0,72.0,,772.0,,13600000.0,5500000.0,20400000.0,8400000.0,47900000.0,3.235955056179775,5.382022471910112,0.6012526096033403,1
,,1.0,Graduate,Yes,6500000,0.0,6500000.0,20600000.0,24.0,,306.0,,15900000.0,1900000.0,18100000.0,3200000.0,39100000.0,3.169230769230769,6.015384615384615,0.5268542199488491,1
,,2.0,Not Graduate,No,1300000,0.0,1300000.0,4500000.0,72.0,,415.0,,0.0,900000.0,2900000.0,1200000.0,5000000.0,3.4615384615384617,3.8461538461538463,0.9,0
,,3.0,Not Graduate,No,9400000,0.0,9400000.0,35000000.0,192.0,,548.0,,18200000.0,4400000.0,36100000.0,4800000.0,63500000.0,3.723404255319149,6.75531914893617,0.5511811023622047,0
,,5.0,Not Graduate,No,5000000,0.0,5000000.0,11200000.0,96.0,,701.0,,9100000.0,500000.0,14000000.0,4600000.0,28200000.0,2.24,5.64,0.3971631205673759,1
,,2.0,Graduate,No,3000000,0.0,3000000.0,7700000.0,144.0,,890.0,,4700000.0,4300000.0,8400000.0,2100000.0,19500000.0,2.566666666666667,6.5,0.39487179487179486,1
,,5.0,Not Graduate,Yes,9900000,0.0,9900000.0,33300000.0,72.0,,364.0,,5300000.0,18700000.0,27800000.0,8300000.0,60100000.0,3.3636363636363638,6.070707070707071,0.5540765391014975,0
,,5.0,Graduate,Yes,700000,0.0,700000.0,1300000.0,240.0,,704.0,,1600000.0,0.0,2200000.0,600000.0,4400000.0,1.8571428571428572,6.285714285714286,0.29545454545454547,1
,,3.0,Graduate,Yes,4000000,0.0,4000000.0,10600000.0,120.0,,318.0,,1500000.0,5100000.0,8000000.0,4900000.0,19500000.0,2.65,4.875,0.5435897435897435,0
,,5.0,Not Graduate,No,3100000,0.0,3100000.0,9600000.0,24.0,,761.0,,5800000.0,1800000.0,10400000.0,4200000.0,22200000.0,3.096774193548387,7.161290322580645,0.43243243243243246,1
,,4.0,Not Graduate,No,4500000,0.0,4500000.0,15100000.0,72.0,,693.0,,3700000.0,1500000.0,17800000.0,6000000.0,29000000.0,3.3555555555555556,6.444444444444445,0.5206896551724138,1
,,3.0,Not Graduate,No,9700000,0.0,9700000.0,20600000.0,192.0,,524.0,,24200000.0,11100000.0,27400000.0,6100000.0,68800000.0,2.1237113402061856,7.092783505154639,0.29941860465116277,0
,,2.0,Not Graduate,Yes,2000000,0.0,2000000.0,5300000.0,120.0,,681.0,,4900000.0,1400000.0,4300000.0,2900000.0,13500000.0,2.65,6.75,0.3925925925925926,1
,,2.0,Graduate,Yes,8100000,0.0,8100000.0,22300000.0,216.0,,737.0,,22300000.0,12600000.0,27000000.0,7300000.0,69200000.0,2.753086419753086,8.54320987654321,0.3222543352601156,1
,,0.0,Not Graduate,No,5700000,0.0,5700000.0,15900000.0,192.0,,638.0,,100000.0,9500000.0,16300000.0,4500000.0,30400000.0,2.789473684210526,5.333333333333333,0.5230263157894737,1
,,4.0,Not Graduate,No,5800000,0.0,5800000.0,12800000.0,24.0,,656.0,,500000.0,5000000.0,16000000.0,2800000.0,24300000.0,2.206896551724138,4.189655172413793,0.5267489711934157,1
,,1.0,Graduate,No,1800000,0.0,1800000.0,6500000.0,72.0,,540.0,,2500000.0,3200000.0,5000000.0,1100000.0,11800000.0,3.611111111111111,6.555555555555555,0.5508474576271186,0
,,4.0,Not Graduate,Yes,9100000,0.0,9100000.0,35200000.0,72.0,,341.0,,1000000.0,300000.0,23100000.0,8200000.0,32600000.0,3.868131868131868,3.5824175824175826,1.0797546012269938,0
,,0.0,Not Graduate,Yes,4800000,0.0,4800000.0,17500000.0,24.0,,371.0,,11700000.0,6800000.0,18700000.0,3500000.0,40700000.0,3.6458333333333335,8.479166666666666,0.42997542997543,1
,,3.0,Not Graduate,Yes,3800000,0.0,3800000.0,10500000.0,144.0,,886.0,,4000000.0,500000.0,14900000.0,2300000.0,21700000.0,2.763157894736842,5.7105263157894735,0.4838709677419355,1
,,0.0,Not Graduate,No,1900000,0.0,1900000.0,4100000.0,216.0,,801.0,,400000.0,800000.0,4800000.0,1200000.0,7200000.0,2.1578947368421053,3.789473684210526,0.5694444444444444,1
,,3.0,Not Graduate,Yes,3600000,0.0,3600000.0,9500000.0,192.0,,748.0,,7700000.0,2400000.0,9700000.0,2600000.0,22400000.0,2.638888888888889,6.222222222222222,0.42410714285714285,1
,,2.0,Not Graduate,Yes,7400000,0.0,7400000.0,28200000.0,96.0,,376.0,,21900000.0,5000000.0,17400000.0,5200000.0,49500000.0,3.810810810810811,6.6891891891891895,0.5696969696969697,0
,,4.0,Not Graduate,Yes,6600000,0.0,6600000.0,14300000.0,96.0,,371.0,,10800000.0,9500000.0,18500000.0,7400000.0,46200000.0,2.1666666666666665,7.0,0.30952380952380953,0
,,2.0,Graduate,No,1800000,0.0,1800000.0,5300000.0,72.0,,826.0,,4500000.0,700000.0,6500000.0,1300000.0,13000000.0,2.9444444444444446,7.222222222222222,0.4076923076923077,1
,,4.0,Not Graduate,No,9200000,0.0,9200000.0,27200000.0,144.0,,873.0,,4500000.0,1800000.0,33800000.0,11400000.0,51500000.0,2.9565217391304346,5.5978260869565215,0.5281553398058253,1
,,5.0,Not Graduate,Yes,2400000,0.0,2400000.0,8600000.0,96.0,,309.0,,500000.0,600000.0,5700000.0,2800000.0,9600000.0,3.5833333333333335,4.0,0.8958333333333334,0
,,4.0,Not Graduate,No,5600000,0.0,5600000.0,13300000.0,240.0,,869.0,,3300000.0,7500000.0,20000000.0,6500000.0,37300000.0,2.375,6.660714285714286,0.35656836461126007,1
,,5.0,Graduate,No,3800000,0.0,3800000.0,13900000.0,144.0,,534.0,,4700000.0,2900000.0,8200000.0,2800000.0,18600000.0,3.6578947368421053,4.894736842105263,0.7473118279569892,0
,,3.0,Not Graduate,Yes,4500000,0.0,4500000.0,17900000.0,72.0,,787.0,,9800000.0,3600000.0,14300000.0,4200000.0,31900000.0,3.977777777777778,7.088888888888889,0.5611285266457681,1
,,0.0,Graduate,Yes,900000,0.0,900000.0,2200000.0,192.0,,566.0,,100000.0,700000.0,2000000.0,600000.0,3400000.0,2.4444444444444446,3.7777777777777777,0.6470588235294118,1
,,0.0,Not Graduate,No,2800000,0.0,2800000.0,9900000.0,96.0,,742.0,,4900000.0,1300000.0,6700000.0,1700000.0,14600000.0,3.5357142857142856,5.214285714285714,0.678082191780822,1
,,2.0,Not Graduate,No,7500000,0.0,7500000.0,23100000.0,48.0,,824.0,,12100000.0,10900000.0,26300000.0,9500000.0,58800000.0,3.08,7.84,0.39285714285714285,1
,,4.0,Graduate,No,1400000,0.0,1400000.0,3100000.0,168.0,,575.0,,3000000.0,2100000.0,4900000.0,1400000.0,11400000.0,2.2142857142857144,8.142857142857142,0.2719298245614035,1
,,2.0,Graduate,Yes,3800000,0.0,3800000.0,10900000.0,120.0,,766.0,,1900000.0,3900000.0,8600000.0,3000000.0,17400000.0,2.8684210526315788,4.578947368421052,0.6264367816091954,1
,,1.0,Not Graduate,Yes,1700000,0.0,1700000.0,5000000.0,120.0,,888.0,,2900000.0,900000.0,4100000.0,2200000.0,10100000.0,2.9411764705882355,5.9411764705882355,0.49504950495049505,1
,,3.0,Graduate,Yes,9000000,0.0,9000000.0,30400000.0,72.0,,638.0,,16800000.0,11000000.0,26900000.0,9200000.0,63900000.0,3.3777777777777778,7.1,0.4757433489827856,1
,,5.0,Not Graduate,Yes,7300000,0.0,7300000.0,23300000.0,72.0,,622.0,,7100000.0,11600000.0,26400000.0,10500000.0,55600000.0,3.191780821917808,7.616438356164384,0.41906474820143885,1
,,1.0,Not Graduate,No,7400000,0.0,7400000.0,19800000.0,216.0,,458.0,,12600000.0,6200000.0,27700000.0,4000000.0,50500000.0,2.675675675675676,6.824324324324325,0.3920792079207921,0
,,1.0,Not Graduate,No,9000000,0.0,9000000.0,28200000.0,192.0,,327.0,,1700000.0,2300000.0,24000000.0,11200000.0,39200000.0,3.1333333333333333,4.355555555555555,0.7193877551020408,0
,,0.0,Not Graduate,No,3000000,0.0,3000000.0,6500000.0,24.0,,612.0,,8800000.0,3400000.0,6700000.0,1700000.0,20600000.0,2.1666666666666665,6.866666666666666,0.3155339805825243,1
,,1.0,Graduate,No,800000,0.0,800000.0,2900000.0,96.0,,682.0,,2200000.0,1100000.0,2900000.0,700000.0,6900000.0,3.625,8.625,0.42028985507246375,1
,,2.0,Graduate,No,4800000,0.0,4800000.0,13200000.0,24.0,,583.0,,13700000.0,5800000.0,9500000.0,5200000.0,34200000.0,2.75,7.125,0.38596491228070173,1
,,5.0,Not Graduate,No,6400000,0.0,6400000.0,18300000.0,96.0,,697.0,,10000000.0,3600000.0,22500000.0,3600000.0,39700000.0,2.859375,6.203125,0.4609571788413098,1
,,3.0,Graduate,No,9200000,0.0,9200000.0,27100000.0,144.0,,306.0,,5800000.0,11500000.0,28000000.0,9600000.0,54900000.0,2.9456521739130435,5.967391304347826,0.4936247723132969,0
,,4.0,Not Graduate,Yes,400000,0.0,400000.0,1500000.0,24.0,,669.0,,0.0,600000.0,900000.0,500000.0,2000000.0,3.75,5.0,0.75,1
,,2.0,Not Graduate,No,2800000,0.0,2800000.0,6000000.0,216.0,,816.0,,6300000.0,4200000.0,8000000.0,3400000.0,21900000.0,2.142857142857143,7.821428571428571,0.273972602739726,1
,,4.0,Not Graduate,Yes,8500000,0.0,8500000.0,28900000.0,240.0,,455.0,,15200000.0,5800000.0,22500000.0,9400000.0,52900000.0,3.4,6.223529411764706,0.5463137996219282,0
,,3.0,Graduate,Yes,4700000,0.0,4700000.0,16400000.0,120.0,,318.0,,11400000.0,8100000.0,16200000.0,4300000.0,40000000.0,3.4893617021276597,8.51063829787234,0.41,0
,,4.0,Not Graduate,Yes,9800000,0.0,9800000.0,21200000.0,240.0,,355.0,,22000000.0,8900000.0,31800000.0,14400000.0,77100000.0,2.163265306122449,7.86734693877551,0.27496757457846954,0
,,2.0,Not Graduate,Yes,3800000,0.0,3800000.0,8900000.0,192.0,,389.0,,200000.0,5600000.0,12200000.0,2200000.0,20200000.0,2.3421052631578947,5.315789473684211,0.4405940594059406,0
,,2.0,Graduate,No,500000,0.0,500000.0,1500000.0,24.0,,888.0,,1500000.0,300000.0,1500000.0,600000.0,3900000.0,3.0,7.8,0.38461538461538464,1
,,2.0,Graduate,Yes,6900000,0.0,6900000.0,15600000.0,72.0,,352.0,,13000000.0,5300000.0,22600000.0,10000000.0,50900000.0,2.260869565217391,7.3768115942028984,0.30648330058939094,0
,,4.0,Not Graduate,Yes,9600000,0.0,9600000.0,30100000.0,144.0,,870.0,,300000.0,6700000.0,38200000.0,5600000.0,50800000.0,3.1354166666666665,5.291666666666667,0.59251968503937,1
,,3.0,Not Graduate,No,2900000,0.0,2900000.0,6500000.0,216.0,,827.0,,8300000.0,600000.0,10400000.0,3200000.0,22500000.0,2.2413793103448274,7.758620689655173,0.28888888888888886,1
,,2.0,Graduate,No,9800000,0.0,9800000.0,20900000.0,144.0,,768.0,,3400000.0,10200000.0,38600000.0,13400000.0,65600000.0,2.13265306122449,6.6938775510204085,0.31859756097560976,1
,,0.0,Graduate,No,7100000,0.0,7100000.0,15400000.0,216.0,,707.0,,10300000.0,10800000.0,19600000.0,5800000.0,46500000.0,2.1690140845070425,6.549295774647887,0.3311827956989247,1
,,1.0,Not Graduate,Yes,7700000,0.0,7700000.0,19100000.0,120.0,,355.0,,11300000.0,4900000.0,21900000.0,6600000.0,44700000.0,2.4805194805194803,5.805194805194805,0.4272930648769575,0
,,3.0,Graduate,No,1400000,0.0,1400000.0,3300000.0,24.0,,652.0,,100000.0,2100000.0,3500000.0,1900000.0,7600000.0,2.357142857142857,5.428571428571429,0.4342105263157895,1
,,3.0,Graduate,No,7800000,0.0,7800000.0,15900000.0,24.0,,665.0,,14400000.0,900000.0,27200000.0,5400000.0,47900000.0,2.0384615384615383,6.141025641025641,0.33194154488517746,1
,,5.0,Not Graduate,Yes,1700000,0.0,1700000.0,6000000.0,216.0,,420.0,,500000.0,1600000.0,3700000.0,2300000.0,8100000.0,3.5294117647058822,4.764705882352941,0.7407407407407407,0
,,2.0,Not Graduate,No,8500000,0.0,8500000.0,32700000.0,216.0,,471.0,,12600000.0,9400000.0,33900000.0,12500000.0,68400000.0,3.847058823529412,8.047058823529412,0.4780701754385965,0
,,5.0,Not Graduate,No,1900000,0.0,1900000.0,7500000.0,240.0,,715.0,,5100000.0,2800000.0,6500000.0,2800000.0,17200000.0,3.9473684210526314,9.052631578947368,0.436046511627907,1
,,2.0,Not Graduate,Yes,6700000,0.0,6700000.0,15200000.0,120.0,,689.0,,0.0,8200000.0,15000000.0,6800000.0,30000000.0,2.2686567164179103,4.477611940298507,0.5066666666666667,1
,,3.0,Graduate,Yes,6900000,0.0,6900000.0,16400000.0,48.0,,787.0,,11100000.0,6100000.0,26400000.0,3800000.0,47400000.0,2.3768115942028984,6.869565217391305,0.3459915611814346,1
,,2.0,Graduate,No,2600000,0.0,2600000.0,7800000.0,48.0,,819.0,,3100000.0,4300000.0,5700000.0,1500000.0,14600000.0,3.0,5.615384615384615,0.5342465753424658,1
,,4.0,Graduate,Yes,9600000,0.0,9600000.0,21100000.0,72.0,,809.0,,16100000.0,9500000.0,34700000.0,8700000.0,69000000.0,2.1979166666666665,7.1875,0.30579710144927535,1
,,1.0,Not Graduate,Yes,6800000,0.0,6800000.0,17000000.0,24.0,,744.0,,15500000.0,3900000.0,23700000.0,3500000.0,46600000.0,2.5,6.852941176470588,0.3648068669527897,1
,,0.0,Not Graduate,No,3200000,0.0,3200000.0,11300000.0,72.0,,484.0,,3500000.0,5500000.0,8500000.0,2100000.0,19600000.0,3.53125,6.125,0.576530612244898,0
,,4.0,Not Graduate,No,2900000,0.0,2900000.0,10400000.0,72.0,,673.0,,5100000.0,1700000.0,10600000.0,1700000.0,19100000.0,3.586206896551724,6.586206896551724,0.5445026178010471,1
,,3.0,Graduate,Yes,7900000,0.0,7900000.0,21200000.0,216.0,,695.0,,13800000.0,10600000.0,21800000.0,4900000.0,51100000.0,2.6835443037974684,6.468354430379747,0.41487279843444225,1
,,4.0,Not Graduate,Yes,3900000,0.0,3900000.0,12400000.0,144.0,,473.0,,6400000.0,4700000.0,13100000.0,3800000.0,28000000.0,3.1794871794871793,7.17948717948718,0.44285714285714284,0
,,4.0,Graduate,Yes,4600000,0.0,4600000.0,11000000.0,24.0,,491.0,,9000000.0,4000000.0,16100000.0,3500000.0,32600000.0,2.391304347826087,7.086956521739131,0.3374233128834356,0
,,3.0,Not Graduate,Yes,700000,0.0,700000.0,1700000.0,96.0,,733.0,,1200000.0,800000.0,2400000.0,500000.0,4900000.0,2.4285714285714284,7.0,0.3469387755102041,1
,,0.0,Not Graduate,No,5200000,0.0,5200000.0,15600000.0,240.0,,434.0,,14100000.0,5800000.0,18100000.0,5500000.0,43500000.0,3.0,8.365384615384615,0.3586206896551724,0
,,3.0,Not Graduate,Yes,5900000,0.0,5900000.0,20600000.0,120.0,,777.0,,1900000.0,4600000.0,21200000.0,6400000.0,34100000.0,3.4915254237288136,5.779661016949152,0.6041055718475073,1
,,4.0,Graduate,No,7200000,0.0,7200000.0,19100000.0,48.0,,774.0,,9400000.0,7000000.0,17900000.0,3600000.0,37900000.0,2.6527777777777777,5.263888888888889,0.503957783641161,1
,,1.0,Not Graduate,Yes,8700000,0.0,8700000.0,27000000.0,120.0,,717.0,,25500000.0,8600000.0,17500000.0,9100000.0,60700000.0,3.103448275862069,6.977011494252873,0.44481054365733114,1
,,3.0,Not Graduate,Yes,1100000,0.0,1100000.0,3500000.0,144.0,,503.0,,3000000.0,400000.0,2200000.0,1200000.0,6800000.0,3.1818181818181817,6.181818181818182,0.5147058823529411,0
,,1.0,Graduate,Yes,4000000,0.0,4000000.0,10900000.0,168.0,,598.0,,3600000.0,6600000.0,13600000.0,4400000.0,28200000.0,2.725,7.05,0.38652482269503546,1
,,2.0,Graduate,No,9800000,0.0,9800000.0,32400000.0,24.0,,543.0,,24200000.0,17500000.0,25700000.0,7700000.0,75100000.0,3.306122448979592,7.663265306122449,0.43142476697736354,1
,,0.0,Not Graduate,Yes,2700000,0.0,2700000.0,6800000.0,240.0,,796.0,,700000.0,4200000.0,7000000.0,1900000.0,13800000.0,2.5185185185185186,5.111111111111111,0.4927536231884058,1
,,3.0,Not Graduate,Yes,8800000,0.0,8800000.0,34600000.0,96.0,,386.0,,14800000.0,16500000.0,18400000.0,6000000.0,55700000.0,3.9318181818181817,6.329545454545454,0.6211849192100538,0
,,5.0,Not Graduate,Yes,3300000,0.0,3300000.0,7800000.0,192.0,,632.0,,8500000.0,500000.0,7100000.0,4900000.0,21000000.0,2.3636363636363638,6.363636363636363,0.37142857142857144,1
,,1.0,Graduate,Yes,6900000,0.0,6900000.0,23400000.0,48.0,,481.0,,18700000.0,1100000.0,23400000.0,10200000.0,53400000.0,3.391304347826087,7.739130434782608,0.43820224719101125,1
,,3.0,Graduate,Yes,900000,0.0,900000.0,3500000.0,48.0,,770.0,,700000.0,0.0,2000000.0,600000.0,3300000.0,3.888888888888889,3.6666666666666665,1.0606060606060606,0
,,3.0,Graduate,Yes,4100000,0.0,4100000.0,15500000.0,72.0,,667.0,,2800000.0,1600000.0,14700000.0,4000000.0,23100000.0,3.7804878048780486,5.634146341463414,0.670995670995671,1
,,3.0,Not Graduate,Yes,4700000,0.0,4700000.0,17500000.0,96.0,,585.0,,1200000.0,3100000.0,9600000.0,4900000.0,18800000.0,3.723404255319149,4.0,0.9308510638297872,1
,,5.0,Graduate,Yes,3400000,0.0,3400000.0,11600000.0,192.0,,479.0,,9200000.0,5700000.0,11200000.0,2400000.0,28500000.0,3.411764705882353,8.382352941176471,0.4070175438596491,0
,,2.0,Graduate,No,9600000,0.0,9600000.0,22500000.0,216.0,,851.0,,7400000.0,16200000.0,24300000.0,12700000.0,60600000.0,2.34375,6.3125,0.3712871287128713,1
,,3.0,Not Graduate,Yes,7000000,0.0,7000000.0,16200000.0,72.0,,378.0,,20000000.0,12600000.0,20300000.0,5500000.0,58400000.0,2.3142857142857145,8.342857142857143,0.2773972602739726,0
,,5.0,Graduate,No,5700000,0.0,5700000.0,12900000.0,216.0,,807.0,,4100000.0,900000.0,18600000.0,5500000.0,29100000.0,2.263157894736842,5.105263157894737,0.44329896907216493,1
,,1.0,Not Graduate,Yes,8200000,0.0,8200000.0,32400000.0,216.0,,831.0,,22800000.0,12300000.0,17700000.0,7800000.0,60600000.0,3.951219512195122,7.390243902439025,0.5346534653465347,1
,,2.0,Not Graduate,No,2100000,0.0,2100000.0,5100000.0,144.0,,674.0,,2200000.0,3200000.0,6400000.0,2400000.0,14200000.0,2.4285714285714284,6.761904761904762,0.3591549295774648,1
,,1.0,Not Graduate,Yes,8000000,0.0,8000000.0,28100000.0,216.0,,725.0,,1900000.0,12800000.0,23000000.0,7500000.0,45200000.0,3.5125,5.65,0.6216814159292036,1
,,2.0,Not Graduate,No,8000000,0.0,8000000.0,29300000.0,48.0,,600.0,,16500000.0,13200000.0,29400000.0,6500000.0,65600000.0,3.6625,8.2,0.44664634146341464,1
,,0.0,Not Graduate,Yes,9400000,0.0,9400000.0,27000000.0,120.0,,536.0,,4400000.0,1700000.0,33800000.0,4800000.0,44700000.0,2.872340425531915,4.75531914893617,0.6040268456375839,0
,,0.0,Graduate,No,8400000,0.0,8400000.0,20600000.0,120.0,,477.0,,1500000.0,1500000.0,25000000.0,11900000.0,39900000.0,2.4523809523809526,4.75,0.5162907268170426,0
,,1.0,Not Graduate,Yes,1900000,0.0,1900000.0,5000000.0,72.0,,560.0,,1000000.0,1900000.0,6300000.0,1400000.0,10600000.0,2.6315789473684212,5.578947368421052,0.4716981132075472,1
,,0.0,Not Graduate,Yes,4200000,0.0,4200000.0,16400000.0,240.0,,539.0,,9500000.0,2100000.0,11400000.0,3100000.0,26100000.0,3.9047619047619047,6.214285714285714,0.6283524904214559,0
,,5.0,Graduate,No,2600000,0.0,2600000.0,9100000.0,96.0,,852.0,,3700000.0,700000.0,10300000.0,3300000.0,18000000.0,3.5,6.923076923076923,0.5055555555555555,1
,,3.0,Not Graduate,No,3700000,0.0,3700000.0,8500000.0,240.0,,853.0,,8300000.0,5700000.0,7500000.0,4900000.0,26400000.0,2.2972972972972974,7.135135135135135,0.32196969696969696,1
,,0.0,Graduate,No,8800000,0.0,8800000.0,30900000.0,144.0,,729.0,,1700000.0,700000.0,25700000.0,11400000.0,39500000.0,3.5113636363636362,4.488636363636363,0.7822784810126582,1
,,2.0,Not Graduate,No,2100000,0.0,2100000.0,4700000.0,24.0,,546.0,,6000000.0,3200000.0,5700000.0,1500000.0,16400000.0,2.238095238095238,7.809523809523809,0.2865853658536585,0
,,3.0,Graduate,Yes,900000,0.0,900000.0,2400000.0,120.0,,489.0,,800000.0,0.0,2800000.0,500000.0,4100000.0,2.6666666666666665,4.555555555555555,0.5853658536585366,0
,,3.0,Graduate,Yes,9800000,0.0,9800000.0,35400000.0,72.0,,869.0,,14400000.0,16400000.0,22800000.0,10300000.0,63900000.0,3.6122448979591835,6.520408163265306,0.5539906103286385,1
,,2.0,Not Graduate,No,8000000,0.0,8000000.0,20000000.0,24.0,,502.0,,4100000.0,2200000.0,31600000.0,9900000.0,47800000.0,2.5,5.975,0.41841004184100417,0
,,0.0,Graduate,No,9800000,0.0,9800000.0,38800000.0,96.0,,652.0,,23200000.0,19000000.0,29700000.0,5400000.0,77300000.0,3.9591836734693877,7.887755102040816,0.5019404915912031,1
,,0.0,Not Graduate,Yes,300000,0.0,300000.0,1100000.0,96.0,,789.0,,400000.0,100000.0,800000.0,400000.0,1700000.0,3.6666666666666665,5.666666666666667,0.6470588235294118,1
,,4.0,Not Graduate,No,2700000,0.0,2700000.0,8100000.0,48.0,,325.0,,5000000.0,800000.0,9900000.0,3400000.0,19100000.0,3.0,7.074074074074074,0.42408376963350786,1
,,3.0,Graduate,Yes,7400000,0.0,7400000.0,19600000.0,24.0,,716.0,,4100000.0,8900000.0,29100000.0,4200000.0,46300000.0,2.6486486486486487,6.256756756756757,0.42332613390928725,1
,,3.0,Graduate,No,9200000,0.0,9200000.0,34300000.0,216.0,,523.0,,25600000.0,4000000.0,29100000.0,8800000.0,67500000.0,3.7282608695652173,7.336956521739131,0.5081481481481481,0
,,5.0,Not Graduate,No,9500000,0.0,9500000.0,22200000.0,240.0,,352.0,,24500000.0,0.0,30800000.0,7000000.0,62300000.0,2.336842105263158,6.557894736842106,0.3563402889245586,0
,,5.0,Graduate,Yes,3800000,0.0,3800000.0,14400000.0,24.0,,345.0,,3300000.0,800000.0,13000000.0,4700000.0,21800000.0,3.789473684210526,5.7368421052631575,0.6605504587155964,1
,,0.0,Graduate,No,8300000,0.0,8300000.0,19400000.0,216.0,,649.0,,2500000.0,16100000.0,24300000.0,11300000.0,54200000.0,2.3373493975903616,6.530120481927711,0.35793357933579334,1
,,2.0,Graduate,Yes,2800000,0.0,2800000.0,7400000.0,216.0,,666.0,,100000.0,2300000.0,6300000.0,3400000.0,12100000.0,2.642857142857143,4.321428571428571,0.6115702479338843,1
,,0.0,Graduate,No,8600000,0.0,8600000.0,20900000.0,120.0,,813.0,,11300000.0,11900000.0,26000000.0,4800000.0,54000000.0,2.4302325581395348,6.27906976744186,0.387037037037037,1
,,0.0,Not Graduate,No,5400000,0.0,5400000.0,16800000.0,120.0,,599.0,,5300000.0,7400000.0,14500000.0,7600000.0,34800000.0,3.111111111111111,6.444444444444445,0.4827586206896552,1
,,5.0,Graduate,Yes,4200000,0.0,4200000.0,9400000.0,72.0,,678.0,,4700000.0,5500000.0,9900000.0,5700000.0,25800000.0,2.238095238095238,6.142857142857143,0.3643410852713178,1
,,5.0,Not Graduate,No,5200000,0.0,5200000.0,12200000.0,240.0,,513.0,,13400000.0,2000000.0,16800000.0,5400000.0,37600000.0,2.3461538461538463,7.230769230769231,0.324468085106383,0
,,5.0,Graduate,No,9400000,0.0,9400000.0,27900000.0,48.0,,870.0,,1100000.0,200000.0,29500000.0,10400000.0,41200000.0,2.9680851063829787,4.382978723404255,0.6771844660194175,1
,,3.0,Graduate,No,8800000,0.0,8800000.0,20400000.0,96.0,,483.0,,3200000.0,11400000.0,28200000.0,11800000.0,54600000.0,2.3181818181818183,6.204545454545454,0.37362637362637363,0
,,1.0,Graduate,Yes,5900000,0.0,5900000.0,16700000.0,192.0,,308.0,,5800000.0,8800000.0,19100000.0,5300000.0,39000000.0,2.830508474576271,6.610169491525424,0.4282051282051282,0
,,3.0,Graduate,Yes,1700000,0.0,1700000.0,4900000.0,192.0,,591.0,,4700000.0,1000000.0,4300000.0,1400000.0,11400000.0,2.8823529411764706,6.705882352941177,0.4298245614035088,1
,,1.0,Not Graduate,No,7000000,0.0,7000000.0,23000000.0,120.0,,886.0,,14000000.0,3700000.0,26700000.0,3600000.0,48000000.0,3.2857142857142856,6.857142857142857,0.4791666666666667,1
,,4.0,Not Graduate,No,1700000,0.0,1700000.0,4000000.0,72.0,,829.0,,0.0,1600000.0,5200000.0,1700000.0,8500000.0,2.3529411764705883,5.0,0.47058823529411764,1
,,0.0,Not Graduate,No,1500000,0.0,1500000.0,4900000.0,144.0,,651.0,,1600000.0,2800000.0,4600000.0,800000.0,9800000.0,3.2666666666666666,6.533333333333333,0.5,1
,,4.0,Not Graduate,No,2000000,0.0,2000000.0,4700000.0,216.0,,733.0,,3700000.0,3700000.0,7000000.0,2800000.0,17200000.0,2.35,8.6,0.27325581395348836,1
,,5.0,Graduate,Yes,3900000,0.0,3900000.0,15500000.0,144.0,,433.0,,9500000.0,5400000.0,7900000.0,4600000.0,27400000.0,3.9743589743589745,7.0256410256410255,0.5656934306569343,0
,,1.0,Graduate,Yes,900000,0.0,900000.0,3600000.0,168.0,,713.0,,1300000.0,1000000.0,1800000.0,1200000.0,5300000.0,4.0,5.888888888888889,0.6792452830188679,1
,,1.0,Graduate,No,6900000,0.0,6900000.0,22500000.0,216.0,,403.0,,800000.0,8400000.0,16900000.0,6300000.0,32400000.0,3.260869565217391,4.695652173913044,0.6944444444444444,0
,,0.0,Graduate,Yes,2800000,0.0,2800000.0,7800000.0,120.0,,405.0,,7800000.0,2500000.0,7100000.0,3400000.0,20800000.0,2.7857142857142856,7.428571428571429,0.375,0
,,3.0,Graduate,Yes,6800000,0.0,6800000.0,19900000.0,120.0,,516.0,,16000000.0,6000000.0,26000000.0,8500000.0,56500000.0,2.926470588235294,8.308823529411764,0.35221238938053095,0
,,4.0,Not Graduate,Yes,600000,0.0,600000.0,1800000.0,96.0,,417.0,,1700000.0,700000.0,1800000.0,800000.0,5000000.0,3.0,8.333333333333334,0.36,0
,,1.0,Not Graduate,No,4700000,0.0,4700000.0,14000000.0,72.0,,468.0,,11300000.0,1800000.0,10600000.0,4600000.0,28300000.0,2.978723404255319,6.0212765957446805,0.49469964664310956,0
,,5.0,Graduate,Yes,3000000,0.0,3000000.0,11800000.0,120.0,,672.0,,8700000.0,3600000.0,9800000.0,4100000.0,26200000.0,3.933333333333333,8.733333333333333,0.45038167938931295,1
,,5.0,Not Graduate,No,4000000,0.0,4000000.0,13900000.0,72.0,,530.0,,6000000.0,5600000.0,12500000.0,6000000.0,30100000.0,3.475,7.525,0.46179401993355484,0
,,1.0,Not Graduate,Yes,3100000,0.0,3100000.0,11300000.0,168.0,,824.0,,3700000.0,6000000.0,11000000.0,4400000.0,25100000.0,3.6451612903225805,8.096774193548388,0.450199203187251,1
,,1.0,Not Graduate,Yes,7700000,0.0,7700000.0,25500000.0,144.0,,549.0,,18100000.0,10600000.0,20500000.0,7000000.0,56200000.0,3.311688311688312,7.298701298701299,0.45373665480427045,0
,,5.0,Not Graduate,Yes,4300000,0.0,4300000.0,9300000.0,120.0,,450.0,,2100000.0,6700000.0,10000000.0,4100000.0,22900000.0,2.1627906976744184,5.325581395348837,0.40611353711790393,0
,,1.0,Graduate,Yes,5800000,0.0,5800000.0,19500000.0,240.0,,431.0,,13800000.0,5000000.0,15600000.0,3300000.0,37700000.0,3.3620689655172415,6.5,0.5172413793103449,0
,,3.0,Graduate,Yes,3600000,0.0,3600000.0,10700000.0,192.0,,312.0,,2300000.0,1600000.0,13100000.0,5200000.0,22200000.0,2.9722222222222223,6.166666666666667,0.481981981981982,0
,,0.0,Not Graduate,Yes,2900000,0.0,2900000.0,7600000.0,96.0,,320.0,,8000000.0,5600000.0,9600000.0,3100000.0,26300000.0,2.6206896551724137,9.068965517241379,0.2889733840304182,0
,,0.0,Graduate,No,8800000,0.0,8800000.0,20200000.0,48.0,,433.0,,16000000.0,4200000.0,30500000.0,12400000.0,63100000.0,2.2954545454545454,7.170454545454546,0.3201267828843106,0
,,1.0,Not Graduate,Yes,300000,0.0,300000.0,1000000.0,120.0,,431.0,,400000.0,500000.0,900000.0,100000.0,1900000.0,3.3333333333333335,6.333333333333333,0.5263157894736842,0
,,5.0,Not Graduate,Yes,8600000,0.0,8600000.0,28900000.0,96.0,,516.0,,9900000.0,1800000.0,30200000.0,6800000.0,48700000.0,3.36046511627907,5.662790697674419,0.5934291581108829,0
,,2.0,Not Graduate,Yes,3500000,0.0,3500000.0,12000000.0,168.0,,476.0,,1100000.0,6800000.0,12400000.0,2900000.0,23200000.0,3.4285714285714284,6.628571428571429,0.5172413793103449,0
,,5.0,Graduate,No,800000,0.0,800000.0,2600000.0,72.0,,560.0,,100000.0,200000.0,3000000.0,1000000.0,4300000.0,3.25,5.375,0.6046511627906976,1
,,2.0,Graduate,No,8000000,0.0,8000000.0,27100000.0,144.0,,674.0,,14400000.0,400000.0,25300000.0,6400000.0,46500000.0,3.3875,5.8125,0.5827956989247312,1
,,0.0,Not Graduate,Yes,9900000,0.0,9900000.0,38200000.0,72.0,,573.0,,17200000.0,10000000.0,20100000.0,5900000.0,53200000.0,3.8585858585858586,5.373737373737374,0.7180451127819549,1
,,2.0,Not Graduate,No,3300000,0.0,3300000.0,6600000.0,72.0,,331.0,,6300000.0,2000000.0,8900000.0,2700000.0,19900000.0,2.0,6.03030303030303,0.3316582914572864,0
,,4.0,Graduate,Yes,2000000,0.0,2000000.0,6700000.0,144.0,,633.0,,100000.0,800000.0,4800000.0,2000000.0,7700000.0,3.35,3.85,0.8701298701298701,1
,,3.0,Not Graduate,No,4900000,0.0,4900000.0,12900000.0,216.0,,877.0,,1800000.0,7000000.0,17900000.0,3300000.0,30000000.0,2.63265306122449,6.122448979591836,0.43,1
,,5.0,Not Graduate,Yes,9200000,0.0,9200000.0,23600000.0,144.0,,656.0,,1400000.0,11200000.0,36400000.0,4900000.0,53900000.0,2.5652173913043477,5.858695652173913,0.437847866419295,1
,,0.0,Not Graduate,No,7500000,0.0,7500000.0,18200000.0,72.0,,782.0,,7400000.0,12000000.0,19800000.0,4100000.0,43300000.0,2.4266666666666667,5.773333333333333,0.42032332563510394,1
,,5.0,Not Graduate,No,9000000,0.0,9000000.0,29300000.0,48.0,,531.0,,10400000.0,9500000.0,35500000.0,5800000.0,61200000.0,3.2555555555555555,6.8,0.47875816993464054,1
,,3.0,Not Graduate,No,1400000,0.0,1400000.0,4100000.0,96.0,,455.0,,3000000.0,1400000.0,2900000.0,2100000.0,9400000.0,2.9285714285714284,6.714285714285714,0.43617021276595747,0
,,3.0,Graduate,No,9600000,0.0,9600000.0,19900000.0,168.0,,452.0,,4200000.0,16200000.0,28500000.0,6600000.0,55500000.0,2.0729166666666665,5.78125,0.35855855855855856,0
,,2.0,Graduate,No,8400000,0.0,8400000.0,33200000.0,168.0,,474.0,,19600000.0,15000000.0,25400000.0,11500000.0,71500000.0,3.9523809523809526,8.511904761904763,0.4643356643356643,0
,,3.0,Not Graduate,No,6400000,0.0,6400000.0,24400000.0,48.0,,483.0,,7800000.0,2400000.0,19100000.0,4500000.0,33800000.0,3.8125,5.28125,0.7218934911242604,1
,,4.0,Graduate,No,5900000,0.0,5900000.0,16800000.0,96.0,,481.0,,6900000.0,11400000.0,19500000.0,3300000.0,41100000.0,2.847457627118644,6.966101694915254,0.40875912408759124,0
,,2.0,Graduate,Yes,2200000,0.0,2200000.0,5100000.0,240.0,,859.0,,3800000.0,1200000.0,6400000.0,3100000.0,14500000.0,2.3181818181818183,6.590909090909091,0.35172413793103446,1
,,4.0,Graduate,Yes,5600000,0.0,5600000.0,14100000.0,168.0,,696.0,,9000000.0,9200000.0,16500000.0,6800000.0,41500000.0,2.517857142857143,7.410714285714286,0.3397590361445783,1
,,4.0,Not Graduate,No,9800000,0.0,9800000.0,28700000.0,72.0,,778.0,,16600000.0,7400000.0,29700000.0,11100000.0,64800000.0,2.9285714285714284,6.612244897959184,0.44290123456790126,1
,,4.0,Graduate,No,4400000,0.0,4400000.0,14600000.0,48.0,,499.0,,1300000.0,6500000.0,16100000.0,5700000.0,29600000.0,3.3181818181818183,6.7272727272727275,0.49324324324324326,1
,,2.0,Not Graduate,Yes,2400000,0.0,2400000.0,4900000.0,48.0,,888.0,,6400000.0,4300000.0,5100000.0,3400000.0,19200000.0,2.0416666666666665,8.0,0.2552083333333333,1
,,1.0,Graduate,No,4400000,0.0,4400000.0,10800000.0,144.0,,674.0,,9600000.0,2700000.0,17200000.0,5300000.0,34800000.0,2.4545454545454546,7.909090909090909,0.3103448275862069,1
,,4.0,Graduate,No,3700000,0.0,3700000.0,13200000.0,48.0,,802.0,,9800000.0,2400000.0,12500000.0,4300000.0,29000000.0,3.5675675675675675,7.837837837837838,0.45517241379310347,1
,,4.0,Not Graduate,Yes,2300000,0.0,2300000.0,7800000.0,96.0,,540.0,,1500000.0,3400000.0,4700000.0,2800000.0,12400000.0,3.391304347826087,5.391304347826087,0.6290322580645161,0
,,4.0,Graduate,Yes,5900000,0.0,5900000.0,19600000.0,96.0,,726.0,,17400000.0,6800000.0,20100000.0,8000000.0,52300000.0,3.3220338983050848,8.864406779661017,0.37476099426386233,1
,,4.0,Not Graduate,Yes,6400000,0.0,6400000.0,23500000.0,24.0,,485.0,,7300000.0,2700000.0,23600000.0,3900000.0,37500000.0,3.671875,5.859375,0.6266666666666667,1
,,4.0,Graduate,Yes,4900000,0.0,4900000.0,17100000.0,72.0,,612.0,,1300000.0,7000000.0,19500000.0,5000000.0,32800000.0,3.489795918367347,6.6938775510204085,0.5213414634146342,1
,,3.0,Not Graduate,Yes,9500000,0.0,9500000.0,24200000.0,96.0,,879.0,,3100000.0,17200000.0,26400000.0,12700000.0,59400000.0,2.5473684210526315,6.252631578947368,0.4074074074074074,1
,,2.0,Not Graduate,No,5700000,0.0,5700000.0,16400000.0,144.0,,708.0,,3700000.0,800000.0,15000000.0,4400000.0,23900000.0,2.8771929824561404,4.192982456140351,0.6861924686192469,1
,,2.0,Not Graduate,Yes,2700000,0.0,2700000.0,5700000.0,96.0,,850.0,,3500000.0,5000000.0,10500000.0,3900000.0,22900000.0,2.111111111111111,8.481481481481481,0.24890829694323144,1
,,2.0,Not Graduate,Yes,3900000,0.0,3900000.0,11300000.0,144.0,,516.0,,3100000.0,0.0,10400000.0,4600000.0,18100000.0,2.8974358974358974,4.641025641025641,0.6243093922651933,0
,,0.0,Not Graduate,No,7800000,0.0,7800000.0,28800000.0,144.0,,465.0,,4700000.0,7500000.0,28800000.0,7400000.0,48400000.0,3.6923076923076925,6.205128205128205,0.5950413223140496,0
,,0.0,Graduate,No,1100000,0.0,1100000.0,3200000.0,240.0,,716.0,,1800000.0,1400000.0,3600000.0,1500000.0,8300000.0,2.909090909090909,7.545454545454546,0.3855421686746988,1
,,4.0,Not Graduate,No,200000,0.0,200000.0,600000.0,120.0,,404.0,,0.0,100000.0,400000.0,0.0,500000.0,3.0,2.5,1.2,0
,,0.0,Not Graduate,Yes,4700000,0.0,4700000.0,10600000.0,240.0,,512.0,,8400000.0,4000000.0,12300000.0,7000000.0,31700000.0,2.25531914893617,6.74468085106383,0.334384858044164,0
,,3.0,Not Graduate,Yes,8200000,0.0,8200000.0,20600000.0,120.0,,441.0,,16100000.0,11400000.0,29100000.0,6100000.0,62700000.0,2.5121951219512195,7.646341463414634,0.32854864433811803,0
,,2.0,Not Graduate,Yes,4600000,0.0,4600000.0,18400000.0,24.0,,555.0,,7700000.0,2400000.0,14200000.0,4200000.0,28500000.0,4.0,6.195652173913044,0.6456140350877193,1
,,5.0,Not Graduate,No,1800000,0.0,1800000.0,7000000.0,216.0,,466.0,,2600000.0,2100000.0,6000000.0,1900000.0,12600000.0,3.888888888888889,7.0,0.5555555555555556,0
,,3.0,Graduate,Yes,3200000,0.0,3200000.0,8600000.0,24.0,,427.0,,3900000.0,1800000.0,7100000.0,4700000.0,17500000.0,2.6875,5.46875,0.49142857142857144,0
,,4.0,Not Graduate,Yes,5500000,0.0,5500000.0,20000000.0,168.0,,593.0,,15100000.0,2700000.0,19900000.0,4900000.0,42600000.0,3.6363636363636362,7.745454545454545,0.4694835680751174,1
,,3.0,Graduate,No,7900000,0.0,7900000.0,18300000.0,120.0,,731.0,,4200000.0,3400000.0,22200000.0,8400000.0,38200000.0,2.3164556962025316,4.8354430379746836,0.4790575916230366,1
,,1.0,Graduate,Yes,4000000,0.0,4000000.0,10100000.0,192.0,,451.0,,7000000.0,3900000.0,14300000.0,3900000.0,29100000.0,2.525,7.275,0.3470790378006873,0
,,3.0,Not Graduate,Yes,6800000,0.0,6800000.0,16900000.0,216.0,,628.0,,3600000.0,900000.0,15600000.0,4900000.0,25000000.0,2.485294117647059,3.676470588235294,0.676,1
,,1.0,Not Graduate,No,2700000,0.0,2700000.0,9400000.0,216.0,,704.0,,5300000.0,2300000.0,6400000.0,2400000.0,16400000.0,3.4814814814814814,6.074074074074074,0.573170731707317,1
,,2.0,Not Graduate,No,6800000,0.0,6800000.0,23500000.0,144.0,,341.0,,19300000.0,11800000.0,14300000.0,8500000.0,53900000.0,3.4558823529411766,7.926470588235294,0.4359925788497217,0
,,5.0,Graduate,No,8600000,0.0,8600000.0,21000000.0,96.0,,465.0,,11700000.0,14900000.0,19500000.0,9900000.0,56000000.0,2.441860465116279,6.511627906976744,0.375,0
,,4.0,Graduate,No,8000000,0.0,8000000.0,30100000.0,48.0,,431.0,,11900000.0,13800000.0,18800000.0,11500000.0,56000000.0,3.7625,7.0,0.5375,1
,,1.0,Graduate,Yes,3700000,0.0,3700000.0,12600000.0,120.0,,424.0,,5400000.0,1100000.0,14200000.0,4400000.0,25100000.0,3.4054054054054053,6.783783783783784,0.50199203187251,0
,,0.0,Graduate,No,2600000,0.0,2600000.0,5100000.0,168.0,,678.0,,500000.0,1200000.0,6000000.0,3100000.0,10800000.0,1.9615384615384615,4.153846153846154,0.4722222222222222,1
,,4.0,Graduate,No,4200000,0.0,4200000.0,16800000.0,72.0,,381.0,,9600000.0,3800000.0,14800000.0,5900000.0,34100000.0,4.0,8.119047619047619,0.49266862170087977,0
,,5.0,Graduate,Yes,8000000,0.0,8000000.0,28000000.0,120.0,,449.0,,18500000.0,1500000.0,17400000.0,3900000.0,41300000.0,3.5,5.1625,0.6779661016949152,0
,,1.0,Not Graduate,No,7100000,0.0,7100000.0,23500000.0,144.0,,768.0,,6400000.0,12100000.0,22400000.0,7300000.0,48200000.0,3.3098591549295775,6.788732394366197,0.487551867219917,1
,,0.0,Not Graduate,No,2000000,0.0,2000000.0,7000000.0,72.0,,666.0,,0.0,1200000.0,4300000.0,1400000.0,6900000.0,3.5,3.45,1.0144927536231885,0
,,4.0,Not Graduate,Yes,5800000,0.0,5800000.0,13300000.0,168.0,,742.0,,16100000.0,9300000.0,16300000.0,7000000.0,48700000.0,2.293103448275862,8.39655172413793,0.2731006160164271,1
,,3.0,Not Graduate,Yes,6700000,0.0,6700000.0,15800000.0,48.0,,445.0,,10500000.0,7600000.0,14100000.0,9100000.0,41300000.0,2.3582089552238807,6.164179104477612,0.38256658595641646,0
,,2.0,Graduate,No,7300000,0.0,7300000.0,28700000.0,168.0,,634.0,,5900000.0,3800000.0,21200000.0,10800000.0,41700000.0,3.9315068493150687,5.712328767123288,0.6882494004796164,1
,,4.0,Not Graduate,No,3300000,0.0,3300000.0,9700000.0,168.0,,782.0,,2500000.0,0.0,10400000.0,2200000.0,15100000.0,2.9393939393939394,4.575757575757576,0.6423841059602649,1
,,0.0,Graduate,No,3000000,0.0,3000000.0,7000000.0,120.0,,781.0,,7200000.0,600000.0,11700000.0,2700000.0,22200000.0,2.3333333333333335,7.4,0.3153153153153153,1
,,4.0,Not Graduate,No,7900000,0.0,7900000.0,17200000.0,168.0,,318.0,,14200000.0,9500000.0,23200000.0,9000000.0,55900000.0,2.1772151898734178,7.075949367088608,0.3076923076923077,0
,,5.0,Not Graduate,No,7600000,0.0,7600000.0,24100000.0,216.0,,721.0,,21900000.0,11500000.0,22900000.0,7200000.0,63500000.0,3.1710526315789473,8.355263157894736,0.3795275590551181,1
,,5.0,Not Graduate,No,3700000,0.0,3700000.0,9800000.0,48.0,,563.0,,9500000.0,5100000.0,11200000.0,3000000.0,28800000.0,2.6486486486486487,7.783783783783784,0.3402777777777778,1
,,2.0,Not Graduate,No,8400000,0.0,8400000.0,26300000.0,48.0,,419.0,,22900000.0,7900000.0,29200000.0,6200000.0,66200000.0,3.130952380952381,7.880952380952381,0.3972809667673716,1
,,0.0,Graduate,Yes,8200000,0.0,8200000.0,20800000.0,168.0,,372.0,,3800000.0,100000.0,26100000.0,5200000.0,35200000.0,2.5365853658536586,4.2926829268292686,0.5909090909090909,0
,,0.0,Not Graduate,No,2900000,0.0,2900000.0,9500000.0,216.0,,885.0,,4300000.0,2300000.0,6500000.0,3500000.0,16600000.0,3.2758620689655173,5.724137931034483,0.572289156626506,1
,,1.0,Not Graduate,Yes,9900000,0.0,9900000.0,38400000.0,144.0,,596.0,,10000000.0,9300000.0,36500000.0,6800000.0,62600000.0,3.878787878787879,6.3232323232323235,0.6134185303514377,1
,,0.0,Graduate,No,4400000,0.0,4400000.0,14100000.0,24.0,,349.0,,3300000.0,1300000.0,8800000.0,6200000.0,19600000.0,3.2045454545454546,4.454545454545454,0.7193877551020408,1
,,1.0,Not Graduate,Yes,9000000,0.0,9000000.0,32200000.0,192.0,,468.0,,4500000.0,16400000.0,28600000.0,10900000.0,60400000.0,3.577777777777778,6.711111111111111,0.5331125827814569,0
,,3.0,Not Graduate,Yes,6800000,0.0,6800000.0,26900000.0,192.0,,818.0,,14700000.0,10400000.0,26300000.0,7300000.0,58700000.0,3.9558823529411766,8.632352941176471,0.45826235093696766,1
,,2.0,Not Graduate,No,8700000,0.0,8700000.0,28000000.0,144.0,,543.0,,16900000.0,6000000.0,22900000.0,6700000.0,52500000.0,3.218390804597701,6.0344827586206895,0.5333333333333333,0
,,3.0,Graduate,No,9400000,0.0,9400000.0,21900000.0,192.0,,685.0,,8100000.0,5600000.0,34500000.0,5000000.0,53200000.0,2.3297872340425534,5.659574468085107,0.4116541353383459,1
,,3.0,Not Graduate,Yes,6000000,0.0,6000000.0,12500000.0,216.0,,851.0,,14600000.0,5000000.0,16800000.0,5000000.0,41400000.0,2.0833333333333335,6.9,0.30193236714975846,1
,,1.0,Not Graduate,Yes,9400000,0.0,9400000.0,29800000.0,120.0,,377.0,,24100000.0,18500000.0,30900000.0,11700000.0,85200000.0,3.1702127659574466,9.063829787234043,0.34976525821596244,0
,,0.0,Not Graduate,Yes,1000000,0.0,1000000.0,4000000.0,120.0,,620.0,,2400000.0,1300000.0,3700000.0,1100000.0,8500000.0,4.0,8.5,0.47058823529411764,1
,,3.0,Graduate,Yes,900000,0.0,900000.0,2300000.0,240.0,,611.0,,600000.0,1500000.0,1900000.0,500000.0,4500000.0,2.5555555555555554,5.0,0.5111111111111111,1
,,4.0,Not Graduate,No,2100000,0.0,2100000.0,7700000.0,48.0,,767.0,,1200000.0,1700000.0,6900000.0,1300000.0,11100000.0,3.6666666666666665,5.285714285714286,0.6936936936936937,1
,,5.0,Graduate,Yes,1100000,0.0,1100000.0,3200000.0,240.0,,592.0,,3200000.0,700000.0,3500000.0,500000.0,7900000.0,2.909090909090909,7.181818181818182,0.4050632911392405,1
,,0.0,Graduate,Yes,600000,0.0,600000.0,2300000.0,48.0,,319.0,,1600000.0,800000.0,2300000.0,700000.0,5400000.0,3.8333333333333335,9.0,0.42592592592592593,1
,,4.0,Not Graduate,Yes,9200000,0.0,9200000.0,25500000.0,120.0,,900.0,,9400000.0,10500000.0,27400000.0,12800000.0,60100000.0,2.7717391304347827,6.532608695652174,0.4242928452579035,1
,,2.0,Not Graduate,Yes,3600000,0.0,3600000.0,12800000.0,216.0,,814.0,,8600000.0,4100000.0,10300000.0,4100000.0,27100000.0,3.5555555555555554,7.527777777777778,0.47232472324723246,1
,,5.0,Not Graduate,Yes,1300000,0.0,1300000.0,5000000.0,120.0,,755.0,,2100000.0,2200000.0,4800000.0,1900000.0,11000000.0,3.8461538461538463,8.461538461538462,0.45454545454545453,1
,,5.0,Graduate,Yes,7700000,0.0,7700000.0,16800000.0,240.0,,584.0,,8600000.0,4800000.0,23400000.0,8000000.0,44800000.0,2.1818181818181817,5.818181818181818,0.375,1
,,4.0,Graduate,Yes,9500000,0.0,9500000.0,23500000.0,168.0,,380.0,,22900000.0,6700000.0,25100000.0,7300000.0,62000000.0,2.473684210526316,6.526315789473684,0.3790322580645161,0
,,2.0,Not Graduate,Yes,5000000,0.0,5000000.0,17600000.0,240.0,,465.0,,6200000.0,5200000.0,16500000.0,5200000.0,33100000.0,3.52,6.62,0.5317220543806647,0
,,0.0,Not Graduate,No,500000,0.0,500000.0,1800000.0,24.0,,531.0,,1300000.0,500000.0,1900000.0,700000.0,4400000.0,3.6,8.8,0.4090909090909091,1
,,1.0,Graduate,Yes,8300000,0.0,8300000.0,32100000.0,192.0,,814.0,,18500000.0,2700000.0,28900000.0,7500000.0,57600000.0,3.8674698795180724,6.9397590361445785,0.5572916666666666,1
,,0.0,Graduate,No,5300000,0.0,5300000.0,17900000.0,72.0,,678.0,,4700000.0,3900000.0,14400000.0,3600000.0,26600000.0,3.3773584905660377,5.018867924528302,0.6729323308270677,1
,,2.0,Not Graduate,Yes,9300000,0.0,9300000.0,29000000.0,144.0,,655.0,,7900000.0,6800000.0,29900000.0,4900000.0,49500000.0,3.118279569892473,5.32258064516129,0.5858585858585859,1
,,3.0,Not Graduate,No,2300000,0.0,2300000.0,7400000.0,24.0,,682.0,,6500000.0,2400000.0,7600000.0,2100000.0,18600000.0,3.217391304347826,8.08695652173913,0.3978494623655914,1
,,1.0,Not Graduate,No,400000,0.0,400000.0,1300000.0,72.0,,695.0,,200000.0,500000.0,800000.0,100000.0,1600000.0,3.25,4.0,0.8125,1
,,3.0,Not Graduate,No,3200000,0.0,3200000.0,10800000.0,48.0,,833.0,,2600000.0,1000000.0,8700000.0,2600000.0,14900000.0,3.375,4.65625,0.7248322147651006,1
,,5.0,Not Graduate,Yes,9400000,0.0,9400000.0,35300000.0,192.0,,302.0,,4100000.0,12500000.0,37000000.0,12900000.0,66500000.0,3.75531914893617,7.074468085106383,0.530827067669173,0
,,1.0,Graduate,No,2300000,0.0,2300000.0,6600000.0,24.0,,357.0,,5900000.0,200000.0,6000000.0,2200000.0,14300000.0,2.869565217391304,6.217391304347826,0.46153846153846156,0
,,5.0,Not Graduate,No,4300000,0.0,4300000.0,14500000.0,144.0,,302.0,,12500000.0,4300000.0,12500000.0,5100000.0,34400000.0,3.372093023255814,8.0,0.42151162790697677,0
,,0.0,Graduate,Yes,6200000,0.0,6200000.0,22400000.0,216.0,,873.0,,15700000.0,6600000.0,15800000.0,8200000.0,46300000.0,3.6129032258064515,7.467741935483871,0.4838012958963283,1
,,0.0,Not Graduate,Yes,7200000,0.0,7200000.0,19800000.0,144.0,,658.0,,12700000.0,8100000.0,25000000.0,7300000.0,53100000.0,2.75,7.375,0.3728813559322034,1
,,5.0,Graduate,Yes,2400000,0.0,2400000.0,8700000.0,216.0,,877.0,,2800000.0,2900000.0,7100000.0,1100000.0,13900000.0,3.625,5.791666666666667,0.6258992805755396,1
,,3.0,Not Graduate,No,2900000,0.0,2900000.0,6300000.0,96.0,,648.0,,3400000.0,3400000.0,7600000.0,1400000.0,15800000.0,2.1724137931034484,5.448275862068965,0.3987341772151899,1
,,1.0,Graduate,No,1400000,0.0,1400000.0,5200000.0,144.0,,730.0,,2900000.0,0.0,3700000.0,700000.0,7300000.0,3.7142857142857144,5.214285714285714,0.7123287671232876,1
,,4.0,Not Graduate,Yes,2200000,0.0,2200000.0,8200000.0,168.0,,737.0,,5800000.0,2800000.0,8200000.0,1400000.0,18200000.0,3.727272727272727,8.272727272727273,0.45054945054945056,1
,,2.0,Graduate,Yes,800000,0.0,800000.0,3200000.0,120.0,,584.0,,0.0,200000.0,2100000.0,700000.0,3000000.0,4.0,3.75,1.0666666666666667,0
,,0.0,Graduate,No,600000,0.0,600000.0,1700000.0,24.0,,621.0,,400000.0,400000.0,2000000.0,200000.0,3000000.0,2.8333333333333335,5.0,0.5666666666666667,1
,,4.0,Graduate,Yes,700000,0.0,700000.0,2700000.0,192.0,,583.0,,1100000.0,1200000.0,1400000.0,300000.0,4000000.0,3.857142857142857,5.714285714285714,0.675,1
,,2.0,Not Graduate,No,8400000,0.0,8400000.0,25900000.0,192.0,,621.0,,8600000.0,13400000.0,33500000.0,4200000.0,59700000.0,3.0833333333333335,7.107142857142857,0.4338358458961474,1
,,2.0,Not Graduate,No,7100000,0.0,7100000.0,21500000.0,192.0,,610.0,,5800000.0,12100000.0,14200000.0,9300000.0,41400000.0,3.028169014084507,5.830985915492958,0.5193236714975845,1
,,4.0,Graduate,No,5400000,0.0,5400000.0,15700000.0,216.0,,452.0,,13700000.0,2600000.0,16500000.0,6600000.0,39400000.0,2.9074074074074074,7.296296296296297,0.39847715736040606,0
,,5.0,Graduate,No,3700000,0.0,3700000.0,7300000.0,216.0,,339.0,,9300000.0,100000.0,13900000.0,5300000.0,28600000.0,1.972972972972973,7.72972972972973,0.25524475524475526,0
,,3.0,Graduate,Yes,5200000,0.0,5200000.0,15200000.0,192.0,,650.0,,1300000.0,5700000.0,13500000.0,4100000.0,24600000.0,2.923076923076923,4.730769230769231,0.6178861788617886,1
,,4.0,Not Graduate,Yes,200000,0.0,200000.0,700000.0,120.0,,672.0,,200000.0,200000.0,300000.0,300000.0,1000000.0,3.5,5.0,0.7,1
,,3.0,Graduate,No,500000,0.0,500000.0,1000000.0,240.0,,501.0,,800000.0,800000.0,900000.0,200000.0,2700000.0,2.0,5.4,0.37037037037037035,0
,,2.0,Not Graduate,Yes,1800000,0.0,1800000.0,5700000.0,48.0,,809.0,,1200000.0,1900000.0,6300000.0,2400000.0,11800000.0,3.1666666666666665,6.555555555555555,0.4830508474576271,1
,,5.0,Graduate,Yes,9200000,0.0,9200000.0,29400000.0,96.0,,318.0,,18000000.0,5900000.0,33800000.0,5400000.0,63100000.0,3.1956521739130435,6.858695652173913,0.4659270998415214,0
,,4.0,Not Graduate,No,900000,0.0,900000.0,3300000.0,120.0,,649.0,,0.0,400000.0,1800000.0,1200000.0,3400000.0,3.6666666666666665,3.7777777777777777,0.9705882352941176,1
,,3.0,Not Graduate,No,7500000,0.0,7500000.0,28300000.0,144.0,,367.0,,9200000.0,11300000.0,22700000.0,7000000.0,50200000.0,3.7733333333333334,6.693333333333333,0.5637450199203188,0
,,5.0,Not Graduate,No,3000000,0.0,3000000.0,11800000.0,72.0,,847.0,,8200000.0,2200000.0,7100000.0,2300000.0,19800000.0,3.933333333333333,6.6,0.5959595959595959,1
,,5.0,Graduate,No,7100000,0.0,7100000.0,18900000.0,144.0,,360.0,,10700000.0,1100000.0,19800000.0,8500000.0,40100000.0,2.6619718309859155,5.647887323943662,0.4713216957605985,0
,,1.0,Graduate,Yes,3500000,0.0,3500000.0,7200000.0,24.0,,865.0,,4100000.0,3200000.0,11900000.0,4200000.0,23400000.0,2.057142857142857,6.685714285714286,0.3076923076923077,1
,,4.0,Not Graduate,No,4900000,0.0,4900000.0,18800000.0,192.0,,880.0,,4200000.0,4700000.0,13200000.0,2600000.0,24700000.0,3.836734693877551,5.040816326530612,0.7611336032388664,1
,,1.0,Graduate,No,4100000,0.0,4100000.0,8400000.0,240.0,,608.0,,1400000.0,8000000.0,10000000.0,4400000.0,23800000.0,2.048780487804878,5.804878048780488,0.35294117647058826,1
,,0.0,Graduate,Yes,800000,0.0,800000.0,2100000.0,72.0,,760.0,,300000.0,100000.0,1600000.0,600000.0,2600000.0,2.625,3.25,0.8076923076923077,1
,,3.0,Graduate,Yes,1700000,0.0,1700000.0,4600000.0,144.0,,385.0,,1500000.0,1300000.0,5200000.0,1700000.0,9700000.0,2.7058823529411766,5.705882352941177,0.4742268041237113,0
,,0.0,Graduate,Yes,6100000,0.0,6100000.0,23300000.0,144.0,,478.0,,3800000.0,2300000.0,17700000.0,4900000.0,28700000.0,3.819672131147541,4.704918032786885,0.8118466898954704,0
,,1.0,Graduate,Yes,2100000,0.0,2100000.0,7700000.0,192.0,,327.0,,5000000.0,500000.0,4700000.0,2300000.0,12500000.0,3.6666666666666665,5.9523809523809526,0.616,0
,,0.0,Graduate,No,3100000,0.0,3100000.0,9300000.0,72.0,,663.0,,1300000.0,1400000.0,8100000.0,3800000.0,14600000.0,3.0,4.709677419354839,0.636986301369863,1
,,2.0,Not Graduate,Yes,1700000,0.0,1700000.0,3500000.0,240.0,,693.0,,2200000.0,1400000.0,4800000.0,1700000.0,10100000.0,2.0588235294117645,5.9411764705882355,0.3465346534653465,1
,,3.0,Graduate,No,1700000,0.0,1700000.0,5400000.0,72.0,,710.0,,4800000.0,700000.0,5800000.0,1700000.0,13000000.0,3.176470588235294,7.647058823529412,0.4153846153846154,1
,,4.0,Not Graduate,Yes,4000000,0.0,4000000.0,14500000.0,72.0,,711.0,,2400000.0,5700000.0,10900000.0,4100000.0,23100000.0,3.625,5.775,0.6277056277056277,1
,,5.0,Graduate,No,5600000,0.0,5600000.0,18400000.0,96.0,,386.0,,11300000.0,6700000.0,11300000.0,5600000.0,34900000.0,3.2857142857142856,6.232142857142857,0.5272206303724928,0
,,4.0,Graduate,Yes,3900000,0.0,3900000.0,11900000.0,120.0,,855.0,,10200000.0,4000000.0,10200000.0,2800000.0,27200000.0,3.051282051282051,6.9743589743589745,0.4375,1
,,4.0,Graduate,Yes,6100000,0.0,6100000.0,15300000.0,168.0,,573.0,,1100000.0,9900000.0,13300000.0,8400000.0,32700000.0,2.5081967213114753,5.360655737704918,0.46788990825688076,1
,,0.0,Graduate,Yes,1100000,0.0,1100000.0,2800000.0,216.0,,431.0,,500000.0,300000.0,4300000.0,1400000.0,6500000.0,2.5454545454545454,5.909090909090909,0.4307692307692308,0
,,2.0,Graduate,No,5500000,0.0,5500000.0,14800000.0,96.0,,364.0,,13000000.0,4500000.0,12600000.0,4500000.0,34600000.0,2.690909090909091,6.290909090909091,0.4277456647398844,0
,,4.0,Graduate,Yes,1100000,0.0,1100000.0,3600000.0,168.0,,711.0,,2500000.0,500000.0,3600000.0,600000.0,7200000.0,3.272727272727273,6.545454545454546,0.5,1
,,4.0,Not Graduate,Yes,400000,0.0,400000.0,900000.0,240.0,,771.0,,1000000.0,500000.0,1600000.0,500000.0,3600000.0,2.25,9.0,0.25,1
,,3.0,Graduate,No,9200000,0.0,9200000.0,36400000.0,216.0,,669.0,,3100000.0,12700000.0,30900000.0,12300000.0,59000000.0,3.9565217391304346,6.413043478260869,0.6169491525423729,1
,,4.0,Not Graduate,Yes,9300000,0.0,9300000.0,27500000.0,216.0,,338.0,,21500000.0,500000.0,34900000.0,6600000.0,63500000.0,2.956989247311828,6.827956989247312,0.4330708661417323,0
,,1.0,Graduate,No,1100000,0.0,1100000.0,3500000.0,96.0,,562.0,,2300000.0,1200000.0,3200000.0,500000.0,7200000.0,3.1818181818181817,6.545454545454546,0.4861111111111111,1
,,3.0,Not Graduate,No,5600000,0.0,5600000.0,18700000.0,24.0,,769.0,,8000000.0,8200000.0,17300000.0,4800000.0,38300000.0,3.3392857142857144,6.839285714285714,0.48825065274151436,1
,,0.0,Graduate,Yes,6300000,0.0,6300000.0,21500000.0,96.0,,629.0,,600000.0,3400000.0,22000000.0,5200000.0,31200000.0,3.4126984126984126,4.9523809523809526,0.6891025641025641,1
,,3.0,Graduate,No,8800000,0.0,8800000.0,18100000.0,72.0,,699.0,,6400000.0,2100000.0,18500000.0,9400000.0,36400000.0,2.0568181818181817,4.136363636363637,0.49725274725274726,1
,,0.0,Not Graduate,No,8400000,0.0,8400000.0,20800000.0,240.0,,590.0,,5100000.0,8900000.0,32100000.0,10800000.0,56900000.0,2.4761904761904763,6.773809523809524,0.3655536028119508,1
,,3.0,Graduate,Yes,1600000,0.0,1600000.0,5700000.0,48.0,,707.0,,3300000.0,2700000.0,6200000.0,2300000.0,14500000.0,3.5625,9.0625,0.3931034482758621,1
,,3.0,Not Graduate,Yes,4500000,0.0,4500000.0,11400000.0,96.0,,391.0,,8500000.0,6800000.0,9900000.0,4500000.0,29700000.0,2.533333333333333,6.6,0.3838383838383838,0
,,5.0,Not Graduate,No,6500000,0.0,6500000.0,18500000.0,48.0,,891.0,,13600000.0,3300000.0,23600000.0,7100000.0,47600000.0,2.8461538461538463,7.323076923076923,0.38865546218487396,1
,,3.0,Graduate,Yes,9500000,0.0,9500000.0,20600000.0,24.0,,731.0,,13400000.0,3800000.0,20700000.0,9200000.0,47100000.0,2.168421052631579,4.957894736842105,0.43736730360934184,1
,,3.0,Not Graduate,No,4700000,0.0,4700000.0,16700000.0,144.0,,775.0,,4000000.0,1700000.0,17300000.0,3500000.0,26500000.0,3.5531914893617023,5.638297872340425,0.630188679245283,1
,,5.0,Graduate,Yes,9600000,0.0,9600000.0,32400000.0,24.0,,897.0,,3500000.0,15400000.0,26800000.0,6200000.0,51900000.0,3.375,5.40625,0.6242774566473989,1
,,5.0,Graduate,No,8000000,0.0,8000000.0,26700000.0,240.0,,794.0,,8000000.0,14700000.0,29900000.0,7800000.0,60400000.0,3.3375,7.55,0.4420529801324503,1
,,2.0,Graduate,No,7700000,0.0,7700000.0,16700000.0,72.0,,555.0,,12900000.0,2900000.0,18100000.0,8500000.0,42400000.0,2.168831168831169,5.5064935064935066,0.3938679245283019,1
,,1.0,Not Graduate,Yes,3600000,0.0,3600000.0,10300000.0,144.0,,536.0,,6800000.0,500000.0,12200000.0,2700000.0,22200000.0,2.861111111111111,6.166666666666667,0.46396396396396394,0
,,2.0,Not Graduate,No,700000,0.0,700000.0,1700000.0,120.0,,839.0,,100000.0,700000.0,2000000.0,900000.0,3700000.0,2.4285714285714284,5.285714285714286,0.4594594594594595,1
,,0.0,Graduate,Yes,1400000,0.0,1400000.0,5100000.0,72.0,,890.0,,4100000.0,1900000.0,5200000.0,1900000.0,13100000.0,3.642857142857143,9.357142857142858,0.3893129770992366,1
,,1.0,Graduate,Yes,8600000,0.0,8600000.0,27900000.0,240.0,,415.0,,12200000.0,14800000.0,27100000.0,7900000.0,62000000.0,3.244186046511628,7.209302325581396,0.45,0
,,4.0,Graduate,No,4700000,0.0,4700000.0,15700000.0,48.0,,868.0,,3300000.0,2500000.0,13800000.0,4800000.0,24400000.0,3.3404255319148937,5.191489361702128,0.6434426229508197,1
,,3.0,Graduate,Yes,2900000,0.0,2900000.0,5800000.0,144.0,,353.0,,8400000.0,2600000.0,10100000.0,3100000.0,24200000.0,2.0,8.344827586206897,0.2396694214876033,0
,,4.0,Not Graduate,No,9000000,0.0,9000000.0,29000000.0,192.0,,590.0,,4600000.0,15600000.0,29200000.0,12300000.0,61700000.0,3.2222222222222223,6.855555555555555,0.4700162074554295,1
,,5.0,Graduate,Yes,500000,0.0,500000.0,900000.0,216.0,,618.0,,1400000.0,600000.0,1200000.0,400000.0,3600000.0,1.8,7.2,0.25,1
,,2.0,Not Graduate,Yes,700000,0.0,700000.0,1700000.0,120.0,,539.0,,1400000.0,1000000.0,1900000.0,900000.0,5200000.0,2.4285714285714284,7.428571428571429,0.3269230769230769,0
,,0.0,Graduate,No,6800000,0.0,6800000.0,27000000.0,48.0,,429.0,,17100000.0,7600000.0,21400000.0,9400000.0,55500000.0,3.9705882352941178,8.161764705882353,0.4864864864864865,1
,,2.0,Graduate,No,1800000,0.0,1800000.0,4700000.0,96.0,,792.0,,4500000.0,1200000.0,4100000.0,2200000.0,12000000.0,2.611111111111111,6.666666666666667,0.39166666666666666,1
,,0.0,Not Graduate,No,6000000,0.0,6000000.0,12400000.0,24.0,,608.0,,3000000.0,2100000.0,17900000.0,6800000.0,29800000.0,2.066666666666667,4.966666666666667,0.4161073825503356,1
,,4.0,Graduate,Yes,5400000,0.0,5400000.0,21500000.0,168.0,,555.0,,4300000.0,1500000.0,14300000.0,7500000.0,27600000.0,3.9814814814814814,5.111111111111111,0.7789855072463768,1
,,5.0,Graduate,Yes,8400000,0.0,8400000.0,17500000.0,144.0,,620.0,,15300000.0,13600000.0,26000000.0,5800000.0,60700000.0,2.0833333333333335,7.226190476190476,0.2883031301482702,1
,,0.0,Graduate,No,7400000,0.0,7400000.0,20900000.0,72.0,,635.0,,15600000.0,14000000.0,21000000.0,7200000.0,57800000.0,2.824324324324324,7.8108108108108105,0.3615916955017301,1
,,2.0,Graduate,No,3200000,0.0,3200000.0,12500000.0,120.0,,457.0,,6100000.0,2000000.0,8200000.0,4300000.0,20600000.0,3.90625,6.4375,0.6067961165048543,0
,,1.0,Graduate,Yes,5400000,0.0,5400000.0,21400000.0,96.0,,350.0,,2600000.0,1000000.0,19700000.0,6800000.0,30100000.0,3.962962962962963,5.574074074074074,0.7109634551495017,0
,,5.0,Graduate,Yes,1000000,0.0,1000000.0,2500000.0,168.0,,885.0,,2200000.0,100000.0,2300000.0,1100000.0,5700000.0,2.5,5.7,0.43859649122807015,1
,,0.0,Graduate,No,4400000,0.0,4400000.0,14700000.0,192.0,,638.0,,4000000.0,2700000.0,14400000.0,2700000.0,23800000.0,3.340909090909091,5.409090909090909,0.6176470588235294,1
,,1.0,Graduate,Yes,3800000,0.0,3800000.0,10500000.0,144.0,,710.0,,1800000.0,6200000.0,12500000.0,2500000.0,23000000.0,2.763157894736842,6.052631578947368,0.45652173913043476,1
,,3.0,Not Graduate,Yes,6100000,0.0,6100000.0,20900000.0,216.0,,470.0,,500000.0,8500000.0,18000000.0,7500000.0,34500000.0,3.4262295081967213,5.655737704918033,0.6057971014492753,0
,,5.0,Not Graduate,Yes,5500000,0.0,5500000.0,17300000.0,192.0,,874.0,,1000000.0,2900000.0,13700000.0,7900000.0,25500000.0,3.1454545454545455,4.636363636363637,0.6784313725490196,1
,,5.0,Not Graduate,Yes,500000,0.0,500000.0,1800000.0,216.0,,411.0,,1000000.0,500000.0,1300000.0,200000.0,3000000.0,3.6,6.0,0.6,0
,,0.0,Not Graduate,Yes,300000,0.0,300000.0,1100000.0,24.0,,482.0,,200000.0,100000.0,1100000.0,400000.0,1800000.0,3.6666666666666665,6.0,0.6111111111111112,1
,,1.0,Graduate,Yes,6200000,0.0,6200000.0,16900000.0,24.0,,396.0,,10600000.0,7500000.0,23700000.0,7600000.0,49400000.0,2.725806451612903,7.967741935483871,0.34210526315789475,0
,,0.0,Not Graduate,No,300000,0.0,300000.0,900000.0,240.0,,436.0,,0.0,400000.0,600000.0,200000.0,1200000.0,3.0,4.0,0.75,0
,,0.0,Not Graduate,Yes,6900000,0.0,6900000.0,22100000.0,240.0,,303.0,,13600000.0,4600000.0,22000000.0,6900000.0,47100000.0,3.2028985507246377,6.826086956521739,0.4692144373673036,0
,,4.0,Graduate,No,3700000,0.0,3700000.0,11400000.0,144.0,,728.0,,4200000.0,5800000.0,7300000.0,2300000.0,19600000.0,3.081081081081081,5.297297297297297,0.5816326530612245,1
,,3.0,Not Graduate,Yes,8800000,0.0,8800000.0,28600000.0,120.0,,775.0,,5200000.0,5000000.0,32000000.0,9600000.0,51800000.0,3.25,5.886363636363637,0.5521235521235521,1
,,5.0,Graduate,Yes,8200000,0.0,8200000.0,23500000.0,144.0,,402.0,,15100000.0,1500000.0,24300000.0,5800000.0,46700000.0,2.8658536585365852,5.695121951219512,0.5032119914346895,0
,,1.0,Not Graduate,Yes,9200000,0.0,9200000.0,31500000.0,216.0,,698.0,,5300000.0,6100000.0,20400000.0,8300000.0,40100000.0,3.4239130434782608,4.358695652173913,0.7855361596009975,1
,,0.0,Not Graduate,No,2400000,0.0,2400000.0,7800000.0,168.0,,665.0,,5200000.0,2900000.0,6200000.0,2900000.0,17200000.0,3.25,7.166666666666667,0.45348837209302323,1
,,4.0,Not Graduate,No,4100000,0.0,4100000.0,13500000.0,216.0,,490.0,,4700000.0,6200000.0,13900000.0,2000000.0,26800000.0,3.292682926829268,6.536585365853658,0.503731343283582,0
,,1.0,Graduate,No,8000000,0.0,8000000.0,31900000.0,144.0,,504.0,,23800000.0,1500000.0,22100000.0,6000000.0,53400000.0,3.9875,6.675,0.5973782771535581,0
,,3.0,Not Graduate,Yes,3600000,0.0,3600000.0,8600000.0,96.0,,790.0,,5400000.0,5900000.0,9800000.0,5200000.0,26300000.0,2.388888888888889,7.305555555555555,0.3269961977186312,1
,,1.0,Not Graduate,Yes,700000,0.0,700000.0,2700000.0,240.0,,669.0,,100000.0,1000000.0,2600000.0,500000.0,4200000.0,3.857142857142857,6.0,0.6428571428571429,1
,,4.0,Not Graduate,No,8300000,0.0,8300000.0,30700000.0,72.0,,381.0,,21700000.0,2300000.0,26700000.0,4600000.0,55300000.0,3.6987951807228914,6.662650602409639,0.5551537070524413,0
,,0.0,Graduate,Yes,5300000,0.0,5300000.0,15000000.0,24.0,,900.0,,1700000.0,2100000.0,21000000.0,5800000.0,30600000.0,2.830188679245283,5.773584905660377,0.49019607843137253,1
,,4.0,Graduate,No,8300000,0.0,8300000.0,24900000.0,192.0,,506.0,,15400000.0,5600000.0,26700000.0,7000000.0,54700000.0,3.0,6.590361445783133,0.45521023765996343,0
,,3.0,Not Graduate,Yes,2500000,0.0,2500000.0,8800000.0,144.0,,538.0,,4900000.0,1800000.0,9100000.0,3300000.0,19100000.0,3.52,7.64,0.4607329842931937,0
,,3.0,Graduate,Yes,5400000,0.0,5400000.0,14400000.0,96.0,,677.0,,11000000.0,7900000.0,20800000.0,3100000.0,42800000.0,2.6666666666666665,7.925925925925926,0.3364485981308411,1
,,4.0,Graduate,No,1600000,0.0,1600000.0,4900000.0,96.0,,685.0,,3200000.0,2000000.0,3800000.0,1500000.0,10500000.0,3.0625,6.5625,0.4666666666666667,1
,,2.0,Not Graduate,No,2400000,0.0,2400000.0,6200000.0,144.0,,860.0,,4900000.0,3700000.0,9500000.0,1100000.0,19200000.0,2.5833333333333335,8.0,0.3229166666666667,1
,,5.0,Not Graduate,No,6300000,0.0,6300000.0,14800000.0,72.0,,608.0,,16100000.0,10500000.0,21800000.0,5400000.0,53800000.0,2.3492063492063493,8.53968253968254,0.275092936802974,1
,,4.0,Graduate,Yes,2500000,0.0,2500000.0,5300000.0,120.0,,540.0,,2300000.0,2800000.0,7100000.0,1700000.0,13900000.0,2.12,5.56,0.381294964028777,0
,,0.0,Graduate,Yes,7500000,0.0,7500000.0,16800000.0,192.0,,492.0,,21500000.0,4800000.0,25400000.0,11100000.0,62800000.0,2.24,8.373333333333333,0.267515923566879,0
,,3.0,Not Graduate,No,2900000,0.0,2900000.0,8500000.0,168.0,,834.0,,1200000.0,4500000.0,8800000.0,1800000.0,16300000.0,2.9310344827586206,5.620689655172414,0.5214723926380368,1
,,3.0,Graduate,Yes,1000000,0.0,1000000.0,3500000.0,192.0,,834.0,,800000.0,1700000.0,3000000.0,700000.0,6200000.0,3.5,6.2,0.5645161290322581,1
,,2.0,Graduate,Yes,8600000,0.0,8600000.0,28800000.0,96.0,,890.0,,23300000.0,5900000.0,21200000.0,7200000.0,57600000.0,3.3488372093023258,6.6976744186046515,0.5,1
,,1.0,Not Graduate,No,300000,0.0,300000.0,1100000.0,144.0,,443.0,,600000.0,400000.0,1200000.0,200000.0,2400000.0,3.6666666666666665,8.0,0.4583333333333333,0
,,5.0,Not Graduate,No,2300000,0.0,2300000.0,5700000.0,216.0,,329.0,,5600000.0,3300000.0,4900000.0,2700000.0,16500000.0,2.4782608695652173,7.173913043478261,0.34545454545454546,0
,,2.0,Not Graduate,Yes,2400000,0.0,2400000.0,5400000.0,144.0,,739.0,,300000.0,2500000.0,5000000.0,3000000.0,10800000.0,2.25,4.5,0.5,1
,,5.0,Graduate,Yes,9800000,0.0,9800000.0,30300000.0,72.0,,867.0,,20800000.0,16000000.0,30200000.0,7600000.0,74600000.0,3.0918367346938775,7.612244897959184,0.4061662198391421,1
,,2.0,Not Graduate,No,8100000,0.0,8100000.0,24800000.0,72.0,,307.0,,200000.0,4000000.0,31100000.0,10500000.0,45800000.0,3.0617283950617282,5.654320987654321,0.5414847161572053,0
,,3.0,Graduate,No,6700000,0.0,6700000.0,15500000.0,216.0,,492.0,,2100000.0,2000000.0,26300000.0,9400000.0,39800000.0,2.3134328358208953,5.940298507462686,0.38944723618090454,0
,,1.0,Not Graduate,Yes,8400000,0.0,8400000.0,24700000.0,216.0,,698.0,,23000000.0,13200000.0,32700000.0,12200000.0,81100000.0,2.9404761904761907,9.654761904761905,0.30456226880394577,1
,,2.0,Graduate,No,200000,0.0,200000.0,700000.0,96.0,,851.0,,400000.0,200000.0,800000.0,200000.0,1600000.0,3.5,8.0,0.4375,1
,,2.0,Graduate,No,4700000,0.0,4700000.0,12500000.0,168.0,,375.0,,1300000.0,6300000.0,10100000.0,5400000.0,23100000.0,2.6595744680851063,4.914893617021277,0.5411255411255411,0
,,0.0,Graduate,Yes,4300000,0.0,4300000.0,14300000.0,168.0,,601.0,,3800000.0,900000.0,16700000.0,5700000.0,27100000.0,3.3255813953488373,6.3023255813953485,0.5276752767527675,1
,,4.0,Not Graduate,No,2200000,0.0,2200000.0,7000000.0,240.0,,756.0,,3600000.0,3900000.0,5700000.0,1200000.0,14400000.0,3.1818181818181817,6.545454545454546,0.4861111111111111,1
,,4.0,Graduate,Yes,8600000,0.0,8600000.0,19200000.0,48.0,,868.0,,20400000.0,1500000.0,32800000.0,9300000.0,64000000.0,2.2325581395348837,7.441860465116279,0.3,1
,,4.0,Graduate,Yes,2000000,0.0,2000000.0,7200000.0,120.0,,838.0,,2500000.0,300000.0,7600000.0,1000000.0,11400000.0,3.6,5.7,0.631578947368421,1
,,4.0,Not Graduate,Yes,4200000,0.0,4200000.0,15900000.0,168.0,,375.0,,7200000.0,7900000.0,16200000.0,3000000.0,34300000.0,3.7857142857142856,8.166666666666666,0.46355685131195334,0
,,0.0,Not Graduate,Yes,5100000,0.0,5100000.0,12500000.0,216.0,,778.0,,3300000.0,1000000.0,14800000.0,3200000.0,22300000.0,2.450980392156863,4.372549019607843,0.5605381165919282,1
,,2.0,Graduate,Yes,4100000,0.0,4100000.0,11200000.0,72.0,,442.0,,12200000.0,4100000.0,10000000.0,4500000.0,30800000.0,2.731707317073171,7.512195121951219,0.36363636363636365,0
,,1.0,Graduate,Yes,9900000,0.0,9900000.0,39500000.0,144.0,,808.0,,11800000.0,3700000.0,30200000.0,13500000.0,59200000.0,3.98989898989899,5.97979797979798,0.6672297297297297,1
,,1.0,Not Graduate,Yes,3200000,0.0,3200000.0,9000000.0,240.0,,372.0,,2700000.0,2800000.0,7200000.0,3800000.0,16500000.0,2.8125,5.15625,0.5454545454545454,0
,,2.0,Graduate,No,5500000,0.0,5500000.0,19000000.0,48.0,,597.0,,1100000.0,4000000.0,18700000.0,5300000.0,29100000.0,3.4545454545454546,5.290909090909091,0.6529209621993127,1
,,0.0,Graduate,Yes,7800000,0.0,7800000.0,29100000.0,240.0,,435.0,,21100000.0,13000000.0,17300000.0,9700000.0,61100000.0,3.730769230769231,7.833333333333333,0.4762684124386252,0
,,3.0,Graduate,Yes,3400000,0.0,3400000.0,9700000.0,240.0,,728.0,,1500000.0,1500000.0,7300000.0,2400000.0,12700000.0,2.8529411764705883,3.735294117647059,0.7637795275590551,1
,,4.0,Graduate,Yes,7900000,0.0,7900000.0,25900000.0,168.0,,373.0,,10900000.0,14300000.0,27700000.0,7600000.0,60500000.0,3.278481012658228,7.658227848101266,0.428099173553719,0
,,3.0,Graduate,Yes,8900000,0.0,8900000.0,18500000.0,120.0,,367.0,,6100000.0,0.0,32000000.0,10300000.0,48400000.0,2.0786516853932584,5.438202247191011,0.3822314049586777,0
,,2.0,Graduate,No,7300000,0.0,7300000.0,19100000.0,168.0,,552.0,,2000000.0,13400000.0,16800000.0,4000000.0,36200000.0,2.6164383561643834,4.958904109589041,0.5276243093922652,1
,,4.0,Not Graduate,Yes,3300000,0.0,3300000.0,10600000.0,96.0,,465.0,,500000.0,4400000.0,7300000.0,2800000.0,15000000.0,3.212121212121212,4.545454545454546,0.7066666666666667,0
,,4.0,Graduate,Yes,2900000,0.0,2900000.0,10500000.0,96.0,,607.0,,4400000.0,5500000.0,7600000.0,3800000.0,21300000.0,3.6206896551724137,7.344827586206897,0.49295774647887325,1
,,2.0,Graduate,Yes,500000,0.0,500000.0,1300000.0,48.0,,427.0,,1400000.0,500000.0,1800000.0,600000.0,4300000.0,2.6,8.6,0.3023255813953488,0
,,3.0,Not Graduate,No,7200000,0.0,7200000.0,21200000.0,48.0,,711.0,,10800000.0,4200000.0,24900000.0,5700000.0,45600000.0,2.9444444444444446,6.333333333333333,0.4649122807017544,1
,,3.0,Not Graduate,No,8300000,0.0,8300000.0,24100000.0,168.0,,823.0,,5900000.0,700000.0,24000000.0,7700000.0,38300000.0,2.9036144578313254,4.614457831325301,0.6292428198433421,1
,,1.0,Not Graduate,Yes,8700000,0.0,8700000.0,20500000.0,72.0,,523.0,,19300000.0,6500000.0,23700000.0,4800000.0,54300000.0,2.3563218390804597,6.241379310344827,0.3775322283609576,0
,,4.0,Not Graduate,Yes,7100000,0.0,7100000.0,27900000.0,120.0,,328.0,,9000000.0,13400000.0,26500000.0,7700000.0,56600000.0,3.9295774647887325,7.971830985915493,0.4929328621908127,0
,,3.0,Graduate,Yes,9800000,0.0,9800000.0,28200000.0,144.0,,721.0,,15800000.0,6500000.0,21900000.0,9600000.0,53800000.0,2.877551020408163,5.489795918367347,0.5241635687732342,1
,,0.0,Graduate,Yes,6900000,0.0,6900000.0,17000000.0,240.0,,599.0,,18100000.0,9400000.0,26600000.0,4300000.0,58400000.0,2.463768115942029,8.46376811594203,0.2910958904109589,1
,,0.0,Not Graduate,No,2400000,0.0,2400000.0,5000000.0,168.0,,580.0,,5900000.0,4400000.0,5500000.0,3200000.0,19000000.0,2.0833333333333335,7.916666666666667,0.2631578947368421,1
,,1.0,Not Graduate,Yes,2100000,0.0,2100000.0,4900000.0,120.0,,744.0,,200000.0,2000000.0,5400000.0,1000000.0,8600000.0,2.3333333333333335,4.095238095238095,0.5697674418604651,1
,,2.0,Graduate,Yes,7200000,0.0,7200000.0,23900000.0,48.0,,559.0,,4200000.0,12200000.0,17800000.0,10800000.0,45000000.0,3.3194444444444446,6.25,0.5311111111111111,1
,,2.0,Graduate,No,4600000,0.0,4600000.0,13500000.0,192.0,,587.0,,7700000.0,5900000.0,10600000.0,5000000.0,29200000.0,2.9347826086956523,6.3478260869565215,0.4623287671232877,1
,,5.0,Graduate,Yes,9900000,0.0,9900000.0,31800000.0,216.0,,817.0,,23400000.0,700000.0,32600000.0,11500000.0,68200000.0,3.212121212121212,6.888888888888889,0.4662756598240469,1
,,4.0,Not Graduate,Yes,300000,0.0,300000.0,1000000.0,240.0,,655.0,,0.0,100000.0,1100000.0,400000.0,1600000.0,3.3333333333333335,5.333333333333333,0.625,1
,,5.0,Graduate,Yes,6900000,0.0,6900000.0,23900000.0,72.0,,382.0,,17100000.0,6900000.0,21500000.0,8900000.0,54400000.0,3.463768115942029,7.884057971014493,0.43933823529411764,0
,,2.0,Graduate,Yes,1700000,0.0,1700000.0,4300000.0,72.0,,765.0,,5000000.0,1500000.0,3400000.0,900000.0,10800000.0,2.5294117647058822,6.352941176470588,0.39814814814814814,1
,,2.0,Graduate,Yes,4400000,0.0,4400000.0,10000000.0,240.0,,516.0,,7400000.0,7600000.0,12200000.0,5100000.0,32300000.0,2.272727272727273,7.340909090909091,0.30959752321981426,0
,,4.0,Not Graduate,Yes,4300000,0.0,4300000.0,15000000.0,96.0,,383.0,,4700000.0,100000.0,9000000.0,4900000.0,18700000.0,3.488372093023256,4.348837209302325,0.8021390374331551,0
,,2.0,Not Graduate,No,3700000,0.0,3700000.0,14100000.0,72.0,,633.0,,800000.0,200000.0,11300000.0,3400000.0,15700000.0,3.810810810810811,4.243243243243243,0.8980891719745223,1
,,1.0,Graduate,No,5900000,0.0,5900000.0,15200000.0,24.0,,547.0,,17100000.0,2000000.0,14700000.0,3600000.0,37400000.0,2.5762711864406778,6.338983050847458,0.40641711229946526,0
,,5.0,Not Graduate,Yes,8600000,0.0,8600000.0,26300000.0,120.0,,843.0,,23300000.0,9800000.0,18100000.0,11300000.0,62500000.0,3.058139534883721,7.267441860465116,0.4208,1
,,3.0,Not Graduate,Yes,3400000,0.0,3400000.0,13200000.0,96.0,,783.0,,6500000.0,300000.0,13000000.0,4900000.0,24700000.0,3.8823529411764706,7.264705882352941,0.5344129554655871,1
,,3.0,Not Graduate,Yes,1000000,0.0,1000000.0,3200000.0,168.0,,790.0,,1900000.0,100000.0,3600000.0,1100000.0,6700000.0,3.2,6.7,0.47761194029850745,1
,,1.0,Not Graduate,Yes,4400000,0.0,4400000.0,14200000.0,192.0,,409.0,,12700000.0,1300000.0,12600000.0,4500000.0,31100000.0,3.227272727272727,7.068181818181818,0.4565916398713826,0
,,0.0,Not Graduate,No,3600000,0.0,3600000.0,7800000.0,168.0,,376.0,,9800000.0,6900000.0,11900000.0,3000000.0,31600000.0,2.1666666666666665,8.777777777777779,0.2468354430379747,0
,,3.0,Not Graduate,No,1400000,0.0,1400000.0,2700000.0,96.0,,625.0,,3100000.0,1800000.0,3400000.0,1000000.0,9300000.0,1.9285714285714286,6.642857142857143,0.2903225806451613,1
,,0.0,Not Graduate,No,5300000,0.0,5300000.0,10900000.0,216.0,,707.0,,12900000.0,2600000.0,12700000.0,7600000.0,35800000.0,2.056603773584906,6.754716981132075,0.30446927374301674,1
,,3.0,Graduate,Yes,9400000,0.0,9400000.0,20500000.0,72.0,,645.0,,17400000.0,13000000.0,24500000.0,10200000.0,65100000.0,2.1808510638297873,6.925531914893617,0.31490015360983103,1
,,4.0,Not Graduate,Yes,6600000,0.0,6600000.0,22100000.0,72.0,,887.0,,3600000.0,3500000.0,19800000.0,4700000.0,31600000.0,3.3484848484848486,4.787878787878788,0.6993670886075949,1
,,5.0,Graduate,No,9800000,0.0,9800000.0,37600000.0,216.0,,319.0,,19200000.0,5100000.0,19900000.0,5100000.0,49300000.0,3.836734693877551,5.030612244897959,0.7626774847870182,0
,,1.0,Not Graduate,No,1900000,0.0,1900000.0,4900000.0,240.0,,647.0,,4100000.0,2100000.0,6800000.0,1700000.0,14700000.0,2.5789473684210527,7.7368421052631575,0.3333333333333333,1
,,2.0,Not Graduate,Yes,5800000,0.0,5800000.0,22500000.0,72.0,,888.0,,11900000.0,2600000.0,17100000.0,4800000.0,36400000.0,3.8793103448275863,6.275862068965517,0.6181318681318682,1
,,2.0,Not Graduate,No,3100000,0.0,3100000.0,10400000.0,120.0,,420.0,,6900000.0,5900000.0,10000000.0,3500000.0,26300000.0,3.3548387096774195,8.483870967741936,0.39543726235741444,0
,,0.0,Graduate,No,6800000,0.0,6800000.0,18400000.0,24.0,,791.0,,4000000.0,900000.0,20200000.0,9900000.0,35000000.0,2.7058823529411766,5.147058823529412,0.5257142857142857,1
,,5.0,Not Graduate,No,4600000,0.0,4600000.0,16200000.0,144.0,,891.0,,5900000.0,1200000.0,10800000.0,3700000.0,21600000.0,3.5217391304347827,4.695652173913044,0.75,1
,,2.0,Not Graduate,Yes,200000,0.0,200000.0,700000.0,192.0,,641.0,,600000.0,200000.0,600000.0,100000.0,1500000.0,3.5,7.5,0.4666666666666667,1
,,3.0,Not Graduate,Yes,9500000,0.0,9500000.0,22800000.0,72.0,,319.0,,200000.0,18800000.0,34100000.0,9400000.0,62500000.0,2.4,6.578947368421052,0.3648,0
,,5.0,Not Graduate,Yes,6200000,0.0,6200000.0,22200000.0,240.0,,819.0,,13500000.0,6600000.0,21700000.0,8700000.0,50500000.0,3.5806451612903225,8.14516129032258,0.4396039603960396,1
,,4.0,Not Graduate,Yes,9700000,0.0,9700000.0,32300000.0,216.0,,387.0,,11600000.0,14300000.0,20000000.0,5400000.0,51300000.0,3.329896907216495,5.288659793814433,0.6296296296296297,0
,,5.0,Graduate,Yes,4200000,0.0,4200000.0,12300000.0,24.0,,686.0,,10500000.0,200000.0,15600000.0,4200000.0,30500000.0,2.9285714285714284,7.261904761904762,0.40327868852459015,1
,,1.0,Graduate,Yes,5700000,0.0,5700000.0,12000000.0,48.0,,415.0,,15700000.0,900000.0,17300000.0,7400000.0,41300000.0,2.1052631578947367,7.245614035087719,0.29055690072639223,0
,,2.0,Graduate,Yes,200000,0.0,200000.0,500000.0,72.0,,885.0,,0.0,0.0,300000.0,200000.0,500000.0,2.5,2.5,1.0,0
,,4.0,Graduate,No,8000000,0.0,8000000.0,25500000.0,48.0,,722.0,,17200000.0,13900000.0,26200000.0,4900000.0,62200000.0,3.1875,7.775,0.409967845659164,1
,,4.0,Graduate,No,5200000,0.0,5200000.0,20400000.0,240.0,,761.0,,4700000.0,1600000.0,14300000.0,6200000.0,26800000.0,3.923076923076923,5.153846153846154,0.7611940298507462,1
,,1.0,Graduate,Yes,7100000,0.0,7100000.0,15200000.0,96.0,,389.0,,5900000.0,900000.0,24300000.0,5900000.0,37000000.0,2.140845070422535,5.211267605633803,0.41081081081081083,0
,,1.0,Graduate,Yes,9300000,0.0,9300000.0,27900000.0,144.0,,600.0,,2100000.0,4200000.0,29000000.0,6600000.0,41900000.0,3.0,4.505376344086022,0.665871121718377,1
,,5.0,Graduate,No,2000000,0.0,2000000.0,6100000.0,24.0,,407.0,,1900000.0,1900000.0,4600000.0,2000000.0,10400000.0,3.05,5.2,0.5865384615384616,1
,,3.0,Graduate,Yes,3900000,0.0,3900000.0,14000000.0,216.0,,829.0,,5200000.0,4000000.0,11600000.0,2700000.0,23500000.0,3.58974358974359,6.0256410256410255,0.5957446808510638,1
,,2.0,Not Graduate,No,2800000,0.0,2800000.0,5900000.0,72.0,,895.0,,1000000.0,3900000.0,10900000.0,1500000.0,17300000.0,2.107142857142857,6.178571428571429,0.34104046242774566,1
,,5.0,Graduate,Yes,3000000,0.0,3000000.0,11100000.0,144.0,,441.0,,8500000.0,2500000.0,7300000.0,2000000.0,20300000.0,3.7,6.766666666666667,0.5467980295566502,0
,,4.0,Not Graduate,No,4500000,0.0,4500000.0,9800000.0,192.0,,895.0,,9800000.0,8200000.0,13900000.0,5500000.0,37400000.0,2.1777777777777776,8.311111111111112,0.2620320855614973,1
,,4.0,Graduate,No,1900000,0.0,1900000.0,4300000.0,48.0,,826.0,,2400000.0,0.0,7000000.0,900000.0,10300000.0,2.263157894736842,5.421052631578948,0.4174757281553398,1
,,1.0,Graduate,No,2300000,0.0,2300000.0,7200000.0,96.0,,453.0,,3000000.0,2100000.0,8100000.0,3400000.0,16600000.0,3.130434782608696,7.217391304347826,0.43373493975903615,0
,,0.0,Graduate,No,4700000,0.0,4700000.0,17500000.0,24.0,,701.0,,5400000.0,2300000.0,11700000.0,7000000.0,26400000.0,3.723404255319149,5.617021276595745,0.6628787878787878,1
,,2.0,Not Graduate,Yes,1300000,0.0,1300000.0,2700000.0,96.0,,627.0,,100000.0,300000.0,2600000.0,1300000.0,4300000.0,2.076923076923077,3.3076923076923075,0.627906976744186,1
,,3.0,Graduate,No,3100000,0.0,3100000.0,11000000.0,24.0,,543.0,,5900000.0,2200000.0,9000000.0,2400000.0,19500000.0,3.5483870967741935,6.290322580645161,0.5641025641025641,1
,,0.0,Graduate,No,8400000,0.0,8400000.0,17500000.0,216.0,,411.0,,13200000.0,5300000.0,31300000.0,10400000.0,60200000.0,2.0833333333333335,7.166666666666667,0.29069767441860467,0
,,5.0,Graduate,Yes,1700000,0.0,1700000.0,5800000.0,48.0,,583.0,,2000000.0,1800000.0,6000000.0,2300000.0,12100000.0,3.411764705882353,7.117647058823529,0.4793388429752066,1
,,2.0,Not Graduate,No,1900000,0.0,1900000.0,7500000.0,24.0,,889.0,,600000.0,1100000.0,7100000.0,2600000.0,11400000.0,3.9473684210526314,6.0,0.6578947368421053,1
,,3.0,Not Graduate,No,2400000,0.0,2400000.0,8600000.0,96.0,,684.0,,3400000.0,2400000.0,6200000.0,1600000.0,13600000.0,3.5833333333333335,5.666666666666667,0.6323529411764706,1
,,5.0,Graduate,No,6800000,0.0,6800000.0,20500000.0,120.0,,578.0,,500000.0,11800000.0,27200000.0,3400000.0,42900000.0,3.014705882352941,6.3088235294117645,0.47785547785547783,1
,,1.0,Graduate,No,2900000,0.0,2900000.0,10900000.0,240.0,,445.0,,6600000.0,2800000.0,9300000.0,2600000.0,21300000.0,3.7586206896551726,7.344827586206897,0.5117370892018779,0
,,4.0,Graduate,Yes,8900000,0.0,8900000.0,26300000.0,120.0,,369.0,,23900000.0,7000000.0,27400000.0,12100000.0,70400000.0,2.955056179775281,7.910112359550562,0.37357954545454547,0
,,1.0,Not Graduate,No,8800000,0.0,8800000.0,22200000.0,216.0,,794.0,,8400000.0,11900000.0,21000000.0,10500000.0,51800000.0,2.522727272727273,5.886363636363637,0.42857142857142855,1
,,0.0,Graduate,Yes,8200000,0.0,8200000.0,19200000.0,192.0,,492.0,,16500000.0,9200000.0,20000000.0,7200000.0,52900000.0,2.341463414634146,6.451219512195122,0.3629489603024575,0
,,3.0,Not Graduate,Yes,3600000,0.0,3600000.0,13200000.0,192.0,,557.0,,9800000.0,4000000.0,9900000.0,2100000.0,25800000.0,3.6666666666666665,7.166666666666667,0.5116279069767442,1
,,4.0,Graduate,Yes,9500000,0.0,9500000.0,31800000.0,72.0,,519.0,,5900000.0,1300000.0,28400000.0,12200000.0,47800000.0,3.3473684210526318,5.031578947368421,0.6652719665271967,0
,,0.0,Not Graduate,Yes,1900000,0.0,1900000.0,5700000.0,216.0,,699.0,,5500000.0,200000.0,6500000.0,2000000.0,14200000.0,3.0,7.473684210526316,0.4014084507042254,1
,,3.0,Not Graduate,Yes,9100000,0.0,9100000.0,24600000.0,24.0,,741.0,,8000000.0,4000000.0,35500000.0,13600000.0,61100000.0,2.7032967032967035,6.714285714285714,0.4026186579378069,1
,,5.0,Graduate,No,1100000,0.0,1100000.0,3800000.0,216.0,,508.0,,200000.0,1800000.0,2300000.0,900000.0,5200000.0,3.4545454545454546,4.7272727272727275,0.7307692307692307,0
,,5.0,Not Graduate,Yes,1100000,0.0,1100000.0,2800000.0,120.0,,647.0,,2700000.0,2000000.0,4300000.0,1400000.0,10400000.0,2.5454545454545454,9.454545454545455,0.2692307692307692,1
,,1.0,Graduate,No,9300000,0.0,9300000.0,28600000.0,168.0,,656.0,,17300000.0,9100000.0,27400000.0,12500000.0,66300000.0,3.075268817204301,7.129032258064516,0.43137254901960786,1
,,4.0,Graduate,Yes,3900000,0.0,3900000.0,10600000.0,24.0,,439.0,,300000.0,7600000.0,14800000.0,2500000.0,25200000.0,2.717948717948718,6.461538461538462,0.42063492063492064,0
,,5.0,Not Graduate,Yes,1500000,0.0,1500000.0,4000000.0,144.0,,350.0,,2900000.0,1900000.0,4400000.0,1200000.0,10400000.0,2.6666666666666665,6.933333333333334,0.38461538461538464,0
,,5.0,Graduate,No,800000,0.0,800000.0,2200000.0,72.0,,493.0,,900000.0,500000.0,2800000.0,1000000.0,5200000.0,2.75,6.5,0.4230769230769231,0
,,4.0,Graduate,No,600000,0.0,600000.0,1800000.0,72.0,,851.0,,100000.0,1100000.0,2100000.0,800000.0,4100000.0,3.0,6.833333333333333,0.43902439024390244,1
,,2.0,Graduate,No,4400000,0.0,4400000.0,12500000.0,216.0,,492.0,,7900000.0,1200000.0,10100000.0,2700000.0,21900000.0,2.840909090909091,4.9772727272727275,0.5707762557077626,0
,,4.0,Graduate,Yes,2700000,0.0,2700000.0,5400000.0,72.0,,861.0,,6300000.0,2400000.0,6700000.0,2700000.0,18100000.0,2.0,6.703703703703703,0.2983425414364641,1
,,3.0,Not Graduate,Yes,6200000,0.0,6200000.0,14600000.0,24.0,,664.0,,18300000.0,8400000.0,16800000.0,6600000.0,50100000.0,2.3548387096774195,8.080645161290322,0.29141716566866266,1
,,5.0,Graduate,Yes,700000,0.0,700000.0,1300000.0,192.0,,362.0,,2100000.0,1300000.0,2000000.0,1000000.0,6400000.0,1.8571428571428572,9.142857142857142,0.203125,0
,,0.0,Graduate,No,3400000,0.0,3400000.0,9400000.0,72.0,,703.0,,600000.0,6000000.0,8600000.0,2600000.0,17800000.0,2.764705882352941,5.235294117647059,0.5280898876404494,1
,,1.0,Not Graduate,Yes,4900000,0.0,4900000.0,16800000.0,144.0,,758.0,,1700000.0,2700000.0,11100000.0,5900000.0,21400000.0,3.4285714285714284,4.36734693877551,0.7850467289719626,1
,,3.0,Not Graduate,Yes,4200000,0.0,4200000.0,9700000.0,24.0,,396.0,,700000.0,8200000.0,8600000.0,4300000.0,21800000.0,2.3095238095238093,5.190476190476191,0.44495412844036697,0
,,0.0,Graduate,Yes,5300000,0.0,5300000.0,10600000.0,24.0,,828.0,,8100000.0,6700000.0,17400000.0,5800000.0,38000000.0,2.0,7.169811320754717,0.2789473684210526,1
,,5.0,Graduate,Yes,3700000,0.0,3700000.0,10000000.0,240.0,,709.0,,8000000.0,800000.0,12000000.0,2200000.0,23000000.0,2.7027027027027026,6.216216216216216,0.43478260869565216,1
,,4.0,Not Graduate,Yes,5600000,0.0,5600000.0,17500000.0,120.0,,528.0,,14200000.0,2300000.0,12100000.0,7200000.0,35800000.0,3.125,6.392857142857143,0.4888268156424581,0
,,2.0,Graduate,Yes,4300000,0.0,4300000.0,16000000.0,168.0,,623.0,,9800000.0,6700000.0,17000000.0,4500000.0,38000000.0,3.7209302325581395,8.837209302325581,0.42105263157894735,1
,,4.0,Not Graduate,Yes,7100000,0.0,7100000.0,24500000.0,168.0,,599.0,,9100000.0,7000000.0,20400000.0,6800000.0,43300000.0,3.4507042253521125,6.098591549295775,0.5658198614318707,1
,,4.0,Graduate,Yes,5400000,0.0,5400000.0,12700000.0,48.0,,622.0,,11000000.0,3300000.0,15100000.0,6500000.0,35900000.0,2.3518518518518516,6.648148148148148,0.35376044568245124,1
,,0.0,Not Graduate,No,6000000,0.0,6000000.0,13100000.0,72.0,,385.0,,16600000.0,7600000.0,22000000.0,7400000.0,53600000.0,2.183333333333333,8.933333333333334,0.24440298507462688,0
,,4.0,Graduate,Yes,4100000,0.0,4100000.0,12500000.0,24.0,,579.0,,10900000.0,7200000.0,12200000.0,2000000.0,32300000.0,3.048780487804878,7.878048780487805,0.38699690402476783,1
,,4.0,Not Graduate,No,8300000,0.0,8300000.0,17900000.0,240.0,,846.0,,12700000.0,1300000.0,26800000.0,12200000.0,53000000.0,2.1566265060240966,6.385542168674699,0.33773584905660375,1
,,3.0,Graduate,No,8100000,0.0,8100000.0,23900000.0,120.0,,449.0,,7100000.0,6100000.0,28300000.0,8900000.0,50400000.0,2.950617283950617,6.222222222222222,0.4742063492063492,0
,,1.0,Not Graduate,No,7200000,0.0,7200000.0,24900000.0,168.0,,666.0,,3600000.0,11600000.0,16600000.0,5800000.0,37600000.0,3.4583333333333335,5.222222222222222,0.6622340425531915,1
,,5.0,Graduate,No,7200000,0.0,7200000.0,17500000.0,48.0,,380.0,,2300000.0,400000.0,17500000.0,6200000.0,26400000.0,2.4305555555555554,3.6666666666666665,0.6628787878787878,0
,,2.0,Graduate,Yes,3500000,0.0,3500000.0,8100000.0,48.0,,589.0,,3800000.0,6700000.0,12500000.0,2700000.0,25700000.0,2.3142857142857145,7.3428571428571425,0.3151750972762646,1
,,1.0,Graduate,No,6200000,0.0,6200000.0,19500000.0,144.0,,845.0,,9100000.0,2900000.0,15300000.0,4000000.0,31300000.0,3.1451612903225805,5.048387096774194,0.6230031948881789,1
,,3.0,Not Graduate,No,5200000,0.0,5200000.0,17300000.0,120.0,,401.0,,2600000.0,1400000.0,12700000.0,6400000.0,23100000.0,3.326923076923077,4.4423076923076925,0.7489177489177489,0
,,0.0,Not Graduate,No,4500000,0.0,4500000.0,14500000.0,24.0,,766.0,,6100000.0,8400000.0,17200000.0,6600000.0,38300000.0,3.2222222222222223,8.511111111111111,0.3785900783289817,1
,,5.0,Not Graduate,No,5400000,0.0,5400000.0,15100000.0,144.0,,522.0,,5200000.0,4700000.0,13900000.0,5700000.0,29500000.0,2.7962962962962963,5.462962962962963,0.511864406779661,0
,,3.0,Not Graduate,Yes,2000000,0.0,2000000.0,6900000.0,72.0,,834.0,,2200000.0,2800000.0,6400000.0,3000000.0,14400000.0,3.45,7.2,0.4791666666666667,1
,,3.0,Graduate,No,8900000,0.0,8900000.0,25400000.0,96.0,,588.0,,19400000.0,12100000.0,18800000.0,4500000.0,54800000.0,2.853932584269663,6.157303370786517,0.4635036496350365,1
,,2.0,Graduate,No,5000000,0.0,5000000.0,10600000.0,48.0,,570.0,,11900000.0,900000.0,14800000.0,7100000.0,34700000.0,2.12,6.94,0.30547550432276654,1
,,2.0,Graduate,No,4900000,0.0,4900000.0,17600000.0,72.0,,860.0,,13600000.0,7500000.0,12700000.0,5600000.0,39400000.0,3.5918367346938775,8.040816326530612,0.4467005076142132,1
,,4.0,Graduate,Yes,5300000,0.0,5300000.0,19200000.0,48.0,,655.0,,14200000.0,6900000.0,17800000.0,3900000.0,42800000.0,3.6226415094339623,8.075471698113208,0.4485981308411215,1
,,3.0,Not Graduate,Yes,8500000,0.0,8500000.0,27700000.0,48.0,,457.0,,3600000.0,400000.0,18900000.0,5200000.0,28100000.0,3.2588235294117647,3.3058823529411763,0.9857651245551602,1
,,5.0,Graduate,Yes,700000,0.0,700000.0,2100000.0,168.0,,863.0,,100000.0,1200000.0,2700000.0,600000.0,4600000.0,3.0,6.571428571428571,0.45652173913043476,1
,,3.0,Not Graduate,Yes,5900000,0.0,5900000.0,18900000.0,48.0,,742.0,,10800000.0,4500000.0,23200000.0,8000000.0,46500000.0,3.2033898305084745,7.88135593220339,0.4064516129032258,1
,,3.0,Graduate,No,3500000,0.0,3500000.0,13300000.0,48.0,,798.0,,7400000.0,5300000.0,12100000.0,3600000.0,28400000.0,3.8,8.114285714285714,0.46830985915492956,1
,,5.0,Not Graduate,Yes,7700000,0.0,7700000.0,18900000.0,192.0,,552.0,,15600000.0,6100000.0,23900000.0,6600000.0,52200000.0,2.4545454545454546,6.779220779220779,0.3620689655172414,1
,,2.0,Not Graduate,Yes,4500000,0.0,4500000.0,12500000.0,144.0,,418.0,,400000.0,4300000.0,12400000.0,4300000.0,21400000.0,2.7777777777777777,4.7555555555555555,0.5841121495327103,0
,,0.0,Graduate,No,9100000,0.0,9100000.0,22200000.0,72.0,,419.0,,7400000.0,600000.0,18200000.0,9800000.0,36000000.0,2.4395604395604398,3.956043956043956,0.6166666666666667,0
,,1.0,Not Graduate,Yes,9000000,0.0,9000000.0,29900000.0,24.0,,668.0,,22100000.0,7200000.0,24400000.0,4700000.0,58400000.0,3.3222222222222224,6.488888888888889,0.511986301369863,1
,,2.0,Not Graduate,No,8900000,0.0,8900000.0,29200000.0,96.0,,608.0,,10800000.0,5200000.0,33500000.0,11700000.0,61200000.0,3.2808988764044944,6.876404494382022,0.477124183006536,1
,,5.0,Not Graduate,No,6500000,0.0,6500000.0,13800000.0,120.0,,342.0,,15300000.0,2300000.0,14400000.0,7300000.0,39300000.0,2.123076923076923,6.046153846153846,0.3511450381679389,0
,,4.0,Not Graduate,Yes,8100000,0.0,8100000.0,18000000.0,96.0,,817.0,,1400000.0,7800000.0,16900000.0,10800000.0,36900000.0,2.2222222222222223,4.555555555555555,0.4878048780487805,1
,,1.0,Not Graduate,No,8400000,0.0,8400000.0,29900000.0,192.0,,476.0,,16100000.0,2400000.0,32700000.0,7500000.0,58700000.0,3.5595238095238093,6.988095238095238,0.5093696763202725,0
,,0.0,Not Graduate,No,5300000,0.0,5300000.0,20000000.0,72.0,,881.0,,15900000.0,3700000.0,19500000.0,4000000.0,43100000.0,3.7735849056603774,8.132075471698114,0.46403712296983757,1
,,2.0,Graduate,No,4100000,0.0,4100000.0,15600000.0,144.0,,838.0,,5500000.0,4800000.0,15100000.0,2700000.0,28100000.0,3.8048780487804876,6.853658536585366,0.5551601423487544,1
,,3.0,Not Graduate,No,6900000,0.0,6900000.0,27400000.0,48.0,,406.0,,10200000.0,6500000.0,23900000.0,5300000.0,45900000.0,3.971014492753623,6.6521739130434785,0.5969498910675382,1
,,1.0,Graduate,Yes,5200000,0.0,5200000.0,19500000.0,144.0,,778.0,,5200000.0,4300000.0,19900000.0,5800000.0,35200000.0,3.75,6.769230769230769,0.5539772727272727,1
,,5.0,Not Graduate,Yes,2000000,0.0,2000000.0,7400000.0,168.0,,799.0,,3600000.0,3700000.0,4300000.0,1100000.0,12700000.0,3.7,6.35,0.5826771653543307,1
,,3.0,Graduate,No,4600000,0.0,4600000.0,17800000.0,240.0,,716.0,,12600000.0,2600000.0,10800000.0,4500000.0,30500000.0,3.869565217391304,6.630434782608695,0.5836065573770491,1
,,0.0,Graduate,Yes,7100000,0.0,7100000.0,20100000.0,192.0,,756.0,,8000000.0,5000000.0,17600000.0,5400000.0,36000000.0,2.8309859154929575,5.070422535211268,0.5583333333333333,1
,,0.0,Not Graduate,No,9300000,0.0,9300000.0,20100000.0,120.0,,743.0,,4800000.0,1800000.0,21900000.0,13600000.0,42100000.0,2.161290322580645,4.526881720430108,0.47743467933491684,1
,,3.0,Not Graduate,No,5400000,0.0,5400000.0,19400000.0,240.0,,731.0,,13800000.0,3200000.0,20000000.0,4300000.0,41300000.0,3.5925925925925926,7.648148148148148,0.46973365617433416,1
,,3.0,Not Graduate,No,4100000,0.0,4100000.0,8500000.0,24.0,,833.0,,12000000.0,0.0,16200000.0,3400000.0,31600000.0,2.073170731707317,7.7073170731707314,0.2689873417721519,1
,,4.0,Not Graduate,No,4900000,0.0,4900000.0,11400000.0,96.0,,470.0,,12000000.0,7500000.0,14700000.0,4800000.0,39000000.0,2.326530612244898,7.959183673469388,0.2923076923076923,0
,,5.0,Graduate,Yes,5400000,0.0,5400000.0,21200000.0,240.0,,734.0,,7300000.0,1800000.0,11500000.0,7500000.0,28100000.0,3.925925925925926,5.203703703703703,0.7544483985765125,1
,,0.0,Graduate,No,3000000,0.0,3000000.0,9600000.0,144.0,,620.0,,7900000.0,0.0,8600000.0,3600000.0,20100000.0,3.2,6.7,0.47761194029850745,1
,,0.0,Not Graduate,Yes,6800000,0.0,6800000.0,14400000.0,96.0,,812.0,,15200000.0,4500000.0,21100000.0,6400000.0,47200000.0,2.1176470588235294,6.9411764705882355,0.3050847457627119,1
,,4.0,Graduate,Yes,5100000,0.0,5100000.0,14000000.0,144.0,,459.0,,9800000.0,0.0,10400000.0,6800000.0,27000000.0,2.7450980392156863,5.294117647058823,0.5185185185185185,0
,,0.0,Graduate,Yes,9800000,0.0,9800000.0,32600000.0,120.0,,704.0,,7000000.0,12100000.0,30000000.0,4900000.0,54000000.0,3.326530612244898,5.510204081632653,0.6037037037037037,1
,,1.0,Graduate,Yes,1600000,0.0,1600000.0,4100000.0,72.0,,391.0,,4300000.0,1400000.0,5700000.0,700000.0,12100000.0,2.5625,7.5625,0.33884297520661155,0
,,4.0,Graduate,No,8000000,0.0,8000000.0,29100000.0,48.0,,421.0,,3100000.0,12000000.0,27000000.0,8800000.0,50900000.0,3.6375,6.3625,0.5717092337917485,1
,,5.0,Graduate,No,2900000,0.0,2900000.0,6700000.0,168.0,,796.0,,3800000.0,3700000.0,9700000.0,4200000.0,21400000.0,2.310344827586207,7.379310344827586,0.3130841121495327,1
,,4.0,Graduate,No,9200000,0.0,9200000.0,30300000.0,120.0,,607.0,,24000000.0,16600000.0,29600000.0,8900000.0,79100000.0,3.2934782608695654,8.597826086956522,0.38305941845764857,1
,,3.0,Not Graduate,No,9500000,0.0,9500000.0,20400000.0,168.0,,376.0,,2300000.0,6600000.0,25900000.0,8400000.0,43200000.0,2.1473684210526316,4.5473684210526315,0.4722222222222222,0
,,0.0,Graduate,Yes,3700000,0.0,3700000.0,8500000.0,96.0,,424.0,,1900000.0,5600000.0,14800000.0,4100000.0,26400000.0,2.2972972972972974,7.135135135135135,0.32196969696969696,0
,,5.0,Graduate,Yes,7100000,0.0,7100000.0,20800000.0,72.0,,442.0,,2900000.0,7100000.0,28200000.0,7100000.0,45300000.0,2.9295774647887325,6.380281690140845,0.45916114790286977,0
,,5.0,Not Graduate,No,5600000,0.0,5600000.0,17600000.0,168.0,,448.0,,6700000.0,3500000.0,18900000.0,6800000.0,35900000.0,3.142857142857143,6.410714285714286,0.49025069637883006,0
,,0.0,Graduate,Yes,1200000,0.0,1200000.0,2700000.0,24.0,,638.0,,1500000.0,500000.0,2700000.0,1500000.0,6200000.0,2.25,5.166666666666667,0.43548387096774194,1
,,3.0,Not Graduate,No,1600000,0.0,1600000.0,5600000.0,72.0,,710.0,,3100000.0,800000.0,6000000.0,1600000.0,11500000.0,3.5,7.1875,0.48695652173913045,1
,,4.0,Not Graduate,Yes,1600000,0.0,1600000.0,4800000.0,240.0,,641.0,,4200000.0,1000000.0,4100000.0,1400000.0,10700000.0,3.0,6.6875,0.4485981308411215,1
,,2.0,Not Graduate,No,5300000,0.0,5300000.0,20200000.0,120.0,,348.0,,9200000.0,9500000.0,17300000.0,6100000.0,42100000.0,3.811320754716981,7.943396226415095,0.47980997624703087,0
,,5.0,Not Graduate,No,9100000,0.0,9100000.0,19900000.0,240.0,,519.0,,9300000.0,16400000.0,28900000.0,10500000.0,65100000.0,2.1868131868131866,7.153846153846154,0.30568356374807987,0
,,4.0,Not Graduate,Yes,9400000,0.0,9400000.0,35000000.0,120.0,,517.0,,10700000.0,15100000.0,27500000.0,6700000.0,60000000.0,3.723404255319149,6.382978723404255,0.5833333333333334,0
,,3.0,Not Graduate,No,5900000,0.0,5900000.0,22400000.0,72.0,,375.0,,6500000.0,10500000.0,18100000.0,4800000.0,39900000.0,3.7966101694915255,6.762711864406779,0.5614035087719298,0
,,2.0,Graduate,Yes,1100000,0.0,1100000.0,3400000.0,120.0,,426.0,,300000.0,800000.0,3900000.0,1400000.0,6400000.0,3.090909090909091,5.818181818181818,0.53125,0
,,4.0,Graduate,Yes,3100000,0.0,3100000.0,11500000.0,168.0,,785.0,,3200000.0,3100000.0,9100000.0,4200000.0,19600000.0,3.7096774193548385,6.32258064516129,0.5867346938775511,1
,,4.0,Not Graduate,No,2200000,0.0,2200000.0,8600000.0,240.0,,373.0,,4100000.0,1300000.0,5900000.0,1400000.0,12700000.0,3.909090909090909,5.7727272727272725,0.6771653543307087,0
,,1.0,Graduate,No,6000000,0.0,6000000.0,20100000.0,72.0,,476.0,,13900000.0,10000000.0,15200000.0,5500000.0,44600000.0,3.35,7.433333333333334,0.45067264573991034,0
,,1.0,Graduate,Yes,2000000,0.0,2000000.0,5600000.0,216.0,,320.0,,2400000.0,2300000.0,4600000.0,2100000.0,11400000.0,2.8,5.7,0.49122807017543857,0
,,4.0,Graduate,No,7200000,0.0,7200000.0,22900000.0,216.0,,657.0,,14600000.0,400000.0,17400000.0,8800000.0,41200000.0,3.1805555555555554,5.722222222222222,0.5558252427184466,1
,,1.0,Not Graduate,Yes,500000,0.0,500000.0,1900000.0,144.0,,868.0,,200000.0,500000.0,1800000.0,300000.0,2800000.0,3.8,5.6,0.6785714285714286,1
,,1.0,Not Graduate,Yes,5800000,0.0,5800000.0,13900000.0,72.0,,345.0,,4000000.0,9300000.0,20900000.0,5500000.0,39700000.0,2.396551724137931,6.844827586206897,0.3501259445843829,0
,,0.0,Not Graduate,No,200000,0.0,200000.0,300000.0,72.0,,472.0,,400000.0,100000.0,700000.0,0.0,1200000.0,1.5,6.0,0.25,0
,,4.0,Not Graduate,Yes,4600000,0.0,4600000.0,9500000.0,240.0,,613.0,,5200000.0,5900000.0,13700000.0,3000000.0,27800000.0,2.0652173913043477,6.043478260869565,0.34172661870503596,1
,,5.0,Not Graduate,Yes,4600000,0.0,4600000.0,12800000.0,168.0,,769.0,,13100000.0,8600000.0,12100000.0,3500000.0,37300000.0,2.782608695652174,8.108695652173912,0.34316353887399464,1
,,1.0,Graduate,No,6500000,0.0,6500000.0,23100000.0,240.0,,741.0,,11400000.0,8500000.0,25700000.0,7900000.0,53500000.0,3.5538461538461537,8.23076923076923,0.43177570093457945,1
,,4.0,Not Graduate,Yes,4400000,0.0,4400000.0,16600000.0,168.0,,889.0,,800000.0,1400000.0,14900000.0,5900000.0,23000000.0,3.772727272727273,5.2272727272727275,0.7217391304347827,1
,,0.0,Not Graduate,Yes,900000,0.0,900000.0,3600000.0,120.0,,683.0,,1400000.0,700000.0,3500000.0,400000.0,6000000.0,4.0,6.666666666666667,0.6,1
,,0.0,Not Graduate,Yes,3200000,0.0,3200000.0,7400000.0,216.0,,780.0,,4200000.0,2600000.0,9000000.0,2800000.0,18600000.0,2.3125,5.8125,0.3978494623655914,1
,,3.0,Graduate,No,600000,0.0,600000.0,1100000.0,96.0,,538.0,,500000.0,800000.0,1400000.0,300000.0,3000000.0,1.8333333333333333,5.0,0.36666666666666664,0
,,1.0,Not Graduate,No,5200000,0.0,5200000.0,12600000.0,120.0,,721.0,,1100000.0,8700000.0,13900000.0,3600000.0,27300000.0,2.423076923076923,5.25,0.46153846153846156,1
,,3.0,Not Graduate,Yes,6400000,0.0,6400000.0,15200000.0,168.0,,467.0,,15500000.0,9100000.0,18400000.0,3200000.0,46200000.0,2.375,7.21875,0.329004329004329,0
,,2.0,Not Graduate,No,1000000,0.0,1000000.0,2500000.0,72.0,,551.0,,1700000.0,200000.0,3700000.0,900000.0,6500000.0,2.5,6.5,0.38461538461538464,1
,,2.0,Not Graduate,No,6800000,0.0,6800000.0,14800000.0,168.0,,803.0,,11300000.0,3300000.0,19600000.0,6600000.0,40800000.0,2.176470588235294,6.0,0.3627450980392157,1
,,0.0,Graduate,No,3000000,0.0,3000000.0,8400000.0,120.0,,361.0,,7700000.0,200000.0,7300000.0,1800000.0,17000000.0,2.8,5.666666666666667,0.49411764705882355,0
,,1.0,Not Graduate,Yes,8700000,0.0,8700000.0,30700000.0,72.0,,708.0,,20600000.0,4500000.0,27600000.0,9300000.0,62000000.0,3.528735632183908,7.126436781609195,0.49516129032258066,1
,,4.0,Graduate,Yes,8800000,0.0,8800000.0,20900000.0,216.0,,766.0,,13500000.0,15400000.0,34500000.0,13100000.0,76500000.0,2.375,8.693181818181818,0.27320261437908494,1
,,1.0,Not Graduate,Yes,3900000,0.0,3900000.0,11500000.0,24.0,,464.0,,9300000.0,5700000.0,12400000.0,5100000.0,32500000.0,2.948717948717949,8.333333333333334,0.35384615384615387,0
,,5.0,Graduate,No,1700000,0.0,1700000.0,4300000.0,24.0,,517.0,,100000.0,200000.0,6200000.0,1600000.0,8100000.0,2.5294117647058822,4.764705882352941,0.5308641975308642,0
,,3.0,Not Graduate,Yes,900000,0.0,900000.0,2300000.0,72.0,,747.0,,1200000.0,200000.0,2900000.0,600000.0,4900000.0,2.5555555555555554,5.444444444444445,0.46938775510204084,1
,,1.0,Not Graduate,No,7200000,0.0,7200000.0,24700000.0,72.0,,596.0,,8800000.0,1400000.0,21700000.0,5800000.0,37700000.0,3.4305555555555554,5.236111111111111,0.6551724137931034,1
,,0.0,Graduate,No,9200000,0.0,9200000.0,25400000.0,24.0,,783.0,,25400000.0,2000000.0,19600000.0,12400000.0,59400000.0,2.760869565217391,6.456521739130435,0.4276094276094276,1
,,3.0,Not Graduate,No,5700000,0.0,5700000.0,19400000.0,24.0,,335.0,,7400000.0,10600000.0,20600000.0,7100000.0,45700000.0,3.4035087719298245,8.017543859649123,0.424507658643326,1
,,5.0,Not Graduate,Yes,1100000,0.0,1100000.0,2700000.0,48.0,,889.0,,1900000.0,1000000.0,2200000.0,500000.0,5600000.0,2.4545454545454546,5.090909090909091,0.48214285714285715,1
,,2.0,Not Graduate,Yes,1100000,0.0,1100000.0,2200000.0,48.0,,874.0,,1900000.0,1300000.0,2100000.0,900000.0,6200000.0,2.0,5.636363636363637,0.3548387096774194,1
,,0.0,Graduate,Yes,6000000,0.0,6000000.0,23900000.0,48.0,,394.0,,6700000.0,5800000.0,21900000.0,4500000.0,38900000.0,3.9833333333333334,6.483333333333333,0.6143958868894601,1
,,2.0,Graduate,Yes,8100000,0.0,8100000.0,28500000.0,240.0,,420.0,,1500000.0,1400000.0,31800000.0,10000000.0,44700000.0,3.5185185185185186,5.518518518518518,0.6375838926174496,0
,,2.0,Not Graduate,Yes,6500000,0.0,6500000.0,25100000.0,240.0,,848.0,,11500000.0,8600000.0,17400000.0,4400000.0,41900000.0,3.8615384615384616,6.446153846153846,0.5990453460620525,1
,,0.0,Graduate,Yes,7600000,0.0,7600000.0,17900000.0,192.0,,788.0,,1700000.0,7800000.0,27100000.0,5900000.0,42500000.0,2.3552631578947367,5.592105263157895,0.4211764705882353,1
,,1.0,Graduate,No,2200000,0.0,2200000.0,4900000.0,96.0,,509.0,,3800000.0,0.0,5400000.0,2900000.0,12100000.0,2.227272727272727,5.5,0.4049586776859504,0
,,4.0,Graduate,Yes,6300000,0.0,6300000.0,23900000.0,72.0,,899.0,,0.0,11400000.0,20600000.0,6700000.0,38700000.0,3.7936507936507935,6.142857142857143,0.6175710594315246,1
,,4.0,Not Graduate,Yes,6700000,0.0,6700000.0,15800000.0,144.0,,466.0,,7500000.0,4600000.0,19900000.0,6600000.0,38600000.0,2.3582089552238807,5.7611940298507465,0.40932642487046633,0
,,5.0,Graduate,Yes,1300000,0.0,1300000.0,4300000.0,24.0,,595.0,,1300000.0,500000.0,2900000.0,1500000.0,6200000.0,3.3076923076923075,4.769230769230769,0.6935483870967742,1
,,1.0,Not Graduate,No,2800000,0.0,2800000.0,6700000.0,144.0,,322.0,,1900000.0,2000000.0,8600000.0,2100000.0,14600000.0,2.392857142857143,5.214285714285714,0.4589041095890411,0
,,3.0,Graduate,No,7000000,0.0,7000000.0,18900000.0,24.0,,691.0,,6300000.0,7400000.0,15200000.0,3900000.0,32800000.0,2.7,4.685714285714286,0.5762195121951219,1
,,3.0,Not Graduate,Yes,8800000,0.0,8800000.0,26700000.0,120.0,,379.0,,10100000.0,15500000.0,27000000.0,9700000.0,62300000.0,3.034090909090909,7.079545454545454,0.42857142857142855,0
,,0.0,Graduate,No,8900000,0.0,8900000.0,25800000.0,216.0,,531.0,,12400000.0,3400000.0,22900000.0,5400000.0,44100000.0,2.898876404494382,4.955056179775281,0.5850340136054422,0
,,5.0,Not Graduate,No,7000000,0.0,7000000.0,21800000.0,48.0,,631.0,,8100000.0,7100000.0,14600000.0,10000000.0,39800000.0,3.1142857142857143,5.685714285714286,0.5477386934673367,1
,,0.0,Graduate,Yes,6900000,0.0,6900000.0,18600000.0,120.0,,330.0,,19600000.0,9400000.0,16400000.0,4500000.0,49900000.0,2.6956521739130435,7.231884057971015,0.3727454909819639,0
,,5.0,Graduate,No,9200000,0.0,9200000.0,29200000.0,192.0,,383.0,,17700000.0,13300000.0,30400000.0,5700000.0,67100000.0,3.1739130434782608,7.293478260869565,0.43517138599105815,0
,,0.0,Graduate,Yes,6100000,0.0,6100000.0,19700000.0,192.0,,678.0,,13700000.0,2300000.0,19300000.0,5500000.0,40800000.0,3.2295081967213113,6.688524590163935,0.48284313725490197,1
,,1.0,Graduate,Yes,4400000,0.0,4400000.0,14700000.0,96.0,,894.0,,11400000.0,6300000.0,9400000.0,2400000.0,29500000.0,3.340909090909091,6.704545454545454,0.49830508474576274,1
,,4.0,Not Graduate,No,9900000,0.0,9900000.0,22700000.0,144.0,,567.0,,28300000.0,9900000.0,29700000.0,5400000.0,73300000.0,2.292929292929293,7.404040404040404,0.3096862210095498,1
,,5.0,Not Graduate,No,3900000,0.0,3900000.0,14000000.0,48.0,,708.0,,700000.0,1800000.0,15600000.0,5200000.0,23300000.0,3.58974358974359,5.9743589743589745,0.6008583690987125,1
,,3.0,Graduate,No,6800000,0.0,6800000.0,21200000.0,24.0,,433.0,,10700000.0,1900000.0,23200000.0,6300000.0,42100000.0,3.1176470588235294,6.1911764705882355,0.503562945368171,1
,,4.0,Not Graduate,No,3600000,0.0,3600000.0,8700000.0,168.0,,302.0,,6400000.0,3700000.0,7800000.0,4100000.0,22000000.0,2.4166666666666665,6.111111111111111,0.39545454545454545,0
,,4.0,Graduate,No,700000,0.0,700000.0,2600000.0,168.0,,736.0,,2100000.0,600000.0,1900000.0,400000.0,5000000.0,3.7142857142857144,7.142857142857143,0.52,1
,,2.0,Not Graduate,Yes,4000000,0.0,4000000.0,8500000.0,72.0,,323.0,,11200000.0,1000000.0,14300000.0,4100000.0,30600000.0,2.125,7.65,0.2777777777777778,0
,,4.0,Graduate,No,1800000,0.0,1800000.0,4100000.0,144.0,,670.0,,1900000.0,2900000.0,4700000.0,2200000.0,11700000.0,2.2777777777777777,6.5,0.3504273504273504,1
,,3.0,Not Graduate,No,5600000,0.0,5600000.0,21000000.0,144.0,,609.0,,8800000.0,11000000.0,15800000.0,4900000.0,40500000.0,3.75,7.232142857142857,0.5185185185185185,1
,,4.0,Not Graduate,No,6800000,0.0,6800000.0,24200000.0,216.0,,349.0,,18800000.0,0.0,15800000.0,9400000.0,44000000.0,3.5588235294117645,6.470588235294118,0.55,0
,,5.0,Not Graduate,Yes,600000,0.0,600000.0,1500000.0,24.0,,319.0,,100000.0,1100000.0,2100000.0,600000.0,3900000.0,2.5,6.5,0.38461538461538464,0
,,1.0,Not Graduate,No,4200000,0.0,4200000.0,16200000.0,168.0,,391.0,,5800000.0,2100000.0,14100000.0,2600000.0,24600000.0,3.857142857142857,5.857142857142857,0.6585365853658537,0
,,4.0,Not Graduate,No,5000000,0.0,5000000.0,18700000.0,120.0,,755.0,,3600000.0,600000.0,13000000.0,2600000.0,19800000.0,3.74,3.96,0.9444444444444444,1
,,1.0,Not Graduate,No,4100000,0.0,4100000.0,12200000.0,72.0,,354.0,,7300000.0,5600000.0,16300000.0,3500000.0,32700000.0,2.975609756097561,7.975609756097561,0.3730886850152905,0
,,3.0,Not Graduate,Yes,2200000,0.0,2200000.0,8800000.0,24.0,,877.0,,5000000.0,1300000.0,6400000.0,3100000.0,15800000.0,4.0,7.181818181818182,0.5569620253164557,1
,,1.0,Not Graduate,No,3400000,0.0,3400000.0,8600000.0,192.0,,312.0,,6400000.0,6100000.0,8400000.0,3000000.0,23900000.0,2.5294117647058822,7.029411764705882,0.3598326359832636,0
,,0.0,Graduate,No,7100000,0.0,7100000.0,15900000.0,168.0,,746.0,,9500000.0,3900000.0,23500000.0,8000000.0,44900000.0,2.23943661971831,6.323943661971831,0.35412026726057905,1
,,3.0,Graduate,No,5800000,0.0,5800000.0,19600000.0,192.0,,313.0,,11100000.0,8100000.0,22700000.0,6300000.0,48200000.0,3.3793103448275863,8.310344827586206,0.4066390041493776,0
,,2.0,Graduate,No,3400000,0.0,3400000.0,12900000.0,168.0,,857.0,,3400000.0,2500000.0,8700000.0,1900000.0,16500000.0,3.7941176470588234,4.852941176470588,0.7818181818181819,1
,,2.0,Not Graduate,No,7700000,0.0,7700000.0,18300000.0,240.0,,504.0,,14600000.0,500000.0,18300000.0,4600000.0,38000000.0,2.3766233766233764,4.935064935064935,0.48157894736842105,0
,,0.0,Graduate,No,500000,0.0,500000.0,1200000.0,168.0,,556.0,,900000.0,0.0,1800000.0,500000.0,3200000.0,2.4,6.4,0.375,1
,,2.0,Graduate,Yes,5300000,0.0,5300000.0,11000000.0,168.0,,393.0,,6800000.0,2400000.0,20500000.0,5200000.0,34900000.0,2.0754716981132075,6.584905660377358,0.3151862464183381,0
,,0.0,Graduate,No,4700000,0.0,4700000.0,14400000.0,168.0,,881.0,,11000000.0,6100000.0,17600000.0,2400000.0,37100000.0,3.0638297872340425,7.8936170212765955,0.3881401617250674,1
,,2.0,Graduate,Yes,4300000,0.0,4300000.0,12200000.0,168.0,,719.0,,5100000.0,2600000.0,14000000.0,5700000.0,27400000.0,2.8372093023255816,6.372093023255814,0.44525547445255476,1
,,2.0,Graduate,Yes,900000,0.0,900000.0,2500000.0,192.0,,458.0,,0.0,100000.0,3200000.0,1100000.0,4400000.0,2.7777777777777777,4.888888888888889,0.5681818181818182,0
,,4.0,Graduate,No,2000000,0.0,2000000.0,7500000.0,168.0,,857.0,,4300000.0,1500000.0,4200000.0,2100000.0,12100000.0,3.75,6.05,0.6198347107438017,1
,,2.0,Graduate,Yes,2000000,0.0,2000000.0,7600000.0,192.0,,429.0,,5300000.0,3100000.0,5800000.0,2200000.0,16400000.0,3.8,8.2,0.4634146341463415,0
,,3.0,Not Graduate,No,4100000,0.0,4100000.0,15900000.0,144.0,,538.0,,3900000.0,800000.0,8800000.0,5700000.0,19200000.0,3.8780487804878048,4.682926829268292,0.828125,0
,,1.0,Not Graduate,No,6900000,0.0,6900000.0,14400000.0,120.0,,828.0,,4600000.0,13000000.0,26700000.0,9000000.0,53300000.0,2.0869565217391304,7.72463768115942,0.2701688555347092,1
,,5.0,Graduate,Yes,2300000,0.0,2300000.0,6100000.0,72.0,,339.0,,5100000.0,2500000.0,8300000.0,2400000.0,18300000.0,2.652173913043478,7.956521739130435,0.3333333333333333,0
,,5.0,Graduate,Yes,5800000,0.0,5800000.0,16600000.0,216.0,,376.0,,2500000.0,7500000.0,21100000.0,2800000.0,33900000.0,2.8620689655172415,5.844827586206897,0.4896755162241888,0
,,5.0,Not Graduate,No,8000000,0.0,8000000.0,30000000.0,168.0,,549.0,,14800000.0,200000.0,17300000.0,7000000.0,39300000.0,3.75,4.9125,0.7633587786259542,0
,,3.0,Not Graduate,Yes,3700000,0.0,3700000.0,12700000.0,216.0,,587.0,,11000000.0,3100000.0,8800000.0,4100000.0,27000000.0,3.4324324324324325,7.297297297297297,0.4703703703703704,1
,,0.0,Not Graduate,No,2600000,0.0,2600000.0,8400000.0,216.0,,861.0,,0.0,3500000.0,6200000.0,3800000.0,13500000.0,3.230769230769231,5.1923076923076925,0.6222222222222222,1
,,0.0,Not Graduate,No,3000000,0.0,3000000.0,7000000.0,144.0,,409.0,,6400000.0,4900000.0,8000000.0,3500000.0,22800000.0,2.3333333333333335,7.6,0.30701754385964913,0
,,4.0,Graduate,No,2700000,0.0,2700000.0,10200000.0,48.0,,528.0,,7800000.0,2200000.0,10000000.0,1600000.0,21600000.0,3.7777777777777777,8.0,0.4722222222222222,1
,,4.0,Not Graduate,No,5700000,0.0,5700000.0,19600000.0,96.0,,691.0,,8800000.0,2200000.0,12100000.0,3000000.0,26100000.0,3.43859649122807,4.578947368421052,0.7509578544061303,1
,,2.0,Graduate,No,1500000,0.0,1500000.0,3600000.0,48.0,,584.0,,3900000.0,1300000.0,4800000.0,1700000.0,11700000.0,2.4,7.8,0.3076923076923077,1
,,5.0,Not Graduate,No,6800000,0.0,6800000.0,20000000.0,48.0,,459.0,,14500000.0,3000000.0,25000000.0,4900000.0,47400000.0,2.9411764705882355,6.970588235294118,0.4219409282700422,0
,,1.0,Graduate,Yes,8100000,0.0,8100000.0,31700000.0,120.0,,755.0,,0.0,12700000.0,30100000.0,4700000.0,47500000.0,3.9135802469135803,5.864197530864198,0.6673684210526316,1
,,3.0,Not Graduate,Yes,9200000,0.0,9200000.0,27700000.0,240.0,,688.0,,4800000.0,16300000.0,25800000.0,11200000.0,58100000.0,3.010869565217391,6.315217391304348,0.47676419965576594,1
,,1.0,Not Graduate,Yes,7600000,0.0,7600000.0,26000000.0,72.0,,384.0,,2600000.0,1200000.0,20000000.0,7900000.0,31700000.0,3.4210526315789473,4.171052631578948,0.8201892744479495,0
,,4.0,Graduate,No,600000,0.0,600000.0,1600000.0,240.0,,869.0,,1400000.0,1000000.0,1700000.0,200000.0,4300000.0,2.6666666666666665,7.166666666666667,0.37209302325581395,1
,,1.0,Not Graduate,Yes,4700000,0.0,4700000.0,18700000.0,240.0,,445.0,,2100000.0,0.0,11100000.0,4000000.0,17200000.0,3.978723404255319,3.6595744680851063,1.0872093023255813,0
,,0.0,Graduate,No,1400000,0.0,1400000.0,5500000.0,72.0,,393.0,,500000.0,1500000.0,5400000.0,1800000.0,9200000.0,3.9285714285714284,6.571428571428571,0.5978260869565217,0
,,3.0,Graduate,Yes,9400000,0.0,9400000.0,24600000.0,120.0,,414.0,,8800000.0,13400000.0,23800000.0,5600000.0,51600000.0,2.617021276595745,5.48936170212766,0.47674418604651164,0
,,2.0,Graduate,No,9700000,0.0,9700000.0,19900000.0,192.0,,395.0,,2800000.0,13700000.0,37000000.0,10800000.0,64300000.0,2.051546391752577,6.628865979381444,0.3094867807153966,0
,,3.0,Not Graduate,Yes,8900000,0.0,8900000.0,21000000.0,168.0,,815.0,,200000.0,10800000.0,21600000.0,6400000.0,39000000.0,2.359550561797753,4.382022471910112,0.5384615384615384,1
,,5.0,Graduate,No,4600000,0.0,4600000.0,10500000.0,96.0,,758.0,,3900000.0,4300000.0,15800000.0,2900000.0,26900000.0,2.282608695652174,5.8478260869565215,0.3903345724907063,1
,,5.0,Not Graduate,Yes,5600000,0.0,5600000.0,14500000.0,120.0,,457.0,,6900000.0,7800000.0,20600000.0,4600000.0,39900000.0,2.5892857142857144,7.125,0.3634085213032581,0
,,0.0,Graduate,Yes,1000000,0.0,1000000.0,3200000.0,120.0,,854.0,,2600000.0,800000.0,2900000.0,1200000.0,7500000.0,3.2,7.5,0.4266666666666667,1
,,3.0,Graduate,No,3500000,0.0,3500000.0,10300000.0,192.0,,324.0,,2400000.0,900000.0,12600000.0,2400000.0,18300000.0,2.942857142857143,5.228571428571429,0.5628415300546448,0
,,0.0,Not Graduate,No,7900000,0.0,7900000.0,31500000.0,168.0,,849.0,,19400000.0,10300000.0,26600000.0,10600000.0,66900000.0,3.9873417721518987,8.468354430379748,0.47085201793721976,1
,,3.0,Graduate,Yes,6100000,0.0,6100000.0,24200000.0,144.0,,672.0,,300000.0,11100000.0,23500000.0,5000000.0,39900000.0,3.9672131147540983,6.540983606557377,0.606516290726817,1
,,3.0,Not Graduate,Yes,8900000,0.0,8900000.0,20900000.0,72.0,,859.0,,9600000.0,16500000.0,29300000.0,11100000.0,66500000.0,2.348314606741573,7.47191011235955,0.3142857142857143,1
,,4.0,Graduate,No,5300000,0.0,5300000.0,15400000.0,96.0,,584.0,,5100000.0,1700000.0,14000000.0,5000000.0,25800000.0,2.9056603773584904,4.867924528301887,0.5968992248062015,1
,,5.0,Not Graduate,No,1300000,0.0,1300000.0,4800000.0,48.0,,346.0,,3200000.0,1600000.0,3400000.0,1600000.0,9800000.0,3.6923076923076925,7.538461538461538,0.4897959183673469,1
,,3.0,Graduate,No,4000000,0.0,4000000.0,12800000.0,216.0,,635.0,,6000000.0,7000000.0,12900000.0,4200000.0,30100000.0,3.2,7.525,0.42524916943521596,1
,,2.0,Not Graduate,No,8700000,0.0,8700000.0,22700000.0,48.0,,365.0,,8200000.0,14800000.0,30200000.0,7200000.0,60400000.0,2.6091954022988504,6.942528735632184,0.3758278145695364,0
,,1.0,Not Graduate,No,9500000,0.0,9500000.0,20000000.0,192.0,,856.0,,24900000.0,0.0,35700000.0,6200000.0,66800000.0,2.1052631578947367,7.031578947368421,0.2994011976047904,1
,,5.0,Graduate,Yes,9000000,0.0,9000000.0,20000000.0,24.0,,440.0,,17100000.0,1000000.0,28500000.0,7600000.0,54200000.0,2.2222222222222223,6.022222222222222,0.36900369003690037,0
,,0.0,Graduate,Yes,7300000,0.0,7300000.0,23300000.0,24.0,,616.0,,15700000.0,5900000.0,25800000.0,4100000.0,51500000.0,3.191780821917808,7.054794520547945,0.4524271844660194,1
,,3.0,Graduate,Yes,7400000,0.0,7400000.0,25700000.0,24.0,,461.0,,5700000.0,2900000.0,15100000.0,5100000.0,28800000.0,3.472972972972973,3.891891891891892,0.8923611111111112,1
,,5.0,Not Graduate,No,3100000,0.0,3100000.0,10800000.0,120.0,,681.0,,5100000.0,1700000.0,7400000.0,1500000.0,15700000.0,3.4838709677419355,5.064516129032258,0.6878980891719745,1
,,2.0,Graduate,No,4300000,0.0,4300000.0,9400000.0,24.0,,485.0,,11000000.0,8100000.0,11000000.0,2200000.0,32300000.0,2.186046511627907,7.511627906976744,0.29102167182662536,0
,,1.0,Graduate,Yes,2400000,0.0,2400000.0,8300000.0,72.0,,684.0,,5500000.0,3500000.0,5300000.0,2300000.0,16600000.0,3.4583333333333335,6.916666666666667,0.5,1
,,1.0,Graduate,No,5400000,0.0,5400000.0,17900000.0,168.0,,727.0,,13100000.0,0.0,12300000.0,4700000.0,30100000.0,3.314814814814815,5.574074074074074,0.5946843853820598,1
,,2.0,Not Graduate,No,1600000,0.0,1600000.0,5100000.0,72.0,,784.0,,1400000.0,2400000.0,4500000.0,1400000.0,9700000.0,3.1875,6.0625,0.5257731958762887,1
,,3.0,Not Graduate,Yes,9900000,0.0,9900000.0,20400000.0,48.0,,865.0,,26300000.0,3600000.0,36500000.0,12800000.0,79200000.0,2.0606060606060606,8.0,0.25757575757575757,1
,,3.0,Not Graduate,No,5800000,0.0,5800000.0,20100000.0,216.0,,791.0,,1400000.0,10800000.0,16300000.0,5600000.0,34100000.0,3.4655172413793105,5.879310344827586,0.5894428152492669,1
,,4.0,Not Graduate,No,2200000,0.0,2200000.0,8500000.0,192.0,,866.0,,4000000.0,1900000.0,6800000.0,2800000.0,15500000.0,3.8636363636363638,7.045454545454546,0.5483870967741935,1
,,0.0,Graduate,No,5000000,0.0,5000000.0,14400000.0,24.0,,761.0,,0.0,7300000.0,12600000.0,4500000.0,24400000.0,2.88,4.88,0.5901639344262295,1
,,2.0,Not Graduate,Yes,600000,0.0,600000.0,2100000.0,216.0,,572.0,,400000.0,500000.0,1400000.0,300000.0,2600000.0,3.5,4.333333333333333,0.8076923076923077,1
,,4.0,Graduate,No,2200000,0.0,2200000.0,8600000.0,72.0,,601.0,,2700000.0,2900000.0,6700000.0,3300000.0,15600000.0,3.909090909090909,7.090909090909091,0.5512820512820513,1
,,1.0,Graduate,Yes,2600000,0.0,2600000.0,5500000.0,168.0,,820.0,,2700000.0,2400000.0,9300000.0,2000000.0,16400000.0,2.1153846153846154,6.3076923076923075,0.3353658536585366,1
,,4.0,Not Graduate,No,1200000,0.0,1200000.0,4300000.0,96.0,,598.0,,1600000.0,1800000.0,3200000.0,1300000.0,7900000.0,3.5833333333333335,6.583333333333333,0.5443037974683544,1
,,2.0,Graduate,No,3100000,0.0,3100000.0,8700000.0,216.0,,544.0,,5300000.0,1100000.0,12200000.0,1500000.0,20100000.0,2.806451612903226,6.483870967741935,0.43283582089552236,0
,,5.0,Not Graduate,Yes,4600000,0.0,4600000.0,14500000.0,168.0,,561.0,,2300000.0,6200000.0,10200000.0,5800000.0,24500000.0,3.152173913043478,5.326086956521739,0.5918367346938775,1
,,4.0,Graduate,Yes,9300000,0.0,9300000.0,35500000.0,72.0,,547.0,,2800000.0,17800000.0,27000000.0,13900000.0,61500000.0,3.817204301075269,6.612903225806452,0.5772357723577236,0
,,4.0,Graduate,No,6300000,0.0,6300000.0,13400000.0,24.0,,504.0,,10500000.0,10900000.0,14500000.0,9400000.0,45300000.0,2.126984126984127,7.190476190476191,0.2958057395143488,0
,,2.0,Not Graduate,No,5900000,0.0,5900000.0,20800000.0,168.0,,530.0,,7100000.0,5800000.0,13100000.0,8800000.0,34800000.0,3.5254237288135593,5.898305084745763,0.5977011494252874,0
,,2.0,Graduate,Yes,2900000,0.0,2900000.0,10600000.0,72.0,,614.0,,1000000.0,300000.0,7600000.0,3600000.0,12500000.0,3.6551724137931036,4.310344827586207,0.848,1
,,4.0,Not Graduate,No,6100000,0.0,6100000.0,22400000.0,216.0,,351.0,,11800000.0,5000000.0,24400000.0,4800000.0,46000000.0,3.6721311475409837,7.540983606557377,0.48695652173913045,0
,,4.0,Graduate,Yes,5900000,0.0,5900000.0,19700000.0,120.0,,431.0,,3300000.0,9200000.0,22700000.0,5300000.0,40500000.0,3.3389830508474576,6.864406779661017,0.48641975308641977,0
,,1.0,Not Graduate,Yes,4600000,0.0,4600000.0,18400000.0,120.0,,403.0,,200000.0,8800000.0,17300000.0,2900000.0,29200000.0,4.0,6.3478260869565215,0.6301369863013698,0
,,2.0,Not Graduate,No,7000000,0.0,7000000.0,20200000.0,96.0,,668.0,,16600000.0,5000000.0,26100000.0,9100000.0,56800000.0,2.8857142857142857,8.114285714285714,0.35563380281690143,1
,,3.0,Not Graduate,Yes,5100000,0.0,5100000.0,10400000.0,216.0,,399.0,,8000000.0,4300000.0,20100000.0,4600000.0,37000000.0,2.0392156862745097,7.254901960784314,0.2810810810810811,0
,,1.0,Graduate,No,3100000,0.0,3100000.0,10600000.0,168.0,,665.0,,6200000.0,800000.0,9500000.0,3900000.0,20400000.0,3.4193548387096775,6.580645161290323,0.5196078431372549,1
,,2.0,Graduate,No,4100000,0.0,4100000.0,12800000.0,192.0,,344.0,,10300000.0,7000000.0,15800000.0,4100000.0,37200000.0,3.1219512195121952,9.073170731707316,0.34408602150537637,0
,,0.0,Graduate,No,1800000,0.0,1800000.0,5400000.0,192.0,,555.0,,3900000.0,2900000.0,5100000.0,1700000.0,13600000.0,3.0,7.555555555555555,0.39705882352941174,1
,,4.0,Not Graduate,Yes,8200000,0.0,8200000.0,26900000.0,240.0,,301.0,,23800000.0,13600000.0,31000000.0,9900000.0,78300000.0,3.2804878048780486,9.548780487804878,0.34355044699872284,0
,,2.0,Not Graduate,Yes,800000,0.0,800000.0,2100000.0,72.0,,726.0,,2000000.0,0.0,2600000.0,600000.0,5200000.0,2.625,6.5,0.40384615384615385,1
,,2.0,Graduate,No,8400000,0.0,8400000.0,23100000.0,72.0,,689.0,,5700000.0,2500000.0,18900000.0,11900000.0,39000000.0,2.75,4.642857142857143,0.5923076923076923,1
,,0.0,Not Graduate,No,8500000,0.0,8500000.0,33900000.0,48.0,,665.0,,8500000.0,12800000.0,17900000.0,4500000.0,43700000.0,3.988235294117647,5.141176470588236,0.7757437070938215,1
,,3.0,Not Graduate,Yes,3300000,0.0,3300000.0,12700000.0,192.0,,608.0,,3600000.0,6200000.0,12600000.0,4500000.0,26900000.0,3.8484848484848486,8.151515151515152,0.4721189591078067,1
,,3.0,Not Graduate,No,5800000,0.0,5800000.0,12800000.0,240.0,,335.0,,4400000.0,3000000.0,15300000.0,8000000.0,30700000.0,2.206896551724138,5.293103448275862,0.4169381107491857,0
,,3.0,Not Graduate,No,4400000,0.0,4400000.0,10500000.0,216.0,,677.0,,100000.0,2000000.0,12100000.0,5000000.0,19200000.0,2.3863636363636362,4.363636363636363,0.546875,1
,,1.0,Not Graduate,No,2600000,0.0,2600000.0,8500000.0,24.0,,491.0,,1700000.0,1800000.0,5300000.0,2600000.0,11400000.0,3.269230769230769,4.384615384615385,0.7456140350877193,1
,,2.0,Not Graduate,Yes,9600000,0.0,9600000.0,28100000.0,240.0,,763.0,,23000000.0,11800000.0,27500000.0,10300000.0,72600000.0,2.9270833333333335,7.5625,0.38705234159779617,1
,,5.0,Not Graduate,Yes,5200000,0.0,5200000.0,18100000.0,96.0,,809.0,,2400000.0,6900000.0,14000000.0,5500000.0,28800000.0,3.480769230769231,5.538461538461538,0.6284722222222222,1
,,5.0,Not Graduate,Yes,9700000,0.0,9700000.0,36400000.0,192.0,,544.0,,3500000.0,15000000.0,31300000.0,5200000.0,55000000.0,3.752577319587629,5.670103092783505,0.6618181818181819,0
,,1.0,Graduate,Yes,200000,0.0,200000.0,800000.0,168.0,,624.0,,600000.0,0.0,600000.0,0.0,1200000.0,4.0,6.0,0.6666666666666666,1
,,3.0,Graduate,No,6500000,0.0,6500000.0,16800000.0,120.0,,388.0,,9500000.0,800000.0,14900000.0,7200000.0,32400000.0,2.5846153846153848,4.984615384615385,0.5185185185185185,0
,,4.0,Graduate,Yes,7200000,0.0,7200000.0,23100000.0,168.0,,644.0,,13300000.0,3500000.0,18300000.0,4200000.0,39300000.0,3.2083333333333335,5.458333333333333,0.5877862595419847,1
,,0.0,Not Graduate,No,5200000,0.0,5200000.0,18400000.0,168.0,,600.0,,7300000.0,9700000.0,16500000.0,3600000.0,37100000.0,3.5384615384615383,7.134615384615385,0.49595687331536387,1
,,2.0,Not Graduate,No,6500000,0.0,6500000.0,14100000.0,24.0,,709.0,,1000000.0,12700000.0,20900000.0,4000000.0,38600000.0,2.169230769230769,5.938461538461539,0.36528497409326427,1
,,5.0,Graduate,Yes,2300000,0.0,2300000.0,5600000.0,96.0,,642.0,,2600000.0,1900000.0,8600000.0,2500000.0,15600000.0,2.4347826086956523,6.782608695652174,0.358974358974359,1
,,0.0,Not Graduate,Yes,3300000,0.0,3300000.0,10400000.0,48.0,,423.0,,7400000.0,4700000.0,11600000.0,3200000.0,26900000.0,3.1515151515151514,8.151515151515152,0.38661710037174724,1
,,0.0,Not Graduate,Yes,2000000,0.0,2000000.0,5900000.0,144.0,,900.0,,3800000.0,2400000.0,7100000.0,3000000.0,16300000.0,2.95,8.15,0.3619631901840491,1
,,2.0,Graduate,Yes,8300000,0.0,8300000.0,19500000.0,48.0,,415.0,,2300000.0,9400000.0,21700000.0,8600000.0,42000000.0,2.3493975903614457,5.0602409638554215,0.4642857142857143,0
,,4.0,Graduate,Yes,3800000,0.0,3800000.0,14300000.0,48.0,,645.0,,1300000.0,1100000.0,10900000.0,4600000.0,17900000.0,3.763157894736842,4.7105263157894735,0.7988826815642458,1
,,0.0,Not Graduate,No,5700000,0.0,5700000.0,15600000.0,192.0,,742.0,,700000.0,5800000.0,11400000.0,6800000.0,24700000.0,2.736842105263158,4.333333333333333,0.631578947368421,1
,,4.0,Not Graduate,No,7300000,0.0,7300000.0,19800000.0,96.0,,724.0,,5500000.0,6000000.0,29000000.0,10300000.0,50800000.0,2.712328767123288,6.958904109589041,0.38976377952755903,1
,,1.0,Graduate,No,1600000,0.0,1600000.0,5400000.0,144.0,,707.0,,600000.0,1700000.0,6200000.0,800000.0,9300000.0,3.375,5.8125,0.5806451612903226,1
,,5.0,Not Graduate,Yes,800000,0.0,800000.0,2500000.0,48.0,,780.0,,500000.0,900000.0,1700000.0,400000.0,3500000.0,3.125,4.375,0.7142857142857143,1
,,4.0,Not Graduate,No,6300000,0.0,6300000.0,21900000.0,120.0,,538.0,,9600000.0,5400000.0,19300000.0,7800000.0,42100000.0,3.4761904761904763,6.682539682539683,0.5201900237529691,0
,,2.0,Graduate,No,8800000,0.0,8800000.0,17700000.0,168.0,,706.0,,22900000.0,4300000.0,30300000.0,9200000.0,66700000.0,2.0113636363636362,7.579545454545454,0.2653673163418291,1
,,0.0,Graduate,No,7300000,0.0,7300000.0,14500000.0,192.0,,811.0,,1000000.0,12400000.0,16100000.0,9600000.0,39100000.0,1.9863013698630136,5.3561643835616435,0.37084398976982097,1
,,2.0,Graduate,Yes,3800000,0.0,3800000.0,9100000.0,168.0,,849.0,,6300000.0,2400000.0,9500000.0,2500000.0,20700000.0,2.3947368421052633,5.447368421052632,0.4396135265700483,1
,,3.0,Graduate,No,6200000,0.0,6200000.0,16700000.0,120.0,,880.0,,15800000.0,8200000.0,20100000.0,9100000.0,53200000.0,2.693548387096774,8.580645161290322,0.31390977443609025,1
,,5.0,Not Graduate,Yes,3500000,0.0,3500000.0,9500000.0,48.0,,664.0,,9500000.0,500000.0,7800000.0,5200000.0,23000000.0,2.7142857142857144,6.571428571428571,0.41304347826086957,1
,,5.0,Graduate,Yes,1400000,0.0,1400000.0,5000000.0,24.0,,465.0,,0.0,2600000.0,5300000.0,1500000.0,9400000.0,3.5714285714285716,6.714285714285714,0.5319148936170213,1
,,3.0,Not Graduate,Yes,3500000,0.0,3500000.0,12000000.0,24.0,,786.0,,600000.0,6400000.0,10700000.0,1700000.0,19400000.0,3.4285714285714284,5.542857142857143,0.6185567010309279,1
,,1.0,Graduate,Yes,600000,0.0,600000.0,2000000.0,120.0,,326.0,,400000.0,1000000.0,2400000.0,700000.0,4500000.0,3.3333333333333335,7.5,0.4444444444444444,0
,,0.0,Not Graduate,No,4100000,0.0,4100000.0,10800000.0,192.0,,399.0,,5900000.0,7600000.0,12700000.0,5300000.0,31500000.0,2.6341463414634148,7.682926829268292,0.34285714285714286,0
,,2.0,Not Graduate,Yes,5400000,0.0,5400000.0,11500000.0,72.0,,841.0,,6800000.0,100000.0,11100000.0,6600000.0,24600000.0,2.1296296296296298,4.555555555555555,0.46747967479674796,1
,,2.0,Not Graduate,Yes,2000000,0.0,2000000.0,6700000.0,168.0,,638.0,,4900000.0,200000.0,4900000.0,2300000.0,12300000.0,3.35,6.15,0.5447154471544715,1
,,4.0,Graduate,Yes,3500000,0.0,3500000.0,8900000.0,48.0,,478.0,,4000000.0,3900000.0,11300000.0,3800000.0,23000000.0,2.5428571428571427,6.571428571428571,0.3869565217391304,0
,,0.0,Graduate,Yes,8300000,0.0,8300000.0,30000000.0,48.0,,600.0,,14600000.0,12500000.0,24800000.0,12000000.0,63900000.0,3.6144578313253013,7.698795180722891,0.4694835680751174,1
,,0.0,Graduate,Yes,6700000,0.0,6700000.0,15600000.0,192.0,,768.0,,300000.0,1800000.0,26000000.0,3800000.0,31900000.0,2.328358208955224,4.7611940298507465,0.4890282131661442,1
,,0.0,Not Graduate,No,1900000,0.0,1900000.0,6500000.0,120.0,,523.0,,2400000.0,1100000.0,6200000.0,1100000.0,10800000.0,3.4210526315789473,5.684210526315789,0.6018518518518519,0
,,2.0,Graduate,Yes,6500000,0.0,6500000.0,20900000.0,168.0,,327.0,,8200000.0,100000.0,22800000.0,4700000.0,35800000.0,3.2153846153846155,5.507692307692308,0.5837988826815642,0
,,1.0,Graduate,Yes,600000,0.0,600000.0,1800000.0,96.0,,799.0,,1000000.0,700000.0,2200000.0,800000.0,4700000.0,3.0,7.833333333333333,0.3829787234042553,1
,,5.0,Graduate,No,7000000,0.0,7000000.0,23000000.0,216.0,,803.0,,18700000.0,6300000.0,27800000.0,4100000.0,56900000.0,3.2857142857142856,8.128571428571428,0.40421792618629176,1
,,2.0,Graduate,No,7700000,0.0,7700000.0,15400000.0,216.0,,524.0,,12900000.0,5100000.0,21000000.0,6600000.0,45600000.0,2.0,5.922077922077922,0.33771929824561403,0
,,1.0,Graduate,No,2600000,0.0,2600000.0,6600000.0,72.0,,506.0,,2300000.0,1900000.0,9600000.0,2100000.0,15900000.0,2.5384615384615383,6.115384615384615,0.41509433962264153,0
,,1.0,Graduate,No,9200000,0.0,9200000.0,18800000.0,24.0,,351.0,,22400000.0,2200000.0,31500000.0,13000000.0,69100000.0,2.0434782608695654,7.510869565217392,0.27206946454413894,0
,,2.0,Graduate,Yes,1800000,0.0,1800000.0,4200000.0,96.0,,648.0,,1200000.0,3100000.0,6200000.0,1600000.0,12100000.0,2.3333333333333335,6.722222222222222,0.34710743801652894,1
,,1.0,Not Graduate,No,4900000,0.0,4900000.0,18500000.0,48.0,,612.0,,6100000.0,5900000.0,16400000.0,2900000.0,31300000.0,3.7755102040816326,6.387755102040816,0.5910543130990416,1
,,1.0,Graduate,No,5700000,0.0,5700000.0,12400000.0,168.0,,396.0,,5400000.0,7500000.0,17600000.0,5600000.0,36100000.0,2.175438596491228,6.333333333333333,0.34349030470914127,0
,,3.0,Not Graduate,No,300000,0.0,300000.0,800000.0,24.0,,458.0,,500000.0,0.0,1100000.0,200000.0,1800000.0,2.6666666666666665,6.0,0.4444444444444444,0
,,3.0,Graduate,Yes,1700000,0.0,1700000.0,3400000.0,72.0,,488.0,,100000.0,500000.0,4500000.0,1600000.0,6700000.0,2.0,3.9411764705882355,0.5074626865671642,0
,,4.0,Graduate,No,7000000,0.0,7000000.0,18900000.0,72.0,,475.0,,1300000.0,6100000.0,14700000.0,5200000.0,27300000.0,2.7,3.9,0.6923076923076923,0
,,1.0,Not Graduate,No,2200000,0.0,2200000.0,7000000.0,216.0,,417.0,,2000000.0,3900000.0,6500000.0,1900000.0,14300000.0,3.1818181818181817,6.5,0.48951048951048953,0
,,2.0,Not Graduate,No,6800000,0.0,6800000.0,18700000.0,96.0,,781.0,,17600000.0,900000.0,23700000.0,5400000.0,47600000.0,2.75,7.0,0.39285714285714285,1
,,1.0,Not Graduate,Yes,2400000,0.0,2400000.0,6200000.0,144.0,,337.0,,3400000.0,2100000.0,9400000.0,2300000.0,17200000.0,2.5833333333333335,7.166666666666667,0.36046511627906974,0
,,0.0,Not Graduate,Yes,600000,0.0,600000.0,1800000.0,144.0,,511.0,,300000.0,200000.0,2200000.0,400000.0,3100000.0,3.0,5.166666666666667,0.5806451612903226,0
,,4.0,Graduate,No,6200000,0.0,6200000.0,17300000.0,72.0,,837.0,,12600000.0,3700000.0,24700000.0,4600000.0,45600000.0,2.7903225806451615,7.354838709677419,0.3793859649122807,1
,,1.0,Not Graduate,No,7600000,0.0,7600000.0,24600000.0,144.0,,810.0,,1300000.0,10500000.0,30300000.0,5200000.0,47300000.0,3.236842105263158,6.223684210526316,0.5200845665961945,1
,,2.0,Not Graduate,No,4800000,0.0,4800000.0,10600000.0,96.0,,588.0,,3700000.0,5200000.0,15000000.0,4500000.0,28400000.0,2.2083333333333335,5.916666666666667,0.3732394366197183,1
,,5.0,Graduate,No,4200000,0.0,4200000.0,9200000.0,144.0,,870.0,,3200000.0,2400000.0,12300000.0,5700000.0,23600000.0,2.1904761904761907,5.619047619047619,0.3898305084745763,1
,,0.0,Not Graduate,Yes,7200000,0.0,7200000.0,20700000.0,120.0,,733.0,,15600000.0,12000000.0,19200000.0,9900000.0,56700000.0,2.875,7.875,0.36507936507936506,1
,,5.0,Not Graduate,Yes,6400000,0.0,6400000.0,20300000.0,192.0,,348.0,,10000000.0,10900000.0,20400000.0,6900000.0,48200000.0,3.171875,7.53125,0.4211618257261411,0
,,0.0,Not Graduate,Yes,8900000,0.0,8900000.0,23000000.0,144.0,,741.0,,5600000.0,11200000.0,27100000.0,7100000.0,51000000.0,2.5842696629213484,5.730337078651686,0.45098039215686275,1
,,3.0,Not Graduate,No,5100000,0.0,5100000.0,14500000.0,144.0,,306.0,,700000.0,8800000.0,11600000.0,2900000.0,24000000.0,2.843137254901961,4.705882352941177,0.6041666666666666,0
,,2.0,Graduate,Yes,6300000,0.0,6300000.0,19500000.0,216.0,,428.0,,15900000.0,7200000.0,19900000.0,6500000.0,49500000.0,3.0952380952380953,7.857142857142857,0.3939393939393939,0
,,3.0,Graduate,No,6600000,0.0,6600000.0,22100000.0,48.0,,455.0,,3800000.0,3000000.0,25100000.0,7400000.0,39300000.0,3.3484848484848486,5.954545454545454,0.5623409669211196,1
,,1.0,Not Graduate,Yes,4800000,0.0,4800000.0,14700000.0,24.0,,356.0,,7100000.0,8800000.0,13400000.0,5500000.0,34800000.0,3.0625,7.25,0.4224137931034483,1
,,0.0,Graduate,No,200000,0.0,200000.0,400000.0,48.0,,594.0,,500000.0,0.0,400000.0,100000.0,1000000.0,2.0,5.0,0.4,1
,,0.0,Not Graduate,Yes,7500000,0.0,7500000.0,25800000.0,216.0,,844.0,,9100000.0,600000.0,18600000.0,6500000.0,34800000.0,3.44,4.64,0.7413793103448276,1
,,4.0,Graduate,No,9000000,0.0,9000000.0,34700000.0,48.0,,771.0,,4800000.0,9500000.0,34100000.0,7700000.0,56100000.0,3.8555555555555556,6.233333333333333,0.6185383244206774,1
,,2.0,Graduate,No,5400000,0.0,5400000.0,12500000.0,48.0,,622.0,,14400000.0,2900000.0,11800000.0,5400000.0,34500000.0,2.314814814814815,6.388888888888889,0.36231884057971014,1
,,1.0,Not Graduate,Yes,1700000,0.0,1700000.0,4500000.0,240.0,,480.0,,200000.0,600000.0,5400000.0,1900000.0,8100000.0,2.6470588235294117,4.764705882352941,0.5555555555555556,0
,,4.0,Graduate,No,4300000,0.0,4300000.0,11500000.0,240.0,,337.0,,11100000.0,6000000.0,17000000.0,5200000.0,39300000.0,2.6744186046511627,9.13953488372093,0.2926208651399491,0
,,1.0,Graduate,No,5200000,0.0,5200000.0,11200000.0,72.0,,698.0,,14100000.0,7600000.0,18800000.0,2700000.0,43200000.0,2.1538461538461537,8.307692307692308,0.25925925925925924,1
,,4.0,Not Graduate,No,4400000,0.0,4400000.0,17000000.0,216.0,,302.0,,1000000.0,2100000.0,14000000.0,5700000.0,22800000.0,3.8636363636363638,5.181818181818182,0.7456140350877193,0
,,1.0,Not Graduate,Yes,3900000,0.0,3900000.0,7800000.0,168.0,,349.0,,11200000.0,500000.0,11800000.0,3600000.0,27100000.0,2.0,6.948717948717949,0.2878228782287823,0
,,0.0,Graduate,No,1100000,0.0,1100000.0,3300000.0,120.0,,482.0,,2800000.0,300000.0,2900000.0,1600000.0,7600000.0,3.0,6.909090909090909,0.4342105263157895,0
,,2.0,Graduate,No,2500000,0.0,2500000.0,8200000.0,120.0,,429.0,,1500000.0,4100000.0,5900000.0,2200000.0,13700000.0,3.28,5.48,0.5985401459854015,0
,,4.0,Graduate,No,500000,0.0,500000.0,1300000.0,96.0,,471.0,,500000.0,300000.0,1500000.0,700000.0,3000000.0,2.6,6.0,0.43333333333333335,0
,,0.0,Graduate,Yes,9000000,0.0,9000000.0,32400000.0,120.0,,895.0,,16800000.0,5800000.0,20700000.0,9500000.0,52800000.0,3.6,5.866666666666666,0.6136363636363636,1
,,1.0,Not Graduate,Yes,5100000,0.0,5100000.0,20300000.0,216.0,,757.0,,11800000.0,3400000.0,13400000.0,3200000.0,31800000.0,3.980392156862745,6.235294117647059,0.6383647798742138,1
,,2.0,Graduate,No,5200000,0.0,5200000.0,13500000.0,24.0,,777.0,,7000000.0,5200000.0,15500000.0,6100000.0,33800000.0,2.5961538461538463,6.5,0.3994082840236686,1
,,5.0,Not Graduate,Yes,4400000,0.0,4400000.0,8900000.0,48.0,,761.0,,8100000.0,1000000.0,14200000.0,3000000.0,26300000.0,2.022727272727273,5.9772727272727275,0.33840304182509506,1
,,1.0,Graduate,No,1900000,0.0,1900000.0,4200000.0,144.0,,821.0,,5200000.0,1500000.0,5000000.0,2700000.0,14400000.0,2.210526315789474,7.578947368421052,0.2916666666666667,1
,,4.0,Not Graduate,Yes,9200000,0.0,9200000.0,26500000.0,72.0,,662.0,,1000000.0,400000.0,26900000.0,5300000.0,33600000.0,2.880434782608696,3.652173913043478,0.7886904761904762,1
,,2.0,Not Graduate,Yes,4800000,0.0,4800000.0,16500000.0,120.0,,350.0,,2000000.0,6500000.0,11400000.0,2900000.0,22800000.0,3.4375,4.75,0.7236842105263158,0
,,4.0,Not Graduate,No,4900000,0.0,4900000.0,10700000.0,240.0,,321.0,,1200000.0,400000.0,11100000.0,6500000.0,19200000.0,2.183673469387755,3.9183673469387754,0.5572916666666666,0
,,3.0,Graduate,Yes,4800000,0.0,4800000.0,10100000.0,48.0,,368.0,,9100000.0,5100000.0,16500000.0,3500000.0,34200000.0,2.1041666666666665,7.125,0.2953216374269006,0
,,4.0,Graduate,No,9300000,0.0,9300000.0,24900000.0,168.0,,455.0,,27600000.0,4700000.0,35100000.0,13900000.0,81300000.0,2.6774193548387095,8.741935483870968,0.3062730627306273,0
,,5.0,Not Graduate,Yes,7500000,0.0,7500000.0,24600000.0,96.0,,744.0,,1600000.0,3600000.0,16700000.0,9300000.0,31200000.0,3.28,4.16,0.7884615384615384,1
,,1.0,Graduate,No,5900000,0.0,5900000.0,16800000.0,48.0,,806.0,,11200000.0,9700000.0,22800000.0,7100000.0,50800000.0,2.847457627118644,8.610169491525424,0.33070866141732286,1
,,0.0,Graduate,No,9400000,0.0,9400000.0,27900000.0,72.0,,456.0,,21400000.0,18500000.0,35600000.0,7800000.0,83300000.0,2.9680851063829787,8.861702127659575,0.3349339735894358,0
,,5.0,Graduate,No,5300000,0.0,5300000.0,13400000.0,96.0,,719.0,,1600000.0,200000.0,11400000.0,5300000.0,18500000.0,2.5283018867924527,3.490566037735849,0.7243243243243244,1
,,4.0,Graduate,No,3700000,0.0,3700000.0,9000000.0,216.0,,668.0,,7800000.0,1600000.0,13400000.0,3100000.0,25900000.0,2.4324324324324325,7.0,0.3474903474903475,1
,,0.0,Graduate,Yes,2500000,0.0,2500000.0,5800000.0,216.0,,494.0,,5100000.0,4400000.0,8500000.0,2300000.0,20300000.0,2.32,8.12,0.2857142857142857,0
,,4.0,Not Graduate,No,2800000,0.0,2800000.0,10800000.0,24.0,,841.0,,700000.0,2600000.0,7100000.0,4100000.0,14500000.0,3.857142857142857,5.178571428571429,0.7448275862068966,1
,,0.0,Graduate,Yes,5400000,0.0,5400000.0,21400000.0,96.0,,721.0,,8200000.0,6400000.0,16700000.0,7400000.0,38700000.0,3.962962962962963,7.166666666666667,0.5529715762273901,1
,,5.0,Graduate,No,3100000,0.0,3100000.0,9400000.0,120.0,,414.0,,200000.0,5300000.0,8000000.0,2800000.0,16300000.0,3.032258064516129,5.258064516129032,0.5766871165644172,0
,,5.0,Not Graduate,No,4800000,0.0,4800000.0,15500000.0,120.0,,812.0,,9500000.0,1500000.0,17800000.0,3500000.0,32300000.0,3.2291666666666665,6.729166666666667,0.47987616099071206,1
,,1.0,Not Graduate,No,8800000,0.0,8800000.0,17500000.0,240.0,,832.0,,1800000.0,3600000.0,24000000.0,7400000.0,36800000.0,1.9886363636363635,4.181818181818182,0.47554347826086957,1
,,2.0,Graduate,No,4100000,0.0,4100000.0,14900000.0,144.0,,571.0,,0.0,5200000.0,13000000.0,3400000.0,21600000.0,3.6341463414634148,5.2682926829268295,0.6898148148148148,1
,,5.0,Not Graduate,No,9700000,0.0,9700000.0,37000000.0,168.0,,459.0,,28700000.0,17900000.0,22800000.0,5600000.0,75000000.0,3.814432989690722,7.731958762886598,0.49333333333333335,0
,,2.0,Graduate,Yes,6400000,0.0,6400000.0,24100000.0,72.0,,592.0,,2500000.0,6300000.0,20200000.0,6000000.0,35000000.0,3.765625,5.46875,0.6885714285714286,1
,,5.0,Graduate,No,3400000,0.0,3400000.0,13100000.0,240.0,,527.0,,900000.0,4500000.0,8600000.0,4000000.0,18000000.0,3.8529411764705883,5.294117647058823,0.7277777777777777,0
,,4.0,Not Graduate,No,3500000,0.0,3500000.0,10200000.0,144.0,,333.0,,7600000.0,6400000.0,8100000.0,3400000.0,25500000.0,2.914285714285714,7.285714285714286,0.4,0
,,3.0,Not Graduate,No,3200000,0.0,3200000.0,10000000.0,216.0,,532.0,,3300000.0,100000.0,9800000.0,2100000.0,15300000.0,3.125,4.78125,0.6535947712418301,0
,,2.0,Graduate,Yes,4900000,0.0,4900000.0,13100000.0,216.0,,754.0,,8200000.0,3300000.0,16500000.0,7200000.0,35200000.0,2.673469387755102,7.183673469387755,0.3721590909090909,1
,,0.0,Graduate,Yes,1300000,0.0,1300000.0,4800000.0,48.0,,835.0,,500000.0,100000.0,3300000.0,800000.0,4700000.0,3.6923076923076925,3.6153846153846154,1.0212765957446808,0
,,4.0,Graduate,No,2500000,0.0,2500000.0,5400000.0,120.0,,592.0,,3400000.0,1500000.0,9900000.0,2900000.0,17700000.0,2.16,7.08,0.3050847457627119,1
,,0.0,Graduate,No,7500000,0.0,7500000.0,27300000.0,240.0,,553.0,,11600000.0,2800000.0,26200000.0,6100000.0,46700000.0,3.64,6.226666666666667,0.5845824411134903,1
,,2.0,Graduate,No,700000,0.0,700000.0,2000000.0,96.0,,806.0,,1900000.0,1100000.0,2200000.0,400000.0,5600000.0,2.857142857142857,8.0,0.35714285714285715,1
,,4.0,Graduate,Yes,8200000,0.0,8200000.0,28500000.0,24.0,,378.0,,6800000.0,11200000.0,26400000.0,11500000.0,55900000.0,3.475609756097561,6.817073170731708,0.5098389982110912,1
,,1.0,Not Graduate,No,6900000,0.0,6900000.0,26200000.0,48.0,,534.0,,14500000.0,11900000.0,14900000.0,9400000.0,50700000.0,3.7971014492753623,7.3478260869565215,0.5167652859960552,1
,,1.0,Not Graduate,Yes,1500000,0.0,1500000.0,5900000.0,192.0,,400.0,,4200000.0,2400000.0,4800000.0,1500000.0,12900000.0,3.933333333333333,8.6,0.4573643410852713,0
,,3.0,Graduate,No,6300000,0.0,6300000.0,18300000.0,216.0,,543.0,,1800000.0,9400000.0,17700000.0,3500000.0,32400000.0,2.9047619047619047,5.142857142857143,0.5648148148148148,0
,,0.0,Not Graduate,Yes,8800000,0.0,8800000.0,25600000.0,120.0,,715.0,,25300000.0,2500000.0,34900000.0,8600000.0,71300000.0,2.909090909090909,8.102272727272727,0.3590462833099579,1
,,4.0,Graduate,Yes,8900000,0.0,8900000.0,20700000.0,72.0,,684.0,,1100000.0,9200000.0,20400000.0,6700000.0,37400000.0,2.3258426966292136,4.202247191011236,0.553475935828877,1
,,3.0,Not Graduate,Yes,2100000,0.0,2100000.0,6100000.0,96.0,,346.0,,5500000.0,600000.0,4500000.0,2900000.0,13500000.0,2.9047619047619047,6.428571428571429,0.45185185185185184,0
,,1.0,Graduate,Yes,9200000,0.0,9200000.0,29200000.0,72.0,,669.0,,9900000.0,12900000.0,23400000.0,11700000.0,57900000.0,3.1739130434782608,6.293478260869565,0.5043177892918825,1
,,2.0,Not Graduate,No,3600000,0.0,3600000.0,8000000.0,144.0,,566.0,,10500000.0,3000000.0,8900000.0,2700000.0,25100000.0,2.2222222222222223,6.972222222222222,0.3187250996015936,1
,,0.0,Not Graduate,Yes,8600000,0.0,8600000.0,23600000.0,24.0,,361.0,,25800000.0,5300000.0,24700000.0,7500000.0,63300000.0,2.744186046511628,7.3604651162790695,0.37282780410742494,0
,,5.0,Graduate,No,3000000,0.0,3000000.0,8000000.0,72.0,,333.0,,3200000.0,400000.0,8200000.0,2200000.0,14000000.0,2.6666666666666665,4.666666666666667,0.5714285714285714,0
,,3.0,Not Graduate,Yes,5200000,0.0,5200000.0,16300000.0,96.0,,335.0,,9500000.0,7000000.0,13600000.0,7300000.0,37400000.0,3.1346153846153846,7.1923076923076925,0.4358288770053476,0
,,3.0,Graduate,Yes,7200000,0.0,7200000.0,20400000.0,120.0,,558.0,,0.0,13200000.0,27200000.0,10600000.0,51000000.0,2.8333333333333335,7.083333333333333,0.4,1
,,1.0,Not Graduate,Yes,4000000,0.0,4000000.0,15600000.0,144.0,,436.0,,10400000.0,2800000.0,14800000.0,3200000.0,31200000.0,3.9,7.8,0.5,0
,,1.0,Not Graduate,No,2400000,0.0,2400000.0,5200000.0,24.0,,371.0,,6100000.0,3100000.0,8500000.0,1400000.0,19100000.0,2.1666666666666665,7.958333333333333,0.27225130890052357,0
,,2.0,Not Graduate,Yes,5500000,0.0,5500000.0,18400000.0,120.0,,515.0,,6800000.0,4400000.0,18500000.0,4100000.0,33800000.0,3.3454545454545452,6.1454545454545455,0.5443786982248521,0
,,0.0,Not Graduate,Yes,9000000,0.0,9000000.0,24300000.0,120.0,,599.0,,12900000.0,3400000.0,26900000.0,6400000.0,49600000.0,2.7,5.511111111111111,0.4899193548387097,1
,,0.0,Not Graduate,Yes,7900000,0.0,7900000.0,24000000.0,240.0,,728.0,,18600000.0,15600000.0,21800000.0,7400000.0,63400000.0,3.037974683544304,8.025316455696203,0.3785488958990536,1
,,2.0,Not Graduate,Yes,6200000,0.0,6200000.0,21600000.0,240.0,,679.0,,18600000.0,2500000.0,24500000.0,9100000.0,54700000.0,3.4838709677419355,8.82258064516129,0.39488117001828155,1
,,3.0,Graduate,Yes,7900000,0.0,7900000.0,29200000.0,48.0,,399.0,,23200000.0,5500000.0,30200000.0,6900000.0,65800000.0,3.6962025316455698,8.329113924050633,0.44376899696048633,1
,,3.0,Not Graduate,No,1200000,0.0,1200000.0,4500000.0,72.0,,819.0,,1400000.0,1100000.0,4400000.0,900000.0,7800000.0,3.75,6.5,0.5769230769230769,1
,,1.0,Graduate,No,4700000,0.0,4700000.0,11700000.0,72.0,,308.0,,11800000.0,1100000.0,15100000.0,3700000.0,31700000.0,2.4893617021276597,6.74468085106383,0.36908517350157727,0
,,5.0,Graduate,Yes,5900000,0.0,5900000.0,15600000.0,24.0,,730.0,,12600000.0,4700000.0,15900000.0,5900000.0,39100000.0,2.6440677966101696,6.627118644067797,0.3989769820971867,1
,,4.0,Not Graduate,Yes,1400000,0.0,1400000.0,5100000.0,168.0,,312.0,,4000000.0,1000000.0,3200000.0,1400000.0,9600000.0,3.642857142857143,6.857142857142857,0.53125,0
,,3.0,Not Graduate,Yes,4700000,0.0,4700000.0,12800000.0,192.0,,740.0,,2200000.0,8600000.0,11700000.0,6100000.0,28600000.0,2.723404255319149,6.085106382978723,0.44755244755244755,1
,,5.0,Graduate,Yes,7600000,0.0,7600000.0,20000000.0,120.0,,522.0,,21500000.0,1400000.0,20400000.0,4300000.0,47600000.0,2.6315789473684212,6.2631578947368425,0.42016806722689076,0
,,4.0,Graduate,No,7200000,0.0,7200000.0,16900000.0,48.0,,702.0,,15900000.0,7100000.0,22000000.0,9600000.0,54600000.0,2.3472222222222223,7.583333333333333,0.30952380952380953,1
,,4.0,Not Graduate,Yes,1400000,0.0,1400000.0,4300000.0,192.0,,447.0,,3600000.0,1200000.0,5300000.0,1000000.0,11100000.0,3.0714285714285716,7.928571428571429,0.38738738738738737,0
,,5.0,Graduate,No,1400000,0.0,1400000.0,2900000.0,48.0,,829.0,,800000.0,600000.0,5400000.0,1600000.0,8400000.0,2.0714285714285716,6.0,0.34523809523809523,1
,,2.0,Graduate,No,7900000,0.0,7900000.0,18500000.0,216.0,,727.0,,20200000.0,12400000.0,19600000.0,7100000.0,59300000.0,2.3417721518987342,7.506329113924051,0.31197301854974707,1
,,5.0,Not Graduate,Yes,7600000,0.0,7600000.0,18700000.0,168.0,,509.0,,8500000.0,8500000.0,22200000.0,3700000.0,42900000.0,2.460526315789474,5.644736842105263,0.4358974358974359,0
,,3.0,Graduate,Yes,9600000,0.0,9600000.0,34200000.0,24.0,,745.0,,2500000.0,2000000.0,33000000.0,6700000.0,44200000.0,3.5625,4.604166666666667,0.7737556561085973,1
,,1.0,Not Graduate,No,2300000,0.0,2300000.0,6600000.0,216.0,,513.0,,4600000.0,900000.0,9000000.0,1600000.0,16100000.0,2.869565217391304,7.0,0.40993788819875776,0
,,2.0,Not Graduate,No,8100000,0.0,8100000.0,18500000.0,72.0,,372.0,,19100000.0,10200000.0,31000000.0,7900000.0,68200000.0,2.2839506172839505,8.419753086419753,0.27126099706744866,0
,,2.0,Graduate,Yes,300000,0.0,300000.0,700000.0,48.0,,411.0,,600000.0,0.0,1200000.0,100000.0,1900000.0,2.3333333333333335,6.333333333333333,0.3684210526315789,0
,,4.0,Graduate,No,4700000,0.0,4700000.0,10800000.0,240.0,,495.0,,11300000.0,6800000.0,17000000.0,4500000.0,39600000.0,2.297872340425532,8.425531914893616,0.2727272727272727,0
,,5.0,Not Graduate,No,1100000,0.0,1100000.0,2500000.0,48.0,,827.0,,2400000.0,1000000.0,4100000.0,600000.0,8100000.0,2.272727272727273,7.363636363636363,0.30864197530864196,1
,,4.0,Not Graduate,No,8600000,0.0,8600000.0,25100000.0,72.0,,820.0,,14400000.0,5000000.0,26000000.0,8300000.0,53700000.0,2.9186046511627906,6.244186046511628,0.46741154562383613,1
,,5.0,Graduate,Yes,8700000,0.0,8700000.0,28100000.0,120.0,,660.0,,25500000.0,800000.0,25900000.0,10100000.0,62300000.0,3.2298850574712645,7.160919540229885,0.4510433386837881,1
,,0.0,Not Graduate,No,2200000,0.0,2200000.0,8600000.0,48.0,,563.0,,900000.0,1000000.0,4400000.0,2800000.0,9100000.0,3.909090909090909,4.136363636363637,0.945054945054945,1
,,1.0,Not Graduate,Yes,500000,0.0,500000.0,1400000.0,120.0,,883.0,,900000.0,0.0,1700000.0,300000.0,2900000.0,2.8,5.8,0.4827586206896552,1
,,0.0,Not Graduate,Yes,9100000,0.0,9100000.0,22000000.0,144.0,,387.0,,25300000.0,15600000.0,31700000.0,7000000.0,79600000.0,2.4175824175824174,8.747252747252746,0.27638190954773867,0
,,1.0,Graduate,No,2200000,0.0,2200000.0,8700000.0,144.0,,613.0,,500000.0,1800000.0,5700000.0,2400000.0,10400000.0,3.9545454545454546,4.7272727272727275,0.8365384615384616,1
,,0.0,Not Graduate,Yes,2200000,0.0,2200000.0,8000000.0,168.0,,335.0,,2800000.0,3700000.0,6900000.0,2900000.0,16300000.0,3.6363636363636362,7.409090909090909,0.49079754601226994,0
,,1.0,Graduate,Yes,9600000,0.0,9600000.0,34500000.0,24.0,,795.0,,9500000.0,900000.0,32000000.0,9300000.0,51700000.0,3.59375,5.385416666666667,0.6673114119922631,1
,,1.0,Graduate,Yes,6500000,0.0,6500000.0,13900000.0,96.0,,369.0,,9600000.0,300000.0,17200000.0,8300000.0,35400000.0,2.1384615384615384,5.446153846153846,0.3926553672316384,0
,,4.0,Graduate,Yes,2400000,0.0,2400000.0,7400000.0,216.0,,888.0,,2700000.0,1600000.0,7600000.0,3200000.0,15100000.0,3.0833333333333335,6.291666666666667,0.4900662251655629,1
,,4.0,Not Graduate,No,5500000,0.0,5500000.0,12300000.0,72.0,,742.0,,12900000.0,2700000.0,19800000.0,4300000.0,39700000.0,2.2363636363636363,7.218181818181818,0.30982367758186397,1
,,0.0,Graduate,No,5000000,0.0,5000000.0,14400000.0,48.0,,874.0,,3000000.0,9300000.0,14100000.0,3900000.0,30300000.0,2.88,6.06,0.4752475247524752,1
,,1.0,Graduate,No,2700000,0.0,2700000.0,8100000.0,192.0,,691.0,,2000000.0,3600000.0,8100000.0,2100000.0,15800000.0,3.0,5.851851851851852,0.5126582278481012,1
,,3.0,Not Graduate,Yes,8500000,0.0,8500000.0,30300000.0,144.0,,762.0,,12700000.0,3700000.0,20000000.0,4200000.0,40600000.0,3.5647058823529414,4.776470588235294,0.7463054187192119,1
,,1.0,Graduate,No,4400000,0.0,4400000.0,10700000.0,216.0,,324.0,,2200000.0,3300000.0,12700000.0,5400000.0,23600000.0,2.4318181818181817,5.363636363636363,0.4533898305084746,0
,,4.0,Not Graduate,No,500000,0.0,500000.0,1800000.0,240.0,,777.0,,900000.0,300000.0,1300000.0,200000.0,2700000.0,3.6,5.4,0.6666666666666666,1
,,0.0,Graduate,No,8300000,0.0,8300000.0,21400000.0,24.0,,662.0,,6100000.0,12300000.0,24500000.0,10200000.0,53100000.0,2.5783132530120483,6.397590361445783,0.4030131826741996,1
,,2.0,Not Graduate,Yes,6000000,0.0,6000000.0,13000000.0,144.0,,462.0,,2100000.0,2500000.0,14600000.0,5600000.0,24800000.0,2.1666666666666665,4.133333333333334,0.5241935483870968,0
,,3.0,Not Graduate,Yes,4000000,0.0,4000000.0,10400000.0,168.0,,609.0,,2100000.0,6900000.0,11700000.0,4600000.0,25300000.0,2.6,6.325,0.41106719367588934,1
,,5.0,Graduate,Yes,4400000,0.0,4400000.0,11700000.0,240.0,,590.0,,900000.0,2700000.0,15500000.0,2300000.0,21400000.0,2.659090909090909,4.863636363636363,0.5467289719626168,1
,,3.0,Graduate,Yes,4400000,0.0,4400000.0,15800000.0,216.0,,779.0,,7200000.0,5400000.0,14900000.0,3600000.0,31100000.0,3.590909090909091,7.068181818181818,0.5080385852090032,1
,,2.0,Graduate,Yes,1900000,0.0,1900000.0,5000000.0,168.0,,641.0,,1000000.0,900000.0,5500000.0,2400000.0,9800000.0,2.6315789473684212,5.157894736842105,0.5102040816326531,1
,,0.0,Graduate,Yes,5000000,0.0,5000000.0,18400000.0,144.0,,752.0,,14600000.0,4000000.0,10500000.0,6500000.0,35600000.0,3.68,7.12,0.5168539325842697,1
,,0.0,Graduate,No,8000000,0.0,8000000.0,23700000.0,120.0,,305.0,,22200000.0,11600000.0,17200000.0,12000000.0,63000000.0,2.9625,7.875,0.3761904761904762,0
,,4.0,Not Graduate,No,8200000,0.0,8200000.0,20700000.0,120.0,,546.0,,10800000.0,7000000.0,25000000.0,10600000.0,53400000.0,2.524390243902439,6.512195121951219,0.38764044943820225,0
,,2.0,Graduate,No,7000000,0.0,7000000.0,24200000.0,96.0,,833.0,,13700000.0,4100000.0,26100000.0,9100000.0,53000000.0,3.4571428571428573,7.571428571428571,0.45660377358490567,1
,,2.0,Not Graduate,No,2400000,0.0,2400000.0,8800000.0,216.0,,421.0,,3200000.0,1500000.0,6700000.0,1400000.0,12800000.0,3.6666666666666665,5.333333333333333,0.6875,0
,,5.0,Graduate,No,6600000,0.0,6600000.0,18800000.0,48.0,,639.0,,3200000.0,1100000.0,25100000.0,4300000.0,33700000.0,2.8484848484848486,5.106060606060606,0.5578635014836796,1
,,3.0,Graduate,No,3200000,0.0,3200000.0,6900000.0,240.0,,735.0,,1500000.0,3700000.0,9200000.0,3100000.0,17500000.0,2.15625,5.46875,0.3942857142857143,1
,,0.0,Not Graduate,Yes,2600000,0.0,2600000.0,5400000.0,24.0,,377.0,,100000.0,4900000.0,6100000.0,2700000.0,13800000.0,2.076923076923077,5.3076923076923075,0.391304347826087,0
,,3.0,Not Graduate,No,6900000,0.0,6900000.0,15600000.0,240.0,,310.0,,4500000.0,3600000.0,20400000.0,4800000.0,33300000.0,2.260869565217391,4.826086956521739,0.46846846846846846,0
,,4.0,Graduate,No,4800000,0.0,4800000.0,14000000.0,24.0,,695.0,,11300000.0,1700000.0,15400000.0,4600000.0,33000000.0,2.9166666666666665,6.875,0.42424242424242425,1
,,1.0,Not Graduate,Yes,300000,0.0,300000.0,1200000.0,48.0,,355.0,,700000.0,300000.0,800000.0,200000.0,2000000.0,4.0,6.666666666666667,0.6,1
,,1.0,Not Graduate,Yes,4300000,0.0,4300000.0,14100000.0,144.0,,525.0,,2100000.0,1100000.0,14100000.0,5500000.0,22800000.0,3.2790697674418605,5.3023255813953485,0.618421052631579,0
,,5.0,Not Graduate,No,700000,0.0,700000.0,2400000.0,240.0,,330.0,,1300000.0,700000.0,2500000.0,500000.0,5000000.0,3.4285714285714284,7.142857142857143,0.48,0
,,5.0,Graduate,No,9400000,0.0,9400000.0,25800000.0,168.0,,625.0,,28200000.0,15400000.0,30800000.0,11100000.0,85500000.0,2.74468085106383,9.095744680851064,0.3017543859649123,1
,,3.0,Not Graduate,Yes,800000,0.0,800000.0,2900000.0,120.0,,644.0,,600000.0,500000.0,2900000.0,400000.0,4400000.0,3.625,5.5,0.6590909090909091,1
,,5.0,Not Graduate,No,4400000,0.0,4400000.0,14900000.0,48.0,,865.0,,8200000.0,6200000.0,14900000.0,3500000.0,32800000.0,3.3863636363636362,7.454545454545454,0.45426829268292684,1
,,1.0,Graduate,Yes,4700000,0.0,4700000.0,14800000.0,72.0,,661.0,,8500000.0,6000000.0,13600000.0,6400000.0,34500000.0,3.148936170212766,7.340425531914893,0.4289855072463768,1
,,2.0,Not Graduate,No,2300000,0.0,2300000.0,5000000.0,96.0,,884.0,,1400000.0,1700000.0,6100000.0,1500000.0,10700000.0,2.1739130434782608,4.6521739130434785,0.4672897196261682,1
,,5.0,Graduate,Yes,8500000,0.0,8500000.0,26700000.0,120.0,,803.0,,500000.0,16600000.0,24400000.0,9600000.0,51100000.0,3.1411764705882352,6.011764705882353,0.5225048923679061,1
,,2.0,Graduate,No,7600000,0.0,7600000.0,28300000.0,144.0,,800.0,,19700000.0,14800000.0,15600000.0,7800000.0,57900000.0,3.723684210526316,7.618421052631579,0.48877374784110533,1
,,2.0,Graduate,No,3200000,0.0,3200000.0,12600000.0,216.0,,796.0,,6200000.0,3500000.0,9600000.0,2000000.0,21300000.0,3.9375,6.65625,0.5915492957746479,1
,,4.0,Not Graduate,No,2400000,0.0,2400000.0,5000000.0,48.0,,716.0,,1500000.0,2800000.0,6900000.0,1400000.0,12600000.0,2.0833333333333335,5.25,0.3968253968253968,1
,,0.0,Graduate,Yes,500000,0.0,500000.0,1100000.0,216.0,,479.0,,1500000.0,500000.0,1800000.0,600000.0,4400000.0,2.2,8.8,0.25,0
,,3.0,Not Graduate,Yes,8500000,0.0,8500000.0,28300000.0,24.0,,810.0,,25200000.0,4300000.0,18500000.0,10700000.0,58700000.0,3.3294117647058825,6.905882352941177,0.48211243611584326,1
,,0.0,Graduate,Yes,8900000,0.0,8900000.0,20900000.0,216.0,,568.0,,18800000.0,700000.0,32700000.0,5300000.0,57500000.0,2.348314606741573,6.46067415730337,0.3634782608695652,1
,,0.0,Graduate,No,2800000,0.0,2800000.0,5600000.0,96.0,,842.0,,0.0,1300000.0,6100000.0,1900000.0,9300000.0,2.0,3.3214285714285716,0.6021505376344086,1
,,3.0,Not Graduate,Yes,2900000,0.0,2900000.0,7000000.0,48.0,,806.0,,5700000.0,5600000.0,5900000.0,3000000.0,20200000.0,2.413793103448276,6.9655172413793105,0.3465346534653465,1
,,1.0,Graduate,Yes,4900000,0.0,4900000.0,17700000.0,96.0,,722.0,,9200000.0,7300000.0,16400000.0,3000000.0,35900000.0,3.6122448979591835,7.326530612244898,0.49303621169916434,1
,,5.0,Not Graduate,No,9600000,0.0,9600000.0,20700000.0,168.0,,442.0,,25800000.0,9800000.0,31800000.0,8200000.0,75600000.0,2.15625,7.875,0.27380952380952384,0
,,3.0,Graduate,Yes,3300000,0.0,3300000.0,9800000.0,72.0,,360.0,,4500000.0,600000.0,11000000.0,4400000.0,20500000.0,2.9696969696969697,6.212121212121212,0.47804878048780486,0
,,3.0,Not Graduate,No,2800000,0.0,2800000.0,5900000.0,48.0,,461.0,,1600000.0,400000.0,8900000.0,2800000.0,13700000.0,2.107142857142857,4.892857142857143,0.4306569343065693,0
,,2.0,Graduate,No,7800000,0.0,7800000.0,22200000.0,120.0,,735.0,,9700000.0,4600000.0,23000000.0,6900000.0,44200000.0,2.8461538461538463,5.666666666666667,0.502262443438914,1
,,4.0,Graduate,Yes,2500000,0.0,2500000.0,8400000.0,144.0,,761.0,,6300000.0,1300000.0,8400000.0,1600000.0,17600000.0,3.36,7.04,0.4772727272727273,1
,,0.0,Graduate,No,4400000,0.0,4400000.0,10600000.0,240.0,,653.0,,6800000.0,4600000.0,16800000.0,5400000.0,33600000.0,2.409090909090909,7.636363636363637,0.31547619047619047,1
,,0.0,Not Graduate,No,7900000,0.0,7900000.0,30800000.0,48.0,,726.0,,5000000.0,14600000.0,23800000.0,5500000.0,48900000.0,3.8987341772151898,6.189873417721519,0.6298568507157464,1
,,1.0,Graduate,No,8900000,0.0,8900000.0,22600000.0,216.0,,617.0,,8400000.0,15500000.0,27900000.0,11700000.0,63500000.0,2.539325842696629,7.134831460674158,0.35590551181102364,1
,,0.0,Graduate,No,5600000,0.0,5600000.0,13400000.0,24.0,,460.0,,3400000.0,4100000.0,14800000.0,4100000.0,26400000.0,2.392857142857143,4.714285714285714,0.5075757575757576,0
,,1.0,Not Graduate,No,1400000,0.0,1400000.0,3300000.0,96.0,,306.0,,3200000.0,800000.0,2700000.0,800000.0,7500000.0,2.357142857142857,5.357142857142857,0.44,0
,,5.0,Graduate,Yes,500000,0.0,500000.0,1400000.0,48.0,,471.0,,500000.0,100000.0,1300000.0,300000.0,2200000.0,2.8,4.4,0.6363636363636364,0
,,1.0,Graduate,Yes,5100000,0.0,5100000.0,15300000.0,48.0,,628.0,,6900000.0,3300000.0,17600000.0,2700000.0,30500000.0,3.0,5.980392156862745,0.5016393442622951,1
,,3.0,Graduate,No,9800000,0.0,9800000.0,25600000.0,120.0,,404.0,,24400000.0,6700000.0,37000000.0,11500000.0,79600000.0,2.6122448979591835,8.122448979591837,0.32160804020100503,0
,,2.0,Graduate,Yes,8600000,0.0,8600000.0,21600000.0,192.0,,804.0,,15400000.0,300000.0,26800000.0,7100000.0,49600000.0,2.511627906976744,5.767441860465116,0.43548387096774194,1
,,3.0,Not Graduate,No,1600000,0.0,1600000.0,3900000.0,240.0,,804.0,,900000.0,2500000.0,3200000.0,800000.0,7400000.0,2.4375,4.625,0.527027027027027,1
,,1.0,Not Graduate,Yes,2500000,0.0,2500000.0,6700000.0,24.0,,502.0,,3400000.0,2600000.0,9400000.0,1400000.0,16800000.0,2.68,6.72,0.39880952380952384,0
,,0.0,Graduate,No,9500000,0.0,9500000.0,22600000.0,72.0,,861.0,,24700000.0,13200000.0,29000000.0,5600000.0,72500000.0,2.3789473684210525,7.631578947368421,0.3117241379310345,1
,,2.0,Not Graduate,Yes,3000000,0.0,3000000.0,7800000.0,168.0,,555.0,,6600000.0,2700000.0,9600000.0,1700000.0,20600000.0,2.6,6.866666666666666,0.3786407766990291,1
,,0.0,Not Graduate,No,5100000,0.0,5100000.0,13600000.0,216.0,,351.0,,1700000.0,3700000.0,14400000.0,7600000.0,27400000.0,2.6666666666666665,5.372549019607843,0.49635036496350365,0
,,2.0,Not Graduate,Yes,7600000,0.0,7600000.0,23600000.0,72.0,,358.0,,20200000.0,2900000.0,22100000.0,10900000.0,56100000.0,3.1052631578947367,7.381578947368421,0.4206773618538324,0
,,5.0,Graduate,No,8800000,0.0,8800000.0,18800000.0,168.0,,836.0,,17300000.0,10100000.0,32700000.0,5400000.0,65500000.0,2.1363636363636362,7.443181818181818,0.2870229007633588,1
,,4.0,Not Graduate,Yes,1100000,0.0,1100000.0,2900000.0,48.0,,554.0,,2800000.0,1000000.0,4100000.0,1600000.0,9500000.0,2.6363636363636362,8.636363636363637,0.30526315789473685,1
,,3.0,Graduate,No,8700000,0.0,8700000.0,30500000.0,24.0,,443.0,,11800000.0,1800000.0,24600000.0,8100000.0,46300000.0,3.5057471264367814,5.32183908045977,0.6587473002159827,1
,,5.0,Not Graduate,No,6100000,0.0,6100000.0,23600000.0,48.0,,725.0,,17400000.0,5100000.0,15600000.0,4800000.0,42900000.0,3.8688524590163933,7.032786885245901,0.5501165501165501,1
,,2.0,Not Graduate,Yes,1900000,0.0,1900000.0,7000000.0,168.0,,818.0,,4800000.0,3500000.0,4500000.0,2100000.0,14900000.0,3.6842105263157894,7.842105263157895,0.4697986577181208,1
,,1.0,Not Graduate,No,9900000,0.0,9900000.0,38700000.0,72.0,,670.0,,19400000.0,12600000.0,35800000.0,6500000.0,74300000.0,3.909090909090909,7.505050505050505,0.5208613728129206,1
,,0.0,Graduate,No,5800000,0.0,5800000.0,21100000.0,72.0,,414.0,,7900000.0,2400000.0,16000000.0,5600000.0,31900000.0,3.6379310344827585,5.5,0.6614420062695925,0
,,2.0,Not Graduate,Yes,9500000,0.0,9500000.0,37000000.0,96.0,,887.0,,21800000.0,18300000.0,19200000.0,11700000.0,71000000.0,3.8947368421052633,7.473684210526316,0.5211267605633803,1
,,3.0,Graduate,Yes,7900000,0.0,7900000.0,26600000.0,144.0,,409.0,,17100000.0,1400000.0,22500000.0,8700000.0,49700000.0,3.367088607594937,6.291139240506329,0.5352112676056338,0
,,1.0,Not Graduate,Yes,1300000,0.0,1300000.0,4500000.0,168.0,,679.0,,2700000.0,2100000.0,3700000.0,1600000.0,10100000.0,3.4615384615384617,7.769230769230769,0.44554455445544555,1
,,4.0,Graduate,Yes,700000,0.0,700000.0,2600000.0,216.0,,478.0,,600000.0,600000.0,2100000.0,300000.0,3600000.0,3.7142857142857144,5.142857142857143,0.7222222222222222,0
,,3.0,Graduate,No,600000,0.0,600000.0,1200000.0,24.0,,752.0,,1100000.0,500000.0,2300000.0,700000.0,4600000.0,2.0,7.666666666666667,0.2608695652173913,1
,,0.0,Graduate,No,9400000,0.0,9400000.0,33000000.0,48.0,,616.0,,15400000.0,5000000.0,25100000.0,7800000.0,53300000.0,3.5106382978723403,5.670212765957447,0.6191369606003753,1
,,2.0,Not Graduate,Yes,3800000,0.0,3800000.0,12500000.0,168.0,,842.0,,3700000.0,6700000.0,14600000.0,5300000.0,30300000.0,3.289473684210526,7.973684210526316,0.41254125412541254,1
,,3.0,Graduate,Yes,7800000,0.0,7800000.0,26300000.0,240.0,,840.0,,1200000.0,11300000.0,24100000.0,5300000.0,41900000.0,3.371794871794872,5.371794871794871,0.6276849642004774,1
,,3.0,Graduate,Yes,7800000,0.0,7800000.0,27700000.0,72.0,,430.0,,2000000.0,8000000.0,26100000.0,5300000.0,41400000.0,3.551282051282051,5.3076923076923075,0.6690821256038647,0
,,4.0,Not Graduate,No,2700000,0.0,2700000.0,7000000.0,48.0,,351.0,,1100000.0,2300000.0,8300000.0,2700000.0,14400000.0,2.5925925925925926,5.333333333333333,0.4861111111111111,0
,,5.0,Not Graduate,No,600000,0.0,600000.0,2300000.0,48.0,,347.0,,0.0,0.0,1900000.0,200000.0,2100000.0,3.8333333333333335,3.5,1.0952380952380953,0
,,3.0,Not Graduate,Yes,8000000,0.0,8000000.0,28800000.0,120.0,,576.0,,18800000.0,7500000.0,16300000.0,11900000.0,54500000.0,3.6,6.8125,0.5284403669724771,1
,,0.0,Not Graduate,Yes,4000000,0.0,4000000.0,11000000.0,96.0,,799.0,,4400000.0,6100000.0,14700000.0,4200000.0,29400000.0,2.75,7.35,0.3741496598639456,1
,,1.0,Not Graduate,Yes,3300000,0.0,3300000.0,10800000.0,24.0,,550.0,,6000000.0,3800000.0,11000000.0,4700000.0,25500000.0,3.272727272727273,7.7272727272727275,0.4235294117647059,1
,,2.0,Graduate,No,5800000,0.0,5800000.0,13300000.0,48.0,,878.0,,8400000.0,5400000.0,18600000.0,4500000.0,36900000.0,2.293103448275862,6.362068965517241,0.3604336043360434,1
,,3.0,Graduate,Yes,2400000,0.0,2400000.0,4800000.0,144.0,,895.0,,6800000.0,300000.0,7300000.0,3300000.0,17700000.0,2.0,7.375,0.2711864406779661,1
,,4.0,Not Graduate,No,7600000,0.0,7600000.0,29700000.0,72.0,,603.0,,3200000.0,2900000.0,27800000.0,11000000.0,44900000.0,3.9078947368421053,5.907894736842105,0.6614699331848553,1
,,2.0,Not Graduate,Yes,2500000,0.0,2500000.0,6900000.0,144.0,,325.0,,5800000.0,1600000.0,6400000.0,3600000.0,17400000.0,2.76,6.96,0.39655172413793105,0
,,2.0,Graduate,No,3300000,0.0,3300000.0,11800000.0,48.0,,393.0,,5700000.0,3700000.0,6800000.0,2600000.0,18800000.0,3.5757575757575757,5.696969696969697,0.6276595744680851,1
,,3.0,Graduate,No,9800000,0.0,9800000.0,30300000.0,24.0,,612.0,,10700000.0,4600000.0,32100000.0,5600000.0,53000000.0,3.0918367346938775,5.408163265306122,0.5716981132075472,1
,,0.0,Graduate,Yes,1000000,0.0,1000000.0,3800000.0,96.0,,553.0,,2500000.0,1000000.0,2100000.0,1300000.0,6900000.0,3.8,6.9,0.5507246376811594,1
,,0.0,Not Graduate,Yes,2500000,0.0,2500000.0,8800000.0,168.0,,389.0,,7300000.0,1400000.0,8500000.0,3600000.0,20800000.0,3.52,8.32,0.4230769230769231,0
,,0.0,Graduate,No,1900000,0.0,1900000.0,6800000.0,48.0,,782.0,,100000.0,3400000.0,4900000.0,2400000.0,10800000.0,3.5789473684210527,5.684210526315789,0.6296296296296297,1
,,3.0,Graduate,No,3100000,0.0,3100000.0,8500000.0,144.0,,493.0,,8700000.0,5100000.0,12000000.0,2000000.0,27800000.0,2.7419354838709675,8.96774193548387,0.3057553956834532,0
,,5.0,Graduate,Yes,6000000,0.0,6000000.0,11900000.0,24.0,,629.0,,2500000.0,0.0,19200000.0,4200000.0,25900000.0,1.9833333333333334,4.316666666666666,0.4594594594594595,1
,,5.0,Not Graduate,No,6500000,0.0,6500000.0,21600000.0,120.0,,419.0,,1600000.0,10900000.0,22300000.0,6600000.0,41400000.0,3.3230769230769233,6.369230769230769,0.5217391304347826,0
,,2.0,Not Graduate,Yes,5900000,0.0,5900000.0,15800000.0,24.0,,444.0,,14300000.0,4300000.0,20300000.0,5500000.0,44400000.0,2.6779661016949152,7.52542372881356,0.35585585585585583,0
,,5.0,Not Graduate,Yes,6500000,0.0,6500000.0,15800000.0,192.0,,301.0,,9200000.0,9900000.0,17400000.0,7100000.0,43600000.0,2.4307692307692306,6.707692307692308,0.3623853211009174,0
,,0.0,Graduate,Yes,3800000,0.0,3800000.0,11200000.0,240.0,,479.0,,1100000.0,6400000.0,12000000.0,5400000.0,24900000.0,2.9473684210526314,6.552631578947368,0.4497991967871486,0
,,3.0,Not Graduate,Yes,3000000,0.0,3000000.0,11400000.0,120.0,,424.0,,1800000.0,4200000.0,10900000.0,1500000.0,18400000.0,3.8,6.133333333333334,0.6195652173913043,0
,,0.0,Graduate,No,4300000,0.0,4300000.0,16900000.0,216.0,,469.0,,200000.0,5800000.0,12000000.0,6200000.0,24200000.0,3.9302325581395348,5.627906976744186,0.6983471074380165,0
,,4.0,Not Graduate,Yes,3500000,0.0,3500000.0,8300000.0,24.0,,897.0,,7900000.0,5500000.0,12600000.0,1800000.0,27800000.0,2.3714285714285714,7.942857142857143,0.29856115107913667,1
,,3.0,Not Graduate,No,300000,0.0,300000.0,500000.0,24.0,,477.0,,700000.0,200000.0,800000.0,400000.0,2100000.0,1.6666666666666667,7.0,0.23809523809523808,0
,,3.0,Not Graduate,Yes,600000,0.0,600000.0,1400000.0,192.0,,509.0,,600000.0,300000.0,2400000.0,900000.0,4200000.0,2.3333333333333335,7.0,0.3333333333333333,0
,,0.0,Graduate,Yes,800000,0.0,800000.0,1700000.0,48.0,,752.0,,2300000.0,1100000.0,3200000.0,400000.0,7000000.0,2.125,8.75,0.24285714285714285,1
,,0.0,Not Graduate,Yes,5600000,0.0,5600000.0,19100000.0,168.0,,875.0,,16700000.0,4700000.0,15100000.0,7700000.0,44200000.0,3.4107142857142856,7.892857142857143,0.4321266968325792,1
,,2.0,Not Graduate,Yes,1800000,0.0,1800000.0,3600000.0,48.0,,343.0,,3400000.0,1100000.0,6200000.0,1500000.0,12200000.0,2.0,6.777777777777778,0.29508196721311475,0
,,0.0,Graduate,No,6800000,0.0,6800000.0,20800000.0,240.0,,819.0,,16500000.0,11900000.0,26700000.0,8000000.0,63100000.0,3.0588235294117645,9.279411764705882,0.329635499207607,1
,,2.0,Graduate,Yes,4200000,0.0,4200000.0,16800000.0,24.0,,433.0,,3300000.0,0.0,14100000.0,3700000.0,21100000.0,4.0,5.023809523809524,0.7962085308056872,1
,,1.0,Not Graduate,Yes,200000,0.0,200000.0,400000.0,72.0,,768.0,,300000.0,100000.0,600000.0,0.0,1000000.0,2.0,5.0,0.4,1
,,2.0,Graduate,Yes,8500000,0.0,8500000.0,31800000.0,72.0,,714.0,,17000000.0,900000.0,26600000.0,5600000.0,50100000.0,3.7411764705882353,5.894117647058824,0.6347305389221557,1
,,2.0,Not Graduate,Yes,2800000,0.0,2800000.0,10100000.0,192.0,,531.0,,2900000.0,2900000.0,7200000.0,4100000.0,17100000.0,3.607142857142857,6.107142857142857,0.5906432748538012,0
,,0.0,Graduate,Yes,3600000,0.0,3600000.0,8600000.0,72.0,,529.0,,3500000.0,3300000.0,11300000.0,5200000.0,23300000.0,2.388888888888889,6.472222222222222,0.36909871244635195,0
,,1.0,Not Graduate,No,6200000,0.0,6200000.0,19500000.0,240.0,,448.0,,3300000.0,7100000.0,22400000.0,8000000.0,40800000.0,3.1451612903225805,6.580645161290323,0.47794117647058826,0
,,1.0,Graduate,No,2700000,0.0,2700000.0,10000000.0,24.0,,584.0,,6500000.0,2700000.0,7700000.0,3400000.0,20300000.0,3.7037037037037037,7.518518518518518,0.49261083743842365,1
,,1.0,Graduate,No,6800000,0.0,6800000.0,22900000.0,48.0,,501.0,,3900000.0,9400000.0,17300000.0,4400000.0,35000000.0,3.3676470588235294,5.147058823529412,0.6542857142857142,1
,,2.0,Not Graduate,No,6300000,0.0,6300000.0,24500000.0,216.0,,848.0,,10200000.0,3500000.0,18200000.0,8200000.0,40100000.0,3.888888888888889,6.365079365079365,0.6109725685785536,1
,,4.0,Not Graduate,No,8800000,0.0,8800000.0,19100000.0,72.0,,586.0,,17600000.0,8800000.0,20600000.0,12400000.0,59400000.0,2.1704545454545454,6.75,0.32154882154882153,1
,,1.0,Graduate,No,5900000,0.0,5900000.0,13000000.0,24.0,,386.0,,16300000.0,5000000.0,12000000.0,3800000.0,37100000.0,2.2033898305084745,6.288135593220339,0.3504043126684636,0
,,5.0,Not Graduate,Yes,9800000,0.0,9800000.0,37900000.0,216.0,,301.0,,6700000.0,4900000.0,34300000.0,6200000.0,52100000.0,3.86734693877551,5.316326530612245,0.727447216890595,0
,,2.0,Graduate,No,3300000,0.0,3300000.0,8300000.0,72.0,,653.0,,4700000.0,3100000.0,8300000.0,4600000.0,20700000.0,2.515151515151515,6.2727272727272725,0.40096618357487923,1
,,4.0,Graduate,Yes,300000,0.0,300000.0,500000.0,168.0,,448.0,,700000.0,100000.0,800000.0,100000.0,1700000.0,1.6666666666666667,5.666666666666667,0.29411764705882354,0
,,1.0,Not Graduate,Yes,4800000,0.0,4800000.0,11600000.0,192.0,,696.0,,1400000.0,9400000.0,11800000.0,6500000.0,29100000.0,2.4166666666666665,6.0625,0.39862542955326463,1
,,1.0,Graduate,No,7500000,0.0,7500000.0,28300000.0,192.0,,707.0,,9700000.0,1100000.0,16300000.0,6700000.0,33800000.0,3.7733333333333334,4.506666666666667,0.8372781065088757,1
,,2.0,Not Graduate,No,8600000,0.0,8600000.0,21700000.0,48.0,,429.0,,5500000.0,10800000.0,30900000.0,6000000.0,53200000.0,2.5232558139534884,6.186046511627907,0.40789473684210525,0
,,4.0,Not Graduate,No,8900000,0.0,8900000.0,21100000.0,72.0,,631.0,,4200000.0,200000.0,25800000.0,6200000.0,36400000.0,2.3707865168539324,4.089887640449438,0.5796703296703297,1
,,5.0,Not Graduate,Yes,9600000,0.0,9600000.0,29600000.0,48.0,,446.0,,22900000.0,3500000.0,36600000.0,13200000.0,76200000.0,3.0833333333333335,7.9375,0.3884514435695538,1
,,0.0,Graduate,Yes,7700000,0.0,7700000.0,18100000.0,216.0,,705.0,,6100000.0,5100000.0,23800000.0,6300000.0,41300000.0,2.3506493506493507,5.363636363636363,0.43825665859564167,1
,,3.0,Not Graduate,Yes,7000000,0.0,7000000.0,15200000.0,24.0,,709.0,,10300000.0,12500000.0,20700000.0,4000000.0,47500000.0,2.1714285714285713,6.785714285714286,0.32,1
,,4.0,Not Graduate,Yes,7800000,0.0,7800000.0,19500000.0,168.0,,739.0,,1900000.0,9000000.0,20400000.0,4400000.0,35700000.0,2.5,4.576923076923077,0.5462184873949579,1
,,3.0,Graduate,No,5100000,0.0,5100000.0,11000000.0,72.0,,336.0,,0.0,5800000.0,11600000.0,7500000.0,24900000.0,2.156862745098039,4.882352941176471,0.44176706827309237,0
,,4.0,Graduate,No,9400000,0.0,9400000.0,32600000.0,48.0,,898.0,,18200000.0,4000000.0,22000000.0,10200000.0,54400000.0,3.4680851063829787,5.787234042553192,0.5992647058823529,1
,,4.0,Not Graduate,Yes,600000,0.0,600000.0,2100000.0,72.0,,558.0,,1300000.0,1000000.0,2200000.0,300000.0,4800000.0,3.5,8.0,0.4375,1
,,3.0,Graduate,No,5100000,0.0,5100000.0,13300000.0,48.0,,589.0,,11200000.0,2700000.0,20200000.0,6100000.0,40200000.0,2.607843137254902,7.882352941176471,0.3308457711442786,1
,,2.0,Graduate,Yes,3800000,0.0,3800000.0,14400000.0,24.0,,301.0,,2300000.0,1400000.0,7600000.0,2400000.0,13700000.0,3.789473684210526,3.6052631578947367,1.051094890510949,0
,,2.0,Not Graduate,Yes,5300000,0.0,5300000.0,21200000.0,168.0,,516.0,,2200000.0,5000000.0,20900000.0,7700000.0,35800000.0,4.0,6.754716981132075,0.5921787709497207,0
,,5.0,Not Graduate,No,1100000,0.0,1100000.0,3600000.0,144.0,,315.0,,1300000.0,700000.0,3100000.0,1400000.0,6500000.0,3.272727272727273,5.909090909090909,0.5538461538461539,0
,,3.0,Not Graduate,No,6400000,0.0,6400000.0,14400000.0,120.0,,546.0,,10600000.0,10000000.0,21200000.0,5100000.0,46900000.0,2.25,7.328125,0.3070362473347548,0
,,0.0,Not Graduate,Yes,5100000,0.0,5100000.0,14500000.0,168.0,,559.0,,11000000.0,1100000.0,12300000.0,6000000.0,30400000.0,2.843137254901961,5.96078431372549,0.4769736842105263,1
,,3.0,Graduate,Yes,5300000,0.0,5300000.0,16900000.0,24.0,,350.0,,15800000.0,3100000.0,14300000.0,6800000.0,40000000.0,3.188679245283019,7.547169811320755,0.4225,1
,,1.0,Graduate,No,6700000,0.0,6700000.0,18700000.0,96.0,,583.0,,9300000.0,4100000.0,17100000.0,6900000.0,37400000.0,2.791044776119403,5.582089552238806,0.5,1
,,2.0,Not Graduate,No,4000000,0.0,4000000.0,9400000.0,96.0,,874.0,,4400000.0,3700000.0,10200000.0,4800000.0,23100000.0,2.35,5.775,0.4069264069264069,1
,,2.0,Not Graduate,Yes,3900000,0.0,3900000.0,11600000.0,96.0,,808.0,,5800000.0,3100000.0,12900000.0,5000000.0,26800000.0,2.9743589743589745,6.871794871794871,0.43283582089552236,1
,,1.0,Graduate,Yes,1600000,0.0,1600000.0,4900000.0,192.0,,487.0,,4300000.0,1100000.0,3900000.0,2000000.0,11300000.0,3.0625,7.0625,0.4336283185840708,0
,,3.0,Graduate,No,2700000,0.0,2700000.0,7800000.0,168.0,,870.0,,5400000.0,5300000.0,5700000.0,2100000.0,18500000.0,2.888888888888889,6.851851851851852,0.42162162162162165,1
,,3.0,Graduate,No,1400000,0.0,1400000.0,3800000.0,96.0,,840.0,,1700000.0,200000.0,5300000.0,1500000.0,8700000.0,2.7142857142857144,6.214285714285714,0.4367816091954023,1
,,4.0,Not Graduate,Yes,8000000,0.0,8000000.0,19200000.0,216.0,,682.0,,2500000.0,8900000.0,19000000.0,5300000.0,35700000.0,2.4,4.4625,0.5378151260504201,1
,,3.0,Graduate,Yes,8200000,0.0,8200000.0,28900000.0,120.0,,668.0,,23800000.0,4500000.0,28700000.0,10900000.0,67900000.0,3.524390243902439,8.28048780487805,0.4256259204712813,1
,,5.0,Graduate,Yes,4800000,0.0,4800000.0,10300000.0,96.0,,781.0,,4800000.0,6800000.0,11100000.0,4300000.0,27000000.0,2.1458333333333335,5.625,0.3814814814814815,1
,,4.0,Graduate,No,8100000,0.0,8100000.0,19000000.0,72.0,,375.0,,4100000.0,14500000.0,19100000.0,11900000.0,49600000.0,2.345679012345679,6.1234567901234565,0.38306451612903225,0
,,4.0,Not Graduate,No,5900000,0.0,5900000.0,14900000.0,168.0,,857.0,,2600000.0,9500000.0,16000000.0,3500000.0,31600000.0,2.5254237288135593,5.3559322033898304,0.47151898734177217,1
,,5.0,Graduate,Yes,8100000,0.0,8100000.0,32100000.0,72.0,,823.0,,18200000.0,1800000.0,24100000.0,6500000.0,50600000.0,3.962962962962963,6.246913580246914,0.6343873517786561,1
,,0.0,Graduate,No,1400000,0.0,1400000.0,5000000.0,96.0,,686.0,,1800000.0,1900000.0,3200000.0,1500000.0,8400000.0,3.5714285714285716,6.0,0.5952380952380952,1
,,1.0,Graduate,No,1600000,0.0,1600000.0,6300000.0,24.0,,721.0,,3000000.0,600000.0,5200000.0,900000.0,9700000.0,3.9375,6.0625,0.6494845360824743,1
,,4.0,Graduate,No,4600000,0.0,4600000.0,9400000.0,216.0,,545.0,,800000.0,2400000.0,11500000.0,6300000.0,21000000.0,2.0434782608695654,4.565217391304348,0.44761904761904764,0
,,1.0,Not Graduate,No,2900000,0.0,2900000.0,8900000.0,72.0,,523.0,,900000.0,5600000.0,9700000.0,1800000.0,18000000.0,3.0689655172413794,6.206896551724138,0.49444444444444446,0
,,2.0,Graduate,Yes,8600000,0.0,8600000.0,24900000.0,240.0,,607.0,,13600000.0,7600000.0,31800000.0,5400000.0,58400000.0,2.895348837209302,6.790697674418604,0.4263698630136986,1
,,4.0,Not Graduate,No,3800000,0.0,3800000.0,14900000.0,240.0,,428.0,,6500000.0,3500000.0,12200000.0,2500000.0,24700000.0,3.9210526315789473,6.5,0.6032388663967612,0
,,0.0,Not Graduate,No,8200000,0.0,8200000.0,20300000.0,48.0,,666.0,,13100000.0,10200000.0,25900000.0,7800000.0,57000000.0,2.475609756097561,6.951219512195122,0.356140350877193,1
,,3.0,Graduate,No,3200000,0.0,3200000.0,10100000.0,240.0,,704.0,,3400000.0,4800000.0,9000000.0,3900000.0,21100000.0,3.15625,6.59375,0.4786729857819905,1
,,0.0,Not Graduate,Yes,8100000,0.0,8100000.0,23800000.0,120.0,,794.0,,5400000.0,15500000.0,20700000.0,8800000.0,50400000.0,2.9382716049382718,6.222222222222222,0.4722222222222222,1
,,1.0,Graduate,Yes,9800000,0.0,9800000.0,23300000.0,144.0,,430.0,,3200000.0,12600000.0,30500000.0,13900000.0,60200000.0,2.377551020408163,6.142857142857143,0.38704318936877075,0
,,0.0,Not Graduate,No,200000,0.0,200000.0,500000.0,240.0,,615.0,,500000.0,200000.0,600000.0,200000.0,1500000.0,2.5,7.5,0.3333333333333333,1
,,0.0,Not Graduate,No,6600000,0.0,6600000.0,14100000.0,240.0,,360.0,,6800000.0,5100000.0,25400000.0,7800000.0,45100000.0,2.1363636363636362,6.833333333333333,0.31263858093126384,0
,,0.0,Not Graduate,No,9100000,0.0,9100000.0,18300000.0,168.0,,458.0,,6100000.0,9200000.0,34100000.0,10000000.0,59400000.0,2.010989010989011,6.527472527472527,0.30808080808080807,0
,,2.0,Not Graduate,No,5500000,0.0,5500000.0,20400000.0,144.0,,887.0,,8800000.0,9400000.0,12300000.0,3300000.0,33800000.0,3.709090909090909,6.1454545454545455,0.6035502958579881,1
,,4.0,Not Graduate,No,7200000,0.0,7200000.0,27400000.0,96.0,,735.0,,14100000.0,14200000.0,19400000.0,9500000.0,57200000.0,3.8055555555555554,7.944444444444445,0.479020979020979,1
,,1.0,Not Graduate,No,2400000,0.0,2400000.0,5600000.0,192.0,,379.0,,3700000.0,600000.0,7200000.0,3400000.0,14900000.0,2.3333333333333335,6.208333333333333,0.37583892617449666,0
,,4.0,Graduate,No,9600000,0.0,9600000.0,25500000.0,240.0,,544.0,,4000000.0,11400000.0,23800000.0,11100000.0,50300000.0,2.65625,5.239583333333333,0.5069582504970179,0
,,1.0,Graduate,Yes,5800000,0.0,5800000.0,16700000.0,144.0,,721.0,,1100000.0,9700000.0,17200000.0,7500000.0,35500000.0,2.8793103448275863,6.120689655172414,0.4704225352112676,1
,,4.0,Not Graduate,No,2300000,0.0,2300000.0,6000000.0,96.0,,676.0,,6000000.0,400000.0,4800000.0,2200000.0,13400000.0,2.608695652173913,5.826086956521739,0.44776119402985076,1
,,1.0,Not Graduate,No,300000,0.0,300000.0,1200000.0,48.0,,342.0,,800000.0,100000.0,1100000.0,200000.0,2200000.0,4.0,7.333333333333333,0.5454545454545454,1
,,0.0,Not Graduate,No,9900000,0.0,9900000.0,27000000.0,192.0,,566.0,,3500000.0,17300000.0,36900000.0,11500000.0,69200000.0,2.727272727272727,6.98989898989899,0.3901734104046243,1
,,2.0,Not Graduate,No,3500000,0.0,3500000.0,14000000.0,24.0,,355.0,,8700000.0,1600000.0,11800000.0,2900000.0,25000000.0,4.0,7.142857142857143,0.56,1
,,2.0,Graduate,No,4800000,0.0,4800000.0,18500000.0,240.0,,605.0,,5700000.0,5500000.0,14700000.0,5800000.0,31700000.0,3.8541666666666665,6.604166666666667,0.583596214511041,1
,,2.0,Not Graduate,No,1600000,0.0,1600000.0,5200000.0,192.0,,525.0,,300000.0,2900000.0,5600000.0,1600000.0,10400000.0,3.25,6.5,0.5,0
,,5.0,Graduate,Yes,800000,0.0,800000.0,2500000.0,144.0,,403.0,,500000.0,0.0,3200000.0,800000.0,4500000.0,3.125,5.625,0.5555555555555556,0
,,1.0,Graduate,Yes,9000000,0.0,9000000.0,33500000.0,216.0,,727.0,,18800000.0,10500000.0,28100000.0,5300000.0,62700000.0,3.7222222222222223,6.966666666666667,0.5342902711323764,1
,,1.0,Graduate,No,8300000,0.0,8300000.0,28900000.0,144.0,,529.0,,18300000.0,3900000.0,32500000.0,5800000.0,60500000.0,3.4819277108433737,7.289156626506024,0.47768595041322315,0
,,4.0,Graduate,No,2800000,0.0,2800000.0,6100000.0,216.0,,415.0,,2200000.0,4200000.0,8400000.0,2000000.0,16800000.0,2.1785714285714284,6.0,0.3630952380952381,0
,,1.0,Graduate,Yes,6400000,0.0,6400000.0,17300000.0,120.0,,879.0,,10000000.0,1100000.0,15400000.0,8200000.0,34700000.0,2.703125,5.421875,0.49855907780979825,1
,,2.0,Not Graduate,Yes,6000000,0.0,6000000.0,12600000.0,192.0,,649.0,,4800000.0,5300000.0,23900000.0,5100000.0,39100000.0,2.1,6.516666666666667,0.32225063938618925,1
,,0.0,Graduate,No,2900000,0.0,2900000.0,9800000.0,192.0,,395.0,,5400000.0,4300000.0,8600000.0,2400000.0,20700000.0,3.3793103448275863,7.137931034482759,0.47342995169082125,0
,,0.0,Graduate,No,6500000,0.0,6500000.0,24100000.0,240.0,,488.0,,3300000.0,6000000.0,22900000.0,9700000.0,41900000.0,3.707692307692308,6.446153846153846,0.5751789976133651,0
,,1.0,Graduate,Yes,200000,0.0,200000.0,400000.0,96.0,,569.0,,200000.0,200000.0,700000.0,300000.0,1400000.0,2.0,7.0,0.2857142857142857,1
,,1.0,Not Graduate,No,8400000,0.0,8400000.0,24600000.0,168.0,,817.0,,1800000.0,13100000.0,31300000.0,8200000.0,54400000.0,2.9285714285714284,6.476190476190476,0.4522058823529412,1
,,1.0,Graduate,Yes,6100000,0.0,6100000.0,17800000.0,240.0,,706.0,,16000000.0,10900000.0,16900000.0,4300000.0,48100000.0,2.918032786885246,7.885245901639344,0.3700623700623701,1
,,2.0,Graduate,Yes,8000000,0.0,8000000.0,31200000.0,96.0,,553.0,,6800000.0,3500000.0,21000000.0,10300000.0,41600000.0,3.9,5.2,0.75,1
,,5.0,Not Graduate,Yes,900000,0.0,900000.0,1800000.0,168.0,,464.0,,2300000.0,300000.0,1800000.0,700000.0,5100000.0,2.0,5.666666666666667,0.35294117647058826,0
,,2.0,Graduate,No,7300000,0.0,7300000.0,20000000.0,72.0,,729.0,,13100000.0,10700000.0,17900000.0,9100000.0,50800000.0,2.73972602739726,6.958904109589041,0.3937007874015748,1
,,4.0,Not Graduate,Yes,3700000,0.0,3700000.0,7400000.0,144.0,,363.0,,4800000.0,6800000.0,10500000.0,4400000.0,26500000.0,2.0,7.162162162162162,0.2792452830188679,0
,,2.0,Graduate,No,5200000,0.0,5200000.0,17200000.0,144.0,,565.0,,3500000.0,1300000.0,20000000.0,6300000.0,31100000.0,3.3076923076923075,5.980769230769231,0.5530546623794212,1
,,1.0,Graduate,No,7200000,0.0,7200000.0,21000000.0,168.0,,421.0,,3500000.0,11600000.0,21800000.0,4600000.0,41500000.0,2.9166666666666665,5.763888888888889,0.5060240963855421,0
,,0.0,Not Graduate,Yes,9400000,0.0,9400000.0,34200000.0,120.0,,512.0,,13100000.0,15600000.0,32600000.0,6300000.0,67600000.0,3.6382978723404253,7.191489361702128,0.5059171597633136,0
,,3.0,Not Graduate,Yes,3400000,0.0,3400000.0,12400000.0,24.0,,730.0,,2500000.0,3900000.0,12200000.0,4600000.0,23200000.0,3.6470588235294117,6.823529411764706,0.5344827586206896,1
,,0.0,Graduate,No,600000,0.0,600000.0,2300000.0,96.0,,627.0,,1800000.0,500000.0,2200000.0,300000.0,4800000.0,3.8333333333333335,8.0,0.4791666666666667,1
,,0.0,Not Graduate,Yes,3300000,0.0,3300000.0,10000000.0,192.0,,434.0,,3000000.0,4100000.0,12900000.0,4100000.0,24100000.0,3.0303030303030303,7.303030303030303,0.4149377593360996,0
,,2.0,Graduate,Yes,5900000,0.0,5900000.0,14300000.0,24.0,,410.0,,11900000.0,4400000.0,16900000.0,4100000.0,37300000.0,2.4237288135593222,6.322033898305085,0.38337801608579086,0
,,3.0,Not Graduate,No,1300000,0.0,1300000.0,3600000.0,192.0,,624.0,,2400000.0,2300000.0,3300000.0,1900000.0,9900000.0,2.769230769230769,7.615384615384615,0.36363636363636365,1
,,4.0,Graduate,Yes,5700000,0.0,5700000.0,16900000.0,48.0,,656.0,,13000000.0,7400000.0,22000000.0,8400000.0,50800000.0,2.9649122807017543,8.912280701754385,0.33267716535433073,1
,,2.0,Not Graduate,No,7700000,0.0,7700000.0,27300000.0,192.0,,758.0,,7300000.0,4600000.0,24800000.0,9100000.0,45800000.0,3.5454545454545454,5.9480519480519485,0.5960698689956332,1
,,4.0,Not Graduate,Yes,7000000,0.0,7000000.0,23500000.0,216.0,,336.0,,15000000.0,9500000.0,19700000.0,7800000.0,52000000.0,3.357142857142857,7.428571428571429,0.4519230769230769,0
,,5.0,Graduate,No,8100000,0.0,8100000.0,21900000.0,216.0,,378.0,,5200000.0,3400000.0,16200000.0,9600000.0,34400000.0,2.7037037037037037,4.246913580246914,0.6366279069767442,0
,,1.0,Graduate,Yes,1900000,0.0,1900000.0,4200000.0,48.0,,620.0,,4700000.0,2800000.0,7500000.0,900000.0,15900000.0,2.210526315789474,8.368421052631579,0.2641509433962264,1
,,2.0,Graduate,No,4500000,0.0,4500000.0,9100000.0,216.0,,593.0,,0.0,600000.0,12400000.0,2500000.0,15500000.0,2.022222222222222,3.4444444444444446,0.5870967741935483,1
,,0.0,Not Graduate,Yes,9600000,0.0,9600000.0,34000000.0,144.0,,710.0,,23800000.0,10300000.0,38100000.0,7800000.0,80000000.0,3.5416666666666665,8.333333333333334,0.425,1
,,1.0,Not Graduate,Yes,5400000,0.0,5400000.0,20700000.0,96.0,,753.0,,1900000.0,800000.0,19000000.0,3600000.0,25300000.0,3.8333333333333335,4.685185185185185,0.8181818181818182,1
,,1.0,Not Graduate,Yes,7800000,0.0,7800000.0,27200000.0,192.0,,454.0,,16100000.0,3400000.0,17100000.0,11400000.0,48000000.0,3.4871794871794872,6.153846153846154,0.5666666666666667,0
,,1.0,Graduate,Yes,8200000,0.0,8200000.0,19100000.0,96.0,,619.0,,17200000.0,12200000.0,31500000.0,6600000.0,67500000.0,2.3292682926829267,8.231707317073171,0.28296296296296297,1
,,2.0,Graduate,No,8900000,0.0,8900000.0,28500000.0,72.0,,367.0,,22200000.0,16600000.0,21500000.0,9300000.0,69600000.0,3.202247191011236,7.820224719101123,0.40948275862068967,0
,,1.0,Graduate,No,1400000,0.0,1400000.0,3100000.0,240.0,,384.0,,200000.0,1200000.0,4200000.0,1800000.0,7400000.0,2.2142857142857144,5.285714285714286,0.4189189189189189,0
,,2.0,Graduate,No,1700000,0.0,1700000.0,5900000.0,192.0,,610.0,,3100000.0,300000.0,3700000.0,1300000.0,8400000.0,3.4705882352941178,4.9411764705882355,0.7023809523809523,1
,,0.0,Graduate,No,5300000,0.0,5300000.0,19500000.0,144.0,,802.0,,9800000.0,3300000.0,15200000.0,3200000.0,31500000.0,3.6792452830188678,5.943396226415095,0.6190476190476191,1
,,3.0,Graduate,No,6500000,0.0,6500000.0,25200000.0,120.0,,858.0,,15400000.0,10900000.0,14000000.0,8100000.0,48400000.0,3.876923076923077,7.446153846153846,0.5206611570247934,1
,,2.0,Graduate,No,5900000,0.0,5900000.0,14000000.0,96.0,,599.0,,4700000.0,9500000.0,17800000.0,6700000.0,38700000.0,2.3728813559322033,6.559322033898305,0.36175710594315247,1
,,4.0,Graduate,Yes,9800000,0.0,9800000.0,27000000.0,24.0,,395.0,,18700000.0,3000000.0,23000000.0,9700000.0,54400000.0,2.7551020408163267,5.551020408163265,0.4963235294117647,0
,,3.0,Graduate,Yes,7700000,0.0,7700000.0,16200000.0,72.0,,380.0,,11500000.0,15100000.0,22500000.0,6400000.0,55500000.0,2.103896103896104,7.207792207792208,0.2918918918918919,0
,,1.0,Graduate,No,7900000,0.0,7900000.0,27100000.0,120.0,,803.0,,20000000.0,9800000.0,22200000.0,6600000.0,58600000.0,3.430379746835443,7.417721518987341,0.46245733788395904,1
,,4.0,Graduate,No,3500000,0.0,3500000.0,8900000.0,240.0,,809.0,,7100000.0,1500000.0,13700000.0,3200000.0,25500000.0,2.5428571428571427,7.285714285714286,0.34901960784313724,1
,,4.0,Not Graduate,No,2400000,0.0,2400000.0,6600000.0,24.0,,722.0,,6100000.0,3300000.0,5600000.0,3000000.0,18000000.0,2.75,7.5,0.36666666666666664,1
,,5.0,Graduate,No,9900000,0.0,9900000.0,35700000.0,120.0,,392.0,,7900000.0,4300000.0,39200000.0,13000000.0,64400000.0,3.606060606060606,6.505050505050505,0.5543478260869565,0
,,0.0,Graduate,No,3900000,0.0,3900000.0,14500000.0,96.0,,545.0,,5900000.0,3000000.0,10300000.0,3400000.0,22600000.0,3.717948717948718,5.794871794871795,0.6415929203539823,0
,,2.0,Not Graduate,Yes,7300000,0.0,7300000.0,28500000.0,120.0,,799.0,,21500000.0,3100000.0,15800000.0,4300000.0,44700000.0,3.904109589041096,6.123287671232877,0.6375838926174496,1
,,0.0,Graduate,Yes,6400000,0.0,6400000.0,21900000.0,144.0,,727.0,,15400000.0,10100000.0,24000000.0,5300000.0,54800000.0,3.421875,8.5625,0.39963503649635035,1
,,4.0,Graduate,No,7100000,0.0,7100000.0,19800000.0,216.0,,530.0,,7100000.0,3400000.0,20900000.0,7100000.0,38500000.0,2.788732394366197,5.422535211267606,0.5142857142857142,0
,,2.0,Not Graduate,No,8800000,0.0,8800000.0,19000000.0,168.0,,637.0,,13700000.0,13900000.0,27100000.0,6100000.0,60800000.0,2.159090909090909,6.909090909090909,0.3125,1
,,5.0,Graduate,No,7400000,0.0,7400000.0,21000000.0,48.0,,561.0,,21300000.0,3800000.0,26400000.0,3900000.0,55400000.0,2.8378378378378377,7.486486486486487,0.37906137184115524,1
,,2.0,Not Graduate,No,4400000,0.0,4400000.0,12000000.0,240.0,,421.0,,9300000.0,2700000.0,15700000.0,3400000.0,31100000.0,2.727272727272727,7.068181818181818,0.3858520900321543,0
,,3.0,Graduate,Yes,8600000,0.0,8600000.0,30300000.0,168.0,,459.0,,12000000.0,4100000.0,23800000.0,9100000.0,49000000.0,3.5232558139534884,5.6976744186046515,0.6183673469387755,0
,,3.0,Not Graduate,No,6900000,0.0,6900000.0,26000000.0,168.0,,828.0,,14800000.0,4200000.0,18500000.0,3600000.0,41100000.0,3.7681159420289854,5.956521739130435,0.6326034063260341,1
,,4.0,Graduate,No,9600000,0.0,9600000.0,27500000.0,240.0,,679.0,,23400000.0,7500000.0,37800000.0,6300000.0,75000000.0,2.8645833333333335,7.8125,0.36666666666666664,1
,,2.0,Graduate,Yes,8100000,0.0,8100000.0,25700000.0,96.0,,455.0,,22300000.0,11500000.0,19800000.0,9500000.0,63100000.0,3.1728395061728394,7.790123456790123,0.40729001584786056,0
,,0.0,Not Graduate,No,2600000,0.0,2600000.0,9400000.0,216.0,,879.0,,2800000.0,1400000.0,5100000.0,2300000.0,11600000.0,3.6153846153846154,4.461538461538462,0.8103448275862069,1
,,3.0,Graduate,Yes,9300000,0.0,9300000.0,26100000.0,168.0,,636.0,,4700000.0,16100000.0,34500000.0,11600000.0,66900000.0,2.806451612903226,7.193548387096774,0.3901345291479821,1
,,2.0,Not Graduate,Yes,2100000,0.0,2100000.0,5600000.0,192.0,,426.0,,400000.0,300000.0,7100000.0,1200000.0,9000000.0,2.6666666666666665,4.285714285714286,0.6222222222222222,0
,,4.0,Not Graduate,Yes,9000000,0.0,9000000.0,21500000.0,168.0,,508.0,,16600000.0,17300000.0,24300000.0,13100000.0,71300000.0,2.388888888888889,7.9222222222222225,0.3015427769985975,0
,,3.0,Not Graduate,Yes,7000000,0.0,7000000.0,19200000.0,48.0,,768.0,,8600000.0,13700000.0,19200000.0,7700000.0,49200000.0,2.742857142857143,7.0285714285714285,0.3902439024390244,1
,,3.0,Not Graduate,No,2200000,0.0,2200000.0,6400000.0,240.0,,667.0,,6300000.0,3900000.0,8300000.0,2900000.0,21400000.0,2.909090909090909,9.727272727272727,0.29906542056074764,1
,,5.0,Graduate,Yes,7500000,0.0,7500000.0,28200000.0,24.0,,440.0,,8200000.0,5800000.0,24400000.0,6000000.0,44400000.0,3.76,5.92,0.6351351351351351,1
,,1.0,Graduate,Yes,8300000,0.0,8300000.0,16800000.0,24.0,,366.0,,22000000.0,6600000.0,27300000.0,4500000.0,60400000.0,2.0240963855421685,7.27710843373494,0.2781456953642384,0
,,2.0,Not Graduate,No,300000,0.0,300000.0,600000.0,24.0,,383.0,,600000.0,300000.0,1100000.0,400000.0,2400000.0,2.0,8.0,0.25,0
,,0.0,Not Graduate,Yes,300000,0.0,300000.0,800000.0,48.0,,603.0,,800000.0,200000.0,600000.0,200000.0,1800000.0,2.6666666666666665,6.0,0.4444444444444444,1
,,3.0,Graduate,No,3900000,0.0,3900000.0,14900000.0,48.0,,728.0,,4700000.0,4000000.0,14900000.0,5500000.0,29100000.0,3.8205128205128207,7.461538461538462,0.5120274914089347,1
,,0.0,Not Graduate,No,6600000,0.0,6600000.0,20300000.0,72.0,,549.0,,10800000.0,900000.0,23100000.0,9800000.0,44600000.0,3.0757575757575757,6.757575757575758,0.4551569506726457,0
,,0.0,Graduate,No,4100000,0.0,4100000.0,10700000.0,96.0,,855.0,,11500000.0,700000.0,11200000.0,3100000.0,26500000.0,2.6097560975609757,6.463414634146342,0.4037735849056604,1
,,5.0,Graduate,Yes,1800000,0.0,1800000.0,5300000.0,144.0,,461.0,,2800000.0,2000000.0,4700000.0,2000000.0,11500000.0,2.9444444444444446,6.388888888888889,0.4608695652173913,0
,,3.0,Not Graduate,Yes,7000000,0.0,7000000.0,16100000.0,192.0,,379.0,,2000000.0,5200000.0,23000000.0,10000000.0,40200000.0,2.3,5.742857142857143,0.40049751243781095,0
,,2.0,Not Graduate,Yes,5100000,0.0,5100000.0,13700000.0,72.0,,559.0,,7800000.0,9800000.0,12700000.0,5100000.0,35400000.0,2.6862745098039214,6.9411764705882355,0.3870056497175141,1
,,1.0,Not Graduate,Yes,300000,0.0,300000.0,600000.0,96.0,,816.0,,600000.0,300000.0,1100000.0,200000.0,2200000.0,2.0,7.333333333333333,0.2727272727272727,1
,,4.0,Not Graduate,Yes,4300000,0.0,4300000.0,11400000.0,24.0,,560.0,,10000000.0,3900000.0,8900000.0,3300000.0,26100000.0,2.6511627906976742,6.069767441860465,0.4367816091954023,1
,,0.0,Graduate,Yes,3200000,0.0,3200000.0,12000000.0,168.0,,645.0,,5200000.0,1400000.0,12100000.0,3400000.0,22100000.0,3.75,6.90625,0.5429864253393665,1
,,4.0,Not Graduate,Yes,4200000,0.0,4200000.0,11500000.0,72.0,,551.0,,10600000.0,7600000.0,11300000.0,5000000.0,34500000.0,2.738095238095238,8.214285714285714,0.3333333333333333,1
,,0.0,Not Graduate,Yes,9600000,0.0,9600000.0,22900000.0,96.0,,515.0,,4300000.0,14700000.0,33300000.0,7800000.0,60100000.0,2.3854166666666665,6.260416666666667,0.3810316139767055,0
,,4.0,Graduate,No,1300000,0.0,1300000.0,3600000.0,120.0,,657.0,,3200000.0,1900000.0,2900000.0,1100000.0,9100000.0,2.769230769230769,7.0,0.3956043956043956,1
,,3.0,Not Graduate,No,2400000,0.0,2400000.0,9300000.0,24.0,,682.0,,3100000.0,4400000.0,5200000.0,1500000.0,14200000.0,3.875,5.916666666666667,0.6549295774647887,1
,,0.0,Graduate,No,600000,0.0,600000.0,1600000.0,120.0,,588.0,,1600000.0,100000.0,1100000.0,300000.0,3100000.0,2.6666666666666665,5.166666666666667,0.5161290322580645,1
,,5.0,Graduate,Yes,9600000,0.0,9600000.0,38000000.0,120.0,,359.0,,2100000.0,13600000.0,38200000.0,9400000.0,63300000.0,3.9583333333333335,6.59375,0.6003159557661928,0
,,0.0,Graduate,No,400000,0.0,400000.0,1200000.0,48.0,,766.0,,900000.0,300000.0,1200000.0,300000.0,2700000.0,3.0,6.75,0.4444444444444444,1
,,4.0,Graduate,No,5900000,0.0,5900000.0,19900000.0,168.0,,469.0,,14200000.0,6800000.0,22100000.0,3200000.0,46300000.0,3.3728813559322033,7.8474576271186445,0.4298056155507559,0
,,0.0,Graduate,Yes,700000,0.0,700000.0,1400000.0,120.0,,618.0,,1300000.0,200000.0,1700000.0,500000.0,3700000.0,2.0,5.285714285714286,0.3783783783783784,1
,,0.0,Not Graduate,Yes,8600000,0.0,8600000.0,17700000.0,240.0,,711.0,,22000000.0,0.0,30800000.0,7400000.0,60200000.0,2.058139534883721,7.0,0.29401993355481726,1
,,0.0,Graduate,Yes,9000000,0.0,9000000.0,34000000.0,48.0,,549.0,,2000000.0,8900000.0,20000000.0,12400000.0,43300000.0,3.7777777777777777,4.811111111111111,0.7852193995381063,1
,,3.0,Graduate,Yes,5100000,0.0,5100000.0,20400000.0,72.0,,754.0,,1700000.0,2600000.0,11800000.0,7600000.0,23700000.0,4.0,4.647058823529412,0.8607594936708861,1
,,4.0,Not Graduate,Yes,500000,0.0,500000.0,1500000.0,72.0,,461.0,,1300000.0,500000.0,1700000.0,200000.0,3700000.0,3.0,7.4,0.40540540540540543,0
,,2.0,Graduate,No,1600000,0.0,1600000.0,3800000.0,120.0,,837.0,,3800000.0,1100000.0,5500000.0,1600000.0,12000000.0,2.375,7.5,0.31666666666666665,1
,,0.0,Graduate,Yes,9800000,0.0,9800000.0,23900000.0,168.0,,459.0,,1000000.0,13400000.0,21100000.0,7200000.0,42700000.0,2.438775510204082,4.357142857142857,0.5597189695550351,0
,,4.0,Graduate,No,7800000,0.0,7800000.0,29700000.0,240.0,,614.0,,22000000.0,700000.0,26800000.0,6300000.0,55800000.0,3.8076923076923075,7.153846153846154,0.532258064516129,1
,,4.0,Not Graduate,No,6500000,0.0,6500000.0,24000000.0,192.0,,373.0,,5600000.0,5100000.0,15600000.0,6700000.0,33000000.0,3.6923076923076925,5.076923076923077,0.7272727272727273,0
,,5.0,Graduate,Yes,7500000,0.0,7500000.0,26500000.0,144.0,,512.0,,16500000.0,2900000.0,23700000.0,6000000.0,49100000.0,3.533333333333333,6.546666666666667,0.539714867617108,0
,,4.0,Graduate,Yes,8900000,0.0,8900000.0,23400000.0,216.0,,781.0,,16500000.0,3100000.0,24900000.0,5800000.0,50300000.0,2.6292134831460676,5.651685393258427,0.46520874751491054,1
,,4.0,Graduate,Yes,1800000,0.0,1800000.0,5800000.0,168.0,,305.0,,600000.0,3300000.0,3600000.0,2000000.0,9500000.0,3.2222222222222223,5.277777777777778,0.6105263157894737,0
,,1.0,Not Graduate,Yes,7600000,0.0,7600000.0,27800000.0,72.0,,447.0,,1300000.0,700000.0,20100000.0,10900000.0,33000000.0,3.6578947368421053,4.342105263157895,0.8424242424242424,0
,,4.0,Graduate,Yes,1200000,0.0,1200000.0,4600000.0,72.0,,757.0,,1900000.0,200000.0,4800000.0,1500000.0,8400000.0,3.8333333333333335,7.0,0.5476190476190477,1
,,5.0,Graduate,Yes,2700000,0.0,2700000.0,10400000.0,24.0,,723.0,,2800000.0,700000.0,10300000.0,1400000.0,15200000.0,3.8518518518518516,5.62962962962963,0.6842105263157895,1
,,1.0,Not Graduate,Yes,4600000,0.0,4600000.0,10900000.0,144.0,,463.0,,1200000.0,1200000.0,10900000.0,6600000.0,19900000.0,2.369565217391304,4.326086956521739,0.5477386934673367,0
,,2.0,Not Graduate,No,6900000,0.0,6900000.0,18700000.0,120.0,,699.0,,12800000.0,5700000.0,21200000.0,5200000.0,44900000.0,2.710144927536232,6.507246376811594,0.41648106904231624,1
,,4.0,Graduate,Yes,8400000,0.0,8400000.0,25200000.0,24.0,,308.0,,8100000.0,9300000.0,27700000.0,10500000.0,55600000.0,3.0,6.619047619047619,0.45323741007194246,1
,,0.0,Graduate,No,300000,0.0,300000.0,500000.0,216.0,,702.0,,300000.0,400000.0,1200000.0,100000.0,2000000.0,1.6666666666666667,6.666666666666667,0.25,1
,,2.0,Not Graduate,Yes,9500000,0.0,9500000.0,37500000.0,48.0,,456.0,,10200000.0,16800000.0,34100000.0,12900000.0,74000000.0,3.9473684210526314,7.7894736842105265,0.5067567567567568,1
,,3.0,Graduate,Yes,1900000,0.0,1900000.0,5900000.0,96.0,,651.0,,700000.0,2100000.0,6200000.0,1500000.0,10500000.0,3.1052631578947367,5.526315789473684,0.5619047619047619,1
,,3.0,Not Graduate,No,4200000,0.0,4200000.0,14500000.0,240.0,,840.0,,4500000.0,5900000.0,8900000.0,4600000.0,23900000.0,3.4523809523809526,5.690476190476191,0.606694560669456,1
,,4.0,Graduate,Yes,2200000,0.0,2200000.0,7900000.0,216.0,,848.0,,5100000.0,1700000.0,8500000.0,1600000.0,16900000.0,3.590909090909091,7.681818181818182,0.46745562130177515,1
,,5.0,Graduate,Yes,7100000,0.0,7100000.0,19700000.0,48.0,,727.0,,7700000.0,12900000.0,23600000.0,5800000.0,50000000.0,2.7746478873239435,7.042253521126761,0.394,1
,,4.0,Graduate,No,3500000,0.0,3500000.0,11600000.0,120.0,,335.0,,6300000.0,5200000.0,10300000.0,2300000.0,24100000.0,3.3142857142857145,6.885714285714286,0.48132780082987553,0
,,5.0,Not Graduate,No,400000,0.0,400000.0,800000.0,216.0,,304.0,,900000.0,500000.0,1400000.0,400000.0,3200000.0,2.0,8.0,0.25,0
,,2.0,Graduate,Yes,8800000,0.0,8800000.0,34400000.0,24.0,,712.0,,10500000.0,12500000.0,29300000.0,5900000.0,58200000.0,3.909090909090909,6.613636363636363,0.5910652920962199,1
,,0.0,Not Graduate,No,1800000,0.0,1800000.0,6600000.0,120.0,,737.0,,5000000.0,2000000.0,6000000.0,1500000.0,14500000.0,3.6666666666666665,8.055555555555555,0.45517241379310347,1
,,1.0,Graduate,Yes,7600000,0.0,7600000.0,29300000.0,168.0,,690.0,,13900000.0,4000000.0,30000000.0,9100000.0,57000000.0,3.8552631578947367,7.5,0.5140350877192983,1
,,1.0,Graduate,Yes,1000000,0.0,1000000.0,3200000.0,48.0,,888.0,,2000000.0,1500000.0,2200000.0,1300000.0,7000000.0,3.2,7.0,0.45714285714285713,1
,,2.0,Not Graduate,Yes,8200000,0.0,8200000.0,27200000.0,120.0,,839.0,,9200000.0,6400000.0,25500000.0,6000000.0,47100000.0,3.317073170731707,5.7439024390243905,0.5774946921443737,1
,,5.0,Not Graduate,Yes,3600000,0.0,3600000.0,12400000.0,96.0,,333.0,,8800000.0,1000000.0,10700000.0,4000000.0,24500000.0,3.4444444444444446,6.805555555555555,0.5061224489795918,0
,,5.0,Graduate,No,9400000,0.0,9400000.0,23700000.0,216.0,,862.0,,21500000.0,3500000.0,22400000.0,5600000.0,53000000.0,2.521276595744681,5.638297872340425,0.44716981132075473,1
,,5.0,Not Graduate,No,2600000,0.0,2600000.0,9100000.0,48.0,,309.0,,6400000.0,1400000.0,5900000.0,3400000.0,17100000.0,3.5,6.576923076923077,0.5321637426900585,1
,,5.0,Not Graduate,No,9500000,0.0,9500000.0,30700000.0,120.0,,823.0,,16300000.0,3700000.0,30300000.0,13100000.0,63400000.0,3.231578947368421,6.673684210526316,0.4842271293375394,1
,,0.0,Graduate,Yes,3500000,0.0,3500000.0,11700000.0,168.0,,649.0,,2700000.0,700000.0,11400000.0,4800000.0,19600000.0,3.342857142857143,5.6,0.5969387755102041,1
,,5.0,Not Graduate,Yes,9800000,0.0,9800000.0,35700000.0,120.0,,726.0,,9400000.0,18900000.0,31200000.0,12000000.0,71500000.0,3.642857142857143,7.295918367346939,0.4993006993006993,1
,,4.0,Graduate,No,800000,0.0,800000.0,3100000.0,216.0,,712.0,,400000.0,700000.0,1900000.0,1100000.0,4100000.0,3.875,5.125,0.7560975609756098,1
,,0.0,Not Graduate,No,9700000,0.0,9700000.0,37300000.0,240.0,,701.0,,12100000.0,16200000.0,24100000.0,10500000.0,62900000.0,3.845360824742268,6.484536082474227,0.5930047694753577,1
,,3.0,Graduate,No,6200000,0.0,6200000.0,21300000.0,144.0,,655.0,,6500000.0,11600000.0,19200000.0,5000000.0,42300000.0,3.435483870967742,6.82258064516129,0.5035460992907801,1
,,1.0,Not Graduate,Yes,4400000,0.0,4400000.0,16600000.0,216.0,,385.0,,800000.0,5300000.0,13400000.0,5100000.0,24600000.0,3.772727272727273,5.590909090909091,0.6747967479674797,0
,,2.0,Graduate,No,1800000,0.0,1800000.0,3800000.0,48.0,,777.0,,5100000.0,2700000.0,4600000.0,1400000.0,13800000.0,2.111111111111111,7.666666666666667,0.2753623188405797,1
,,3.0,Graduate,No,1700000,0.0,1700000.0,5300000.0,168.0,,696.0,,300000.0,700000.0,4500000.0,800000.0,6300000.0,3.1176470588235294,3.7058823529411766,0.8412698412698413,1
,,3.0,Graduate,No,3900000,0.0,3900000.0,14100000.0,192.0,,496.0,,2500000.0,2200000.0,13700000.0,2900000.0,21300000.0,3.6153846153846154,5.461538461538462,0.6619718309859155,0
,,2.0,Graduate,Yes,2200000,0.0,2200000.0,7900000.0,72.0,,659.0,,3400000.0,1800000.0,8600000.0,2400000.0,16200000.0,3.590909090909091,7.363636363636363,0.4876543209876543,1
,,3.0,Not Graduate,Yes,6300000,0.0,6300000.0,17700000.0,24.0,,542.0,,16800000.0,900000.0,16400000.0,5300000.0,39400000.0,2.8095238095238093,6.253968253968254,0.44923857868020306,0
,,2.0,Not Graduate,No,2200000,0.0,2200000.0,8700000.0,216.0,,729.0,,3900000.0,3300000.0,7600000.0,1300000.0,16100000.0,3.9545454545454546,7.318181818181818,0.5403726708074534,1
,,1.0,Graduate,No,8100000,0.0,8100000.0,28400000.0,72.0,,744.0,,20300000.0,10500000.0,21800000.0,7700000.0,60300000.0,3.506172839506173,7.444444444444445,0.4709784411276949,1
,,4.0,Not Graduate,No,6800000,0.0,6800000.0,17000000.0,24.0,,749.0,,18000000.0,3800000.0,27100000.0,9400000.0,58300000.0,2.5,8.573529411764707,0.2915951972555746,1
,,0.0,Graduate,No,4700000,0.0,4700000.0,14800000.0,240.0,,755.0,,12300000.0,5000000.0,15400000.0,3700000.0,36400000.0,3.148936170212766,7.74468085106383,0.4065934065934066,1
,,3.0,Graduate,Yes,2200000,0.0,2200000.0,5300000.0,24.0,,506.0,,1600000.0,1700000.0,5800000.0,2800000.0,11900000.0,2.409090909090909,5.409090909090909,0.44537815126050423,0
,,3.0,Graduate,Yes,3500000,0.0,3500000.0,13000000.0,72.0,,391.0,,6100000.0,3500000.0,13300000.0,4300000.0,27200000.0,3.7142857142857144,7.771428571428571,0.47794117647058826,0
,,1.0,Not Graduate,Yes,3500000,0.0,3500000.0,11600000.0,120.0,,898.0,,3100000.0,2700000.0,9000000.0,4500000.0,19300000.0,3.3142857142857145,5.514285714285714,0.6010362694300518,1
,,5.0,Not Graduate,No,500000,0.0,500000.0,1500000.0,144.0,,527.0,,100000.0,600000.0,1100000.0,200000.0,2000000.0,3.0,4.0,0.75,0
,,5.0,Not Graduate,No,9900000,0.0,9900000.0,35800000.0,240.0,,470.0,,9500000.0,18400000.0,39100000.0,14700000.0,81700000.0,3.6161616161616164,8.252525252525253,0.43818849449204406,0
,,1.0,Graduate,No,8400000,0.0,8400000.0,25000000.0,144.0,,694.0,,5300000.0,14900000.0,23000000.0,7700000.0,50900000.0,2.9761904761904763,6.059523809523809,0.4911591355599214,1
,,1.0,Graduate,No,5000000,0.0,5000000.0,18800000.0,168.0,,325.0,,13100000.0,5700000.0,12800000.0,4300000.0,35900000.0,3.76,7.18,0.5236768802228412,0
,,4.0,Not Graduate,Yes,5500000,0.0,5500000.0,13400000.0,120.0,,880.0,,300000.0,800000.0,19900000.0,2800000.0,23800000.0,2.4363636363636365,4.327272727272727,0.5630252100840336,1
,,5.0,Graduate,Yes,3000000,0.0,3000000.0,11900000.0,168.0,,459.0,,6000000.0,4800000.0,11700000.0,4200000.0,26700000.0,3.966666666666667,8.9,0.44569288389513106,0
,,3.0,Not Graduate,Yes,9400000,0.0,9400000.0,21400000.0,120.0,,323.0,,5100000.0,15500000.0,29600000.0,11300000.0,61500000.0,2.276595744680851,6.542553191489362,0.34796747967479674,0
,,4.0,Graduate,No,7600000,0.0,7600000.0,29000000.0,96.0,,739.0,,22100000.0,8100000.0,22100000.0,8800000.0,61100000.0,3.8157894736842106,8.039473684210526,0.4746317512274959,1
,,0.0,Not Graduate,Yes,5500000,0.0,5500000.0,16300000.0,120.0,,724.0,,11900000.0,1500000.0,11900000.0,6200000.0,31500000.0,2.963636363636364,5.7272727272727275,0.5174603174603175,1
,,1.0,Graduate,No,3100000,0.0,3100000.0,7400000.0,216.0,,487.0,,8400000.0,1200000.0,9200000.0,4500000.0,23300000.0,2.3870967741935485,7.516129032258065,0.31759656652360513,0
,,3.0,Graduate,No,7700000,0.0,7700000.0,27700000.0,48.0,,439.0,,13900000.0,7500000.0,27100000.0,6200000.0,54700000.0,3.5974025974025974,7.103896103896104,0.506398537477148,1
,,2.0,Graduate,No,9800000,0.0,9800000.0,25400000.0,24.0,,655.0,,19900000.0,4600000.0,21300000.0,7900000.0,53700000.0,2.5918367346938775,5.479591836734694,0.4729981378026071,1
,,3.0,Not Graduate,No,3200000,0.0,3200000.0,9200000.0,168.0,,443.0,,3300000.0,1100000.0,7200000.0,4500000.0,16100000.0,2.875,5.03125,0.5714285714285714,0
,,2.0,Graduate,No,700000,0.0,700000.0,2600000.0,240.0,,489.0,,100000.0,200000.0,2400000.0,900000.0,3600000.0,3.7142857142857144,5.142857142857143,0.7222222222222222,0
,,4.0,Not Graduate,Yes,3100000,0.0,3100000.0,8600000.0,168.0,,427.0,,3100000.0,3800000.0,9900000.0,3700000.0,20500000.0,2.774193548387097,6.612903225806452,0.4195121951219512,0
,,0.0,Graduate,Yes,4500000,0.0,4500000.0,10500000.0,240.0,,417.0,,9800000.0,2000000.0,9600000.0,5800000.0,27200000.0,2.3333333333333335,6.044444444444444,0.3860294117647059,0
,,5.0,Not Graduate,Yes,8900000,0.0,8900000.0,24800000.0,216.0,,842.0,,16200000.0,5000000.0,20000000.0,8100000.0,49300000.0,2.7865168539325844,5.53932584269663,0.5030425963488844,1
,,3.0,Not Graduate,No,5900000,0.0,5900000.0,23200000.0,24.0,,307.0,,15500000.0,10000000.0,21100000.0,6300000.0,52900000.0,3.9322033898305087,8.966101694915254,0.43856332703213613,1
,,2.0,Not Graduate,No,1500000,0.0,1500000.0,4500000.0,216.0,,428.0,,4500000.0,1200000.0,5600000.0,1100000.0,12400000.0,3.0,8.266666666666667,0.3629032258064516,0
,,4.0,Not Graduate,Yes,6300000,0.0,6300000.0,15200000.0,192.0,,415.0,,15500000.0,1800000.0,20700000.0,7900000.0,45900000.0,2.4126984126984126,7.285714285714286,0.3311546840958606,0
,,3.0,Not Graduate,Yes,6500000,0.0,6500000.0,18200000.0,240.0,,405.0,,10400000.0,2800000.0,21300000.0,6700000.0,41200000.0,2.8,6.338461538461538,0.441747572815534,0
,,4.0,Graduate,No,8000000,0.0,8000000.0,31500000.0,216.0,,683.0,,10300000.0,7900000.0,30100000.0,9600000.0,57900000.0,3.9375,7.2375,0.5440414507772021,1
,,1.0,Graduate,Yes,3300000,0.0,3300000.0,10600000.0,168.0,,742.0,,300000.0,600000.0,8400000.0,4500000.0,13800000.0,3.212121212121212,4.181818181818182,0.7681159420289855,1
,,4.0,Not Graduate,No,3900000,0.0,3900000.0,10000000.0,120.0,,530.0,,10900000.0,200000.0,12300000.0,1900000.0,25300000.0,2.5641025641025643,6.487179487179487,0.3952569169960474,0
,,3.0,Graduate,No,1600000,0.0,1600000.0,3500000.0,120.0,,844.0,,4500000.0,2200000.0,5200000.0,1600000.0,13500000.0,2.1875,8.4375,0.25925925925925924,1
,,2.0,Not Graduate,Yes,3900000,0.0,3900000.0,13900000.0,216.0,,715.0,,5000000.0,5600000.0,9900000.0,2100000.0,22600000.0,3.5641025641025643,5.794871794871795,0.6150442477876106,1
,,3.0,Graduate,Yes,8000000,0.0,8000000.0,26300000.0,144.0,,476.0,,21700000.0,6600000.0,16400000.0,9000000.0,53700000.0,3.2875,6.7125,0.4897579143389199,0
,,2.0,Graduate,No,2200000,0.0,2200000.0,4800000.0,72.0,,721.0,,1800000.0,100000.0,6900000.0,2200000.0,11000000.0,2.1818181818181817,5.0,0.43636363636363634,1
,,4.0,Not Graduate,No,7600000,0.0,7600000.0,30300000.0,144.0,,339.0,,20400000.0,8000000.0,22200000.0,5800000.0,56400000.0,3.986842105263158,7.421052631578948,0.5372340425531915,0
,,5.0,Not Graduate,Yes,2700000,0.0,2700000.0,6800000.0,72.0,,461.0,,4500000.0,2000000.0,8200000.0,1700000.0,16400000.0,2.5185185185185186,6.074074074074074,0.4146341463414634,0
,,2.0,Graduate,Yes,6300000,0.0,6300000.0,23200000.0,144.0,,556.0,,7000000.0,8300000.0,24200000.0,5300000.0,44800000.0,3.6825396825396823,7.111111111111111,0.5178571428571429,1
,,3.0,Not Graduate,No,7700000,0.0,7700000.0,18700000.0,96.0,,483.0,,15100000.0,5600000.0,24600000.0,10200000.0,55500000.0,2.4285714285714284,7.207792207792208,0.33693693693693694,0
,,2.0,Graduate,No,4500000,0.0,4500000.0,17200000.0,216.0,,406.0,,4100000.0,6300000.0,13800000.0,3300000.0,27500000.0,3.8222222222222224,6.111111111111111,0.6254545454545455,0
,,2.0,Graduate,Yes,9400000,0.0,9400000.0,24800000.0,168.0,,513.0,,24200000.0,18200000.0,37200000.0,7500000.0,87100000.0,2.6382978723404253,9.26595744680851,0.2847301951779564,0
,,0.0,Not Graduate,No,4600000,0.0,4600000.0,12600000.0,192.0,,574.0,,3400000.0,6200000.0,15100000.0,3600000.0,28300000.0,2.739130434782609,6.1521739130434785,0.4452296819787986,1
,,0.0,Graduate,Yes,5200000,0.0,5200000.0,15700000.0,72.0,,692.0,,3800000.0,7000000.0,12800000.0,5500000.0,29100000.0,3.019230769230769,5.596153846153846,0.5395189003436426,1
,,5.0,Graduate,Yes,8000000,0.0,8000000.0,29800000.0,216.0,,867.0,,17700000.0,14100000.0,22800000.0,9200000.0,63800000.0,3.725,7.975,0.4670846394984326,1
,,1.0,Not Graduate,Yes,9900000,0.0,9900000.0,38500000.0,24.0,,875.0,,19600000.0,2900000.0,20200000.0,6500000.0,49200000.0,3.888888888888889,4.96969696969697,0.782520325203252,1
,,4.0,Graduate,Yes,8500000,0.0,8500000.0,18600000.0,120.0,,597.0,,16600000.0,3200000.0,21000000.0,11600000.0,52400000.0,2.1882352941176473,6.1647058823529415,0.3549618320610687,1
,,2.0,Graduate,Yes,4900000,0.0,4900000.0,12000000.0,240.0,,513.0,,14200000.0,8100000.0,18300000.0,4800000.0,45400000.0,2.4489795918367347,9.26530612244898,0.2643171806167401,0
,,3.0,Graduate,Yes,7000000,0.0,7000000.0,24200000.0,24.0,,354.0,,18200000.0,7000000.0,15900000.0,7900000.0,49000000.0,3.4571428571428573,7.0,0.49387755102040815,1
,,2.0,Not Graduate,No,9600000,0.0,9600000.0,25900000.0,216.0,,647.0,,11800000.0,9900000.0,35600000.0,11500000.0,68800000.0,2.6979166666666665,7.166666666666667,0.376453488372093,1
,,1.0,Graduate,No,9700000,0.0,9700000.0,23700000.0,72.0,,875.0,,11500000.0,14400000.0,38100000.0,10400000.0,74400000.0,2.443298969072165,7.670103092783505,0.3185483870967742,1
,,1.0,Graduate,No,6200000,0.0,6200000.0,14300000.0,240.0,,819.0,,7500000.0,11700000.0,16700000.0,4300000.0,40200000.0,2.306451612903226,6.483870967741935,0.35572139303482586,1
,,4.0,Not Graduate,Yes,4100000,0.0,4100000.0,9600000.0,120.0,,521.0,,11900000.0,7100000.0,14100000.0,4900000.0,38000000.0,2.341463414634146,9.268292682926829,0.25263157894736843,0
,,0.0,Graduate,Yes,6100000,0.0,6100000.0,19900000.0,240.0,,761.0,,4500000.0,3700000.0,12700000.0,7100000.0,28000000.0,3.262295081967213,4.590163934426229,0.7107142857142857,1
,,0.0,Graduate,No,700000,0.0,700000.0,1900000.0,216.0,,572.0,,1400000.0,1000000.0,2000000.0,300000.0,4700000.0,2.7142857142857144,6.714285714285714,0.40425531914893614,1
,,3.0,Graduate,No,6400000,0.0,6400000.0,24100000.0,144.0,,571.0,,19000000.0,11500000.0,13200000.0,7500000.0,51200000.0,3.765625,8.0,0.470703125,1
,,4.0,Graduate,Yes,3800000,0.0,3800000.0,7800000.0,240.0,,891.0,,4600000.0,7000000.0,14300000.0,3300000.0,29200000.0,2.0526315789473686,7.684210526315789,0.2671232876712329,1
,,1.0,Not Graduate,No,4900000,0.0,4900000.0,14800000.0,144.0,,895.0,,8600000.0,8200000.0,18300000.0,5200000.0,40300000.0,3.020408163265306,8.224489795918368,0.36724565756823824,1
,,2.0,Graduate,No,2100000,0.0,2100000.0,6600000.0,240.0,,580.0,,3800000.0,4100000.0,6200000.0,2100000.0,16200000.0,3.142857142857143,7.714285714285714,0.4074074074074074,1
,,2.0,Graduate,No,6200000,0.0,6200000.0,23400000.0,96.0,,605.0,,10000000.0,10800000.0,21800000.0,9200000.0,51800000.0,3.774193548387097,8.35483870967742,0.4517374517374517,1
,,4.0,Not Graduate,No,1600000,0.0,1600000.0,5100000.0,96.0,,705.0,,2400000.0,800000.0,5100000.0,1900000.0,10200000.0,3.1875,6.375,0.5,1
,,1.0,Not Graduate,Yes,1300000,0.0,1300000.0,5000000.0,240.0,,423.0,,900000.0,800000.0,3900000.0,1600000.0,7200000.0,3.8461538461538463,5.538461538461538,0.6944444444444444,0
,,5.0,Not Graduate,Yes,7300000,0.0,7300000.0,22500000.0,24.0,,846.0,,9800000.0,4700000.0,20300000.0,5700000.0,40500000.0,3.0821917808219177,5.5479452054794525,0.5555555555555556,1
,,2.0,Not Graduate,No,2100000,0.0,2100000.0,5000000.0,48.0,,542.0,,700000.0,600000.0,6600000.0,3100000.0,11000000.0,2.380952380952381,5.238095238095238,0.45454545454545453,0
,,5.0,Not Graduate,No,600000,0.0,600000.0,2400000.0,216.0,,631.0,,600000.0,300000.0,2100000.0,900000.0,3900000.0,4.0,6.5,0.6153846153846154,1
,,4.0,Graduate,No,7000000,0.0,7000000.0,24500000.0,216.0,,318.0,,4300000.0,1700000.0,16300000.0,3600000.0,25900000.0,3.5,3.7,0.9459459459459459,0
,,1.0,Not Graduate,Yes,3000000,0.0,3000000.0,6800000.0,120.0,,541.0,,5800000.0,5700000.0,10700000.0,2900000.0,25100000.0,2.2666666666666666,8.366666666666667,0.27091633466135456,0
,,1.0,Graduate,No,900000,0.0,900000.0,2900000.0,240.0,,782.0,,0.0,1500000.0,3500000.0,800000.0,5800000.0,3.2222222222222223,6.444444444444445,0.5,1
,,2.0,Graduate,No,9600000,0.0,9600000.0,35000000.0,24.0,,888.0,,12600000.0,6500000.0,37900000.0,5800000.0,62800000.0,3.6458333333333335,6.541666666666667,0.5573248407643312,1
,,0.0,Graduate,No,1500000,0.0,1500000.0,3600000.0,168.0,,747.0,,200000.0,1400000.0,3000000.0,1200000.0,5800000.0,2.4,3.8666666666666667,0.6206896551724138,1
,,0.0,Graduate,Yes,5000000,0.0,5000000.0,18900000.0,72.0,,641.0,,4300000.0,8500000.0,19600000.0,6700000.0,39100000.0,3.78,7.82,0.4833759590792839,1
,,3.0,Graduate,Yes,500000,0.0,500000.0,1700000.0,48.0,,640.0,,400000.0,700000.0,1300000.0,200000.0,2600000.0,3.4,5.2,0.6538461538461539,1
,,4.0,Not Graduate,No,7600000,0.0,7600000.0,28100000.0,144.0,,324.0,,12500000.0,8500000.0,19900000.0,11100000.0,52000000.0,3.6973684210526314,6.842105263157895,0.5403846153846154,0
,,4.0,Graduate,No,5500000,0.0,5500000.0,21200000.0,240.0,,359.0,,4200000.0,5300000.0,18600000.0,6400000.0,34500000.0,3.8545454545454545,6.2727272727272725,0.6144927536231884,0
,,0.0,Not Graduate,Yes,6600000,0.0,6600000.0,23300000.0,144.0,,338.0,,2400000.0,800000.0,18900000.0,9300000.0,31400000.0,3.5303030303030303,4.757575757575758,0.7420382165605095,0
,,0.0,Graduate,No,1400000,0.0,1400000.0,3200000.0,168.0,,384.0,,3100000.0,800000.0,3400000.0,2000000.0,9300000.0,2.2857142857142856,6.642857142857143,0.34408602150537637,0
,,5.0,Not Graduate,Yes,8800000,0.0,8800000.0,26600000.0,192.0,,545.0,,19100000.0,16600000.0,30400000.0,7600000.0,73700000.0,3.022727272727273,8.375,0.36092265943012214,0
,,5.0,Not Graduate,No,6200000,0.0,6200000.0,24200000.0,216.0,,610.0,,10200000.0,7800000.0,19600000.0,8300000.0,45900000.0,3.903225806451613,7.403225806451613,0.5272331154684096,1
,,2.0,Graduate,Yes,8300000,0.0,8300000.0,27900000.0,216.0,,840.0,,12600000.0,3500000.0,19100000.0,9200000.0,44400000.0,3.36144578313253,5.349397590361446,0.6283783783783784,1
,,3.0,Not Graduate,No,2400000,0.0,2400000.0,8100000.0,72.0,,630.0,,5100000.0,2900000.0,9100000.0,2300000.0,19400000.0,3.375,8.083333333333334,0.4175257731958763,1
,,1.0,Graduate,No,9100000,0.0,9100000.0,31200000.0,48.0,,508.0,,12800000.0,11700000.0,31100000.0,7800000.0,63400000.0,3.4285714285714284,6.967032967032967,0.4921135646687697,1
,,0.0,Not Graduate,Yes,9500000,0.0,9500000.0,34900000.0,48.0,,535.0,,800000.0,14100000.0,25600000.0,14000000.0,54500000.0,3.6736842105263157,5.7368421052631575,0.6403669724770642,1
,,1.0,Graduate,No,1200000,0.0,1200000.0,3400000.0,240.0,,717.0,,3100000.0,1500000.0,2500000.0,900000.0,8000000.0,2.8333333333333335,6.666666666666667,0.425,1
,,2.0,Graduate,Yes,7700000,0.0,7700000.0,19300000.0,96.0,,735.0,,1200000.0,1900000.0,23800000.0,10400000.0,37300000.0,2.5064935064935066,4.8441558441558445,0.517426273458445,1
,,5.0,Graduate,Yes,7800000,0.0,7800000.0,22000000.0,240.0,,528.0,,5800000.0,8800000.0,24700000.0,4900000.0,44200000.0,2.8205128205128207,5.666666666666667,0.497737556561086,0
,,0.0,Graduate,Yes,9400000,0.0,9400000.0,20000000.0,48.0,,350.0,,3300000.0,1400000.0,37200000.0,4700000.0,46600000.0,2.127659574468085,4.957446808510638,0.4291845493562232,0
,,0.0,Not Graduate,No,1700000,0.0,1700000.0,5700000.0,144.0,,422.0,,3400000.0,1100000.0,6500000.0,900000.0,11900000.0,3.3529411764705883,7.0,0.4789915966386555,0
,,5.0,Graduate,No,4000000,0.0,4000000.0,13700000.0,72.0,,496.0,,0.0,1400000.0,15800000.0,3700000.0,20900000.0,3.425,5.225,0.6555023923444976,0
,,4.0,Not Graduate,No,4200000,0.0,4200000.0,15500000.0,216.0,,794.0,,7300000.0,700000.0,13400000.0,2200000.0,23600000.0,3.6904761904761907,5.619047619047619,0.6567796610169492,1
,,2.0,Graduate,No,2400000,0.0,2400000.0,7700000.0,72.0,,719.0,,6000000.0,1700000.0,6700000.0,1600000.0,16000000.0,3.2083333333333335,6.666666666666667,0.48125,1
,,3.0,Not Graduate,Yes,2700000,0.0,2700000.0,6100000.0,168.0,,630.0,,3900000.0,2800000.0,10600000.0,2300000.0,19600000.0,2.259259259259259,7.2592592592592595,0.3112244897959184,1
,,3.0,Not Graduate,Yes,600000,0.0,600000.0,1800000.0,48.0,,843.0,,1400000.0,300000.0,1700000.0,400000.0,3800000.0,3.0,6.333333333333333,0.47368421052631576,1
,,2.0,Graduate,No,4600000,0.0,4600000.0,15600000.0,24.0,,764.0,,7700000.0,1500000.0,16000000.0,5800000.0,31000000.0,3.391304347826087,6.739130434782608,0.5032258064516129,1
,,3.0,Graduate,No,7200000,0.0,7200000.0,17700000.0,48.0,,662.0,,13100000.0,11500000.0,16300000.0,5300000.0,46200000.0,2.4583333333333335,6.416666666666667,0.38311688311688313,1
,,0.0,Not Graduate,No,4700000,0.0,4700000.0,15500000.0,192.0,,311.0,,12800000.0,200000.0,17500000.0,2700000.0,33200000.0,3.297872340425532,7.0638297872340425,0.46686746987951805,0
,,4.0,Not Graduate,No,4300000,0.0,4300000.0,10100000.0,24.0,,606.0,,9900000.0,1800000.0,8900000.0,5500000.0,26100000.0,2.3488372093023258,6.069767441860465,0.38697318007662834,1
,,5.0,Graduate,No,4700000,0.0,4700000.0,10200000.0,192.0,,874.0,,10800000.0,7700000.0,11100000.0,7000000.0,36600000.0,2.1702127659574466,7.787234042553192,0.2786885245901639,1
,,4.0,Not Graduate,Yes,8700000,0.0,8700000.0,30000000.0,48.0,,370.0,,17600000.0,15600000.0,34600000.0,12100000.0,79900000.0,3.4482758620689653,9.183908045977011,0.37546933667083854,1
,,1.0,Graduate,No,7000000,0.0,7000000.0,20500000.0,120.0,,414.0,,19700000.0,7500000.0,20700000.0,5100000.0,53000000.0,2.9285714285714284,7.571428571428571,0.3867924528301887,0
,,2.0,Not Graduate,No,600000,0.0,600000.0,1100000.0,120.0,,800.0,,1200000.0,200000.0,2300000.0,900000.0,4600000.0,1.8333333333333333,7.666666666666667,0.2391304347826087,1
,,1.0,Not Graduate,No,6800000,0.0,6800000.0,16900000.0,144.0,,779.0,,13800000.0,10200000.0,23400000.0,4400000.0,51800000.0,2.485294117647059,7.617647058823529,0.32625482625482627,1
,,1.0,Not Graduate,No,6400000,0.0,6400000.0,14100000.0,240.0,,553.0,,11700000.0,4500000.0,20000000.0,3600000.0,39800000.0,2.203125,6.21875,0.3542713567839196,1
,,4.0,Not Graduate,No,7600000,0.0,7600000.0,29900000.0,216.0,,445.0,,4800000.0,13900000.0,18400000.0,5700000.0,42800000.0,3.9342105263157894,5.631578947368421,0.6985981308411215,0
,,3.0,Not Graduate,No,9000000,0.0,9000000.0,21400000.0,96.0,,496.0,,16400000.0,7300000.0,31800000.0,12500000.0,68000000.0,2.3777777777777778,7.555555555555555,0.31470588235294117,0
,,0.0,Graduate,Yes,2400000,0.0,2400000.0,5900000.0,120.0,,650.0,,5100000.0,3700000.0,5300000.0,2300000.0,16400000.0,2.4583333333333335,6.833333333333333,0.3597560975609756,1
,,3.0,Not Graduate,No,6800000,0.0,6800000.0,17900000.0,72.0,,783.0,,20000000.0,9800000.0,23600000.0,5500000.0,58900000.0,2.6323529411764706,8.661764705882353,0.30390492359932086,1
,,5.0,Graduate,Yes,3500000,0.0,3500000.0,13500000.0,120.0,,535.0,,3100000.0,5700000.0,12500000.0,3100000.0,24400000.0,3.857142857142857,6.9714285714285715,0.5532786885245902,0
,,4.0,Graduate,Yes,8900000,0.0,8900000.0,34000000.0,240.0,,415.0,,13500000.0,3100000.0,33600000.0,12800000.0,63000000.0,3.8202247191011236,7.078651685393258,0.5396825396825397,0
,,0.0,Not Graduate,No,6000000,0.0,6000000.0,15300000.0,96.0,,709.0,,8900000.0,1700000.0,16400000.0,3500000.0,30500000.0,2.55,5.083333333333333,0.5016393442622951,1
,,3.0,Not Graduate,No,700000,0.0,700000.0,2500000.0,168.0,,819.0,,1600000.0,1000000.0,2100000.0,900000.0,5600000.0,3.5714285714285716,8.0,0.44642857142857145,1
,,0.0,Not Graduate,Yes,6800000,0.0,6800000.0,17300000.0,216.0,,841.0,,10500000.0,8600000.0,16000000.0,8700000.0,43800000.0,2.5441176470588234,6.4411764705882355,0.3949771689497717,1
,,4.0,Not Graduate,Yes,5300000,0.0,5300000.0,10700000.0,144.0,,700.0,,15800000.0,1900000.0,20500000.0,2900000.0,41100000.0,2.018867924528302,7.754716981132075,0.26034063260340634,1
,,1.0,Graduate,Yes,1400000,0.0,1400000.0,4200000.0,48.0,,881.0,,2800000.0,1200000.0,5100000.0,1300000.0,10400000.0,3.0,7.428571428571429,0.40384615384615385,1
,,2.0,Graduate,Yes,1400000,0.0,1400000.0,4600000.0,48.0,,804.0,,1900000.0,2200000.0,5200000.0,700000.0,10000000.0,3.2857142857142856,7.142857142857143,0.46,1
,,4.0,Not Graduate,No,9200000,0.0,9200000.0,21700000.0,72.0,,653.0,,22700000.0,4600000.0,29400000.0,8600000.0,65300000.0,2.358695652173913,7.0978260869565215,0.332312404287902,1
,,1.0,Graduate,Yes,7900000,0.0,7900000.0,29200000.0,24.0,,663.0,,19600000.0,12100000.0,28600000.0,10100000.0,70400000.0,3.6962025316455698,8.91139240506329,0.4147727272727273,1
,,0.0,Not Graduate,No,4500000,0.0,4500000.0,17500000.0,120.0,,495.0,,10300000.0,3500000.0,9700000.0,6200000.0,29700000.0,3.888888888888889,6.6,0.5892255892255892,0
,,1.0,Not Graduate,No,3800000,0.0,3800000.0,9800000.0,96.0,,335.0,,100000.0,5100000.0,14200000.0,1800000.0,21200000.0,2.5789473684210527,5.578947368421052,0.46226415094339623,0
,,5.0,Graduate,Yes,1500000,0.0,1500000.0,4900000.0,72.0,,618.0,,3400000.0,1000000.0,3200000.0,900000.0,8500000.0,3.2666666666666666,5.666666666666667,0.5764705882352941,1
,,3.0,Not Graduate,No,1200000,0.0,1200000.0,2400000.0,144.0,,480.0,,3000000.0,100000.0,3100000.0,1700000.0,7900000.0,2.0,6.583333333333333,0.3037974683544304,0
,,4.0,Not Graduate,No,1700000,0.0,1700000.0,4900000.0,216.0,,843.0,,4800000.0,2200000.0,6200000.0,1800000.0,15000000.0,2.8823529411764706,8.823529411764707,0.32666666666666666,1
,,4.0,Graduate,No,5200000,0.0,5200000.0,14100000.0,192.0,,483.0,,11800000.0,800000.0,19200000.0,2700000.0,34500000.0,2.7115384615384617,6.634615384615385,0.40869565217391307,0
,,1.0,Not Graduate,No,1600000,0.0,1600000.0,5100000.0,144.0,,548.0,,2200000.0,2700000.0,3600000.0,800000.0,9300000.0,3.1875,5.8125,0.5483870967741935,0
,,4.0,Graduate,Yes,6600000,0.0,6600000.0,16000000.0,192.0,,379.0,,6500000.0,12600000.0,24700000.0,4500000.0,48300000.0,2.4242424242424243,7.318181818181818,0.33126293995859213,0
,,5.0,Not Graduate,Yes,9400000,0.0,9400000.0,26600000.0,240.0,,771.0,,10200000.0,12600000.0,36900000.0,11700000.0,71400000.0,2.8297872340425534,7.595744680851064,0.37254901960784315,1
,,4.0,Graduate,Yes,300000,0.0,300000.0,500000.0,24.0,,353.0,,600000.0,100000.0,1200000.0,400000.0,2300000.0,1.6666666666666667,7.666666666666667,0.21739130434782608,0
,,5.0,Not Graduate,No,4600000,0.0,4600000.0,11500000.0,192.0,,668.0,,6500000.0,3100000.0,10200000.0,5500000.0,25300000.0,2.5,5.5,0.45454545454545453,1
,,3.0,Not Graduate,Yes,6100000,0.0,6100000.0,21300000.0,24.0,,387.0,,7100000.0,3100000.0,16300000.0,4100000.0,30600000.0,3.4918032786885247,5.016393442622951,0.696078431372549,1
,,0.0,Not Graduate,Yes,1500000,0.0,1500000.0,4100000.0,144.0,,789.0,,3600000.0,1600000.0,5800000.0,1300000.0,12300000.0,2.7333333333333334,8.2,0.3333333333333333,1
,,0.0,Graduate,Yes,400000,0.0,400000.0,900000.0,24.0,,855.0,,0.0,500000.0,1300000.0,400000.0,2200000.0,2.25,5.5,0.4090909090909091,1
,,0.0,Not Graduate,No,8700000,0.0,8700000.0,33600000.0,168.0,,751.0,,7100000.0,13700000.0,22800000.0,7000000.0,50600000.0,3.8620689655172415,5.816091954022989,0.6640316205533597,1
,,3.0,Not Graduate,No,7000000,0.0,7000000.0,21600000.0,144.0,,739.0,,1600000.0,7600000.0,24500000.0,8400000.0,42100000.0,3.085714285714286,6.014285714285714,0.5130641330166271,1
,,4.0,Graduate,No,4700000,0.0,4700000.0,13100000.0,168.0,,492.0,,1000000.0,4500000.0,14100000.0,6400000.0,26000000.0,2.7872340425531914,5.531914893617022,0.5038461538461538,0
,,4.0,Not Graduate,Yes,7600000,0.0,7600000.0,23800000.0,192.0,,896.0,,3700000.0,4500000.0,15400000.0,6400000.0,30000000.0,3.1315789473684212,3.9473684210526314,0.7933333333333333,1
,,1.0,Not Graduate,Yes,9200000,0.0,9200000.0,24500000.0,48.0,,545.0,,25700000.0,0.0,20600000.0,13300000.0,59600000.0,2.6630434782608696,6.478260869565218,0.4110738255033557,0
,,5.0,Not Graduate,No,9400000,0.0,9400000.0,36800000.0,240.0,,891.0,,13900000.0,16600000.0,19300000.0,8900000.0,58700000.0,3.9148936170212765,6.24468085106383,0.626916524701874,1
,,0.0,Graduate,No,4800000,0.0,4800000.0,15100000.0,72.0,,848.0,,1300000.0,300000.0,18800000.0,3500000.0,23900000.0,3.1458333333333335,4.979166666666667,0.6317991631799164,1
,,3.0,Not Graduate,Yes,600000,0.0,600000.0,2400000.0,144.0,,884.0,,600000.0,800000.0,1400000.0,600000.0,3400000.0,4.0,5.666666666666667,0.7058823529411765,1
,,3.0,Graduate,Yes,4900000,0.0,4900000.0,14300000.0,168.0,,439.0,,10300000.0,5600000.0,17400000.0,5100000.0,38400000.0,2.9183673469387754,7.836734693877551,0.3723958333333333,0
,,3.0,Graduate,Yes,3300000,0.0,3300000.0,8500000.0,144.0,,586.0,,7500000.0,5100000.0,7800000.0,3900000.0,24300000.0,2.5757575757575757,7.363636363636363,0.3497942386831276,1
,,3.0,Graduate,Yes,9100000,0.0,9100000.0,18800000.0,240.0,,308.0,,14500000.0,10200000.0,20500000.0,4800000.0,50000000.0,2.065934065934066,5.4945054945054945,0.376,0
,,5.0,Graduate,No,6100000,0.0,6100000.0,23500000.0,192.0,,300.0,,300000.0,700000.0,22800000.0,4800000.0,28600000.0,3.8524590163934427,4.688524590163935,0.8216783216783217,0
,,3.0,Graduate,Yes,8400000,0.0,8400000.0,19600000.0,24.0,,741.0,,21500000.0,200000.0,18700000.0,8300000.0,48700000.0,2.3333333333333335,5.7976190476190474,0.4024640657084189,1
,,4.0,Graduate,No,7900000,0.0,7900000.0,31400000.0,96.0,,698.0,,16500000.0,11400000.0,28700000.0,5100000.0,61700000.0,3.9746835443037973,7.810126582278481,0.5089141004862237,1
,,2.0,Not Graduate,Yes,6100000,0.0,6100000.0,22300000.0,120.0,,733.0,,12100000.0,9700000.0,17200000.0,5600000.0,44600000.0,3.6557377049180326,7.311475409836065,0.5,1
,,3.0,Not Graduate,Yes,2000000,0.0,2000000.0,4200000.0,192.0,,571.0,,1700000.0,3900000.0,5800000.0,1300000.0,12700000.0,2.1,6.35,0.33070866141732286,1
,,3.0,Graduate,Yes,9900000,0.0,9900000.0,29900000.0,240.0,,490.0,,10500000.0,9100000.0,27100000.0,7400000.0,54100000.0,3.0202020202020203,5.4646464646464645,0.5526802218114603,0
,,2.0,Not Graduate,No,9500000,0.0,9500000.0,25400000.0,192.0,,451.0,,19000000.0,2900000.0,33800000.0,11400000.0,67100000.0,2.6736842105263157,7.063157894736842,0.37853949329359166,0
,,4.0,Graduate,Yes,1900000,0.0,1900000.0,6800000.0,72.0,,559.0,,3600000.0,2200000.0,6200000.0,1200000.0,13200000.0,3.5789473684210527,6.947368421052632,0.5151515151515151,1
,,4.0,Graduate,Yes,6900000,0.0,6900000.0,21400000.0,120.0,,577.0,,12500000.0,2200000.0,14900000.0,6300000.0,35900000.0,3.101449275362319,5.202898550724638,0.596100278551532,1
,,2.0,Not Graduate,Yes,1500000,0.0,1500000.0,5000000.0,48.0,,613.0,,4400000.0,1300000.0,5200000.0,2100000.0,13000000.0,3.3333333333333335,8.666666666666666,0.38461538461538464,1
,,4.0,Not Graduate,No,1900000,0.0,1900000.0,3800000.0,240.0,,785.0,,1000000.0,600000.0,6100000.0,1500000.0,9200000.0,2.0,4.842105263157895,0.41304347826086957,1
,,0.0,Graduate,Yes,2300000,0.0,2300000.0,6000000.0,96.0,,690.0,,5500000.0,2900000.0,6000000.0,2000000.0,16400000.0,2.608695652173913,7.130434782608695,0.36585365853658536,1
,,2.0,Not Graduate,No,7800000,0.0,7800000.0,17100000.0,168.0,,351.0,,19000000.0,7200000.0,19300000.0,7100000.0,52600000.0,2.1923076923076925,6.743589743589744,0.32509505703422054,0
,,4.0,Not Graduate,No,400000,0.0,400000.0,1000000.0,120.0,,447.0,,0.0,300000.0,900000.0,300000.0,1500000.0,2.5,3.75,0.6666666666666666,0
,,0.0,Graduate,Yes,9400000,0.0,9400000.0,19200000.0,240.0,,708.0,,21200000.0,16300000.0,23400000.0,13200000.0,74100000.0,2.0425531914893615,7.882978723404255,0.2591093117408907,1
,,2.0,Graduate,No,9100000,0.0,9100000.0,21700000.0,144.0,,549.0,,25500000.0,11000000.0,34700000.0,12200000.0,83400000.0,2.3846153846153846,9.164835164835164,0.26019184652278177,0
,,1.0,Graduate,Yes,9000000,0.0,9000000.0,18800000.0,96.0,,797.0,,4100000.0,9400000.0,22900000.0,7500000.0,43900000.0,2.088888888888889,4.877777777777778,0.428246013667426,1
,,4.0,Not Graduate,No,7100000,0.0,7100000.0,14300000.0,168.0,,537.0,,13700000.0,10400000.0,18200000.0,6100000.0,48400000.0,2.0140845070422535,6.816901408450704,0.29545454545454547,0
,,3.0,Graduate,No,800000,0.0,800000.0,2500000.0,144.0,,828.0,,1700000.0,0.0,1500000.0,700000.0,3900000.0,3.125,4.875,0.6410256410256411,1
,,0.0,Graduate,Yes,4500000,0.0,4500000.0,9600000.0,168.0,,471.0,,3200000.0,7700000.0,11000000.0,3600000.0,25500000.0,2.1333333333333333,5.666666666666667,0.3764705882352941,0
,,5.0,Graduate,No,8500000,0.0,8500000.0,25400000.0,48.0,,336.0,,8500000.0,1200000.0,30600000.0,9000000.0,49300000.0,2.988235294117647,5.8,0.5152129817444219,0
,,3.0,Not Graduate,Yes,2500000,0.0,2500000.0,9800000.0,192.0,,424.0,,4700000.0,3200000.0,5800000.0,1300000.0,15000000.0,3.92,6.0,0.6533333333333333,0
,,2.0,Graduate,No,1500000,0.0,1500000.0,3300000.0,216.0,,440.0,,800000.0,2300000.0,3000000.0,1800000.0,7900000.0,2.2,5.266666666666667,0.4177215189873418,0
,,0.0,Not Graduate,No,6200000,0.0,6200000.0,17300000.0,96.0,,583.0,,3700000.0,3900000.0,13600000.0,3300000.0,24500000.0,2.7903225806451615,3.9516129032258065,0.7061224489795919,1
,,1.0,Not Graduate,Yes,1300000,0.0,1300000.0,2900000.0,72.0,,480.0,,2900000.0,300000.0,2900000.0,1400000.0,7500000.0,2.230769230769231,5.769230769230769,0.38666666666666666,0
,,5.0,Not Graduate,No,6600000,0.0,6600000.0,25800000.0,120.0,,670.0,,4600000.0,7200000.0,20600000.0,8500000.0,40900000.0,3.909090909090909,6.196969696969697,0.6308068459657702,1
,,0.0,Graduate,Yes,5300000,0.0,5300000.0,13700000.0,72.0,,329.0,,8800000.0,7600000.0,11200000.0,2800000.0,30400000.0,2.5849056603773586,5.735849056603773,0.4506578947368421,0
,,5.0,Not Graduate,No,1400000,0.0,1400000.0,3000000.0,72.0,,754.0,,3500000.0,2700000.0,5300000.0,1400000.0,12900000.0,2.142857142857143,9.214285714285714,0.23255813953488372,1
,,2.0,Not Graduate,Yes,2900000,0.0,2900000.0,7800000.0,216.0,,588.0,,400000.0,100000.0,11600000.0,4200000.0,16300000.0,2.689655172413793,5.620689655172414,0.4785276073619632,1
,,3.0,Not Graduate,No,6500000,0.0,6500000.0,16500000.0,48.0,,551.0,,5300000.0,800000.0,18500000.0,7600000.0,32200000.0,2.5384615384615383,4.953846153846154,0.5124223602484472,1
,,3.0,Graduate,No,8300000,0.0,8300000.0,18900000.0,48.0,,316.0,,20200000.0,9700000.0,21300000.0,8200000.0,59400000.0,2.2771084337349397,7.156626506024097,0.3181818181818182,0
,,2.0,Not Graduate,Yes,8900000,0.0,8900000.0,32200000.0,144.0,,382.0,,0.0,11300000.0,20500000.0,5400000.0,37200000.0,3.6179775280898876,4.179775280898877,0.8655913978494624,0
,,3.0,Graduate,No,5300000,0.0,5300000.0,15000000.0,72.0,,717.0,,7000000.0,4100000.0,17100000.0,5300000.0,33500000.0,2.830188679245283,6.320754716981132,0.44776119402985076,1
,,0.0,Graduate,No,2800000,0.0,2800000.0,7300000.0,72.0,,676.0,,3500000.0,2200000.0,5700000.0,3200000.0,14600000.0,2.607142857142857,5.214285714285714,0.5,1
,,1.0,Not Graduate,No,8000000,0.0,8000000.0,27800000.0,72.0,,667.0,,6000000.0,12600000.0,22500000.0,9900000.0,51000000.0,3.475,6.375,0.5450980392156862,1
,,3.0,Not Graduate,No,3900000,0.0,3900000.0,10500000.0,240.0,,821.0,,1600000.0,6300000.0,11000000.0,3900000.0,22800000.0,2.6923076923076925,5.846153846153846,0.4605263157894737,1
,,0.0,Graduate,No,6200000,0.0,6200000.0,20100000.0,240.0,,345.0,,9300000.0,5900000.0,17400000.0,4100000.0,36700000.0,3.2419354838709675,5.919354838709677,0.547683923705722,0
,,3.0,Not Graduate,Yes,5900000,0.0,5900000.0,19200000.0,120.0,,442.0,,9500000.0,500000.0,18300000.0,4700000.0,33000000.0,3.2542372881355934,5.593220338983051,0.5818181818181818,0
,,1.0,Graduate,Yes,6000000,0.0,6000000.0,23300000.0,144.0,,672.0,,2000000.0,11300000.0,19600000.0,6400000.0,39300000.0,3.8833333333333333,6.55,0.5928753180661578,1
,,3.0,Not Graduate,Yes,9100000,0.0,9100000.0,29300000.0,24.0,,508.0,,19000000.0,5100000.0,31600000.0,11900000.0,67600000.0,3.21978021978022,7.428571428571429,0.4334319526627219,1
,,5.0,Graduate,Yes,3400000,0.0,3400000.0,12300000.0,120.0,,615.0,,7000000.0,1600000.0,11400000.0,3500000.0,23500000.0,3.6176470588235294,6.911764705882353,0.5234042553191489,1
,,1.0,Graduate,Yes,1800000,0.0,1800000.0,4400000.0,96.0,,689.0,,3200000.0,2500000.0,3800000.0,1600000.0,11100000.0,2.4444444444444446,6.166666666666667,0.3963963963963964,1
,,1.0,Graduate,No,300000,0.0,300000.0,1200000.0,216.0,,747.0,,100000.0,0.0,700000.0,200000.0,1000000.0,4.0,3.3333333333333335,1.2,0
,,1.0,Graduate,Yes,9000000,0.0,9000000.0,22800000.0,120.0,,412.0,,0.0,15600000.0,32000000.0,4700000.0,52300000.0,2.533333333333333,5.811111111111111,0.4359464627151052,0
,,1.0,Graduate,No,6400000,0.0,6400000.0,16900000.0,24.0,,703.0,,6300000.0,7300000.0,15900000.0,7400000.0,36900000.0,2.640625,5.765625,0.45799457994579945,1
,,5.0,Not Graduate,No,5800000,0.0,5800000.0,22200000.0,192.0,,884.0,,1200000.0,4800000.0,19500000.0,8500000.0,34000000.0,3.8275862068965516,5.862068965517241,0.6529411764705882,1
,,5.0,Graduate,Yes,2600000,0.0,2600000.0,8600000.0,216.0,,651.0,,1000000.0,100000.0,7800000.0,2600000.0,11500000.0,3.3076923076923075,4.423076923076923,0.7478260869565218,1
,,4.0,Not Graduate,No,6600000,0.0,6600000.0,17300000.0,168.0,,793.0,,16700000.0,1400000.0,17500000.0,3900000.0,39500000.0,2.621212121212121,5.984848484848484,0.4379746835443038,1
,,2.0,Not Graduate,No,6100000,0.0,6100000.0,21800000.0,48.0,,407.0,,9800000.0,100000.0,20200000.0,5800000.0,35900000.0,3.5737704918032787,5.885245901639344,0.6072423398328691,1
,,2.0,Not Graduate,No,4100000,0.0,4100000.0,11100000.0,96.0,,390.0,,800000.0,3100000.0,10100000.0,3400000.0,17400000.0,2.707317073170732,4.2439024390243905,0.6379310344827587,0
,,3.0,Not Graduate,Yes,300000,0.0,300000.0,1000000.0,144.0,,469.0,,600000.0,400000.0,700000.0,300000.0,2000000.0,3.3333333333333335,6.666666666666667,0.5,0
,,4.0,Graduate,No,4700000,0.0,4700000.0,10400000.0,72.0,,373.0,,6800000.0,8600000.0,14300000.0,5400000.0,35100000.0,2.2127659574468086,7.468085106382978,0.2962962962962963,0
,,4.0,Graduate,Yes,1500000,0.0,1500000.0,5800000.0,24.0,,304.0,,2400000.0,1600000.0,3300000.0,1400000.0,8700000.0,3.8666666666666667,5.8,0.6666666666666666,1
,,5.0,Not Graduate,No,2700000,0.0,2700000.0,8300000.0,96.0,,833.0,,4600000.0,1300000.0,6800000.0,3300000.0,16000000.0,3.074074074074074,5.925925925925926,0.51875,1
,,2.0,Graduate,No,6900000,0.0,6900000.0,20900000.0,24.0,,302.0,,18700000.0,10700000.0,26900000.0,9200000.0,65500000.0,3.028985507246377,9.492753623188406,0.3190839694656489,1
,,0.0,Graduate,No,7600000,0.0,7600000.0,28700000.0,72.0,,397.0,,11000000.0,13200000.0,24600000.0,3800000.0,52600000.0,3.776315789473684,6.921052631578948,0.5456273764258555,0
,,1.0,Graduate,No,4100000,0.0,4100000.0,10000000.0,72.0,,891.0,,4900000.0,300000.0,12600000.0,3600000.0,21400000.0,2.4390243902439024,5.219512195121951,0.4672897196261682,1
,,3.0,Not Graduate,No,4100000,0.0,4100000.0,12200000.0,24.0,,457.0,,700000.0,500000.0,14100000.0,4900000.0,20200000.0,2.975609756097561,4.926829268292683,0.6039603960396039,0
,,4.0,Not Graduate,No,1600000,0.0,1600000.0,3200000.0,192.0,,657.0,,200000.0,100000.0,5700000.0,1200000.0,7200000.0,2.0,4.5,0.4444444444444444,1
,,2.0,Not Graduate,Yes,400000,0.0,400000.0,1400000.0,24.0,,480.0,,200000.0,700000.0,1600000.0,200000.0,2700000.0,3.5,6.75,0.5185185185185185,1
,,5.0,Graduate,Yes,4400000,0.0,4400000.0,17300000.0,240.0,,840.0,,3600000.0,5100000.0,12900000.0,2300000.0,23900000.0,3.9318181818181817,5.431818181818182,0.7238493723849372,1
,,2.0,Not Graduate,Yes,3800000,0.0,3800000.0,8000000.0,144.0,,866.0,,6000000.0,600000.0,8400000.0,1900000.0,16900000.0,2.1052631578947367,4.447368421052632,0.47337278106508873,1
,,0.0,Not Graduate,No,4300000,0.0,4300000.0,17000000.0,96.0,,619.0,,4100000.0,6600000.0,17100000.0,3900000.0,31700000.0,3.953488372093023,7.372093023255814,0.5362776025236593,1
,,1.0,Graduate,Yes,9000000,0.0,9000000.0,33500000.0,24.0,,748.0,,7900000.0,9800000.0,25700000.0,11500000.0,54900000.0,3.7222222222222223,6.1,0.6102003642987249,1
,,3.0,Not Graduate,Yes,9500000,0.0,9500000.0,25500000.0,144.0,,881.0,,27000000.0,14100000.0,21600000.0,8900000.0,71600000.0,2.6842105263157894,7.536842105263158,0.35614525139664804,1
,,2.0,Graduate,Yes,6900000,0.0,6900000.0,13900000.0,96.0,,829.0,,14300000.0,8100000.0,22400000.0,4600000.0,49400000.0,2.0144927536231885,7.159420289855072,0.2813765182186235,1
,,3.0,Not Graduate,No,4300000,0.0,4300000.0,11100000.0,72.0,,312.0,,4800000.0,3800000.0,10100000.0,3300000.0,22000000.0,2.5813953488372094,5.116279069767442,0.5045454545454545,0
,,3.0,Not Graduate,No,6600000,0.0,6600000.0,21400000.0,120.0,,467.0,,15200000.0,6000000.0,20300000.0,5200000.0,46700000.0,3.242424242424242,7.075757575757576,0.4582441113490364,0
,,1.0,Graduate,Yes,5200000,0.0,5200000.0,14300000.0,216.0,,650.0,,5400000.0,2300000.0,17600000.0,3600000.0,28900000.0,2.75,5.5576923076923075,0.49480968858131485,1
,,3.0,Graduate,Yes,400000,0.0,400000.0,1100000.0,72.0,,711.0,,100000.0,300000.0,1400000.0,100000.0,1900000.0,2.75,4.75,0.5789473684210527,1
,,4.0,Not Graduate,No,1300000,0.0,1300000.0,4100000.0,216.0,,886.0,,2800000.0,500000.0,3800000.0,600000.0,7700000.0,3.1538461538461537,5.923076923076923,0.5324675324675324,1
,,5.0,Not Graduate,No,9700000,0.0,9700000.0,28400000.0,48.0,,494.0,,5300000.0,12000000.0,24400000.0,10000000.0,51700000.0,2.9278350515463916,5.329896907216495,0.5493230174081238,0
,,2.0,Graduate,Yes,5400000,0.0,5400000.0,10900000.0,168.0,,741.0,,1300000.0,6000000.0,20400000.0,5600000.0,33300000.0,2.0185185185185186,6.166666666666667,0.32732732732732733,1
,,4.0,Not Graduate,No,1200000,0.0,1200000.0,3300000.0,144.0,,876.0,,400000.0,100000.0,3800000.0,1000000.0,5300000.0,2.75,4.416666666666667,0.6226415094339622,1
,,0.0,Graduate,Yes,7000000,0.0,7000000.0,26400000.0,168.0,,610.0,,14300000.0,0.0,13900000.0,5300000.0,33500000.0,3.7714285714285714,4.785714285714286,0.7880597014925373,1
,,5.0,Graduate,No,7600000,0.0,7600000.0,26000000.0,72.0,,778.0,,12900000.0,2400000.0,25500000.0,10900000.0,51700000.0,3.4210526315789473,6.802631578947368,0.5029013539651838,1
,,5.0,Graduate,Yes,700000,0.0,700000.0,1800000.0,168.0,,571.0,,200000.0,400000.0,1900000.0,400000.0,2900000.0,2.5714285714285716,4.142857142857143,0.6206896551724138,1
,,3.0,Graduate,Yes,7500000,0.0,7500000.0,25100000.0,216.0,,554.0,,12500000.0,7900000.0,28500000.0,4700000.0,53600000.0,3.3466666666666667,7.1466666666666665,0.46828358208955223,1
,,0.0,Not Graduate,Yes,2300000,0.0,2300000.0,6200000.0,96.0,,712.0,,6800000.0,1700000.0,8800000.0,1500000.0,18800000.0,2.6956521739130435,8.173913043478262,0.32978723404255317,1
,,5.0,Not Graduate,Yes,5600000,0.0,5600000.0,11500000.0,48.0,,695.0,,9500000.0,7100000.0,11700000.0,7800000.0,36100000.0,2.0535714285714284,6.446428571428571,0.3185595567867036,1
,,0.0,Not Graduate,Yes,5400000,0.0,5400000.0,10900000.0,240.0,,366.0,,3700000.0,500000.0,21000000.0,4800000.0,30000000.0,2.0185185185185186,5.555555555555555,0.36333333333333334,0
,,1.0,Not Graduate,Yes,1800000,0.0,1800000.0,5500000.0,120.0,,426.0,,5000000.0,1500000.0,5900000.0,1600000.0,14000000.0,3.0555555555555554,7.777777777777778,0.39285714285714285,0
,,0.0,Not Graduate,No,2900000,0.0,2900000.0,6900000.0,120.0,,320.0,,5100000.0,500000.0,7700000.0,1500000.0,14800000.0,2.3793103448275863,5.103448275862069,0.46621621621621623,0
,,3.0,Not Graduate,Yes,1400000,0.0,1400000.0,4600000.0,96.0,,543.0,,1500000.0,1200000.0,2700000.0,2000000.0,7400000.0,3.2857142857142856,5.285714285714286,0.6216216216216216,0
,,2.0,Graduate,No,2800000,0.0,2800000.0,11000000.0,192.0,,525.0,,8200000.0,1800000.0,5800000.0,2400000.0,18200000.0,3.9285714285714284,6.5,0.6043956043956044,0
,,0.0,Not Graduate,Yes,3300000,0.0,3300000.0,13100000.0,144.0,,812.0,,4800000.0,4900000.0,7500000.0,4300000.0,21500000.0,3.9696969696969697,6.515151515151516,0.6093023255813953,1
,,0.0,Not Graduate,No,7000000,0.0,7000000.0,25300000.0,168.0,,697.0,,15100000.0,10400000.0,14300000.0,6700000.0,46500000.0,3.6142857142857143,6.642857142857143,0.5440860215053763,1
,,1.0,Not Graduate,No,3900000,0.0,3900000.0,15100000.0,144.0,,527.0,,10600000.0,5100000.0,11100000.0,3800000.0,30600000.0,3.871794871794872,7.846153846153846,0.4934640522875817,0
,,1.0,Not Graduate,No,5700000,0.0,5700000.0,17200000.0,48.0,,512.0,,4300000.0,7000000.0,21400000.0,3000000.0,35700000.0,3.017543859649123,6.2631578947368425,0.48179271708683474,1
,,0.0,Graduate,No,4100000,0.0,4100000.0,9200000.0,48.0,,671.0,,3400000.0,6300000.0,10400000.0,4900000.0,25000000.0,2.2439024390243905,6.097560975609756,0.368,1
,,1.0,Graduate,Yes,2200000,0.0,2200000.0,8700000.0,240.0,,539.0,,1000000.0,4000000.0,8200000.0,2600000.0,15800000.0,3.9545454545454546,7.181818181818182,0.5506329113924051,0
,,5.0,Not Graduate,No,2200000,0.0,2200000.0,7200000.0,120.0,,532.0,,2700000.0,300000.0,7500000.0,1600000.0,12100000.0,3.272727272727273,5.5,0.5950413223140496,0
,,3.0,Not Graduate,Yes,2500000,0.0,2500000.0,7700000.0,192.0,,485.0,,2000000.0,3600000.0,5600000.0,3200000.0,14400000.0,3.08,5.76,0.5347222222222222,0
,,0.0,Not Graduate,Yes,900000,0.0,900000.0,2100000.0,72.0,,521.0,,100000.0,1700000.0,2100000.0,700000.0,4600000.0,2.3333333333333335,5.111111111111111,0.45652173913043476,0
,,1.0,Not Graduate,No,2900000,0.0,2900000.0,7400000.0,120.0,,874.0,,400000.0,1200000.0,10100000.0,3300000.0,15000000.0,2.5517241379310347,5.172413793103448,0.49333333333333335,1
,,2.0,Not Graduate,No,9800000,0.0,9800000.0,22900000.0,120.0,,788.0,,1300000.0,10300000.0,27200000.0,14000000.0,52800000.0,2.336734693877551,5.387755102040816,0.4337121212121212,1
,,2.0,Not Graduate,No,5200000,0.0,5200000.0,14800000.0,144.0,,659.0,,11500000.0,5200000.0,18100000.0,4100000.0,38900000.0,2.8461538461538463,7.480769230769231,0.38046272493573263,1
,,1.0,Graduate,Yes,8600000,0.0,8600000.0,19600000.0,192.0,,498.0,,14800000.0,3000000.0,21000000.0,5300000.0,44100000.0,2.2790697674418605,5.127906976744186,0.4444444444444444,0
,,2.0,Graduate,Yes,4800000,0.0,4800000.0,13200000.0,240.0,,310.0,,11800000.0,4600000.0,12900000.0,4200000.0,33500000.0,2.75,6.979166666666667,0.3940298507462687,0
,,0.0,Graduate,No,2000000,0.0,2000000.0,4700000.0,72.0,,785.0,,2900000.0,1800000.0,6700000.0,1700000.0,13100000.0,2.35,6.55,0.35877862595419846,1
,,0.0,Graduate,No,3600000,0.0,3600000.0,8700000.0,120.0,,309.0,,6300000.0,1000000.0,8600000.0,3300000.0,19200000.0,2.4166666666666665,5.333333333333333,0.453125,0
,,3.0,Not Graduate,Yes,5300000,0.0,5300000.0,19600000.0,24.0,,433.0,,14700000.0,9900000.0,10800000.0,3000000.0,38400000.0,3.69811320754717,7.245283018867925,0.5104166666666666,1
,,1.0,Not Graduate,Yes,400000,0.0,400000.0,1300000.0,216.0,,801.0,,100000.0,0.0,1500000.0,600000.0,2200000.0,3.25,5.5,0.5909090909090909,1
,,3.0,Graduate,Yes,6500000,0.0,6500000.0,22400000.0,72.0,,488.0,,16800000.0,11700000.0,21700000.0,6800000.0,57000000.0,3.4461538461538463,8.76923076923077,0.3929824561403509,0
,,0.0,Not Graduate,Yes,2300000,0.0,2300000.0,6000000.0,192.0,,756.0,,2900000.0,2100000.0,7500000.0,1200000.0,13700000.0,2.608695652173913,5.956521739130435,0.43795620437956206,1
,,3.0,Graduate,No,1000000,0.0,1000000.0,2800000.0,48.0,,757.0,,2500000.0,100000.0,3800000.0,900000.0,7300000.0,2.8,7.3,0.3835616438356164,1
,,5.0,Not Graduate,No,3200000,0.0,3200000.0,10100000.0,72.0,,828.0,,8500000.0,6000000.0,8700000.0,3000000.0,26200000.0,3.15625,8.1875,0.38549618320610685,1
,,3.0,Graduate,Yes,3400000,0.0,3400000.0,7200000.0,144.0,,733.0,,4800000.0,2700000.0,8100000.0,2200000.0,17800000.0,2.1176470588235294,5.235294117647059,0.4044943820224719,1
,,0.0,Not Graduate,No,9600000,0.0,9600000.0,38200000.0,96.0,,421.0,,1600000.0,14100000.0,33600000.0,13800000.0,63100000.0,3.9791666666666665,6.572916666666667,0.6053882725832013,0
,,3.0,Not Graduate,No,5300000,0.0,5300000.0,20300000.0,48.0,,872.0,,4300000.0,7300000.0,18400000.0,7600000.0,37600000.0,3.830188679245283,7.09433962264151,0.5398936170212766,1
,,3.0,Graduate,No,4700000,0.0,4700000.0,17400000.0,120.0,,393.0,,12400000.0,5300000.0,18700000.0,5300000.0,41700000.0,3.702127659574468,8.872340425531915,0.4172661870503597,0
,,3.0,Graduate,No,9700000,0.0,9700000.0,37800000.0,144.0,,700.0,,13400000.0,6100000.0,25800000.0,11900000.0,57200000.0,3.8969072164948453,5.896907216494846,0.6608391608391608,1
,,5.0,Graduate,No,8800000,0.0,8800000.0,21600000.0,216.0,,613.0,,15400000.0,12100000.0,30000000.0,8400000.0,65900000.0,2.4545454545454546,7.488636363636363,0.3277693474962064,1
,,5.0,Graduate,No,5900000,0.0,5900000.0,13400000.0,72.0,,455.0,,3200000.0,11200000.0,21600000.0,6900000.0,42900000.0,2.2711864406779663,7.271186440677966,0.3123543123543124,0
,,4.0,Graduate,Yes,2400000,0.0,2400000.0,7100000.0,192.0,,871.0,,7000000.0,300000.0,8500000.0,3500000.0,19300000.0,2.9583333333333335,8.041666666666666,0.36787564766839376,1
,,4.0,Graduate,Yes,7900000,0.0,7900000.0,21500000.0,192.0,,497.0,,2200000.0,5200000.0,23100000.0,7700000.0,38200000.0,2.721518987341772,4.8354430379746836,0.56282722513089,0
,,0.0,Graduate,No,1400000,0.0,1400000.0,2700000.0,24.0,,649.0,,2600000.0,1000000.0,5500000.0,1100000.0,10200000.0,1.9285714285714286,7.285714285714286,0.2647058823529412,1
,,0.0,Graduate,Yes,3500000,0.0,3500000.0,10000000.0,168.0,,709.0,,5300000.0,1800000.0,9200000.0,5000000.0,21300000.0,2.857142857142857,6.085714285714285,0.4694835680751174,1
,,4.0,Graduate,No,3400000,0.0,3400000.0,13500000.0,144.0,,705.0,,10000000.0,1100000.0,8300000.0,4900000.0,24300000.0,3.9705882352941178,7.147058823529412,0.5555555555555556,1
,,2.0,Graduate,No,6100000,0.0,6100000.0,23600000.0,24.0,,476.0,,4600000.0,2900000.0,22500000.0,3800000.0,33800000.0,3.8688524590163933,5.540983606557377,0.6982248520710059,1
,,2.0,Not Graduate,Yes,3000000,0.0,3000000.0,7100000.0,48.0,,819.0,,5400000.0,4800000.0,6000000.0,2100000.0,18300000.0,2.3666666666666667,6.1,0.3879781420765027,1
,,5.0,Not Graduate,Yes,3400000,0.0,3400000.0,9400000.0,192.0,,535.0,,3100000.0,5600000.0,12900000.0,3200000.0,24800000.0,2.764705882352941,7.294117647058823,0.3790322580645161,0
,,0.0,Graduate,Yes,400000,0.0,400000.0,1200000.0,168.0,,889.0,,1100000.0,200000.0,700000.0,200000.0,2200000.0,3.0,5.5,0.5454545454545454,1
,,0.0,Graduate,No,5900000,0.0,5900000.0,11800000.0,144.0,,468.0,,9100000.0,10000000.0,17500000.0,6200000.0,42800000.0,2.0,7.254237288135593,0.2757009345794392,0
,,5.0,Graduate,Yes,400000,0.0,400000.0,800000.0,24.0,,759.0,,100000.0,500000.0,1300000.0,300000.0,2200000.0,2.0,5.5,0.36363636363636365,1
,,3.0,Graduate,Yes,9000000,0.0,9000000.0,33600000.0,24.0,,426.0,,21600000.0,16200000.0,20700000.0,11900000.0,70400000.0,3.7333333333333334,7.822222222222222,0.4772727272727273,1
,,0.0,Graduate,Yes,8800000,0.0,8800000.0,23600000.0,96.0,,712.0,,400000.0,11300000.0,19300000.0,11100000.0,42100000.0,2.6818181818181817,4.784090909090909,0.5605700712589073,1
,,4.0,Graduate,Yes,2000000,0.0,2000000.0,4700000.0,24.0,,615.0,,500000.0,100000.0,6700000.0,3000000.0,10300000.0,2.35,5.15,0.4563106796116505,1
,,2.0,Graduate,No,4700000,0.0,4700000.0,14000000.0,144.0,,784.0,,13400000.0,2700000.0,14800000.0,6900000.0,37800000.0,2.978723404255319,8.042553191489361,0.37037037037037035,1
,,4.0,Not Graduate,No,2700000,0.0,2700000.0,6100000.0,192.0,,677.0,,100000.0,3300000.0,6500000.0,3800000.0,13700000.0,2.259259259259259,5.074074074074074,0.44525547445255476,1
,,1.0,Not Graduate,No,2600000,0.0,2600000.0,7900000.0,144.0,,306.0,,2000000.0,2400000.0,7600000.0,3300000.0,15300000.0,3.0384615384615383,5.884615384615385,0.5163398692810458,0
,,1.0,Not Graduate,Yes,9000000,0.0,9000000.0,25400000.0,192.0,,655.0,,22000000.0,8800000.0,29100000.0,7200000.0,67100000.0,2.8222222222222224,7.455555555555556,0.37853949329359166,1
,,4.0,Not Graduate,No,5100000,0.0,5100000.0,19400000.0,96.0,,755.0,,2200000.0,300000.0,14900000.0,5300000.0,22700000.0,3.803921568627451,4.450980392156863,0.8546255506607929,1
,,2.0,Graduate,No,6600000,0.0,6600000.0,25800000.0,216.0,,598.0,,3800000.0,3100000.0,16400000.0,5900000.0,29200000.0,3.909090909090909,4.424242424242424,0.8835616438356164,1
,,2.0,Graduate,No,4400000,0.0,4400000.0,9800000.0,216.0,,712.0,,5400000.0,200000.0,8800000.0,6400000.0,20800000.0,2.227272727272727,4.7272727272727275,0.47115384615384615,1
,,4.0,Not Graduate,Yes,1500000,0.0,1500000.0,4600000.0,72.0,,524.0,,3700000.0,2000000.0,5000000.0,1400000.0,12100000.0,3.066666666666667,8.066666666666666,0.38016528925619836,0
,,1.0,Not Graduate,No,6200000,0.0,6200000.0,23100000.0,192.0,,838.0,,9100000.0,1400000.0,23500000.0,7000000.0,41000000.0,3.725806451612903,6.612903225806452,0.5634146341463414,1
,,4.0,Graduate,Yes,900000,0.0,900000.0,2900000.0,72.0,,560.0,,1500000.0,900000.0,3100000.0,900000.0,6400000.0,3.2222222222222223,7.111111111111111,0.453125,1
,,3.0,Not Graduate,No,7700000,0.0,7700000.0,26400000.0,144.0,,759.0,,3400000.0,2900000.0,21900000.0,10800000.0,39000000.0,3.4285714285714284,5.064935064935065,0.676923076923077,1
,,2.0,Graduate,Yes,600000,0.0,600000.0,2400000.0,72.0,,454.0,,100000.0,600000.0,2300000.0,300000.0,3300000.0,4.0,5.5,0.7272727272727273,0
,,4.0,Not Graduate,No,4300000,0.0,4300000.0,16500000.0,48.0,,539.0,,10600000.0,6100000.0,9300000.0,2100000.0,28100000.0,3.8372093023255816,6.534883720930233,0.5871886120996441,1
,,2.0,Not Graduate,Yes,8200000,0.0,8200000.0,27800000.0,192.0,,827.0,,11500000.0,8700000.0,26000000.0,10700000.0,56900000.0,3.3902439024390243,6.939024390243903,0.48857644991212656,1
,,0.0,Not Graduate,No,3500000,0.0,3500000.0,11900000.0,144.0,,686.0,,4400000.0,4800000.0,10100000.0,2500000.0,21800000.0,3.4,6.228571428571429,0.5458715596330275,1
,,1.0,Graduate,Yes,9900000,0.0,9900000.0,34100000.0,168.0,,371.0,,24400000.0,7100000.0,29300000.0,6200000.0,67000000.0,3.4444444444444446,6.767676767676767,0.508955223880597,0
,,5.0,Graduate,No,700000,0.0,700000.0,1900000.0,48.0,,784.0,,500000.0,1000000.0,2100000.0,600000.0,4200000.0,2.7142857142857144,6.0,0.4523809523809524,1
,,1.0,Graduate,Yes,2100000,0.0,2100000.0,7300000.0,192.0,,826.0,,1600000.0,3500000.0,7700000.0,1400000.0,14200000.0,3.4761904761904763,6.761904761904762,0.5140845070422535,1
,,2.0,Not Graduate,No,3200000,0.0,3200000.0,10500000.0,144.0,,502.0,,4300000.0,1500000.0,10000000.0,4500000.0,20300000.0,3.28125,6.34375,0.5172413793103449,0
,,0.0,Graduate,No,2900000,0.0,2900000.0,7800000.0,96.0,,367.0,,700000.0,3700000.0,7700000.0,3600000.0,15700000.0,2.689655172413793,5.413793103448276,0.4968152866242038,0
,,0.0,Not Graduate,No,7000000,0.0,7000000.0,18300000.0,72.0,,541.0,,6300000.0,6400000.0,20800000.0,8300000.0,41800000.0,2.6142857142857143,5.9714285714285715,0.43779904306220097,0
,,1.0,Graduate,No,3700000,0.0,3700000.0,13600000.0,192.0,,608.0,,400000.0,2200000.0,13400000.0,2800000.0,18800000.0,3.675675675675676,5.081081081081081,0.723404255319149,1
,,3.0,Not Graduate,Yes,4500000,0.0,4500000.0,13100000.0,144.0,,570.0,,10500000.0,2000000.0,10100000.0,5800000.0,28400000.0,2.911111111111111,6.311111111111111,0.4612676056338028,1
,,3.0,Graduate,No,200000,0.0,200000.0,800000.0,216.0,,752.0,,200000.0,200000.0,300000.0,200000.0,900000.0,4.0,4.5,0.8888888888888888,1
,,5.0,Not Graduate,Yes,5600000,0.0,5600000.0,20500000.0,96.0,,873.0,,5500000.0,9500000.0,19400000.0,7800000.0,42200000.0,3.6607142857142856,7.535714285714286,0.48578199052132703,1
,,5.0,Graduate,No,5400000,0.0,5400000.0,18600000.0,24.0,,538.0,,7700000.0,2700000.0,18800000.0,4000000.0,33200000.0,3.4444444444444446,6.148148148148148,0.5602409638554217,1
,,4.0,Not Graduate,No,300000,0.0,300000.0,1000000.0,120.0,,819.0,,700000.0,300000.0,900000.0,200000.0,2100000.0,3.3333333333333335,7.0,0.47619047619047616,1
,,1.0,Graduate,Yes,7500000,0.0,7500000.0,29800000.0,216.0,,770.0,,1400000.0,5200000.0,28000000.0,8700000.0,43300000.0,3.973333333333333,5.773333333333333,0.6882217090069284,1
,,5.0,Not Graduate,Yes,2500000,0.0,2500000.0,9600000.0,72.0,,345.0,,1900000.0,1900000.0,6800000.0,2600000.0,13200000.0,3.84,5.28,0.7272727272727273,0
,,4.0,Graduate,Yes,3100000,0.0,3100000.0,8100000.0,144.0,,730.0,,6300000.0,4500000.0,9000000.0,4500000.0,24300000.0,2.6129032258064515,7.838709677419355,0.3333333333333333,1
,,1.0,Graduate,Yes,7600000,0.0,7600000.0,19300000.0,240.0,,835.0,,5800000.0,2300000.0,22000000.0,8200000.0,38300000.0,2.539473684210526,5.0394736842105265,0.5039164490861618,1
,,3.0,Not Graduate,Yes,500000,0.0,500000.0,1700000.0,24.0,,811.0,,500000.0,500000.0,1400000.0,200000.0,2600000.0,3.4,5.2,0.6538461538461539,1
,,2.0,Not Graduate,No,2700000,0.0,2700000.0,5900000.0,168.0,,662.0,,3200000.0,1600000.0,7300000.0,3800000.0,15900000.0,2.185185185185185,5.888888888888889,0.3710691823899371,1
,,2.0,Not Graduate,Yes,3500000,0.0,3500000.0,13300000.0,48.0,,420.0,,6400000.0,1700000.0,8000000.0,2300000.0,18400000.0,3.8,5.257142857142857,0.7228260869565217,1
,,5.0,Not Graduate,No,3700000,0.0,3700000.0,11700000.0,48.0,,413.0,,8400000.0,5500000.0,12000000.0,2700000.0,28600000.0,3.1621621621621623,7.72972972972973,0.4090909090909091,1
,,2.0,Not Graduate,Yes,5600000,0.0,5600000.0,20000000.0,120.0,,367.0,,13700000.0,5000000.0,19100000.0,6000000.0,43800000.0,3.5714285714285716,7.821428571428571,0.45662100456621,0
,,5.0,Not Graduate,Yes,4800000,0.0,4800000.0,16400000.0,168.0,,390.0,,8400000.0,2400000.0,9500000.0,4000000.0,24300000.0,3.4166666666666665,5.0625,0.6748971193415638,0
,,4.0,Not Graduate,Yes,5200000,0.0,5200000.0,12200000.0,24.0,,602.0,,10300000.0,800000.0,20500000.0,7700000.0,39300000.0,2.3461538461538463,7.5576923076923075,0.3104325699745547,1
,,3.0,Graduate,No,2900000,0.0,2900000.0,11500000.0,192.0,,843.0,,2300000.0,2600000.0,10700000.0,4300000.0,19900000.0,3.9655172413793105,6.862068965517241,0.5778894472361809,1
,,1.0,Graduate,No,2700000,0.0,2700000.0,6800000.0,240.0,,713.0,,500000.0,3300000.0,6100000.0,1900000.0,11800000.0,2.5185185185185186,4.37037037037037,0.576271186440678,1
,,3.0,Graduate,No,5000000,0.0,5000000.0,16200000.0,96.0,,591.0,,1900000.0,3400000.0,14000000.0,5000000.0,24300000.0,3.24,4.86,0.6666666666666666,1
,,2.0,Not Graduate,Yes,2700000,0.0,2700000.0,9400000.0,168.0,,701.0,,400000.0,3400000.0,9900000.0,1900000.0,15600000.0,3.4814814814814814,5.777777777777778,0.6025641025641025,1
,,4.0,Not Graduate,Yes,2800000,0.0,2800000.0,10000000.0,144.0,,655.0,,4900000.0,3600000.0,8500000.0,3300000.0,20300000.0,3.5714285714285716,7.25,0.49261083743842365,1
,,3.0,Not Graduate,Yes,7300000,0.0,7300000.0,20000000.0,216.0,,720.0,,15500000.0,9900000.0,23000000.0,9800000.0,58200000.0,2.73972602739726,7.972602739726027,0.3436426116838488,1
,,0.0,Graduate,Yes,5900000,0.0,5900000.0,15100000.0,120.0,,794.0,,6000000.0,4300000.0,14900000.0,5400000.0,30600000.0,2.559322033898305,5.186440677966102,0.4934640522875817,1
,,0.0,Graduate,No,8100000,0.0,8100000.0,21300000.0,24.0,,392.0,,14200000.0,6600000.0,31500000.0,11000000.0,63300000.0,2.6296296296296298,7.814814814814815,0.33649289099526064,0
,,3.0,Graduate,Yes,1900000,0.0,1900000.0,7100000.0,72.0,,583.0,,400000.0,2800000.0,6500000.0,2000000.0,11700000.0,3.736842105263158,6.157894736842105,0.6068376068376068,1
,,5.0,Graduate,No,1800000,0.0,1800000.0,6800000.0,216.0,,457.0,,2200000.0,1100000.0,3800000.0,1400000.0,8500000.0,3.7777777777777777,4.722222222222222,0.8,0
,,0.0,Not Graduate,Yes,7600000,0.0,7600000.0,17800000.0,168.0,,570.0,,15200000.0,12100000.0,21500000.0,9900000.0,58700000.0,2.3421052631578947,7.723684210526316,0.303236797274276,1
,,1.0,Graduate,No,9100000,0.0,9100000.0,30100000.0,168.0,,890.0,,17800000.0,12400000.0,32500000.0,7500000.0,70200000.0,3.3076923076923075,7.714285714285714,0.4287749287749288,1
,,2.0,Not Graduate,Yes,5300000,0.0,5300000.0,12300000.0,168.0,,472.0,,10000000.0,1600000.0,20400000.0,3300000.0,35300000.0,2.3207547169811322,6.660377358490566,0.34844192634560905,0
,,2.0,Not Graduate,No,3700000,0.0,3700000.0,10900000.0,144.0,,788.0,,1700000.0,700000.0,12200000.0,2600000.0,17200000.0,2.945945945945946,4.648648648648648,0.6337209302325582,1
,,0.0,Not Graduate,No,9500000,0.0,9500000.0,35300000.0,72.0,,605.0,,10000000.0,12700000.0,31100000.0,7000000.0,60800000.0,3.7157894736842105,6.4,0.5805921052631579,1
,,3.0,Graduate,No,8300000,0.0,8300000.0,30500000.0,120.0,,473.0,,13300000.0,9400000.0,23300000.0,11800000.0,57800000.0,3.674698795180723,6.963855421686747,0.527681660899654,0
,,5.0,Graduate,No,6400000,0.0,6400000.0,21500000.0,192.0,,728.0,,300000.0,5200000.0,17400000.0,9600000.0,32500000.0,3.359375,5.078125,0.6615384615384615,1
,,5.0,Graduate,Yes,5300000,0.0,5300000.0,17800000.0,192.0,,505.0,,9200000.0,8500000.0,14600000.0,4100000.0,36400000.0,3.358490566037736,6.867924528301887,0.489010989010989,0
,,0.0,Graduate,Yes,5600000,0.0,5600000.0,19300000.0,72.0,,407.0,,3400000.0,3600000.0,14200000.0,8400000.0,29600000.0,3.4464285714285716,5.285714285714286,0.652027027027027,0
,,1.0,Graduate,Yes,900000,0.0,900000.0,1700000.0,216.0,,464.0,,1300000.0,0.0,1900000.0,700000.0,3900000.0,1.8888888888888888,4.333333333333333,0.4358974358974359,0
,,0.0,Graduate,Yes,2400000,0.0,2400000.0,7200000.0,240.0,,514.0,,4100000.0,2100000.0,6700000.0,1800000.0,14700000.0,3.0,6.125,0.4897959183673469,0
,,1.0,Graduate,No,9500000,0.0,9500000.0,23000000.0,120.0,,627.0,,28500000.0,11500000.0,21700000.0,9100000.0,70800000.0,2.4210526315789473,7.4526315789473685,0.3248587570621469,1
,,2.0,Not Graduate,Yes,7400000,0.0,7400000.0,14900000.0,240.0,,627.0,,15900000.0,10100000.0,19000000.0,10300000.0,55300000.0,2.0135135135135136,7.472972972972973,0.2694394213381555,1
,,4.0,Not Graduate,Yes,1500000,0.0,1500000.0,3200000.0,120.0,,858.0,,1500000.0,0.0,4700000.0,1700000.0,7900000.0,2.1333333333333333,5.266666666666667,0.4050632911392405,1
,,3.0,Graduate,Yes,8800000,0.0,8800000.0,30200000.0,96.0,,607.0,,13600000.0,12700000.0,21500000.0,5900000.0,53700000.0,3.4318181818181817,6.1022727272727275,0.5623836126629422,1
,,5.0,Not Graduate,Yes,4900000,0.0,4900000.0,14300000.0,48.0,,663.0,,8500000.0,6100000.0,19600000.0,5500000.0,39700000.0,2.9183673469387754,8.10204081632653,0.3602015113350126,1
,,1.0,Not Graduate,Yes,8100000,0.0,8100000.0,26900000.0,72.0,,522.0,,23000000.0,2100000.0,18700000.0,4200000.0,48000000.0,3.3209876543209877,5.925925925925926,0.5604166666666667,0
,,2.0,Not Graduate,Yes,2300000,0.0,2300000.0,9100000.0,240.0,,610.0,,3700000.0,600000.0,7800000.0,3400000.0,15500000.0,3.9565217391304346,6.739130434782608,0.5870967741935483,1
,,5.0,Not Graduate,Yes,3000000,0.0,3000000.0,6600000.0,192.0,,462.0,,5500000.0,3500000.0,9100000.0,3600000.0,21700000.0,2.2,7.233333333333333,0.30414746543778803,0
,,2.0,Not Graduate,Yes,3900000,0.0,3900000.0,9300000.0,96.0,,591.0,,10900000.0,2700000.0,9600000.0,3300000.0,26500000.0,2.3846153846153846,6.794871794871795,0.35094339622641507,1
,,4.0,Graduate,Yes,1700000,0.0,1700000.0,6500000.0,240.0,,636.0,,1700000.0,900000.0,6200000.0,2300000.0,11100000.0,3.823529411764706,6.529411764705882,0.5855855855855856,1
,,0.0,Not Graduate,Yes,2100000,0.0,2100000.0,4900000.0,120.0,,359.0,,1000000.0,800000.0,6100000.0,1000000.0,8900000.0,2.3333333333333335,4.238095238095238,0.550561797752809,0
,,4.0,Graduate,Yes,9700000,0.0,9700000.0,25000000.0,48.0,,542.0,,9800000.0,12000000.0,29300000.0,13400000.0,64500000.0,2.577319587628866,6.649484536082475,0.3875968992248062,0
,,5.0,Not Graduate,Yes,3500000,0.0,3500000.0,11800000.0,48.0,,642.0,,2300000.0,2900000.0,11900000.0,3600000.0,20700000.0,3.3714285714285714,5.914285714285715,0.5700483091787439,1
,,5.0,Not Graduate,Yes,1500000,0.0,1500000.0,5500000.0,48.0,,414.0,,800000.0,1400000.0,2900000.0,1200000.0,6300000.0,3.6666666666666665,4.2,0.873015873015873,1
,,3.0,Not Graduate,Yes,8800000,0.0,8800000.0,26200000.0,240.0,,865.0,,19300000.0,9800000.0,27700000.0,12500000.0,69300000.0,2.977272727272727,7.875,0.37806637806637805,1
,,3.0,Graduate,No,900000,0.0,900000.0,3100000.0,120.0,,369.0,,1400000.0,100000.0,1700000.0,500000.0,3700000.0,3.4444444444444446,4.111111111111111,0.8378378378378378,0
,,0.0,Graduate,Yes,3500000,0.0,3500000.0,10800000.0,168.0,,838.0,,4700000.0,6800000.0,13900000.0,1700000.0,27100000.0,3.085714285714286,7.742857142857143,0.3985239852398524,1
,,5.0,Not Graduate,No,5500000,0.0,5500000.0,21200000.0,48.0,,582.0,,12100000.0,8300000.0,17100000.0,3100000.0,40600000.0,3.8545454545454545,7.381818181818182,0.5221674876847291,1
,,5.0,Not Graduate,Yes,9800000,0.0,9800000.0,23200000.0,120.0,,416.0,,11000000.0,17300000.0,21600000.0,8500000.0,58400000.0,2.36734693877551,5.959183673469388,0.3972602739726027,0
,,5.0,Graduate,No,2100000,0.0,2100000.0,5500000.0,240.0,,705.0,,5400000.0,1400000.0,4600000.0,1200000.0,12600000.0,2.619047619047619,6.0,0.4365079365079365,1
,,0.0,Graduate,No,1800000,0.0,1800000.0,5700000.0,216.0,,306.0,,500000.0,700000.0,5600000.0,1700000.0,8500000.0,3.1666666666666665,4.722222222222222,0.6705882352941176,0
,,5.0,Graduate,Yes,5800000,0.0,5800000.0,13000000.0,96.0,,851.0,,6700000.0,8700000.0,17700000.0,4100000.0,37200000.0,2.2413793103448274,6.413793103448276,0.34946236559139787,1
,,5.0,Graduate,No,6700000,0.0,6700000.0,17200000.0,216.0,,613.0,,9700000.0,6800000.0,24600000.0,7100000.0,48200000.0,2.5671641791044775,7.1940298507462686,0.35684647302904565,1
,,3.0,Graduate,No,4300000,0.0,4300000.0,16300000.0,120.0,,366.0,,6900000.0,6700000.0,12300000.0,5500000.0,31400000.0,3.7906976744186047,7.3023255813953485,0.5191082802547771,0
,,1.0,Graduate,No,1200000,0.0,1200000.0,2800000.0,144.0,,431.0,,900000.0,400000.0,2900000.0,900000.0,5100000.0,2.3333333333333335,4.25,0.5490196078431373,0
,,5.0,Not Graduate,Yes,9700000,0.0,9700000.0,25900000.0,24.0,,754.0,,9000000.0,10000000.0,28500000.0,6700000.0,54200000.0,2.670103092783505,5.587628865979381,0.477859778597786,1
,,5.0,Graduate,Yes,5400000,0.0,5400000.0,11200000.0,120.0,,447.0,,300000.0,7900000.0,21400000.0,6000000.0,35600000.0,2.074074074074074,6.592592592592593,0.3146067415730337,0
,,1.0,Not Graduate,Yes,5300000,0.0,5300000.0,14100000.0,168.0,,510.0,,13300000.0,10400000.0,18900000.0,7800000.0,50400000.0,2.660377358490566,9.50943396226415,0.27976190476190477,0
,,1.0,Graduate,No,7300000,0.0,7300000.0,24200000.0,240.0,,324.0,,12900000.0,3700000.0,18400000.0,9000000.0,44000000.0,3.315068493150685,6.027397260273973,0.55,0
,,5.0,Graduate,No,9500000,0.0,9500000.0,19200000.0,24.0,,523.0,,13500000.0,1500000.0,21000000.0,6700000.0,42700000.0,2.0210526315789474,4.494736842105263,0.4496487119437939,0
,,0.0,Not Graduate,Yes,7200000,0.0,7200000.0,15600000.0,24.0,,362.0,,2700000.0,2400000.0,20800000.0,5900000.0,31800000.0,2.1666666666666665,4.416666666666667,0.49056603773584906,0
,,3.0,Graduate,Yes,9000000,0.0,9000000.0,32900000.0,72.0,,657.0,,9900000.0,600000.0,29200000.0,12000000.0,51700000.0,3.6555555555555554,5.7444444444444445,0.6363636363636364,1
,,5.0,Not Graduate,No,6500000,0.0,6500000.0,23300000.0,144.0,,790.0,,600000.0,9700000.0,15500000.0,9500000.0,35300000.0,3.5846153846153848,5.430769230769231,0.660056657223796,1
,,1.0,Graduate,Yes,9500000,0.0,9500000.0,30500000.0,216.0,,500.0,,1300000.0,3300000.0,20500000.0,5500000.0,30600000.0,3.210526315789474,3.221052631578947,0.9967320261437909,0
,,2.0,Not Graduate,Yes,9900000,0.0,9900000.0,33200000.0,48.0,,465.0,,26300000.0,17000000.0,24400000.0,5000000.0,72700000.0,3.3535353535353534,7.343434343434343,0.45667125171939477,1
,,4.0,Not Graduate,No,2900000,0.0,2900000.0,8700000.0,72.0,,409.0,,3700000.0,5500000.0,8200000.0,2200000.0,19600000.0,3.0,6.758620689655173,0.44387755102040816,0
,,4.0,Graduate,Yes,700000,0.0,700000.0,1800000.0,240.0,,626.0,,500000.0,600000.0,1400000.0,300000.0,2800000.0,2.5714285714285716,4.0,0.6428571428571429,1
,,5.0,Not Graduate,No,4200000,0.0,4200000.0,13400000.0,192.0,,545.0,,9800000.0,8200000.0,12500000.0,3500000.0,34000000.0,3.1904761904761907,8.095238095238095,0.3941176470588235,0
,,3.0,Not Graduate,No,4200000,0.0,4200000.0,11400000.0,120.0,,654.0,,8800000.0,400000.0,16200000.0,5700000.0,31100000.0,2.7142857142857144,7.404761904761905,0.3665594855305466,1
,,0.0,Not Graduate,No,7600000,0.0,7600000.0,26500000.0,72.0,,515.0,,6200000.0,14900000.0,22000000.0,4000000.0,47100000.0,3.486842105263158,6.197368421052632,0.5626326963906582,0
,,2.0,Graduate,Yes,7100000,0.0,7100000.0,18800000.0,144.0,,838.0,,1100000.0,5200000.0,16600000.0,4900000.0,27800000.0,2.647887323943662,3.915492957746479,0.6762589928057554,1
,,1.0,Not Graduate,Yes,4700000,0.0,4700000.0,16000000.0,168.0,,406.0,,4000000.0,5300000.0,14300000.0,3300000.0,26900000.0,3.404255319148936,5.723404255319149,0.5947955390334573,0
,,0.0,Graduate,Yes,9800000,0.0,9800000.0,23200000.0,120.0,,573.0,,23900000.0,3300000.0,23600000.0,14600000.0,65400000.0,2.36734693877551,6.673469387755102,0.3547400611620795,1
,,0.0,Graduate,Yes,9800000,0.0,9800000.0,38700000.0,24.0,,611.0,,6600000.0,10400000.0,33000000.0,6000000.0,56000000.0,3.9489795918367347,5.714285714285714,0.6910714285714286,1
,,0.0,Not Graduate,No,5100000,0.0,5100000.0,13400000.0,192.0,,649.0,,6800000.0,1600000.0,15700000.0,3900000.0,28000000.0,2.627450980392157,5.490196078431373,0.4785714285714286,1
,,0.0,Not Graduate,Yes,3300000,0.0,3300000.0,7700000.0,144.0,,775.0,,8200000.0,2100000.0,7400000.0,4200000.0,21900000.0,2.3333333333333335,6.636363636363637,0.3515981735159817,1
,,3.0,Graduate,No,4500000,0.0,4500000.0,12500000.0,144.0,,469.0,,4100000.0,7600000.0,14200000.0,3400000.0,29300000.0,2.7777777777777777,6.511111111111111,0.42662116040955633,0
,,0.0,Graduate,Yes,3900000,0.0,3900000.0,12800000.0,216.0,,587.0,,4500000.0,5300000.0,12600000.0,5000000.0,27400000.0,3.282051282051282,7.0256410256410255,0.46715328467153283,1
,,3.0,Graduate,Yes,3200000,0.0,3200000.0,9900000.0,120.0,,316.0,,9100000.0,5500000.0,8800000.0,3600000.0,27000000.0,3.09375,8.4375,0.36666666666666664,0
,,2.0,Graduate,No,3200000,0.0,3200000.0,10400000.0,120.0,,556.0,,8200000.0,5600000.0,11500000.0,4500000.0,29800000.0,3.25,9.3125,0.348993288590604,1
,,2.0,Not Graduate,No,9600000,0.0,9600000.0,31200000.0,144.0,,578.0,,9900000.0,2200000.0,26500000.0,13500000.0,52100000.0,3.25,5.427083333333333,0.5988483685220729,1
,,2.0,Not Graduate,Yes,8700000,0.0,8700000.0,18900000.0,24.0,,554.0,,3900000.0,1900000.0,18000000.0,11500000.0,35300000.0,2.1724137931034484,4.057471264367816,0.5354107648725213,1
,,2.0,Not Graduate,Yes,1900000,0.0,1900000.0,6800000.0,72.0,,892.0,,2600000.0,2200000.0,6400000.0,900000.0,12100000.0,3.5789473684210527,6.368421052631579,0.5619834710743802,1
,,2.0,Not Graduate,Yes,2900000,0.0,2900000.0,10200000.0,120.0,,315.0,,8100000.0,400000.0,6500000.0,1600000.0,16600000.0,3.5172413793103448,5.724137931034483,0.6144578313253012,0
,,0.0,Not Graduate,No,6200000,0.0,6200000.0,12900000.0,120.0,,695.0,,1900000.0,3700000.0,22200000.0,4200000.0,32000000.0,2.0806451612903225,5.161290322580645,0.403125,1
,,0.0,Not Graduate,No,5900000,0.0,5900000.0,20300000.0,48.0,,806.0,,300000.0,3700000.0,16400000.0,4800000.0,25200000.0,3.440677966101695,4.271186440677966,0.8055555555555556,1
,,4.0,Not Graduate,Yes,3200000,0.0,3200000.0,12800000.0,96.0,,638.0,,4300000.0,2600000.0,8000000.0,3800000.0,18700000.0,4.0,5.84375,0.6844919786096256,1
,,1.0,Not Graduate,Yes,1300000,0.0,1300000.0,5000000.0,48.0,,610.0,,3400000.0,800000.0,4500000.0,900000.0,9600000.0,3.8461538461538463,7.384615384615385,0.5208333333333334,1
,,2.0,Not Graduate,Yes,1300000,0.0,1300000.0,3200000.0,48.0,,810.0,,3800000.0,2100000.0,4300000.0,800000.0,11000000.0,2.4615384615384617,8.461538461538462,0.2909090909090909,1
,,1.0,Graduate,No,8700000,0.0,8700000.0,33200000.0,48.0,,866.0,,19600000.0,15900000.0,23700000.0,10500000.0,69700000.0,3.8160919540229883,8.011494252873563,0.4763271162123386,1
,,3.0,Not Graduate,No,6300000,0.0,6300000.0,23800000.0,120.0,,760.0,,12700000.0,1300000.0,18400000.0,8800000.0,41200000.0,3.7777777777777777,6.5396825396825395,0.5776699029126213,1
,,3.0,Graduate,No,4300000,0.0,4300000.0,11200000.0,72.0,,556.0,,11000000.0,4300000.0,14500000.0,5100000.0,34900000.0,2.604651162790698,8.116279069767442,0.3209169054441261,1
,,3.0,Not Graduate,Yes,6400000,0.0,6400000.0,23500000.0,144.0,,684.0,,17200000.0,10300000.0,25300000.0,7400000.0,60200000.0,3.671875,9.40625,0.3903654485049834,1
,,5.0,Not Graduate,Yes,7700000,0.0,7700000.0,25800000.0,216.0,,578.0,,5000000.0,7700000.0,27200000.0,10600000.0,50500000.0,3.3506493506493507,6.558441558441558,0.5108910891089109,1
,,2.0,Not Graduate,No,6900000,0.0,6900000.0,23900000.0,144.0,,814.0,,13000000.0,1900000.0,26600000.0,6000000.0,47500000.0,3.463768115942029,6.884057971014493,0.5031578947368421,1
,,0.0,Not Graduate,No,4200000,0.0,4200000.0,14800000.0,240.0,,510.0,,9200000.0,5700000.0,11900000.0,2600000.0,29400000.0,3.5238095238095237,7.0,0.5034013605442177,0
,,4.0,Not Graduate,No,3900000,0.0,3900000.0,9000000.0,24.0,,674.0,,8700000.0,5700000.0,14000000.0,3100000.0,31500000.0,2.3076923076923075,8.076923076923077,0.2857142857142857,1
,,0.0,Graduate,Yes,2000000,0.0,2000000.0,4900000.0,168.0,,570.0,,3800000.0,300000.0,6600000.0,1300000.0,12000000.0,2.45,6.0,0.4083333333333333,1
,,1.0,Not Graduate,No,500000,0.0,500000.0,1700000.0,24.0,,680.0,,700000.0,800000.0,1400000.0,700000.0,3600000.0,3.4,7.2,0.4722222222222222,1
,,0.0,Graduate,No,3500000,0.0,3500000.0,8800000.0,144.0,,803.0,,5400000.0,300000.0,8400000.0,3400000.0,17500000.0,2.5142857142857142,5.0,0.5028571428571429,1
,,2.0,Not Graduate,Yes,3100000,0.0,3100000.0,10700000.0,192.0,,357.0,,9200000.0,1900000.0,7700000.0,3800000.0,22600000.0,3.4516129032258065,7.290322580645161,0.47345132743362833,0
,,3.0,Not Graduate,Yes,4900000,0.0,4900000.0,19000000.0,48.0,,575.0,,14100000.0,9100000.0,16500000.0,4600000.0,44300000.0,3.877551020408163,9.040816326530612,0.4288939051918736,1
,,1.0,Not Graduate,No,1000000,0.0,1000000.0,3600000.0,48.0,,546.0,,2500000.0,0.0,2600000.0,500000.0,5600000.0,3.6,5.6,0.6428571428571429,1
,,2.0,Graduate,No,6700000,0.0,6700000.0,21400000.0,96.0,,370.0,,3200000.0,11800000.0,20100000.0,8600000.0,43700000.0,3.1940298507462686,6.522388059701493,0.4897025171624714,0
,,1.0,Graduate,No,4100000,0.0,4100000.0,9400000.0,72.0,,713.0,,0.0,1000000.0,11100000.0,3100000.0,15200000.0,2.292682926829268,3.707317073170732,0.618421052631579,1
,,4.0,Not Graduate,Yes,1600000,0.0,1600000.0,3800000.0,24.0,,896.0,,1200000.0,400000.0,4800000.0,2000000.0,8400000.0,2.375,5.25,0.4523809523809524,1
,,3.0,Graduate,Yes,2400000,0.0,2400000.0,9200000.0,168.0,,626.0,,300000.0,3600000.0,8500000.0,2000000.0,14400000.0,3.8333333333333335,6.0,0.6388888888888888,1
,,0.0,Graduate,No,2200000,0.0,2200000.0,6400000.0,48.0,,854.0,,900000.0,1600000.0,6500000.0,1300000.0,10300000.0,2.909090909090909,4.681818181818182,0.6213592233009708,1
,,4.0,Graduate,No,3200000,0.0,3200000.0,8400000.0,216.0,,802.0,,400000.0,0.0,9100000.0,4700000.0,14200000.0,2.625,4.4375,0.5915492957746479,1
,,4.0,Not Graduate,Yes,1600000,0.0,1600000.0,4400000.0,240.0,,382.0,,1700000.0,300000.0,5200000.0,1900000.0,9100000.0,2.75,5.6875,0.4835164835164835,0
,,2.0,Not Graduate,No,3900000,0.0,3900000.0,14900000.0,72.0,,415.0,,2200000.0,4300000.0,9500000.0,4600000.0,20600000.0,3.8205128205128207,5.282051282051282,0.7233009708737864,0
,,5.0,Graduate,Yes,2000000,0.0,2000000.0,6300000.0,48.0,,366.0,,5300000.0,2200000.0,5400000.0,2800000.0,15700000.0,3.15,7.85,0.4012738853503185,1
,,1.0,Graduate,Yes,7600000,0.0,7600000.0,25400000.0,120.0,,595.0,,7900000.0,400000.0,24900000.0,11000000.0,44200000.0,3.3421052631578947,5.815789473684211,0.5746606334841629,1
,,1.0,Not Graduate,No,9800000,0.0,9800000.0,21300000.0,24.0,,356.0,,23000000.0,12300000.0,25700000.0,14600000.0,75600000.0,2.173469387755102,7.714285714285714,0.28174603174603174,0
,,5.0,Not Graduate,No,7900000,0.0,7900000.0,29900000.0,72.0,,568.0,,5800000.0,13900000.0,15900000.0,8700000.0,44300000.0,3.7848101265822787,5.6075949367088604,0.6749435665914221,1
,,1.0,Graduate,No,1600000,0.0,1600000.0,4000000.0,120.0,,615.0,,2200000.0,2700000.0,5500000.0,1400000.0,11800000.0,2.5,7.375,0.3389830508474576,1
,,1.0,Graduate,Yes,6400000,0.0,6400000.0,13900000.0,144.0,,313.0,,18600000.0,6300000.0,18600000.0,4900000.0,48400000.0,2.171875,7.5625,0.2871900826446281,0
,,1.0,Graduate,Yes,6400000,0.0,6400000.0,17900000.0,72.0,,575.0,,6600000.0,7600000.0,23100000.0,5300000.0,42600000.0,2.796875,6.65625,0.42018779342723006,1
,,4.0,Graduate,No,1600000,0.0,1600000.0,5500000.0,120.0,,577.0,,400000.0,1200000.0,4100000.0,1400000.0,7100000.0,3.4375,4.4375,0.7746478873239436,1
,,0.0,Graduate,No,9200000,0.0,9200000.0,30700000.0,120.0,,455.0,,24900000.0,2000000.0,32900000.0,5200000.0,65000000.0,3.3369565217391304,7.065217391304348,0.4723076923076923,0
,,1.0,Not Graduate,No,7800000,0.0,7800000.0,24900000.0,72.0,,500.0,,15300000.0,10000000.0,16500000.0,4500000.0,46300000.0,3.1923076923076925,5.935897435897436,0.5377969762419006,0
,,1.0,Not Graduate,Yes,4000000,0.0,4000000.0,9400000.0,96.0,,509.0,,1000000.0,4100000.0,10800000.0,5500000.0,21400000.0,2.35,5.35,0.4392523364485981,0
,,2.0,Not Graduate,Yes,6100000,0.0,6100000.0,19400000.0,96.0,,379.0,,5300000.0,10800000.0,14300000.0,4100000.0,34500000.0,3.180327868852459,5.655737704918033,0.5623188405797102,0
,,5.0,Graduate,No,7100000,0.0,7100000.0,14500000.0,168.0,,664.0,,5300000.0,12900000.0,15700000.0,9200000.0,43100000.0,2.0422535211267605,6.070422535211268,0.33642691415313225,1
,,0.0,Not Graduate,Yes,2500000,0.0,2500000.0,9900000.0,72.0,,623.0,,6000000.0,1800000.0,6200000.0,1800000.0,15800000.0,3.96,6.32,0.6265822784810127,1
,,5.0,Graduate,No,3200000,0.0,3200000.0,8700000.0,192.0,,558.0,,2600000.0,2500000.0,9100000.0,1800000.0,16000000.0,2.71875,5.0,0.54375,1
,,4.0,Graduate,No,1700000,0.0,1700000.0,4300000.0,216.0,,580.0,,1500000.0,2400000.0,6600000.0,1700000.0,12200000.0,2.5294117647058822,7.176470588235294,0.3524590163934426,1
,,4.0,Graduate,No,6300000,0.0,6300000.0,17600000.0,72.0,,612.0,,16000000.0,3300000.0,23500000.0,3200000.0,46000000.0,2.7936507936507935,7.301587301587301,0.3826086956521739,1
,,4.0,Graduate,Yes,700000,0.0,700000.0,2400000.0,168.0,,705.0,,0.0,100000.0,2000000.0,700000.0,2800000.0,3.4285714285714284,4.0,0.8571428571428571,1
,,4.0,Graduate,Yes,1100000,0.0,1100000.0,2700000.0,216.0,,301.0,,2800000.0,1600000.0,3300000.0,1500000.0,9200000.0,2.4545454545454546,8.363636363636363,0.29347826086956524,0
,,1.0,Not Graduate,Yes,8900000,0.0,8900000.0,32000000.0,192.0,,711.0,,4300000.0,1200000.0,22100000.0,5200000.0,32800000.0,3.595505617977528,3.6853932584269664,0.975609756097561,1
,,3.0,Graduate,No,300000,0.0,300000.0,700000.0,240.0,,735.0,,900000.0,200000.0,900000.0,400000.0,2400000.0,2.3333333333333335,8.0,0.2916666666666667,1
,,1.0,Not Graduate,No,2200000,0.0,2200000.0,5200000.0,168.0,,682.0,,2600000.0,600000.0,6100000.0,1800000.0,11100000.0,2.3636363636363638,5.045454545454546,0.46846846846846846,1
,,3.0,Not Graduate,No,3400000,0.0,3400000.0,13500000.0,120.0,,348.0,,7900000.0,3700000.0,8200000.0,4700000.0,24500000.0,3.9705882352941178,7.205882352941177,0.5510204081632653,0
,,0.0,Graduate,Yes,7900000,0.0,7900000.0,23500000.0,240.0,,750.0,,16800000.0,15300000.0,21200000.0,4000000.0,57300000.0,2.9746835443037973,7.253164556962025,0.41012216404886565,1
,,3.0,Not Graduate,Yes,5800000,0.0,5800000.0,18200000.0,192.0,,835.0,,1000000.0,6100000.0,14600000.0,7900000.0,29600000.0,3.1379310344827585,5.103448275862069,0.6148648648648649,1
,,0.0,Graduate,Yes,9400000,0.0,9400000.0,20000000.0,72.0,,389.0,,16000000.0,7100000.0,19400000.0,10200000.0,52700000.0,2.127659574468085,5.6063829787234045,0.3795066413662239,0
,,2.0,Graduate,No,4800000,0.0,4800000.0,18900000.0,48.0,,866.0,,10200000.0,6000000.0,13900000.0,5900000.0,36000000.0,3.9375,7.5,0.525,1
,,3.0,Not Graduate,No,7600000,0.0,7600000.0,26600000.0,48.0,,689.0,,5300000.0,600000.0,24300000.0,8600000.0,38800000.0,3.5,5.105263157894737,0.6855670103092784,1
,,0.0,Not Graduate,No,5900000,0.0,5900000.0,17600000.0,192.0,,645.0,,13000000.0,3100000.0,23400000.0,8600000.0,48100000.0,2.983050847457627,8.152542372881356,0.3659043659043659,1
,,1.0,Graduate,Yes,4300000,0.0,4300000.0,10100000.0,24.0,,797.0,,4400000.0,4500000.0,16300000.0,4700000.0,29900000.0,2.3488372093023258,6.953488372093023,0.3377926421404682,1
,,5.0,Graduate,No,6100000,0.0,6100000.0,17800000.0,72.0,,849.0,,2900000.0,10900000.0,16100000.0,7800000.0,37700000.0,2.918032786885246,6.180327868852459,0.47214854111405835,1
,,5.0,Graduate,No,5400000,0.0,5400000.0,19700000.0,240.0,,423.0,,6500000.0,10000000.0,15700000.0,7300000.0,39500000.0,3.6481481481481484,7.314814814814815,0.49873417721518987,0
,,1.0,Not Graduate,Yes,5200000,0.0,5200000.0,11200000.0,24.0,,370.0,,9900000.0,10200000.0,16700000.0,6400000.0,43200000.0,2.1538461538461537,8.307692307692308,0.25925925925925924,0
,,5.0,Not Graduate,No,8500000,0.0,8500000.0,31300000.0,144.0,,378.0,,21400000.0,13100000.0,30400000.0,8800000.0,73700000.0,3.6823529411764704,8.670588235294117,0.42469470827679784,0
,,4.0,Not Graduate,No,900000,0.0,900000.0,1900000.0,240.0,,417.0,,1000000.0,800000.0,2800000.0,900000.0,5500000.0,2.111111111111111,6.111111111111111,0.34545454545454546,0
,,1.0,Not Graduate,No,1400000,0.0,1400000.0,4100000.0,240.0,,530.0,,1200000.0,1100000.0,3000000.0,1900000.0,7200000.0,2.9285714285714284,5.142857142857143,0.5694444444444444,0
,,1.0,Not Graduate,Yes,2400000,0.0,2400000.0,9300000.0,240.0,,543.0,,700000.0,800000.0,5000000.0,3400000.0,9900000.0,3.875,4.125,0.9393939393939394,0
,,4.0,Graduate,No,6300000,0.0,6300000.0,15000000.0,216.0,,750.0,,800000.0,6500000.0,15400000.0,7700000.0,30400000.0,2.380952380952381,4.825396825396825,0.4934210526315789,1
,,1.0,Graduate,No,3100000,0.0,3100000.0,7600000.0,240.0,,346.0,,700000.0,4600000.0,8100000.0,4400000.0,17800000.0,2.4516129032258065,5.741935483870968,0.42696629213483145,0
,,4.0,Graduate,Yes,6900000,0.0,6900000.0,19000000.0,168.0,,330.0,,9300000.0,7100000.0,18800000.0,8400000.0,43600000.0,2.753623188405797,6.318840579710145,0.43577981651376146,0
,,2.0,Not Graduate,Yes,3000000,0.0,3000000.0,7400000.0,120.0,,712.0,,5100000.0,1000000.0,11600000.0,3800000.0,21500000.0,2.466666666666667,7.166666666666667,0.34418604651162793,1
,,0.0,Not Graduate,No,3100000,0.0,3100000.0,10100000.0,168.0,,376.0,,6400000.0,2600000.0,11600000.0,4300000.0,24900000.0,3.2580645161290325,8.03225806451613,0.40562248995983935,0
,,4.0,Not Graduate,No,600000,0.0,600000.0,1200000.0,168.0,,338.0,,500000.0,500000.0,2300000.0,500000.0,3800000.0,2.0,6.333333333333333,0.3157894736842105,0
,,4.0,Not Graduate,Yes,4700000,0.0,4700000.0,13700000.0,168.0,,600.0,,12100000.0,8400000.0,17700000.0,5000000.0,43200000.0,2.9148936170212765,9.191489361702128,0.31712962962962965,1
,,1.0,Graduate,No,2500000,0.0,2500000.0,6900000.0,240.0,,495.0,,4800000.0,3300000.0,5700000.0,3700000.0,17500000.0,2.76,7.0,0.3942857142857143,0
,,0.0,Graduate,No,9700000,0.0,9700000.0,30400000.0,48.0,,300.0,,17100000.0,16600000.0,38100000.0,9200000.0,81000000.0,3.134020618556701,8.350515463917526,0.37530864197530867,1
,,4.0,Not Graduate,Yes,7600000,0.0,7600000.0,20000000.0,216.0,,691.0,,5000000.0,8700000.0,23400000.0,11200000.0,48300000.0,2.6315789473684212,6.355263157894737,0.4140786749482402,1
,,1.0,Graduate,No,8400000,0.0,8400000.0,24700000.0,96.0,,519.0,,12900000.0,16700000.0,17300000.0,6000000.0,52900000.0,2.9404761904761907,6.2976190476190474,0.4669187145557656,0
,,3.0,Graduate,Yes,3800000,0.0,3800000.0,15100000.0,240.0,,540.0,,9400000.0,1000000.0,9300000.0,3600000.0,23300000.0,3.973684210526316,6.131578947368421,0.648068669527897,0
,,3.0,Not Graduate,Yes,3100000,0.0,3100000.0,11400000.0,192.0,,562.0,,3600000.0,3600000.0,7200000.0,3100000.0,17500000.0,3.6774193548387095,5.645161290322581,0.6514285714285715,1
,,2.0,Not Graduate,No,5700000,0.0,5700000.0,21300000.0,120.0,,323.0,,1600000.0,11200000.0,16200000.0,5100000.0,34100000.0,3.736842105263158,5.982456140350878,0.624633431085044,0
,,1.0,Graduate,Yes,5500000,0.0,5500000.0,19700000.0,120.0,,312.0,,12800000.0,4800000.0,19500000.0,3300000.0,40400000.0,3.581818181818182,7.345454545454546,0.4876237623762376,0
,,1.0,Not Graduate,Yes,200000,0.0,200000.0,600000.0,24.0,,511.0,,500000.0,100000.0,800000.0,200000.0,1600000.0,3.0,8.0,0.375,1
,,3.0,Not Graduate,Yes,3700000,0.0,3700000.0,13800000.0,120.0,,621.0,,4000000.0,800000.0,11900000.0,5300000.0,22000000.0,3.72972972972973,5.945945945945946,0.6272727272727273,1
,,2.0,Not Graduate,Yes,1600000,0.0,1600000.0,4300000.0,240.0,,512.0,,3200000.0,2500000.0,6300000.0,900000.0,12900000.0,2.6875,8.0625,0.3333333333333333,0
,,4.0,Graduate,No,3900000,0.0,3900000.0,11000000.0,24.0,,786.0,,7900000.0,1600000.0,10700000.0,2100000.0,22300000.0,2.8205128205128207,5.717948717948718,0.49327354260089684,1
,,3.0,Not Graduate,Yes,700000,0.0,700000.0,1600000.0,216.0,,303.0,,600000.0,500000.0,2000000.0,600000.0,3700000.0,2.2857142857142856,5.285714285714286,0.43243243243243246,0
,,3.0,Graduate,Yes,5800000,0.0,5800000.0,16700000.0,216.0,,633.0,,8100000.0,8400000.0,14700000.0,3700000.0,34900000.0,2.8793103448275863,6.017241379310345,0.4785100286532951,1
,,4.0,Graduate,Yes,3800000,0.0,3800000.0,14000000.0,72.0,,711.0,,9500000.0,7300000.0,14500000.0,3100000.0,34400000.0,3.6842105263157894,9.052631578947368,0.4069767441860465,1
,,2.0,Graduate,No,6400000,0.0,6400000.0,16900000.0,192.0,,472.0,,11100000.0,6000000.0,16300000.0,4500000.0,37900000.0,2.640625,5.921875,0.44591029023746703,0
,,1.0,Graduate,Yes,5500000,0.0,5500000.0,12100000.0,48.0,,350.0,,6300000.0,9200000.0,17200000.0,6900000.0,39600000.0,2.2,7.2,0.3055555555555556,0
,,1.0,Not Graduate,Yes,6800000,0.0,6800000.0,13700000.0,120.0,,879.0,,500000.0,2600000.0,22000000.0,6800000.0,31900000.0,2.014705882352941,4.6911764705882355,0.42946708463949845,1
,,4.0,Not Graduate,No,6700000,0.0,6700000.0,13400000.0,120.0,,436.0,,3600000.0,1200000.0,23200000.0,7500000.0,35500000.0,2.0,5.298507462686567,0.37746478873239436,0
,,1.0,Graduate,Yes,5300000,0.0,5300000.0,11500000.0,168.0,,848.0,,1300000.0,3600000.0,14700000.0,5700000.0,25300000.0,2.169811320754717,4.773584905660377,0.45454545454545453,1
,,2.0,Graduate,No,6600000,0.0,6600000.0,23200000.0,192.0,,555.0,,9900000.0,6500000.0,23300000.0,3300000.0,43000000.0,3.515151515151515,6.515151515151516,0.5395348837209303,1
,,2.0,Graduate,No,6600000,0.0,6600000.0,13100000.0,240.0,,885.0,,10900000.0,4300000.0,20600000.0,6200000.0,42000000.0,1.9848484848484849,6.363636363636363,0.3119047619047619,1
,,0.0,Not Graduate,No,7600000,0.0,7600000.0,25200000.0,72.0,,888.0,,12700000.0,10900000.0,24500000.0,7500000.0,55600000.0,3.3157894736842106,7.315789473684211,0.45323741007194246,1
,,4.0,Not Graduate,Yes,2500000,0.0,2500000.0,6100000.0,240.0,,478.0,,5900000.0,800000.0,9500000.0,3200000.0,19400000.0,2.44,7.76,0.31443298969072164,0
,,4.0,Not Graduate,No,1100000,0.0,1100000.0,2500000.0,48.0,,603.0,,1900000.0,1400000.0,3900000.0,500000.0,7700000.0,2.272727272727273,7.0,0.3246753246753247,1
,,1.0,Not Graduate,No,2300000,0.0,2300000.0,8200000.0,96.0,,784.0,,2000000.0,0.0,7600000.0,1100000.0,10700000.0,3.5652173913043477,4.6521739130434785,0.7663551401869159,1
,,1.0,Graduate,Yes,3300000,0.0,3300000.0,11700000.0,48.0,,682.0,,3500000.0,5500000.0,12300000.0,1600000.0,22900000.0,3.5454545454545454,6.9393939393939394,0.5109170305676856,1
,,4.0,Graduate,Yes,2600000,0.0,2600000.0,5900000.0,72.0,,471.0,,3500000.0,1900000.0,7300000.0,3400000.0,16100000.0,2.269230769230769,6.1923076923076925,0.36645962732919257,0
,,4.0,Not Graduate,Yes,9300000,0.0,9300000.0,36700000.0,240.0,,808.0,,16500000.0,14700000.0,26500000.0,7100000.0,64800000.0,3.946236559139785,6.967741935483871,0.566358024691358,1
,,4.0,Not Graduate,No,5300000,0.0,5300000.0,18500000.0,96.0,,470.0,,2900000.0,9300000.0,14900000.0,4900000.0,32000000.0,3.490566037735849,6.037735849056604,0.578125,0
,,2.0,Not Graduate,No,5400000,0.0,5400000.0,13800000.0,240.0,,574.0,,900000.0,9200000.0,10900000.0,3700000.0,24700000.0,2.5555555555555554,4.574074074074074,0.5587044534412956,1
,,4.0,Not Graduate,Yes,3500000,0.0,3500000.0,12000000.0,96.0,,314.0,,7700000.0,100000.0,12600000.0,2700000.0,23100000.0,3.4285714285714284,6.6,0.5194805194805194,0
,,2.0,Graduate,No,4200000,0.0,4200000.0,10200000.0,168.0,,407.0,,5900000.0,4500000.0,12000000.0,2500000.0,24900000.0,2.4285714285714284,5.928571428571429,0.40963855421686746,0
,,0.0,Not Graduate,Yes,9200000,0.0,9200000.0,34900000.0,48.0,,702.0,,16900000.0,16000000.0,24100000.0,9800000.0,66800000.0,3.7934782608695654,7.260869565217392,0.5224550898203593,1
,,2.0,Graduate,No,4300000,0.0,4300000.0,9800000.0,24.0,,499.0,,4400000.0,4500000.0,12600000.0,5100000.0,26600000.0,2.2790697674418605,6.186046511627907,0.3684210526315789,0
,,1.0,Graduate,Yes,7500000,0.0,7500000.0,19900000.0,120.0,,669.0,,1800000.0,8800000.0,18100000.0,7300000.0,36000000.0,2.6533333333333333,4.8,0.5527777777777778,1
,,5.0,Not Graduate,Yes,5400000,0.0,5400000.0,18800000.0,240.0,,326.0,,9700000.0,10100000.0,14800000.0,3200000.0,37800000.0,3.4814814814814814,7.0,0.4973544973544973,0
,,3.0,Not Graduate,No,5500000,0.0,5500000.0,16200000.0,216.0,,778.0,,4700000.0,10700000.0,15300000.0,6100000.0,36800000.0,2.9454545454545453,6.6909090909090905,0.44021739130434784,1
,,2.0,Not Graduate,Yes,2100000,0.0,2100000.0,4500000.0,24.0,,787.0,,4800000.0,2800000.0,6000000.0,2100000.0,15700000.0,2.142857142857143,7.476190476190476,0.28662420382165604,1
,,0.0,Graduate,No,3700000,0.0,3700000.0,12300000.0,192.0,,831.0,,8000000.0,2200000.0,11200000.0,2400000.0,23800000.0,3.324324324324324,6.4324324324324325,0.5168067226890757,1
,,0.0,Graduate,No,8800000,0.0,8800000.0,32900000.0,216.0,,576.0,,1300000.0,8700000.0,32600000.0,5600000.0,48200000.0,3.7386363636363638,5.4772727272727275,0.6825726141078838,1
,,5.0,Not Graduate,No,5800000,0.0,5800000.0,22800000.0,144.0,,600.0,,16000000.0,1100000.0,20700000.0,5700000.0,43500000.0,3.9310344827586206,7.5,0.5241379310344828,1
,,4.0,Graduate,No,7900000,0.0,7900000.0,30600000.0,24.0,,569.0,,7600000.0,3400000.0,20100000.0,7400000.0,38500000.0,3.8734177215189876,4.8734177215189876,0.7948051948051948,1
,,1.0,Not Graduate,Yes,3100000,0.0,3100000.0,6300000.0,240.0,,867.0,,1900000.0,6100000.0,6600000.0,4000000.0,18600000.0,2.032258064516129,6.0,0.3387096774193548,1
,,0.0,Not Graduate,No,4100000,0.0,4100000.0,14500000.0,144.0,,441.0,,9900000.0,300000.0,15700000.0,3900000.0,29800000.0,3.5365853658536586,7.2682926829268295,0.4865771812080537,0
,,2.0,Not Graduate,Yes,9800000,0.0,9800000.0,32700000.0,24.0,,304.0,,4700000.0,19000000.0,24500000.0,8600000.0,56800000.0,3.336734693877551,5.795918367346939,0.5757042253521126,1
,,5.0,Not Graduate,No,3300000,0.0,3300000.0,8400000.0,216.0,,520.0,,500000.0,6300000.0,11000000.0,4000000.0,21800000.0,2.5454545454545454,6.606060606060606,0.3853211009174312,0
,,0.0,Graduate,No,2000000,0.0,2000000.0,6200000.0,168.0,,613.0,,100000.0,1800000.0,5400000.0,1300000.0,8600000.0,3.1,4.3,0.7209302325581395,1
,,2.0,Not Graduate,Yes,600000,0.0,600000.0,1100000.0,96.0,,885.0,,700000.0,0.0,1200000.0,300000.0,2200000.0,1.8333333333333333,3.6666666666666665,0.5,1
,,4.0,Not Graduate,Yes,3600000,0.0,3600000.0,9500000.0,24.0,,841.0,,4900000.0,4400000.0,13500000.0,2100000.0,24900000.0,2.638888888888889,6.916666666666667,0.3815261044176707,1
,,2.0,Not Graduate,No,7500000,0.0,7500000.0,29100000.0,240.0,,815.0,,12400000.0,9500000.0,25300000.0,9100000.0,56300000.0,3.88,7.506666666666667,0.5168738898756661,1
,,5.0,Graduate,Yes,200000,0.0,200000.0,400000.0,216.0,,822.0,,200000.0,300000.0,600000.0,300000.0,1400000.0,2.0,7.0,0.2857142857142857,1
,,4.0,Not Graduate,No,9900000,0.0,9900000.0,29100000.0,216.0,,772.0,,24100000.0,19400000.0,26800000.0,11700000.0,82000000.0,2.9393939393939394,8.282828282828282,0.3548780487804878,1
,,5.0,Graduate,Yes,6100000,0.0,6100000.0,22500000.0,72.0,,776.0,,17600000.0,9900000.0,13800000.0,4800000.0,46100000.0,3.6885245901639343,7.557377049180328,0.4880694143167028,1
,,4.0,Not Graduate,Yes,3500000,0.0,3500000.0,10300000.0,120.0,,337.0,,9000000.0,5600000.0,10500000.0,4500000.0,29600000.0,2.942857142857143,8.457142857142857,0.34797297297297297,0
,,0.0,Not Graduate,Yes,7800000,0.0,7800000.0,19000000.0,144.0,,333.0,,15400000.0,14900000.0,30600000.0,9600000.0,70500000.0,2.4358974358974357,9.038461538461538,0.2695035460992908,0
,,3.0,Not Graduate,Yes,8700000,0.0,8700000.0,29300000.0,48.0,,312.0,,9000000.0,2800000.0,30000000.0,4900000.0,46700000.0,3.367816091954023,5.367816091954023,0.6274089935760171,1
,,2.0,Graduate,Yes,5500000,0.0,5500000.0,12400000.0,168.0,,842.0,,0.0,6800000.0,15800000.0,5800000.0,28400000.0,2.2545454545454544,5.163636363636364,0.43661971830985913,1
,,3.0,Graduate,Yes,1800000,0.0,1800000.0,5100000.0,96.0,,790.0,,100000.0,0.0,3700000.0,2000000.0,5800000.0,2.8333333333333335,3.2222222222222223,0.8793103448275862,1
,,2.0,Graduate,No,8000000,0.0,8000000.0,31900000.0,192.0,,806.0,,19900000.0,1800000.0,23200000.0,5400000.0,50300000.0,3.9875,6.2875,0.6341948310139165,1
,,5.0,Not Graduate,Yes,7500000,0.0,7500000.0,17000000.0,96.0,,300.0,,7800000.0,8300000.0,18900000.0,6700000.0,41700000.0,2.2666666666666666,5.56,0.407673860911271,0
,,5.0,Graduate,Yes,3700000,0.0,3700000.0,12000000.0,144.0,,605.0,,4900000.0,1800000.0,13200000.0,3100000.0,23000000.0,3.2432432432432434,6.216216216216216,0.5217391304347826,1
,,2.0,Graduate,Yes,1600000,0.0,1600000.0,4700000.0,144.0,,582.0,,1500000.0,1300000.0,5200000.0,1000000.0,9000000.0,2.9375,5.625,0.5222222222222223,1
,,5.0,Graduate,No,1300000,0.0,1300000.0,2700000.0,72.0,,607.0,,800000.0,1500000.0,4700000.0,1600000.0,8600000.0,2.076923076923077,6.615384615384615,0.313953488372093,1
,,5.0,Graduate,Yes,2400000,0.0,2400000.0,8200000.0,120.0,,709.0,,2100000.0,3700000.0,8800000.0,2800000.0,17400000.0,3.4166666666666665,7.25,0.47126436781609193,1
,,4.0,Graduate,Yes,4100000,0.0,4100000.0,11600000.0,168.0,,854.0,,500000.0,6900000.0,12700000.0,5700000.0,25800000.0,2.8292682926829267,6.2926829268292686,0.4496124031007752,1
,,2.0,Not Graduate,Yes,7300000,0.0,7300000.0,15200000.0,240.0,,776.0,,14700000.0,9600000.0,26400000.0,4100000.0,54800000.0,2.0821917808219177,7.506849315068493,0.2773722627737226,1
,,1.0,Graduate,Yes,8000000,0.0,8000000.0,24600000.0,144.0,,649.0,,10800000.0,1600000.0,21800000.0,9200000.0,43400000.0,3.075,5.425,0.5668202764976958,1
,,3.0,Not Graduate,No,7900000,0.0,7900000.0,28000000.0,48.0,,394.0,,22800000.0,13200000.0,18200000.0,3900000.0,58100000.0,3.5443037974683542,7.3544303797468356,0.4819277108433735,1
,,4.0,Not Graduate,No,7200000,0.0,7200000.0,18900000.0,192.0,,371.0,,6600000.0,14100000.0,18900000.0,4900000.0,44500000.0,2.625,6.180555555555555,0.4247191011235955,0
,,3.0,Not Graduate,No,6200000,0.0,6200000.0,13200000.0,168.0,,707.0,,17200000.0,8900000.0,23100000.0,4200000.0,53400000.0,2.129032258064516,8.612903225806452,0.24719101123595505,1
,,2.0,Not Graduate,Yes,5700000,0.0,5700000.0,18100000.0,240.0,,491.0,,6800000.0,100000.0,17700000.0,3900000.0,28500000.0,3.175438596491228,5.0,0.6350877192982456,0
,,0.0,Graduate,Yes,5800000,0.0,5800000.0,14100000.0,192.0,,570.0,,8200000.0,4200000.0,16400000.0,3700000.0,32500000.0,2.4310344827586206,5.603448275862069,0.4338461538461538,1
,,1.0,Not Graduate,No,900000,0.0,900000.0,3500000.0,216.0,,395.0,,2500000.0,800000.0,3000000.0,1300000.0,7600000.0,3.888888888888889,8.444444444444445,0.4605263157894737,0
,,0.0,Not Graduate,Yes,2200000,0.0,2200000.0,7500000.0,120.0,,497.0,,2300000.0,2100000.0,5700000.0,1800000.0,11900000.0,3.409090909090909,5.409090909090909,0.6302521008403361,0
,,3.0,Not Graduate,Yes,1800000,0.0,1800000.0,5300000.0,168.0,,440.0,,2000000.0,100000.0,3700000.0,1000000.0,6800000.0,2.9444444444444446,3.7777777777777777,0.7794117647058824,0
,,0.0,Not Graduate,Yes,800000,0.0,800000.0,2400000.0,192.0,,825.0,,700000.0,0.0,3100000.0,1100000.0,4900000.0,3.0,6.125,0.4897959183673469,1
,,2.0,Graduate,Yes,7600000,0.0,7600000.0,18100000.0,168.0,,320.0,,14700000.0,2600000.0,28100000.0,8500000.0,53900000.0,2.3815789473684212,7.092105263157895,0.3358070500927644,0
,,2.0,Graduate,Yes,4100000,0.0,4100000.0,13500000.0,48.0,,846.0,,8900000.0,7800000.0,11400000.0,2400000.0,30500000.0,3.292682926829268,7.439024390243903,0.4426229508196721,1
,,3.0,Graduate,Yes,4600000,0.0,4600000.0,10900000.0,144.0,,856.0,,13500000.0,5100000.0,9400000.0,3300000.0,31300000.0,2.369565217391304,6.804347826086956,0.34824281150159747,1
,,3.0,Graduate,No,2300000,0.0,2300000.0,6800000.0,120.0,,418.0,,2800000.0,2700000.0,6300000.0,1400000.0,13200000.0,2.9565217391304346,5.739130434782608,0.5151515151515151,0
,,0.0,Not Graduate,Yes,8000000,0.0,8000000.0,21100000.0,72.0,,306.0,,16100000.0,11800000.0,28200000.0,8700000.0,64800000.0,2.6375,8.1,0.3256172839506173,0
,,2.0,Not Graduate,Yes,3800000,0.0,3800000.0,14500000.0,192.0,,567.0,,2400000.0,2600000.0,10500000.0,3000000.0,18500000.0,3.8157894736842106,4.868421052631579,0.7837837837837838,1
,,2.0,Not Graduate,Yes,9500000,0.0,9500000.0,36800000.0,72.0,,493.0,,24100000.0,13800000.0,32100000.0,6200000.0,76200000.0,3.873684210526316,8.021052631578947,0.48293963254593175,0
,,2.0,Graduate,No,9300000,0.0,9300000.0,21200000.0,24.0,,509.0,,2800000.0,2600000.0,35800000.0,6600000.0,47800000.0,2.2795698924731185,5.139784946236559,0.4435146443514644,0
,,4.0,Graduate,No,4700000,0.0,4700000.0,17000000.0,48.0,,364.0,,2900000.0,4600000.0,18800000.0,6200000.0,32500000.0,3.617021276595745,6.914893617021277,0.5230769230769231,1
,,5.0,Not Graduate,No,6000000,0.0,6000000.0,24000000.0,240.0,,639.0,,300000.0,7300000.0,15100000.0,6600000.0,29300000.0,4.0,4.883333333333334,0.8191126279863481,1
,,2.0,Graduate,Yes,5500000,0.0,5500000.0,21700000.0,24.0,,309.0,,11800000.0,1000000.0,21600000.0,7600000.0,42000000.0,3.9454545454545453,7.636363636363637,0.5166666666666667,1
,,0.0,Not Graduate,Yes,4600000,0.0,4600000.0,14800000.0,72.0,,433.0,,12100000.0,4600000.0,11100000.0,6700000.0,34500000.0,3.217391304347826,7.5,0.4289855072463768,0
,,5.0,Not Graduate,No,9900000,0.0,9900000.0,33600000.0,240.0,,580.0,,7000000.0,10800000.0,37400000.0,14700000.0,69900000.0,3.393939393939394,7.0606060606060606,0.48068669527896996,1
,,1.0,Graduate,Yes,6200000,0.0,6200000.0,16200000.0,48.0,,888.0,,0.0,12000000.0,24300000.0,4000000.0,40300000.0,2.6129032258064515,6.5,0.40198511166253104,1
,,4.0,Not Graduate,Yes,400000,0.0,400000.0,1100000.0,72.0,,644.0,,1000000.0,300000.0,1600000.0,400000.0,3300000.0,2.75,8.25,0.3333333333333333,1
,,1.0,Not Graduate,Yes,7800000,0.0,7800000.0,22200000.0,120.0,,763.0,,11200000.0,1400000.0,27000000.0,4900000.0,44500000.0,2.8461538461538463,5.705128205128205,0.49887640449438203,1
,,0.0,Graduate,Yes,2900000,0.0,2900000.0,10800000.0,240.0,,694.0,,6400000.0,200000.0,10600000.0,2100000.0,19300000.0,3.7241379310344827,6.655172413793103,0.5595854922279793,1
,,3.0,Not Graduate,No,500000,0.0,500000.0,1200000.0,72.0,,757.0,,1300000.0,100000.0,1200000.0,600000.0,3200000.0,2.4,6.4,0.375,1
,,0.0,Not Graduate,No,2500000,0.0,2500000.0,6900000.0,144.0,,471.0,,7100000.0,4000000.0,5200000.0,1500000.0,17800000.0,2.76,7.12,0.38764044943820225,0
,,5.0,Not Graduate,No,9000000,0.0,9000000.0,35200000.0,24.0,,437.0,,18400000.0,17800000.0,18300000.0,10400000.0,64900000.0,3.911111111111111,7.211111111111111,0.5423728813559322,1
,,4.0,Not Graduate,Yes,5200000,0.0,5200000.0,11400000.0,120.0,,406.0,,14700000.0,2000000.0,13000000.0,4400000.0,34100000.0,2.1923076923076925,6.5576923076923075,0.3343108504398827,0
,,5.0,Not Graduate,No,6000000,0.0,6000000.0,19700000.0,240.0,,376.0,,14700000.0,10700000.0,17100000.0,5500000.0,48000000.0,3.283333333333333,8.0,0.41041666666666665,0
,,1.0,Graduate,No,5100000,0.0,5100000.0,13800000.0,168.0,,350.0,,6200000.0,2200000.0,12600000.0,3600000.0,24600000.0,2.7058823529411766,4.823529411764706,0.5609756097560976,0
,,5.0,Not Graduate,Yes,8000000,0.0,8000000.0,22500000.0,240.0,,784.0,,7600000.0,7300000.0,26000000.0,10800000.0,51700000.0,2.8125,6.4625,0.43520309477756286,1
,,4.0,Graduate,Yes,9200000,0.0,9200000.0,25400000.0,168.0,,765.0,,21200000.0,6600000.0,25100000.0,5600000.0,58500000.0,2.760869565217391,6.358695652173913,0.4341880341880342,1
,,4.0,Not Graduate,No,9800000,0.0,9800000.0,32200000.0,216.0,,593.0,,9500000.0,400000.0,34000000.0,14300000.0,58200000.0,3.2857142857142856,5.938775510204081,0.5532646048109966,1
,,3.0,Graduate,Yes,7600000,0.0,7600000.0,30000000.0,120.0,,344.0,,19000000.0,13700000.0,27600000.0,11100000.0,71400000.0,3.9473684210526314,9.394736842105264,0.42016806722689076,0
,,1.0,Graduate,No,5100000,0.0,5100000.0,11800000.0,144.0,,314.0,,14700000.0,7600000.0,12400000.0,4900000.0,39600000.0,2.3137254901960786,7.764705882352941,0.29797979797979796,0
,,4.0,Graduate,Yes,1500000,0.0,1500000.0,3300000.0,192.0,,382.0,,200000.0,2400000.0,3200000.0,1100000.0,6900000.0,2.2,4.6,0.4782608695652174,0
,,2.0,Not Graduate,Yes,6200000,0.0,6200000.0,16500000.0,48.0,,510.0,,14100000.0,4700000.0,18200000.0,6300000.0,43300000.0,2.661290322580645,6.983870967741935,0.3810623556581986,0
,,2.0,Graduate,Yes,6300000,0.0,6300000.0,24600000.0,96.0,,464.0,,7700000.0,2200000.0,13000000.0,6900000.0,29800000.0,3.9047619047619047,4.73015873015873,0.825503355704698,0
,,1.0,Graduate,Yes,5500000,0.0,5500000.0,14900000.0,24.0,,403.0,,7400000.0,8900000.0,19700000.0,4100000.0,40100000.0,2.709090909090909,7.290909090909091,0.371571072319202,0
,,3.0,Not Graduate,No,8100000,0.0,8100000.0,30400000.0,144.0,,606.0,,900000.0,1100000.0,31900000.0,11600000.0,45500000.0,3.753086419753086,5.617283950617284,0.6681318681318681,1
,,1.0,Graduate,No,6300000,0.0,6300000.0,22000000.0,240.0,,646.0,,9500000.0,7900000.0,13500000.0,5500000.0,36400000.0,3.492063492063492,5.777777777777778,0.6043956043956044,1
,,1.0,Graduate,No,1100000,0.0,1100000.0,3600000.0,240.0,,495.0,,1600000.0,1100000.0,3100000.0,500000.0,6300000.0,3.272727272727273,5.7272727272727275,0.5714285714285714,0
,,3.0,Not Graduate,Yes,7200000,0.0,7200000.0,21600000.0,24.0,,626.0,,10600000.0,1600000.0,26900000.0,3700000.0,42800000.0,3.0,5.944444444444445,0.5046728971962616,1
,,1.0,Not Graduate,Yes,3000000,0.0,3000000.0,6000000.0,192.0,,518.0,,3800000.0,1700000.0,11600000.0,3900000.0,21000000.0,2.0,7.0,0.2857142857142857,0
,,5.0,Graduate,No,2700000,0.0,2700000.0,7600000.0,96.0,,746.0,,900000.0,2200000.0,7200000.0,3400000.0,13700000.0,2.814814814814815,5.074074074074074,0.5547445255474452,1
,,0.0,Not Graduate,No,5000000,0.0,5000000.0,16300000.0,144.0,,737.0,,2600000.0,3400000.0,11800000.0,4400000.0,22200000.0,3.26,4.44,0.7342342342342343,1
,,0.0,Not Graduate,No,8400000,0.0,8400000.0,22300000.0,168.0,,371.0,,8300000.0,3700000.0,22300000.0,9100000.0,43400000.0,2.6547619047619047,5.166666666666667,0.5138248847926268,0
,,1.0,Graduate,No,7700000,0.0,7700000.0,27300000.0,96.0,,509.0,,10100000.0,2200000.0,20200000.0,10800000.0,43300000.0,3.5454545454545454,5.623376623376624,0.6304849884526559,0
,,1.0,Graduate,No,4700000,0.0,4700000.0,14000000.0,24.0,,411.0,,4600000.0,5100000.0,10600000.0,3700000.0,24000000.0,2.978723404255319,5.1063829787234045,0.5833333333333334,0
,,2.0,Not Graduate,No,4300000,0.0,4300000.0,11800000.0,240.0,,701.0,,11600000.0,4600000.0,14200000.0,3300000.0,33700000.0,2.744186046511628,7.837209302325581,0.35014836795252224,1
,,5.0,Not Graduate,No,2500000,0.0,2500000.0,8800000.0,120.0,,769.0,,3700000.0,1600000.0,8200000.0,2700000.0,16200000.0,3.52,6.48,0.5432098765432098,1
,,5.0,Not Graduate,Yes,4400000,0.0,4400000.0,12500000.0,72.0,,740.0,,8200000.0,2300000.0,9900000.0,5400000.0,25800000.0,2.840909090909091,5.863636363636363,0.4844961240310077,1
,,5.0,Not Graduate,No,5700000,0.0,5700000.0,11600000.0,48.0,,892.0,,10200000.0,6100000.0,19800000.0,7400000.0,43500000.0,2.0350877192982457,7.631578947368421,0.26666666666666666,1
,,2.0,Not Graduate,No,5300000,0.0,5300000.0,13100000.0,168.0,,417.0,,4900000.0,6200000.0,18200000.0,6800000.0,36100000.0,2.4716981132075473,6.811320754716981,0.3628808864265928,0
,,5.0,Graduate,No,4600000,0.0,4600000.0,14400000.0,72.0,,785.0,,6500000.0,6300000.0,14700000.0,6200000.0,33700000.0,3.130434782608696,7.326086956521739,0.42729970326409494,1
,,3.0,Not Graduate,No,400000,0.0,400000.0,1100000.0,192.0,,504.0,,200000.0,400000.0,800000.0,400000.0,1800000.0,2.75,4.5,0.6111111111111112,0
,,0.0,Not Graduate,No,2100000,0.0,2100000.0,5900000.0,168.0,,402.0,,4400000.0,0.0,4800000.0,1000000.0,10200000.0,2.8095238095238093,4.857142857142857,0.5784313725490197,0
,,2.0,Graduate,Yes,1200000,0.0,1200000.0,3500000.0,192.0,,540.0,,3100000.0,1800000.0,3500000.0,800000.0,9200000.0,2.9166666666666665,7.666666666666667,0.3804347826086957,0
,,2.0,Graduate,Yes,8000000,0.0,8000000.0,28400000.0,120.0,,607.0,,11400000.0,3800000.0,29000000.0,11600000.0,55800000.0,3.55,6.975,0.5089605734767025,1
,,1.0,Graduate,Yes,5000000,0.0,5000000.0,19400000.0,120.0,,410.0,,11600000.0,6200000.0,11700000.0,4500000.0,34000000.0,3.88,6.8,0.5705882352941176,0
,,0.0,Not Graduate,No,8500000,0.0,8500000.0,17200000.0,144.0,,624.0,,6500000.0,8400000.0,18600000.0,5100000.0,38600000.0,2.023529411764706,4.541176470588235,0.44559585492227977,1
,,4.0,Graduate,No,4600000,0.0,4600000.0,16600000.0,192.0,,805.0,,4800000.0,8000000.0,11500000.0,2800000.0,27100000.0,3.608695652173913,5.891304347826087,0.6125461254612546,1
,,2.0,Graduate,No,4600000,0.0,4600000.0,16100000.0,216.0,,709.0,,7100000.0,9000000.0,13800000.0,5400000.0,35300000.0,3.5,7.673913043478261,0.45609065155807366,1
,,2.0,Not Graduate,Yes,8500000,0.0,8500000.0,30900000.0,168.0,,511.0,,23300000.0,4400000.0,21900000.0,5500000.0,55100000.0,3.635294117647059,6.482352941176471,0.5607985480943739,0
,,1.0,Graduate,Yes,7800000,0.0,7800000.0,25100000.0,216.0,,766.0,,6900000.0,7200000.0,16600000.0,10200000.0,40900000.0,3.217948717948718,5.243589743589744,0.6136919315403423,1
,,3.0,Not Graduate,Yes,1400000,0.0,1400000.0,3800000.0,192.0,,451.0,,3100000.0,1300000.0,4300000.0,1300000.0,10000000.0,2.7142857142857144,7.142857142857143,0.38,0
,,1.0,Not Graduate,Yes,3700000,0.0,3700000.0,10200000.0,48.0,,447.0,,300000.0,2000000.0,14500000.0,3200000.0,20000000.0,2.7567567567567566,5.405405405405405,0.51,0
,,3.0,Not Graduate,Yes,1000000,0.0,1000000.0,2500000.0,216.0,,763.0,,400000.0,1100000.0,2100000.0,1400000.0,5000000.0,2.5,5.0,0.5,1
,,5.0,Not Graduate,No,900000,0.0,900000.0,3100000.0,240.0,,834.0,,1000000.0,900000.0,2100000.0,1300000.0,5300000.0,3.4444444444444446,5.888888888888889,0.5849056603773585,1
,,2.0,Graduate,No,5600000,0.0,5600000.0,19500000.0,96.0,,429.0,,6100000.0,2200000.0,21100000.0,7200000.0,36600000.0,3.482142857142857,6.535714285714286,0.5327868852459017,0
,,4.0,Not Graduate,No,3200000,0.0,3200000.0,10600000.0,192.0,,693.0,,7800000.0,4900000.0,10400000.0,1800000.0,24900000.0,3.3125,7.78125,0.42570281124497994,1
,,1.0,Graduate,No,2900000,0.0,2900000.0,11100000.0,240.0,,478.0,,4200000.0,2900000.0,8500000.0,3000000.0,18600000.0,3.8275862068965516,6.413793103448276,0.5967741935483871,0
,,2.0,Graduate,Yes,300000,0.0,300000.0,800000.0,120.0,,752.0,,600000.0,300000.0,1000000.0,400000.0,2300000.0,2.6666666666666665,7.666666666666667,0.34782608695652173,1
,,0.0,Graduate,Yes,2400000,0.0,2400000.0,5900000.0,168.0,,319.0,,2000000.0,4200000.0,9500000.0,3300000.0,19000000.0,2.4583333333333335,7.916666666666667,0.3105263157894737,0
,,3.0,Graduate,No,5000000,0.0,5000000.0,17600000.0,96.0,,303.0,,6300000.0,9600000.0,12800000.0,6900000.0,35600000.0,3.52,7.12,0.4943820224719101,0
,,3.0,Not Graduate,Yes,5000000,0.0,5000000.0,16700000.0,240.0,,420.0,,1100000.0,5000000.0,18700000.0,6900000.0,31700000.0,3.34,6.34,0.526813880126183,0
,,2.0,Not Graduate,Yes,200000,0.0,200000.0,600000.0,96.0,,552.0,,400000.0,200000.0,700000.0,200000.0,1500000.0,3.0,7.5,0.4,1
,,3.0,Not Graduate,Yes,6000000,0.0,6000000.0,16000000.0,144.0,,606.0,,2600000.0,11600000.0,19300000.0,7800000.0,41300000.0,2.6666666666666665,6.883333333333334,0.387409200968523,1
,,2.0,Not Graduate,No,5600000,0.0,5600000.0,13700000.0,24.0,,558.0,,7500000.0,9300000.0,12100000.0,6700000.0,35600000.0,2.4464285714285716,6.357142857142857,0.3848314606741573,1
,,1.0,Not Graduate,No,4500000,0.0,4500000.0,12400000.0,72.0,,504.0,,12000000.0,3200000.0,13100000.0,2200000.0,30500000.0,2.7555555555555555,6.777777777777778,0.4065573770491803,0
,,5.0,Not Graduate,Yes,200000,0.0,200000.0,300000.0,96.0,,412.0,,0.0,100000.0,500000.0,100000.0,700000.0,1.5,3.5,0.42857142857142855,0
,,4.0,Not Graduate,Yes,6200000,0.0,6200000.0,18300000.0,48.0,,900.0,,16900000.0,3400000.0,15300000.0,6400000.0,42000000.0,2.9516129032258065,6.774193548387097,0.4357142857142857,1
,,4.0,Not Graduate,Yes,9800000,0.0,9800000.0,23800000.0,96.0,,634.0,,12800000.0,9300000.0,37600000.0,6100000.0,65800000.0,2.4285714285714284,6.714285714285714,0.3617021276595745,1
,,5.0,Graduate,Yes,3900000,0.0,3900000.0,9000000.0,96.0,,340.0,,4900000.0,6800000.0,9000000.0,5200000.0,25900000.0,2.3076923076923075,6.641025641025641,0.3474903474903475,0
,,3.0,Not Graduate,Yes,8300000,0.0,8300000.0,20900000.0,48.0,,615.0,,4400000.0,200000.0,19000000.0,9600000.0,33200000.0,2.5180722891566263,4.0,0.6295180722891566,1
,,2.0,Graduate,Yes,4900000,0.0,4900000.0,12200000.0,216.0,,353.0,,7000000.0,200000.0,14400000.0,3600000.0,25200000.0,2.489795918367347,5.142857142857143,0.48412698412698413,0
,,4.0,Graduate,Yes,6900000,0.0,6900000.0,16300000.0,96.0,,606.0,,5800000.0,900000.0,23700000.0,3600000.0,34000000.0,2.36231884057971,4.927536231884058,0.47941176470588237,1
,,2.0,Not Graduate,No,4500000,0.0,4500000.0,14500000.0,216.0,,498.0,,7900000.0,200000.0,13500000.0,4800000.0,26400000.0,3.2222222222222223,5.866666666666666,0.5492424242424242,0
,,4.0,Not Graduate,No,7500000,0.0,7500000.0,21900000.0,24.0,,585.0,,6800000.0,12200000.0,27500000.0,8100000.0,54600000.0,2.92,7.28,0.4010989010989011,1
,,1.0,Not Graduate,Yes,2300000,0.0,2300000.0,6400000.0,96.0,,578.0,,3600000.0,1800000.0,7000000.0,3000000.0,15400000.0,2.782608695652174,6.695652173913044,0.4155844155844156,1
,,1.0,Graduate,No,7400000,0.0,7400000.0,15500000.0,24.0,,693.0,,3000000.0,12800000.0,21800000.0,9300000.0,46900000.0,2.0945945945945947,6.337837837837838,0.3304904051172708,1
,,4.0,Graduate,No,4800000,0.0,4800000.0,14300000.0,72.0,,795.0,,5900000.0,0.0,11100000.0,2600000.0,19600000.0,2.9791666666666665,4.083333333333333,0.7295918367346939,1
,,1.0,Graduate,No,2600000,0.0,2600000.0,9900000.0,72.0,,594.0,,2900000.0,4300000.0,6700000.0,2500000.0,16400000.0,3.8076923076923075,6.3076923076923075,0.6036585365853658,1
,,3.0,Not Graduate,Yes,2700000,0.0,2700000.0,10600000.0,96.0,,840.0,,500000.0,3000000.0,9000000.0,1900000.0,14400000.0,3.925925925925926,5.333333333333333,0.7361111111111112,1
,,3.0,Not Graduate,No,3700000,0.0,3700000.0,10900000.0,192.0,,301.0,,7800000.0,2300000.0,9600000.0,3400000.0,23100000.0,2.945945945945946,6.243243243243243,0.47186147186147187,0
,,4.0,Graduate,Yes,2600000,0.0,2600000.0,9400000.0,216.0,,481.0,,2700000.0,4400000.0,8600000.0,2400000.0,18100000.0,3.6153846153846154,6.961538461538462,0.5193370165745856,0
,,5.0,Not Graduate,Yes,8800000,0.0,8800000.0,23100000.0,192.0,,531.0,,20800000.0,2600000.0,22100000.0,8000000.0,53500000.0,2.625,6.079545454545454,0.43177570093457945,0
,,2.0,Not Graduate,No,7500000,0.0,7500000.0,15400000.0,96.0,,332.0,,8300000.0,3100000.0,23700000.0,5400000.0,40500000.0,2.0533333333333332,5.4,0.3802469135802469,0
,,0.0,Graduate,No,4700000,0.0,4700000.0,18500000.0,48.0,,516.0,,1000000.0,8400000.0,10400000.0,6100000.0,25900000.0,3.9361702127659575,5.51063829787234,0.7142857142857143,1
,,2.0,Not Graduate,No,7100000,0.0,7100000.0,26600000.0,72.0,,727.0,,16500000.0,9800000.0,21100000.0,7900000.0,55300000.0,3.7464788732394365,7.788732394366197,0.4810126582278481,1
,,3.0,Not Graduate,Yes,5500000,0.0,5500000.0,19300000.0,120.0,,344.0,,14400000.0,1300000.0,12400000.0,6600000.0,34700000.0,3.5090909090909093,6.3090909090909095,0.5561959654178674,0
,,2.0,Graduate,No,9500000,0.0,9500000.0,31500000.0,144.0,,650.0,,17600000.0,16600000.0,22200000.0,11400000.0,67800000.0,3.3157894736842106,7.136842105263158,0.4646017699115044,1
,,3.0,Graduate,Yes,4200000,0.0,4200000.0,15400000.0,96.0,,362.0,,9900000.0,5300000.0,15500000.0,5600000.0,36300000.0,3.6666666666666665,8.642857142857142,0.42424242424242425,0
,,5.0,Graduate,Yes,6900000,0.0,6900000.0,18600000.0,216.0,,307.0,,3500000.0,4800000.0,25300000.0,4200000.0,37800000.0,2.6956521739130435,5.478260869565218,0.49206349206349204,0
,,5.0,Graduate,No,9900000,0.0,9900000.0,24600000.0,24.0,,530.0,,24200000.0,12800000.0,20400000.0,13000000.0,70400000.0,2.484848484848485,7.111111111111111,0.3494318181818182,0
,,5.0,Graduate,No,6700000,0.0,6700000.0,17700000.0,72.0,,482.0,,3200000.0,10400000.0,18500000.0,5700000.0,37800000.0,2.6417910447761193,5.641791044776119,0.46825396825396826,0
,,0.0,Not Graduate,Yes,9300000,0.0,9300000.0,22200000.0,168.0,,701.0,,600000.0,10100000.0,35900000.0,5700000.0,52300000.0,2.3870967741935485,5.623655913978495,0.42447418738049714,1
,,2.0,Graduate,No,5600000,0.0,5600000.0,17200000.0,192.0,,586.0,,13700000.0,2100000.0,14300000.0,4300000.0,34400000.0,3.0714285714285716,6.142857142857143,0.5,1
,,0.0,Graduate,Yes,8100000,0.0,8100000.0,17600000.0,192.0,,384.0,,15200000.0,13300000.0,31700000.0,10200000.0,70400000.0,2.1728395061728394,8.691358024691358,0.25,0
,,4.0,Not Graduate,No,6000000,0.0,6000000.0,18000000.0,216.0,,882.0,,6700000.0,2500000.0,12200000.0,7500000.0,28900000.0,3.0,4.816666666666666,0.6228373702422145,1
,,5.0,Not Graduate,Yes,4200000,0.0,4200000.0,11200000.0,24.0,,758.0,,5300000.0,6500000.0,9600000.0,3800000.0,25200000.0,2.6666666666666665,6.0,0.4444444444444444,1
,,5.0,Graduate,No,1600000,0.0,1600000.0,4000000.0,216.0,,529.0,,300000.0,1200000.0,5300000.0,2000000.0,8800000.0,2.5,5.5,0.45454545454545453,0
,,3.0,Graduate,Yes,800000,0.0,800000.0,1500000.0,24.0,,589.0,,1500000.0,1100000.0,1800000.0,400000.0,4800000.0,1.875,6.0,0.3125,1
,,1.0,Graduate,No,500000,0.0,500000.0,1300000.0,72.0,,670.0,,1000000.0,500000.0,1400000.0,700000.0,3600000.0,2.6,7.2,0.3611111111111111,1
,,5.0,Not Graduate,Yes,4300000,0.0,4300000.0,14100000.0,144.0,,532.0,,12600000.0,5700000.0,12000000.0,4600000.0,34900000.0,3.2790697674418605,8.116279069767442,0.4040114613180516,0
,,0.0,Not Graduate,No,4000000,0.0,4000000.0,12500000.0,216.0,,868.0,,11000000.0,800000.0,14400000.0,2300000.0,28500000.0,3.125,7.125,0.43859649122807015,1
,,2.0,Not Graduate,No,2900000,0.0,2900000.0,7300000.0,24.0,,776.0,,8300000.0,3000000.0,8500000.0,3400000.0,23200000.0,2.5172413793103448,8.0,0.3146551724137931,1
,,5.0,Graduate,Yes,2300000,0.0,2300000.0,9100000.0,192.0,,644.0,,4000000.0,2600000.0,6600000.0,3100000.0,16300000.0,3.9565217391304346,7.086956521739131,0.558282208588957,1
,,0.0,Graduate,Yes,1800000,0.0,1800000.0,6000000.0,144.0,,658.0,,2900000.0,2300000.0,4500000.0,2400000.0,12100000.0,3.3333333333333335,6.722222222222222,0.49586776859504134,1
,,1.0,Graduate,Yes,8700000,0.0,8700000.0,33900000.0,120.0,,766.0,,16300000.0,700000.0,19500000.0,9000000.0,45500000.0,3.896551724137931,5.2298850574712645,0.7450549450549451,1
,,3.0,Not Graduate,No,7800000,0.0,7800000.0,21100000.0,144.0,,717.0,,1200000.0,10700000.0,19900000.0,6200000.0,38000000.0,2.7051282051282053,4.871794871794871,0.5552631578947368,1
,,2.0,Graduate,No,3200000,0.0,3200000.0,6300000.0,120.0,,339.0,,300000.0,4900000.0,7300000.0,2700000.0,15200000.0,1.96875,4.75,0.4144736842105263,0
,,0.0,Not Graduate,No,1600000,0.0,1600000.0,4500000.0,216.0,,463.0,,100000.0,2000000.0,4100000.0,1800000.0,8000000.0,2.8125,5.0,0.5625,0
,,4.0,Not Graduate,No,2400000,0.0,2400000.0,7300000.0,48.0,,540.0,,2500000.0,300000.0,7800000.0,2200000.0,12800000.0,3.0416666666666665,5.333333333333333,0.5703125,1
,,1.0,Graduate,No,1800000,0.0,1800000.0,5900000.0,192.0,,804.0,,800000.0,2500000.0,5000000.0,1000000.0,9300000.0,3.2777777777777777,5.166666666666667,0.6344086021505376,1
,,1.0,Graduate,No,7500000,0.0,7500000.0,16000000.0,120.0,,541.0,,16300000.0,4500000.0,22400000.0,5100000.0,48300000.0,2.1333333333333333,6.44,0.33126293995859213,0
,,4.0,Not Graduate,Yes,6700000,0.0,6700000.0,18400000.0,120.0,,371.0,,1900000.0,1400000.0,15700000.0,4400000.0,23400000.0,2.746268656716418,3.4925373134328357,0.7863247863247863,0
,,5.0,Graduate,No,5800000,0.0,5800000.0,13700000.0,72.0,,369.0,,10500000.0,2700000.0,12100000.0,3000000.0,28300000.0,2.3620689655172415,4.879310344827586,0.4840989399293286,0
,,0.0,Not Graduate,No,500000,0.0,500000.0,1800000.0,24.0,,651.0,,700000.0,0.0,1700000.0,200000.0,2600000.0,3.6,5.2,0.6923076923076923,1
,,0.0,Graduate,Yes,9400000,0.0,9400000.0,30700000.0,120.0,,477.0,,17400000.0,900000.0,27500000.0,6200000.0,52000000.0,3.265957446808511,5.531914893617022,0.5903846153846154,0
,,4.0,Not Graduate,No,1600000,0.0,1600000.0,6200000.0,216.0,,554.0,,3200000.0,800000.0,5500000.0,1100000.0,10600000.0,3.875,6.625,0.5849056603773585,1
,,0.0,Graduate,Yes,9300000,0.0,9300000.0,25000000.0,168.0,,362.0,,14900000.0,16100000.0,32300000.0,11000000.0,74300000.0,2.6881720430107525,7.989247311827957,0.3364737550471063,0
,,5.0,Graduate,No,3700000,0.0,3700000.0,14000000.0,24.0,,469.0,,3800000.0,600000.0,8000000.0,2800000.0,15200000.0,3.7837837837837838,4.108108108108108,0.9210526315789473,1
,,3.0,Not Graduate,No,900000,0.0,900000.0,1900000.0,144.0,,547.0,,2400000.0,400000.0,3000000.0,400000.0,6200000.0,2.111111111111111,6.888888888888889,0.3064516129032258,0
,,4.0,Not Graduate,No,500000,0.0,500000.0,1300000.0,72.0,,809.0,,200000.0,300000.0,900000.0,500000.0,1900000.0,2.6,3.8,0.6842105263157895,1
,,1.0,Graduate,Yes,7800000,0.0,7800000.0,16200000.0,24.0,,335.0,,4900000.0,7900000.0,28700000.0,6400000.0,47900000.0,2.076923076923077,6.141025641025641,0.33820459290187893,0
,,5.0,Not Graduate,Yes,5300000,0.0,5300000.0,13700000.0,216.0,,708.0,,7600000.0,900000.0,19200000.0,5900000.0,33600000.0,2.5849056603773586,6.339622641509434,0.40773809523809523,1
,,0.0,Graduate,No,300000,0.0,300000.0,700000.0,192.0,,779.0,,200000.0,0.0,1000000.0,400000.0,1600000.0,2.3333333333333335,5.333333333333333,0.4375,1
,,0.0,Graduate,Yes,5000000,0.0,5000000.0,19900000.0,72.0,,748.0,,8300000.0,8500000.0,11300000.0,3000000.0,31100000.0,3.98,6.22,0.639871382636656,1
,,0.0,Graduate,No,7900000,0.0,7900000.0,28600000.0,216.0,,541.0,,400000.0,3900000.0,22300000.0,6700000.0,33300000.0,3.6202531645569622,4.215189873417722,0.8588588588588588,0
,,4.0,Graduate,No,5300000,0.0,5300000.0,15800000.0,24.0,,527.0,,3800000.0,5200000.0,19700000.0,3900000.0,32600000.0,2.981132075471698,6.150943396226415,0.48466257668711654,0
,,0.0,Not Graduate,Yes,5500000,0.0,5500000.0,15300000.0,48.0,,859.0,,4600000.0,9500000.0,21400000.0,2900000.0,38400000.0,2.7818181818181817,6.9818181818181815,0.3984375,1
,,0.0,Graduate,No,1500000,0.0,1500000.0,5600000.0,216.0,,604.0,,2000000.0,2400000.0,4400000.0,1800000.0,10600000.0,3.7333333333333334,7.066666666666666,0.5283018867924528,1
,,5.0,Graduate,No,6600000,0.0,6600000.0,20100000.0,216.0,,348.0,,6900000.0,2500000.0,22500000.0,7200000.0,39100000.0,3.0454545454545454,5.924242424242424,0.5140664961636828,0
,,4.0,Graduate,Yes,6200000,0.0,6200000.0,16200000.0,240.0,,734.0,,8800000.0,4000000.0,14600000.0,4400000.0,31800000.0,2.6129032258064515,5.129032258064516,0.5094339622641509,1
,,3.0,Graduate,No,6300000,0.0,6300000.0,17000000.0,192.0,,388.0,,11700000.0,2100000.0,16100000.0,3200000.0,33100000.0,2.6984126984126986,5.253968253968254,0.513595166163142,0
,,0.0,Graduate,Yes,3800000,0.0,3800000.0,8100000.0,240.0,,831.0,,6500000.0,1700000.0,7700000.0,2000000.0,17900000.0,2.1315789473684212,4.7105263157894735,0.45251396648044695,1
,,5.0,Not Graduate,No,500000,0.0,500000.0,1500000.0,72.0,,433.0,,0.0,700000.0,1900000.0,700000.0,3300000.0,3.0,6.6,0.45454545454545453,0
,,2.0,Graduate,Yes,5000000,0.0,5000000.0,15900000.0,192.0,,699.0,,8800000.0,5900000.0,18100000.0,7200000.0,40000000.0,3.18,8.0,0.3975,1
,,0.0,Not Graduate,No,4500000,0.0,4500000.0,17100000.0,96.0,,303.0,,7400000.0,8200000.0,17400000.0,4200000.0,37200000.0,3.8,8.266666666666667,0.4596774193548387,0
,,4.0,Not Graduate,No,1000000,0.0,1000000.0,3800000.0,24.0,,611.0,,1700000.0,1800000.0,2500000.0,600000.0,6600000.0,3.8,6.6,0.5757575757575758,1
,,2.0,Graduate,No,1700000,0.0,1700000.0,3700000.0,240.0,,558.0,,4100000.0,1400000.0,5000000.0,2500000.0,13000000.0,2.176470588235294,7.647058823529412,0.2846153846153846,1
,,4.0,Graduate,Yes,1200000,0.0,1200000.0,4800000.0,24.0,,752.0,,2800000.0,900000.0,3000000.0,600000.0,7300000.0,4.0,6.083333333333333,0.6575342465753424,1
,,5.0,Not Graduate,Yes,8500000,0.0,8500000.0,25800000.0,168.0,,786.0,,13900000.0,11000000.0,32400000.0,11300000.0,68600000.0,3.0352941176470587,8.070588235294117,0.3760932944606414,1
,,0.0,Graduate,No,8600000,0.0,8600000.0,29000000.0,216.0,,481.0,,21200000.0,2600000.0,27700000.0,5400000.0,56900000.0,3.372093023255814,6.616279069767442,0.5096660808435852,0
,,2.0,Graduate,No,400000,0.0,400000.0,1300000.0,192.0,,507.0,,200000.0,200000.0,1500000.0,300000.0,2200000.0,3.25,5.5,0.5909090909090909,0
,,4.0,Graduate,No,8700000,0.0,8700000.0,19800000.0,168.0,,715.0,,13500000.0,13400000.0,32000000.0,8500000.0,67400000.0,2.2758620689655173,7.747126436781609,0.29376854599406527,1
,,0.0,Not Graduate,No,1800000,0.0,1800000.0,5700000.0,240.0,,392.0,,3800000.0,2400000.0,3500000.0,1400000.0,11100000.0,3.1666666666666665,6.166666666666667,0.5135135135135135,0
,,0.0,Graduate,Yes,4700000,0.0,4700000.0,17700000.0,192.0,,887.0,,1300000.0,4900000.0,13200000.0,6700000.0,26100000.0,3.765957446808511,5.553191489361702,0.6781609195402298,1
,,0.0,Not Graduate,No,7300000,0.0,7300000.0,21600000.0,24.0,,479.0,,17900000.0,12300000.0,15900000.0,7500000.0,53600000.0,2.958904109589041,7.342465753424658,0.40298507462686567,0
,,2.0,Graduate,No,8400000,0.0,8400000.0,32100000.0,240.0,,328.0,,16300000.0,4600000.0,19500000.0,8000000.0,48400000.0,3.8214285714285716,5.761904761904762,0.6632231404958677,0
,,2.0,Graduate,Yes,4800000,0.0,4800000.0,12900000.0,96.0,,740.0,,9300000.0,900000.0,11000000.0,3700000.0,24900000.0,2.6875,5.1875,0.5180722891566265,1
,,2.0,Graduate,No,9200000,0.0,9200000.0,34200000.0,24.0,,456.0,,12200000.0,11300000.0,25800000.0,5700000.0,55000000.0,3.717391304347826,5.978260869565218,0.6218181818181818,1
,,1.0,Not Graduate,No,6200000,0.0,6200000.0,21100000.0,120.0,,467.0,,15600000.0,10500000.0,23500000.0,5300000.0,54900000.0,3.403225806451613,8.85483870967742,0.3843351548269581,0
,,0.0,Graduate,Yes,200000,0.0,200000.0,700000.0,120.0,,587.0,,0.0,100000.0,500000.0,100000.0,700000.0,3.5,3.5,1.0,0
,,0.0,Not Graduate,Yes,2500000,0.0,2500000.0,6700000.0,192.0,,569.0,,4500000.0,3400000.0,6200000.0,1300000.0,15400000.0,2.68,6.16,0.43506493506493504,1
,,3.0,Not Graduate,Yes,8000000,0.0,8000000.0,24400000.0,168.0,,399.0,,19100000.0,5400000.0,20600000.0,11600000.0,56700000.0,3.05,7.0875,0.43033509700176364,0
,,1.0,Not Graduate,No,4600000,0.0,4600000.0,15200000.0,48.0,,593.0,,13800000.0,3800000.0,11700000.0,3900000.0,33200000.0,3.3043478260869565,7.217391304347826,0.4578313253012048,1
,,3.0,Not Graduate,Yes,4900000,0.0,4900000.0,12700000.0,96.0,,409.0,,2000000.0,2500000.0,19300000.0,4700000.0,28500000.0,2.5918367346938775,5.816326530612245,0.4456140350877193,0
,,4.0,Not Graduate,No,9500000,0.0,9500000.0,21300000.0,216.0,,353.0,,22900000.0,2300000.0,21400000.0,11100000.0,57700000.0,2.2421052631578946,6.073684210526316,0.36915077989601386,0
,,5.0,Graduate,Yes,4500000,0.0,4500000.0,11600000.0,240.0,,306.0,,4800000.0,1900000.0,11900000.0,5700000.0,24300000.0,2.577777777777778,5.4,0.4773662551440329,0
,,2.0,Graduate,Yes,5900000,0.0,5900000.0,14200000.0,144.0,,499.0,,9200000.0,11600000.0,20200000.0,4400000.0,45400000.0,2.406779661016949,7.694915254237288,0.31277533039647576,0
,,4.0,Graduate,No,4200000,0.0,4200000.0,14600000.0,72.0,,324.0,,6300000.0,5900000.0,11700000.0,3000000.0,26900000.0,3.4761904761904763,6.404761904761905,0.5427509293680297,0
,,2.0,Not Graduate,Yes,3300000,0.0,3300000.0,11300000.0,72.0,,647.0,,5100000.0,6000000.0,12800000.0,4400000.0,28300000.0,3.4242424242424243,8.575757575757576,0.3992932862190813,1
,,2.0,Graduate,Yes,4900000,0.0,4900000.0,12600000.0,24.0,,767.0,,1100000.0,7400000.0,13000000.0,3800000.0,25300000.0,2.5714285714285716,5.163265306122449,0.4980237154150198,1
,,4.0,Not Graduate,No,5300000,0.0,5300000.0,10700000.0,144.0,,821.0,,15400000.0,10200000.0,17600000.0,2600000.0,45800000.0,2.018867924528302,8.641509433962264,0.2336244541484716,1
,,4.0,Not Graduate,No,7200000,0.0,7200000.0,17700000.0,72.0,,338.0,,9900000.0,9300000.0,27800000.0,7200000.0,54200000.0,2.4583333333333335,7.527777777777778,0.32656826568265684,0
,,0.0,Graduate,No,8400000,0.0,8400000.0,24300000.0,48.0,,785.0,,11900000.0,10100000.0,26600000.0,8500000.0,57100000.0,2.892857142857143,6.7976190476190474,0.425569176882662,1
,,3.0,Graduate,No,3800000,0.0,3800000.0,11800000.0,48.0,,694.0,,0.0,500000.0,8300000.0,5100000.0,13900000.0,3.1052631578947367,3.6578947368421053,0.8489208633093526,1
,,0.0,Not Graduate,No,9900000,0.0,9900000.0,22300000.0,240.0,,613.0,,28400000.0,8900000.0,23600000.0,4900000.0,65800000.0,2.2525252525252526,6.646464646464646,0.33890577507598785,1
,,4.0,Graduate,Yes,2900000,0.0,2900000.0,8300000.0,120.0,,318.0,,8700000.0,4100000.0,10900000.0,2100000.0,25800000.0,2.8620689655172415,8.89655172413793,0.32170542635658916,0
,,3.0,Not Graduate,Yes,6000000,0.0,6000000.0,18700000.0,216.0,,783.0,,2800000.0,8500000.0,20300000.0,8800000.0,40400000.0,3.1166666666666667,6.733333333333333,0.4628712871287129,1
,,2.0,Not Graduate,No,1700000,0.0,1700000.0,5300000.0,240.0,,761.0,,2500000.0,500000.0,3700000.0,1200000.0,7900000.0,3.1176470588235294,4.647058823529412,0.6708860759493671,1
,,4.0,Graduate,Yes,5300000,0.0,5300000.0,12000000.0,120.0,,329.0,,15300000.0,9300000.0,17300000.0,6100000.0,48000000.0,2.2641509433962264,9.056603773584905,0.25,0
,,5.0,Not Graduate,Yes,7500000,0.0,7500000.0,15000000.0,168.0,,661.0,,12100000.0,5800000.0,29900000.0,4400000.0,52200000.0,2.0,6.96,0.28735632183908044,1
,,4.0,Not Graduate,No,400000,0.0,400000.0,900000.0,216.0,,339.0,,700000.0,200000.0,800000.0,200000.0,1900000.0,2.25,4.75,0.47368421052631576,0
,,1.0,Graduate,Yes,8300000,0.0,8300000.0,17700000.0,120.0,,673.0,,23700000.0,5300000.0,28700000.0,4200000.0,61900000.0,2.1325301204819276,7.457831325301205,0.2859450726978998,1
,,3.0,Graduate,No,4500000,0.0,4500000.0,16900000.0,216.0,,748.0,,8500000.0,7200000.0,15100000.0,6600000.0,37400000.0,3.7555555555555555,8.311111111111112,0.45187165775401067,1
,,3.0,Graduate,No,4600000,0.0,4600000.0,10000000.0,48.0,,702.0,,6800000.0,1500000.0,16100000.0,4500000.0,28900000.0,2.1739130434782608,6.282608695652174,0.3460207612456747,1
,,4.0,Not Graduate,No,4700000,0.0,4700000.0,10300000.0,144.0,,710.0,,7500000.0,7700000.0,16900000.0,6600000.0,38700000.0,2.1914893617021276,8.23404255319149,0.2661498708010336,1
,,0.0,Graduate,Yes,900000,0.0,900000.0,3500000.0,72.0,,331.0,,2400000.0,1400000.0,3500000.0,1100000.0,8400000.0,3.888888888888889,9.333333333333334,0.4166666666666667,0
,,1.0,Not Graduate,No,2400000,0.0,2400000.0,7600000.0,144.0,,372.0,,5700000.0,4400000.0,6600000.0,1400000.0,18100000.0,3.1666666666666665,7.541666666666667,0.4198895027624309,0
,,0.0,Not Graduate,Yes,3900000,0.0,3900000.0,9600000.0,120.0,,783.0,,9900000.0,2100000.0,10900000.0,3900000.0,26800000.0,2.4615384615384617,6.871794871794871,0.3582089552238806,1
,,0.0,Graduate,No,8300000,0.0,8300000.0,31400000.0,216.0,,558.0,,13300000.0,2900000.0,25900000.0,6300000.0,48400000.0,3.783132530120482,5.831325301204819,0.6487603305785123,1
,,4.0,Graduate,Yes,4700000,0.0,4700000.0,13000000.0,72.0,,552.0,,5600000.0,8300000.0,11900000.0,2400000.0,28200000.0,2.765957446808511,6.0,0.46099290780141844,1
,,4.0,Not Graduate,No,3900000,0.0,3900000.0,10600000.0,240.0,,544.0,,4100000.0,3100000.0,10900000.0,4900000.0,23000000.0,2.717948717948718,5.897435897435898,0.4608695652173913,0
,,2.0,Not Graduate,No,400000,0.0,400000.0,1000000.0,72.0,,425.0,,800000.0,300000.0,800000.0,200000.0,2100000.0,2.5,5.25,0.47619047619047616,0
,,2.0,Not Graduate,Yes,1700000,0.0,1700000.0,5100000.0,216.0,,321.0,,2000000.0,2800000.0,5100000.0,1500000.0,11400000.0,3.0,6.705882352941177,0.4473684210526316,0
,,2.0,Graduate,Yes,6100000,0.0,6100000.0,15500000.0,96.0,,758.0,,8900000.0,4000000.0,13300000.0,7200000.0,33400000.0,2.540983606557377,5.475409836065574,0.46407185628742514,1
,,5.0,Graduate,Yes,7300000,0.0,7300000.0,19600000.0,120.0,,373.0,,10400000.0,4700000.0,19500000.0,10600000.0,45200000.0,2.684931506849315,6.191780821917808,0.4336283185840708,0
,,3.0,Not Graduate,Yes,300000,0.0,300000.0,500000.0,72.0,,876.0,,300000.0,100000.0,1100000.0,300000.0,1800000.0,1.6666666666666667,6.0,0.2777777777777778,1
,,2.0,Not Graduate,No,4300000,0.0,4300000.0,14500000.0,120.0,,594.0,,11400000.0,700000.0,14000000.0,5300000.0,31400000.0,3.372093023255814,7.3023255813953485,0.46178343949044587,1
,,3.0,Not Graduate,No,7000000,0.0,7000000.0,18400000.0,216.0,,837.0,,2800000.0,7900000.0,15400000.0,5700000.0,31800000.0,2.6285714285714286,4.542857142857143,0.5786163522012578,1
,,0.0,Not Graduate,Yes,4900000,0.0,4900000.0,16500000.0,48.0,,600.0,,11100000.0,2200000.0,12000000.0,6500000.0,31800000.0,3.36734693877551,6.489795918367347,0.5188679245283019,1
,,4.0,Graduate,No,6200000,0.0,6200000.0,12400000.0,240.0,,547.0,,14200000.0,10800000.0,17200000.0,8000000.0,50200000.0,2.0,8.096774193548388,0.24701195219123506,0
,,1.0,Not Graduate,No,4100000,0.0,4100000.0,15800000.0,144.0,,431.0,,9700000.0,7300000.0,15200000.0,5700000.0,37900000.0,3.8536585365853657,9.24390243902439,0.41688654353562005,0
,,0.0,Not Graduate,Yes,7300000,0.0,7300000.0,22600000.0,144.0,,851.0,,3300000.0,3400000.0,24800000.0,5300000.0,36800000.0,3.095890410958904,5.041095890410959,0.6141304347826086,1
,,4.0,Not Graduate,Yes,9200000,0.0,9200000.0,28100000.0,144.0,,760.0,,23200000.0,9700000.0,22300000.0,12900000.0,68100000.0,3.0543478260869565,7.4021739130434785,0.41262848751835535,1
,,0.0,Not Graduate,No,800000,0.0,800000.0,2400000.0,24.0,,716.0,,700000.0,1200000.0,3100000.0,400000.0,5400000.0,3.0,6.75,0.4444444444444444,1
,,4.0,Not Graduate,No,2900000,0.0,2900000.0,11200000.0,120.0,,744.0,,6600000.0,4000000.0,7300000.0,1600000.0,19500000.0,3.8620689655172415,6.724137931034483,0.5743589743589743,1
,,3.0,Not Graduate,No,8100000,0.0,8100000.0,21600000.0,48.0,,740.0,,22400000.0,3700000.0,16900000.0,9900000.0,52900000.0,2.6666666666666665,6.530864197530864,0.40831758034026466,1
,,0.0,Graduate,No,9300000,0.0,9300000.0,20300000.0,168.0,,759.0,,27000000.0,11600000.0,26500000.0,10900000.0,76000000.0,2.182795698924731,8.172043010752688,0.26710526315789473,1
,,4.0,Graduate,Yes,9200000,0.0,9200000.0,29400000.0,168.0,,517.0,,4900000.0,0.0,33500000.0,10100000.0,48500000.0,3.1956521739130435,5.271739130434782,0.6061855670103092,0
,,3.0,Not Graduate,Yes,3100000,0.0,3100000.0,6300000.0,216.0,,895.0,,2300000.0,3400000.0,10500000.0,4200000.0,20400000.0,2.032258064516129,6.580645161290323,0.3088235294117647,1
,,3.0,Not Graduate,Yes,7000000,0.0,7000000.0,15400000.0,240.0,,315.0,,19900000.0,7600000.0,16400000.0,5900000.0,49800000.0,2.2,7.114285714285714,0.3092369477911647,0
,,4.0,Not Graduate,No,3900000,0.0,3900000.0,8800000.0,168.0,,527.0,,4600000.0,4900000.0,14900000.0,3100000.0,27500000.0,2.2564102564102564,7.051282051282051,0.32,0
,,3.0,Graduate,No,5500000,0.0,5500000.0,19800000.0,168.0,,853.0,,7300000.0,3000000.0,15500000.0,3100000.0,28900000.0,3.6,5.254545454545455,0.6851211072664359,1
,,0.0,Graduate,No,6600000,0.0,6600000.0,13700000.0,240.0,,747.0,,3600000.0,2400000.0,23900000.0,6000000.0,35900000.0,2.0757575757575757,5.4393939393939394,0.3816155988857939,1
,,2.0,Not Graduate,No,9900000,0.0,9900000.0,31600000.0,192.0,,892.0,,4200000.0,17500000.0,31400000.0,12700000.0,65800000.0,3.191919191919192,6.646464646464646,0.48024316109422494,1
,,4.0,Graduate,Yes,6600000,0.0,6600000.0,20500000.0,96.0,,856.0,,18800000.0,5400000.0,15100000.0,9400000.0,48700000.0,3.106060606060606,7.378787878787879,0.4209445585215606,1
,,3.0,Graduate,No,8600000,0.0,8600000.0,23600000.0,48.0,,324.0,,13800000.0,3800000.0,28500000.0,4300000.0,50400000.0,2.744186046511628,5.8604651162790695,0.46825396825396826,0
,,5.0,Graduate,No,7900000,0.0,7900000.0,28600000.0,144.0,,812.0,,12100000.0,14400000.0,30000000.0,11700000.0,68200000.0,3.6202531645569622,8.632911392405063,0.41935483870967744,1
,,5.0,Graduate,Yes,6800000,0.0,6800000.0,22600000.0,24.0,,804.0,,3500000.0,12500000.0,18200000.0,9900000.0,44100000.0,3.323529411764706,6.485294117647059,0.5124716553287982,1
,,4.0,Graduate,No,700000,0.0,700000.0,1800000.0,96.0,,874.0,,1600000.0,1000000.0,1300000.0,300000.0,4200000.0,2.5714285714285716,6.0,0.42857142857142855,1
,,2.0,Not Graduate,Yes,3800000,0.0,3800000.0,10000000.0,144.0,,516.0,,2400000.0,4200000.0,14200000.0,5100000.0,25900000.0,2.6315789473684212,6.815789473684211,0.3861003861003861,0
,,5.0,Graduate,Yes,6900000,0.0,6900000.0,18300000.0,48.0,,402.0,,12600000.0,13100000.0,23200000.0,6100000.0,55000000.0,2.652173913043478,7.971014492753623,0.3327272727272727,0
,,1.0,Graduate,Yes,3700000,0.0,3700000.0,12400000.0,144.0,,330.0,,3400000.0,1000000.0,10400000.0,2800000.0,17600000.0,3.3513513513513513,4.756756756756757,0.7045454545454546,0
,,1.0,Graduate,No,7900000,0.0,7900000.0,24000000.0,144.0,,867.0,,20500000.0,10000000.0,30700000.0,9400000.0,70600000.0,3.037974683544304,8.936708860759493,0.33994334277620397,1
,,4.0,Graduate,Yes,8800000,0.0,8800000.0,34200000.0,192.0,,844.0,,18700000.0,11000000.0,20700000.0,10700000.0,61100000.0,3.8863636363636362,6.943181818181818,0.5597381342062193,1
,,5.0,Not Graduate,Yes,3300000,0.0,3300000.0,7800000.0,96.0,,310.0,,3000000.0,3900000.0,8300000.0,4200000.0,19400000.0,2.3636363636363638,5.878787878787879,0.4020618556701031,0
,,4.0,Not Graduate,No,5800000,0.0,5800000.0,14200000.0,240.0,,535.0,,10200000.0,4000000.0,21100000.0,3400000.0,38700000.0,2.4482758620689653,6.672413793103448,0.3669250645994832,0
,,1.0,Graduate,Yes,7400000,0.0,7400000.0,29500000.0,192.0,,323.0,,10000000.0,4400000.0,29400000.0,8100000.0,51900000.0,3.9864864864864864,7.013513513513513,0.5684007707129094,0
,,1.0,Graduate,No,8200000,0.0,8200000.0,25600000.0,48.0,,686.0,,2000000.0,5900000.0,17300000.0,4400000.0,29600000.0,3.1219512195121952,3.6097560975609757,0.8648648648648649,1
,,0.0,Not Graduate,Yes,3300000,0.0,3300000.0,9600000.0,96.0,,465.0,,6100000.0,700000.0,9700000.0,2000000.0,18500000.0,2.909090909090909,5.606060606060606,0.518918918918919,0
,,4.0,Graduate,Yes,5300000,0.0,5300000.0,10700000.0,144.0,,547.0,,1000000.0,10200000.0,11600000.0,5700000.0,28500000.0,2.018867924528302,5.377358490566038,0.37543859649122807,0
,,1.0,Not Graduate,No,5700000,0.0,5700000.0,19100000.0,144.0,,649.0,,9400000.0,10200000.0,16400000.0,4500000.0,40500000.0,3.3508771929824563,7.105263157894737,0.47160493827160493,1
,,2.0,Not Graduate,No,9000000,0.0,9000000.0,31000000.0,168.0,,670.0,,21300000.0,5400000.0,31100000.0,12900000.0,70700000.0,3.4444444444444446,7.855555555555555,0.43847241867043846,1
,,3.0,Graduate,No,5900000,0.0,5900000.0,14400000.0,120.0,,408.0,,2400000.0,5100000.0,23000000.0,3700000.0,34200000.0,2.440677966101695,5.796610169491525,0.42105263157894735,0
,,2.0,Not Graduate,No,5400000,0.0,5400000.0,11900000.0,72.0,,303.0,,15000000.0,9200000.0,15400000.0,6900000.0,46500000.0,2.2037037037037037,8.61111111111111,0.25591397849462366,0
,,0.0,Graduate,No,9800000,0.0,9800000.0,34800000.0,168.0,,497.0,,3000000.0,2200000.0,23800000.0,9600000.0,38600000.0,3.5510204081632653,3.938775510204082,0.9015544041450777,0
,,4.0,Graduate,Yes,9800000,0.0,9800000.0,34100000.0,168.0,,740.0,,6500000.0,16900000.0,27100000.0,5100000.0,55600000.0,3.479591836734694,5.673469387755102,0.6133093525179856,1
,,4.0,Not Graduate,Yes,3800000,0.0,3800000.0,8200000.0,48.0,,309.0,,10900000.0,3900000.0,10200000.0,3300000.0,28300000.0,2.1578947368421053,7.447368421052632,0.28975265017667845,0
,,0.0,Not Graduate,No,9500000,0.0,9500000.0,24400000.0,168.0,,769.0,,14400000.0,2400000.0,30800000.0,14200000.0,61800000.0,2.568421052631579,6.505263157894737,0.3948220064724919,1
,,3.0,Graduate,Yes,2500000,0.0,2500000.0,7100000.0,72.0,,420.0,,3800000.0,3300000.0,8700000.0,3000000.0,18800000.0,2.84,7.52,0.3776595744680851,0
,,1.0,Graduate,No,1900000,0.0,1900000.0,6000000.0,240.0,,540.0,,1100000.0,1400000.0,4300000.0,1300000.0,8100000.0,3.1578947368421053,4.2631578947368425,0.7407407407407407,0
,,5.0,Graduate,Yes,4400000,0.0,4400000.0,10600000.0,240.0,,806.0,,9700000.0,3600000.0,10800000.0,2500000.0,26600000.0,2.409090909090909,6.045454545454546,0.39849624060150374,1
,,4.0,Graduate,Yes,1400000,0.0,1400000.0,2900000.0,72.0,,723.0,,3800000.0,0.0,4700000.0,1600000.0,10100000.0,2.0714285714285716,7.214285714285714,0.2871287128712871,1
,,5.0,Not Graduate,Yes,3200000,0.0,3200000.0,11800000.0,192.0,,565.0,,8100000.0,2700000.0,9200000.0,1800000.0,21800000.0,3.6875,6.8125,0.5412844036697247,1
,,1.0,Graduate,Yes,3100000,0.0,3100000.0,9200000.0,192.0,,374.0,,2400000.0,3500000.0,7100000.0,3500000.0,16500000.0,2.967741935483871,5.32258064516129,0.5575757575757576,0
,,4.0,Graduate,No,4500000,0.0,4500000.0,9900000.0,120.0,,509.0,,11100000.0,3100000.0,12200000.0,2700000.0,29100000.0,2.2,6.466666666666667,0.3402061855670103,0
,,3.0,Not Graduate,Yes,9300000,0.0,9300000.0,23500000.0,192.0,,728.0,,3500000.0,9900000.0,27300000.0,9800000.0,50500000.0,2.5268817204301075,5.43010752688172,0.46534653465346537,1
,,2.0,Graduate,No,6900000,0.0,6900000.0,18200000.0,240.0,,396.0,,15600000.0,4300000.0,22900000.0,5400000.0,48200000.0,2.63768115942029,6.9855072463768115,0.3775933609958506,0
,,0.0,Not Graduate,Yes,3900000,0.0,3900000.0,8600000.0,24.0,,667.0,,4300000.0,6600000.0,13500000.0,2000000.0,26400000.0,2.2051282051282053,6.769230769230769,0.32575757575757575,1
,,5.0,Not Graduate,No,3200000,0.0,3200000.0,7400000.0,144.0,,583.0,,9400000.0,5500000.0,10600000.0,3600000.0,29100000.0,2.3125,9.09375,0.2542955326460481,1
,,1.0,Not Graduate,Yes,5600000,0.0,5600000.0,21100000.0,120.0,,459.0,,9700000.0,1400000.0,13900000.0,8100000.0,33100000.0,3.767857142857143,5.910714285714286,0.6374622356495468,0
,,4.0,Not Graduate,Yes,3700000,0.0,3700000.0,11900000.0,216.0,,635.0,,6100000.0,6400000.0,11200000.0,4700000.0,28400000.0,3.2162162162162162,7.675675675675675,0.41901408450704225,1
,,3.0,Not Graduate,No,8400000,0.0,8400000.0,27200000.0,144.0,,604.0,,21400000.0,8800000.0,23700000.0,4700000.0,58600000.0,3.238095238095238,6.976190476190476,0.4641638225255973,1
,,0.0,Not Graduate,Yes,4200000,0.0,4200000.0,8900000.0,168.0,,796.0,,3000000.0,1600000.0,13300000.0,4800000.0,22700000.0,2.119047619047619,5.404761904761905,0.3920704845814978,1
,,4.0,Graduate,No,3800000,0.0,3800000.0,8500000.0,120.0,,416.0,,6200000.0,4800000.0,14900000.0,4100000.0,30000000.0,2.236842105263158,7.894736842105263,0.2833333333333333,0
,,3.0,Graduate,No,3200000,0.0,3200000.0,8200000.0,96.0,,311.0,,4900000.0,5600000.0,10700000.0,1600000.0,22800000.0,2.5625,7.125,0.35964912280701755,0
,,1.0,Graduate,No,9700000,0.0,9700000.0,33900000.0,120.0,,833.0,,24600000.0,16200000.0,28300000.0,6600000.0,75700000.0,3.4948453608247423,7.804123711340206,0.4478203434610304,1
,,1.0,Not Graduate,Yes,4300000,0.0,4300000.0,9400000.0,72.0,,543.0,,7400000.0,5200000.0,14800000.0,4200000.0,31600000.0,2.186046511627907,7.348837209302325,0.2974683544303797,0
,,5.0,Graduate,Yes,8100000,0.0,8100000.0,20300000.0,216.0,,751.0,,1600000.0,7900000.0,31700000.0,7400000.0,48600000.0,2.506172839506173,6.0,0.4176954732510288,1
,,5.0,Not Graduate,Yes,9400000,0.0,9400000.0,23200000.0,168.0,,885.0,,16900000.0,1200000.0,34900000.0,4700000.0,57700000.0,2.4680851063829787,6.138297872340425,0.4020797227036395,1
,,4.0,Not Graduate,Yes,8100000,0.0,8100000.0,19400000.0,72.0,,346.0,,7800000.0,9300000.0,29300000.0,4500000.0,50900000.0,2.3950617283950617,6.283950617283951,0.381139489194499,0
,,4.0,Graduate,No,6500000,0.0,6500000.0,14500000.0,48.0,,588.0,,10300000.0,9500000.0,22800000.0,6400000.0,49000000.0,2.230769230769231,7.538461538461538,0.29591836734693877,1
,,2.0,Graduate,No,9400000,0.0,9400000.0,23100000.0,48.0,,488.0,,20100000.0,3500000.0,28600000.0,10900000.0,63100000.0,2.4574468085106385,6.712765957446808,0.36608557844690964,0
,,1.0,Not Graduate,Yes,2600000,0.0,2600000.0,6600000.0,240.0,,765.0,,2100000.0,200000.0,5200000.0,1300000.0,8800000.0,2.5384615384615383,3.3846153846153846,0.75,1
,,3.0,Not Graduate,Yes,8000000,0.0,8000000.0,25600000.0,72.0,,337.0,,8800000.0,500000.0,18900000.0,9800000.0,38000000.0,3.2,4.75,0.6736842105263158,0
,,1.0,Graduate,No,4700000,0.0,4700000.0,9300000.0,96.0,,515.0,,1000000.0,4700000.0,14600000.0,5700000.0,26000000.0,1.9787234042553192,5.531914893617022,0.3576923076923077,0
,,2.0,Graduate,Yes,7600000,0.0,7600000.0,22300000.0,144.0,,555.0,,2100000.0,13800000.0,17700000.0,7100000.0,40700000.0,2.9342105263157894,5.355263157894737,0.547911547911548,1
,,1.0,Graduate,Yes,6800000,0.0,6800000.0,27200000.0,24.0,,702.0,,4600000.0,2400000.0,27100000.0,6300000.0,40400000.0,4.0,5.9411764705882355,0.6732673267326733,1
,,2.0,Not Graduate,Yes,6600000,0.0,6600000.0,17000000.0,24.0,,457.0,,100000.0,1800000.0,23300000.0,6700000.0,31900000.0,2.5757575757575757,4.833333333333333,0.5329153605015674,0
,,2.0,Graduate,No,8200000,0.0,8200000.0,27200000.0,120.0,,425.0,,11400000.0,4900000.0,29300000.0,4500000.0,50100000.0,3.317073170731707,6.109756097560975,0.5429141716566867,0
,,1.0,Graduate,Yes,4400000,0.0,4400000.0,12300000.0,72.0,,583.0,,2400000.0,7900000.0,17200000.0,6600000.0,34100000.0,2.7954545454545454,7.75,0.36070381231671556,1
,,1.0,Not Graduate,No,8300000,0.0,8300000.0,29200000.0,72.0,,877.0,,13700000.0,9900000.0,31500000.0,9500000.0,64600000.0,3.5180722891566263,7.783132530120482,0.4520123839009288,1
,,0.0,Graduate,No,9200000,0.0,9200000.0,36500000.0,168.0,,522.0,,10500000.0,5300000.0,22400000.0,13200000.0,51400000.0,3.967391304347826,5.586956521739131,0.7101167315175098,0
,,5.0,Not Graduate,Yes,2700000,0.0,2700000.0,8700000.0,240.0,,687.0,,2600000.0,1200000.0,9000000.0,1300000.0,14100000.0,3.2222222222222223,5.222222222222222,0.6170212765957447,1
,,0.0,Graduate,No,6100000,0.0,6100000.0,23600000.0,240.0,,856.0,,3300000.0,5200000.0,17700000.0,6400000.0,32600000.0,3.8688524590163933,5.344262295081967,0.7239263803680982,1
,,4.0,Not Graduate,Yes,9100000,0.0,9100000.0,33000000.0,96.0,,543.0,,15700000.0,14400000.0,19500000.0,11200000.0,60800000.0,3.6263736263736264,6.681318681318682,0.5427631578947368,0
,,5.0,Not Graduate,Yes,7600000,0.0,7600000.0,15400000.0,168.0,,576.0,,2300000.0,2800000.0,24500000.0,4700000.0,34300000.0,2.026315789473684,4.5131578947368425,0.4489795918367347,1
,,2.0,Not Graduate,No,7200000,0.0,7200000.0,17000000.0,120.0,,856.0,,18100000.0,12700000.0,15800000.0,6000000.0,52600000.0,2.361111111111111,7.305555555555555,0.3231939163498099,1
,,0.0,Graduate,Yes,2600000,0.0,2600000.0,8200000.0,96.0,,722.0,,3500000.0,4200000.0,7100000.0,3200000.0,18000000.0,3.1538461538461537,6.923076923076923,0.45555555555555555,1
,,4.0,Graduate,Yes,6500000,0.0,6500000.0,20200000.0,144.0,,653.0,,18600000.0,1400000.0,23800000.0,6400000.0,50200000.0,3.1076923076923078,7.723076923076923,0.40239043824701193,1
,,5.0,Graduate,No,8900000,0.0,8900000.0,35500000.0,192.0,,480.0,,17200000.0,11300000.0,25200000.0,4900000.0,58600000.0,3.9887640449438204,6.584269662921348,0.60580204778157,0
,,2.0,Graduate,Yes,5400000,0.0,5400000.0,14300000.0,168.0,,477.0,,10200000.0,700000.0,11100000.0,5500000.0,27500000.0,2.6481481481481484,5.092592592592593,0.52,0
,,0.0,Graduate,No,300000,0.0,300000.0,500000.0,24.0,,885.0,,200000.0,400000.0,700000.0,200000.0,1500000.0,1.6666666666666667,5.0,0.3333333333333333,1
,,0.0,Not Graduate,No,8400000,0.0,8400000.0,19600000.0,216.0,,530.0,,17000000.0,3600000.0,24200000.0,12300000.0,57100000.0,2.3333333333333335,6.7976190476190474,0.3432574430823117,0
,,3.0,Graduate,No,8300000,0.0,8300000.0,17200000.0,96.0,,870.0,,4700000.0,8800000.0,18300000.0,10000000.0,41800000.0,2.072289156626506,5.036144578313253,0.41148325358851673,1
,,4.0,Not Graduate,No,1700000,0.0,1700000.0,5600000.0,96.0,,395.0,,2700000.0,800000.0,3500000.0,2400000.0,9400000.0,3.2941176470588234,5.529411764705882,0.5957446808510638,0
,,2.0,Not Graduate,No,1500000,0.0,1500000.0,4200000.0,192.0,,771.0,,2500000.0,800000.0,5700000.0,1100000.0,10100000.0,2.8,6.733333333333333,0.4158415841584158,1
,,1.0,Not Graduate,Yes,200000,0.0,200000.0,500000.0,24.0,,579.0,,500000.0,100000.0,500000.0,100000.0,1200000.0,2.5,6.0,0.4166666666666667,1
,,1.0,Graduate,Yes,1000000,0.0,1000000.0,3700000.0,168.0,,798.0,,2000000.0,200000.0,3800000.0,1400000.0,7400000.0,3.7,7.4,0.5,1
,,3.0,Not Graduate,Yes,8800000,0.0,8800000.0,25100000.0,96.0,,473.0,,17200000.0,600000.0,24400000.0,12400000.0,54600000.0,2.852272727272727,6.204545454545454,0.4597069597069597,0
,,0.0,Graduate,Yes,1000000,0.0,1000000.0,3200000.0,96.0,,304.0,,500000.0,600000.0,3700000.0,700000.0,5500000.0,3.2,5.5,0.5818181818181818,0
,,0.0,Not Graduate,Yes,8600000,0.0,8600000.0,23000000.0,168.0,,678.0,,18800000.0,16400000.0,22900000.0,12000000.0,70100000.0,2.6744186046511627,8.151162790697674,0.3281027104136947,1
,,5.0,Graduate,Yes,2400000,0.0,2400000.0,8900000.0,24.0,,745.0,,1700000.0,2000000.0,9200000.0,2100000.0,15000000.0,3.7083333333333335,6.25,0.5933333333333334,1
,,1.0,Graduate,No,2400000,0.0,2400000.0,8900000.0,96.0,,835.0,,2400000.0,1200000.0,5500000.0,1100000.0,10200000.0,3.7083333333333335,4.25,0.8725490196078431,1
,,5.0,Not Graduate,Yes,6000000,0.0,6000000.0,12100000.0,240.0,,848.0,,13900000.0,4800000.0,18000000.0,3600000.0,40300000.0,2.0166666666666666,6.716666666666667,0.3002481389578164,1
,,5.0,Not Graduate,No,7600000,0.0,7600000.0,16300000.0,216.0,,872.0,,5100000.0,1900000.0,20700000.0,5000000.0,32700000.0,2.1447368421052633,4.302631578947368,0.4984709480122324,1
,,3.0,Not Graduate,No,8000000,0.0,8000000.0,20100000.0,120.0,,608.0,,9800000.0,15500000.0,26100000.0,5200000.0,56600000.0,2.5125,7.075,0.3551236749116608,1
,,0.0,Graduate,Yes,5400000,0.0,5400000.0,19500000.0,192.0,,758.0,,2600000.0,2700000.0,18300000.0,6000000.0,29600000.0,3.611111111111111,5.481481481481482,0.6587837837837838,1
,,0.0,Not Graduate,Yes,1400000,0.0,1400000.0,3700000.0,48.0,,841.0,,3000000.0,1000000.0,4600000.0,1000000.0,9600000.0,2.642857142857143,6.857142857142857,0.3854166666666667,1
,,0.0,Not Graduate,Yes,800000,0.0,800000.0,2600000.0,24.0,,618.0,,300000.0,1200000.0,2000000.0,500000.0,4000000.0,3.25,5.0,0.65,1
,,4.0,Graduate,Yes,300000,0.0,300000.0,1100000.0,48.0,,457.0,,700000.0,100000.0,1100000.0,400000.0,2300000.0,3.6666666666666665,7.666666666666667,0.4782608695652174,1
,,0.0,Graduate,No,4100000,0.0,4100000.0,14400000.0,48.0,,844.0,,2700000.0,6000000.0,9900000.0,4200000.0,22800000.0,3.5121951219512195,5.560975609756097,0.631578947368421,1
,,2.0,Not Graduate,No,1500000,0.0,1500000.0,3800000.0,48.0,,776.0,,2800000.0,0.0,5300000.0,1400000.0,9500000.0,2.533333333333333,6.333333333333333,0.4,1
,,1.0,Not Graduate,No,4600000,0.0,4600000.0,13900000.0,96.0,,520.0,,13300000.0,6400000.0,9800000.0,2200000.0,31700000.0,3.0217391304347827,6.891304347826087,0.4384858044164038,0
,,1.0,Graduate,Yes,3300000,0.0,3300000.0,7500000.0,144.0,,648.0,,6400000.0,1700000.0,8700000.0,1600000.0,18400000.0,2.272727272727273,5.575757575757576,0.4076086956521739,1
,,4.0,Not Graduate,Yes,7900000,0.0,7900000.0,31400000.0,120.0,,654.0,,16500000.0,15200000.0,25400000.0,5000000.0,62100000.0,3.9746835443037973,7.860759493670886,0.5056360708534622,1
,,0.0,Not Graduate,No,8100000,0.0,8100000.0,26500000.0,240.0,,342.0,,5800000.0,5600000.0,23700000.0,5800000.0,40900000.0,3.271604938271605,5.049382716049383,0.6479217603911981,0
,,5.0,Not Graduate,No,900000,0.0,900000.0,2800000.0,192.0,,808.0,,2100000.0,900000.0,3100000.0,800000.0,6900000.0,3.111111111111111,7.666666666666667,0.4057971014492754,1
,,1.0,Graduate,Yes,4900000,0.0,4900000.0,15200000.0,120.0,,429.0,,5700000.0,7300000.0,14400000.0,3300000.0,30700000.0,3.1020408163265305,6.26530612244898,0.495114006514658,0
,,3.0,Graduate,Yes,6100000,0.0,6100000.0,18100000.0,168.0,,538.0,,11800000.0,4200000.0,16200000.0,7500000.0,39700000.0,2.9672131147540983,6.508196721311475,0.45591939546599497,0
,,3.0,Not Graduate,No,4500000,0.0,4500000.0,16400000.0,72.0,,533.0,,1800000.0,5600000.0,12200000.0,3900000.0,23500000.0,3.6444444444444444,5.222222222222222,0.6978723404255319,0
,,2.0,Graduate,Yes,2900000,0.0,2900000.0,7300000.0,96.0,,394.0,,7700000.0,2600000.0,7700000.0,4000000.0,22000000.0,2.5172413793103448,7.586206896551724,0.33181818181818185,0
,,1.0,Not Graduate,No,7900000,0.0,7900000.0,29300000.0,24.0,,771.0,,17600000.0,12800000.0,20400000.0,4000000.0,54800000.0,3.7088607594936707,6.936708860759493,0.5346715328467153,1
,,5.0,Graduate,Yes,4100000,0.0,4100000.0,10100000.0,48.0,,792.0,,4400000.0,6100000.0,8600000.0,4900000.0,24000000.0,2.4634146341463414,5.853658536585366,0.42083333333333334,1
,,5.0,Not Graduate,Yes,7700000,0.0,7700000.0,15500000.0,96.0,,407.0,,6500000.0,9100000.0,26300000.0,4600000.0,46500000.0,2.012987012987013,6.038961038961039,0.3333333333333333,0
,,0.0,Not Graduate,No,5600000,0.0,5600000.0,19300000.0,216.0,,544.0,,6400000.0,2800000.0,19900000.0,6400000.0,35500000.0,3.4464285714285716,6.339285714285714,0.543661971830986,0
,,5.0,Graduate,No,9000000,0.0,9000000.0,18000000.0,216.0,,509.0,,24600000.0,5200000.0,20000000.0,6100000.0,55900000.0,2.0,6.211111111111111,0.3220035778175313,0
,,4.0,Not Graduate,Yes,6400000,0.0,6400000.0,18400000.0,192.0,,320.0,,17700000.0,3600000.0,13900000.0,8300000.0,43500000.0,2.875,6.796875,0.42298850574712643,0
,,4.0,Graduate,No,6900000,0.0,6900000.0,14700000.0,24.0,,496.0,,12000000.0,7000000.0,15500000.0,4000000.0,38500000.0,2.130434782608696,5.579710144927536,0.38181818181818183,0
,,3.0,Not Graduate,No,9100000,0.0,9100000.0,27400000.0,216.0,,652.0,,8500000.0,7300000.0,31700000.0,6800000.0,54300000.0,3.010989010989011,5.967032967032967,0.5046040515653776,1
,,2.0,Graduate,Yes,1100000,0.0,1100000.0,3700000.0,24.0,,806.0,,2700000.0,800000.0,2900000.0,500000.0,6900000.0,3.3636363636363638,6.2727272727272725,0.5362318840579711,1
,,4.0,Not Graduate,No,1700000,0.0,1700000.0,4500000.0,144.0,,821.0,,3200000.0,1900000.0,4900000.0,1500000.0,11500000.0,2.6470588235294117,6.764705882352941,0.391304347826087,1
,,5.0,Graduate,Yes,9200000,0.0,9200000.0,28800000.0,240.0,,618.0,,14300000.0,10800000.0,33900000.0,10600000.0,69600000.0,3.130434782608696,7.565217391304348,0.41379310344827586,1
,,2.0,Not Graduate,Yes,8300000,0.0,8300000.0,20600000.0,144.0,,729.0,,22400000.0,9000000.0,31400000.0,8400000.0,71200000.0,2.4819277108433737,8.578313253012048,0.2893258426966292,1
,,5.0,Not Graduate,Yes,5000000,0.0,5000000.0,10600000.0,72.0,,839.0,,12600000.0,8600000.0,19800000.0,3500000.0,44500000.0,2.12,8.9,0.23820224719101124,1
,,3.0,Graduate,No,2200000,0.0,2200000.0,6400000.0,24.0,,318.0,,1400000.0,2100000.0,4300000.0,1500000.0,9300000.0,2.909090909090909,4.2272727272727275,0.6881720430107527,0
,,2.0,Graduate,No,4500000,0.0,4500000.0,9600000.0,192.0,,404.0,,1800000.0,6000000.0,17000000.0,2700000.0,27500000.0,2.1333333333333333,6.111111111111111,0.3490909090909091,0
,,5.0,Not Graduate,Yes,4100000,0.0,4100000.0,9000000.0,72.0,,581.0,,6600000.0,1500000.0,11300000.0,3400000.0,22800000.0,2.1951219512195124,5.560975609756097,0.39473684210526316,1
,,1.0,Not Graduate,No,2800000,0.0,2800000.0,6800000.0,216.0,,596.0,,7900000.0,400000.0,7300000.0,1500000.0,17100000.0,2.4285714285714284,6.107142857142857,0.39766081871345027,1
,,1.0,Not Graduate,No,6600000,0.0,6600000.0,20700000.0,48.0,,415.0,,12800000.0,11900000.0,17700000.0,3900000.0,46300000.0,3.1363636363636362,7.015151515151516,0.4470842332613391,1
,,3.0,Not Graduate,Yes,3200000,0.0,3200000.0,7200000.0,72.0,,728.0,,4800000.0,2000000.0,8000000.0,4600000.0,19400000.0,2.25,6.0625,0.3711340206185567,1
,,0.0,Not Graduate,No,6300000,0.0,6300000.0,13300000.0,24.0,,666.0,,8800000.0,4000000.0,14200000.0,4900000.0,31900000.0,2.111111111111111,5.063492063492063,0.4169278996865204,1
,,2.0,Graduate,No,4700000,0.0,4700000.0,17700000.0,168.0,,675.0,,5800000.0,7200000.0,13100000.0,6500000.0,32600000.0,3.765957446808511,6.9361702127659575,0.5429447852760736,1
,,0.0,Graduate,No,4100000,0.0,4100000.0,15400000.0,192.0,,304.0,,3000000.0,5200000.0,16200000.0,3100000.0,27500000.0,3.7560975609756095,6.7073170731707314,0.56,0
,,5.0,Graduate,Yes,7100000,0.0,7100000.0,15500000.0,48.0,,474.0,,7600000.0,9000000.0,22400000.0,9400000.0,48400000.0,2.183098591549296,6.816901408450704,0.3202479338842975,0
,,4.0,Graduate,Yes,4900000,0.0,4900000.0,10200000.0,216.0,,370.0,,10900000.0,2200000.0,13700000.0,6600000.0,33400000.0,2.0816326530612246,6.816326530612245,0.30538922155688625,0
,,4.0,Graduate,No,5600000,0.0,5600000.0,20300000.0,240.0,,596.0,,5100000.0,10900000.0,12700000.0,7900000.0,36600000.0,3.625,6.535714285714286,0.5546448087431693,1
,,4.0,Graduate,No,3400000,0.0,3400000.0,8300000.0,24.0,,567.0,,5700000.0,1900000.0,10200000.0,2700000.0,20500000.0,2.4411764705882355,6.029411764705882,0.40487804878048783,1
,,3.0,Not Graduate,No,4500000,0.0,4500000.0,16100000.0,192.0,,671.0,,10500000.0,3600000.0,12400000.0,5800000.0,32300000.0,3.577777777777778,7.177777777777778,0.4984520123839009,1
,,2.0,Graduate,No,300000,0.0,300000.0,800000.0,216.0,,819.0,,300000.0,300000.0,900000.0,400000.0,1900000.0,2.6666666666666665,6.333333333333333,0.42105263157894735,1
,,5.0,Not Graduate,Yes,7600000,0.0,7600000.0,23000000.0,120.0,,829.0,,3100000.0,7300000.0,17600000.0,7300000.0,35300000.0,3.026315789473684,4.644736842105263,0.6515580736543909,1
,,5.0,Graduate,No,500000,0.0,500000.0,1200000.0,144.0,,454.0,,1400000.0,500000.0,1000000.0,300000.0,3200000.0,2.4,6.4,0.375,0
,,0.0,Graduate,Yes,5900000,0.0,5900000.0,15200000.0,192.0,,399.0,,15200000.0,3200000.0,12200000.0,6500000.0,37100000.0,2.5762711864406778,6.288135593220339,0.40970350404312667,0
,,0.0,Graduate,No,7100000,0.0,7100000.0,20700000.0,120.0,,784.0,,9500000.0,11400000.0,27900000.0,8600000.0,57400000.0,2.915492957746479,8.084507042253522,0.3606271777003484,1
,,2.0,Not Graduate,Yes,8500000,0.0,8500000.0,26900000.0,72.0,,538.0,,21300000.0,16400000.0,21500000.0,4600000.0,63800000.0,3.164705882352941,7.5058823529411764,0.4216300940438871,0
,,0.0,Graduate,Yes,6400000,0.0,6400000.0,16900000.0,192.0,,759.0,,16200000.0,7100000.0,15200000.0,3100000.0,41600000.0,2.640625,6.5,0.40625,1
,,2.0,Graduate,No,7100000,0.0,7100000.0,21400000.0,144.0,,699.0,,11400000.0,13400000.0,22600000.0,4800000.0,52200000.0,3.0140845070422535,7.352112676056338,0.4099616858237548,1
,,5.0,Not Graduate,No,1800000,0.0,1800000.0,5400000.0,168.0,,347.0,,3800000.0,1300000.0,4900000.0,1700000.0,11700000.0,3.0,6.5,0.46153846153846156,0
,,3.0,Not Graduate,Yes,6600000,0.0,6600000.0,25200000.0,240.0,,598.0,,13100000.0,3600000.0,20700000.0,8600000.0,46000000.0,3.8181818181818183,6.96969696969697,0.5478260869565217,1
,,4.0,Graduate,Yes,8800000,0.0,8800000.0,27100000.0,24.0,,406.0,,16300000.0,6200000.0,26100000.0,5800000.0,54400000.0,3.0795454545454546,6.181818181818182,0.49816176470588236,1
,,2.0,Not Graduate,No,4800000,0.0,4800000.0,15800000.0,240.0,,860.0,,1700000.0,3300000.0,13400000.0,5100000.0,23500000.0,3.2916666666666665,4.895833333333333,0.6723404255319149,1
,,5.0,Graduate,Yes,4400000,0.0,4400000.0,16500000.0,120.0,,806.0,,3500000.0,4400000.0,11200000.0,2800000.0,21900000.0,3.75,4.9772727272727275,0.7534246575342466,1
,,0.0,Not Graduate,No,2000000,0.0,2000000.0,6900000.0,24.0,,448.0,,2700000.0,3800000.0,7100000.0,1600000.0,15200000.0,3.45,7.6,0.45394736842105265,1
,,2.0,Graduate,No,6800000,0.0,6800000.0,22600000.0,240.0,,393.0,,2100000.0,2200000.0,20300000.0,8200000.0,32800000.0,3.323529411764706,4.823529411764706,0.6890243902439024,0
,,5.0,Not Graduate,Yes,6600000,0.0,6600000.0,16000000.0,144.0,,811.0,,13100000.0,5000000.0,14700000.0,5000000.0,37800000.0,2.4242424242424243,5.7272727272727275,0.42328042328042326,1
,,2.0,Graduate,No,3300000,0.0,3300000.0,7900000.0,240.0,,829.0,,4800000.0,2100000.0,13200000.0,2600000.0,22700000.0,2.393939393939394,6.878787878787879,0.34801762114537443,1
,,3.0,Not Graduate,No,7400000,0.0,7400000.0,23400000.0,192.0,,700.0,,19300000.0,3000000.0,20700000.0,8900000.0,51900000.0,3.1621621621621623,7.013513513513513,0.4508670520231214,1
,,0.0,Not Graduate,Yes,4500000,0.0,4500000.0,12400000.0,216.0,,719.0,,10300000.0,200000.0,9200000.0,3100000.0,22800000.0,2.7555555555555555,5.066666666666666,0.543859649122807,1
,,1.0,Not Graduate,Yes,9500000,0.0,9500000.0,30500000.0,144.0,,430.0,,5400000.0,8000000.0,30800000.0,10500000.0,54700000.0,3.210526315789474,5.757894736842105,0.5575868372943327,0
,,1.0,Graduate,No,800000,0.0,800000.0,3000000.0,48.0,,338.0,,900000.0,1000000.0,2600000.0,400000.0,4900000.0,3.75,6.125,0.6122448979591837,1
,,2.0,Graduate,No,4000000,0.0,4000000.0,13000000.0,48.0,,695.0,,6400000.0,6900000.0,15400000.0,4300000.0,33000000.0,3.25,8.25,0.3939393939393939,1
,,2.0,Not Graduate,No,7000000,0.0,7000000.0,25700000.0,216.0,,374.0,,3400000.0,13700000.0,14900000.0,4500000.0,36500000.0,3.6714285714285713,5.214285714285714,0.7041095890410959,0
,,3.0,Graduate,No,3500000,0.0,3500000.0,8500000.0,216.0,,609.0,,7300000.0,0.0,12700000.0,2500000.0,22500000.0,2.4285714285714284,6.428571428571429,0.37777777777777777,1
,,3.0,Graduate,Yes,9700000,0.0,9700000.0,36000000.0,72.0,,631.0,,3500000.0,5500000.0,28500000.0,7500000.0,45000000.0,3.711340206185567,4.639175257731959,0.8,1
,,0.0,Not Graduate,No,3400000,0.0,3400000.0,10800000.0,72.0,,439.0,,5300000.0,1400000.0,11600000.0,1900000.0,20200000.0,3.176470588235294,5.9411764705882355,0.5346534653465347,0
,,1.0,Graduate,Yes,4600000,0.0,4600000.0,13500000.0,240.0,,837.0,,5600000.0,7700000.0,11900000.0,2500000.0,27700000.0,2.9347826086956523,6.021739130434782,0.48736462093862815,1
,,4.0,Graduate,No,3800000,0.0,3800000.0,10400000.0,120.0,,833.0,,7500000.0,2500000.0,14100000.0,4200000.0,28300000.0,2.736842105263158,7.447368421052632,0.3674911660777385,1
,,4.0,Not Graduate,Yes,4200000,0.0,4200000.0,9600000.0,240.0,,863.0,,7400000.0,900000.0,9100000.0,3400000.0,20800000.0,2.2857142857142856,4.9523809523809526,0.46153846153846156,1
,,2.0,Graduate,No,2500000,0.0,2500000.0,8700000.0,48.0,,684.0,,0.0,600000.0,9700000.0,2600000.0,12900000.0,3.48,5.16,0.6744186046511628,1
,,0.0,Not Graduate,Yes,7000000,0.0,7000000.0,24600000.0,72.0,,542.0,,6400000.0,2600000.0,24500000.0,4700000.0,38200000.0,3.5142857142857142,5.457142857142857,0.643979057591623,0
,,1.0,Not Graduate,No,5300000,0.0,5300000.0,11500000.0,96.0,,753.0,,10000000.0,4200000.0,14400000.0,3000000.0,31600000.0,2.169811320754717,5.962264150943396,0.3639240506329114,1
,,0.0,Not Graduate,No,6400000,0.0,6400000.0,14200000.0,24.0,,512.0,,1600000.0,9200000.0,23100000.0,3500000.0,37400000.0,2.21875,5.84375,0.37967914438502676,0
,,3.0,Not Graduate,No,3400000,0.0,3400000.0,8100000.0,144.0,,385.0,,6100000.0,4000000.0,10700000.0,4000000.0,24800000.0,2.3823529411764706,7.294117647058823,0.32661290322580644,0
,,4.0,Not Graduate,No,6700000,0.0,6700000.0,18800000.0,24.0,,749.0,,15600000.0,7900000.0,19900000.0,8600000.0,52000000.0,2.8059701492537314,7.7611940298507465,0.36153846153846153,1
,,1.0,Not Graduate,Yes,4600000,0.0,4600000.0,10100000.0,48.0,,618.0,,2200000.0,100000.0,12900000.0,4300000.0,19500000.0,2.1956521739130435,4.239130434782608,0.517948717948718,1
,,4.0,Graduate,Yes,900000,0.0,900000.0,2500000.0,48.0,,583.0,,1300000.0,800000.0,1800000.0,1100000.0,5000000.0,2.7777777777777777,5.555555555555555,0.5,1
,,0.0,Graduate,No,5100000,0.0,5100000.0,19900000.0,216.0,,655.0,,4400000.0,0.0,17100000.0,7100000.0,28600000.0,3.9019607843137254,5.607843137254902,0.6958041958041958,1
,,0.0,Not Graduate,Yes,7000000,0.0,7000000.0,20900000.0,240.0,,380.0,,11800000.0,10800000.0,21100000.0,6200000.0,49900000.0,2.9857142857142858,7.128571428571429,0.4188376753507014,0
,,3.0,Graduate,Yes,4100000,0.0,4100000.0,14700000.0,72.0,,679.0,,6600000.0,3700000.0,10500000.0,5600000.0,26400000.0,3.5853658536585367,6.439024390243903,0.5568181818181818,1
,,2.0,Graduate,No,4600000,0.0,4600000.0,14800000.0,72.0,,410.0,,12900000.0,6800000.0,16100000.0,5800000.0,41600000.0,3.217391304347826,9.043478260869565,0.3557692307692308,0
,,2.0,Graduate,Yes,3600000,0.0,3600000.0,11500000.0,96.0,,590.0,,1600000.0,5200000.0,10900000.0,3000000.0,20700000.0,3.1944444444444446,5.75,0.5555555555555556,1
,,5.0,Graduate,No,5900000,0.0,5900000.0,13800000.0,168.0,,397.0,,12400000.0,600000.0,20400000.0,3000000.0,36400000.0,2.3389830508474576,6.169491525423729,0.3791208791208791,0
,,2.0,Graduate,No,600000,0.0,600000.0,2100000.0,192.0,,425.0,,900000.0,500000.0,2300000.0,300000.0,4000000.0,3.5,6.666666666666667,0.525,0
,,0.0,Graduate,No,4900000,0.0,4900000.0,16400000.0,24.0,,383.0,,3300000.0,3500000.0,15000000.0,5800000.0,27600000.0,3.3469387755102042,5.63265306122449,0.5942028985507246,1
,,5.0,Graduate,Yes,6400000,0.0,6400000.0,23900000.0,72.0,,406.0,,14700000.0,12400000.0,25400000.0,4300000.0,56800000.0,3.734375,8.875,0.42077464788732394,0
,,2.0,Graduate,No,7000000,0.0,7000000.0,19800000.0,120.0,,563.0,,3900000.0,9400000.0,22800000.0,8000000.0,44100000.0,2.8285714285714287,6.3,0.4489795918367347,1
,,3.0,Graduate,Yes,6700000,0.0,6700000.0,13400000.0,168.0,,782.0,,4900000.0,4000000.0,25800000.0,9600000.0,44300000.0,2.0,6.611940298507463,0.30248306997742663,1
,,1.0,Not Graduate,Yes,800000,0.0,800000.0,2200000.0,48.0,,852.0,,900000.0,200000.0,2200000.0,1000000.0,4300000.0,2.75,5.375,0.5116279069767442,1
,,5.0,Not Graduate,No,7600000,0.0,7600000.0,27800000.0,24.0,,753.0,,18400000.0,12200000.0,16900000.0,8000000.0,55500000.0,3.6578947368421053,7.302631578947368,0.5009009009009009,1
,,5.0,Graduate,Yes,3200000,0.0,3200000.0,7600000.0,48.0,,489.0,,5000000.0,2900000.0,10600000.0,1900000.0,20400000.0,2.375,6.375,0.37254901960784315,0
,,2.0,Not Graduate,Yes,4900000,0.0,4900000.0,13800000.0,24.0,,586.0,,9900000.0,1400000.0,9900000.0,7000000.0,28200000.0,2.816326530612245,5.755102040816326,0.48936170212765956,1
,,3.0,Not Graduate,No,7200000,0.0,7200000.0,20800000.0,192.0,,560.0,,2100000.0,10700000.0,21100000.0,3600000.0,37500000.0,2.888888888888889,5.208333333333333,0.5546666666666666,1
,,3.0,Graduate,No,5600000,0.0,5600000.0,20600000.0,72.0,,487.0,,6400000.0,9700000.0,20200000.0,4100000.0,40400000.0,3.6785714285714284,7.214285714285714,0.5099009900990099,0
,,4.0,Graduate,Yes,7300000,0.0,7300000.0,18300000.0,96.0,,434.0,,10000000.0,2900000.0,26800000.0,6700000.0,46400000.0,2.506849315068493,6.3561643835616435,0.39439655172413796,0
,,4.0,Not Graduate,No,3300000,0.0,3300000.0,7000000.0,240.0,,504.0,,8200000.0,3200000.0,7300000.0,2500000.0,21200000.0,2.121212121212121,6.424242424242424,0.330188679245283,0
,,2.0,Graduate,Yes,9200000,0.0,9200000.0,25300000.0,48.0,,827.0,,25900000.0,15900000.0,19300000.0,11000000.0,72100000.0,2.75,7.836956521739131,0.3509015256588072,1
,,3.0,Not Graduate,Yes,8100000,0.0,8100000.0,23300000.0,240.0,,657.0,,15700000.0,2900000.0,28100000.0,6200000.0,52900000.0,2.876543209876543,6.530864197530864,0.44045368620037806,1
,,5.0,Graduate,No,6600000,0.0,6600000.0,21400000.0,120.0,,447.0,,12700000.0,11100000.0,20200000.0,6400000.0,50400000.0,3.242424242424242,7.636363636363637,0.4246031746031746,0
,,0.0,Graduate,Yes,4200000,0.0,4200000.0,13600000.0,48.0,,834.0,,8700000.0,3400000.0,12000000.0,3100000.0,27200000.0,3.238095238095238,6.476190476190476,0.5,1
,,2.0,Graduate,No,5800000,0.0,5800000.0,21700000.0,96.0,,354.0,,12500000.0,2300000.0,12200000.0,6800000.0,33800000.0,3.7413793103448274,5.827586206896552,0.6420118343195266,0
,,2.0,Graduate,Yes,5600000,0.0,5600000.0,21000000.0,216.0,,883.0,,9800000.0,1600000.0,20900000.0,6000000.0,38300000.0,3.75,6.839285714285714,0.5483028720626631,1
,,0.0,Not Graduate,Yes,3600000,0.0,3600000.0,9900000.0,144.0,,641.0,,10300000.0,2400000.0,9100000.0,2700000.0,24500000.0,2.75,6.805555555555555,0.40408163265306124,1
,,1.0,Graduate,Yes,7700000,0.0,7700000.0,16900000.0,72.0,,621.0,,22600000.0,7900000.0,27400000.0,10200000.0,68100000.0,2.1948051948051948,8.844155844155845,0.24816446402349487,1
,,0.0,Graduate,Yes,7800000,0.0,7800000.0,23300000.0,120.0,,587.0,,12500000.0,9300000.0,27500000.0,9700000.0,59000000.0,2.9871794871794872,7.564102564102564,0.3949152542372881,1
,,3.0,Not Graduate,No,5700000,0.0,5700000.0,15400000.0,192.0,,424.0,,4700000.0,3000000.0,16400000.0,5600000.0,29700000.0,2.7017543859649122,5.2105263157894735,0.5185185185185185,0
,,5.0,Graduate,No,6300000,0.0,6300000.0,20500000.0,168.0,,515.0,,4300000.0,3600000.0,18300000.0,9100000.0,35300000.0,3.253968253968254,5.603174603174603,0.5807365439093485,0
,,5.0,Not Graduate,Yes,2300000,0.0,2300000.0,4700000.0,216.0,,592.0,,1600000.0,3900000.0,6200000.0,2800000.0,14500000.0,2.0434782608695654,6.304347826086956,0.32413793103448274,1
,,4.0,Graduate,Yes,9600000,0.0,9600000.0,19900000.0,72.0,,319.0,,3200000.0,16500000.0,28100000.0,6600000.0,54400000.0,2.0729166666666665,5.666666666666667,0.36580882352941174,0
,,1.0,Not Graduate,Yes,1000000,0.0,1000000.0,3900000.0,192.0,,360.0,,2500000.0,300000.0,2100000.0,600000.0,5500000.0,3.9,5.5,0.7090909090909091,0
,,5.0,Graduate,Yes,7200000,0.0,7200000.0,27100000.0,144.0,,535.0,,8400000.0,12800000.0,28100000.0,4800000.0,54100000.0,3.763888888888889,7.513888888888889,0.5009242144177449,0
,,2.0,Not Graduate,Yes,3800000,0.0,3800000.0,11400000.0,192.0,,666.0,,9000000.0,2400000.0,8000000.0,3800000.0,23200000.0,3.0,6.105263157894737,0.49137931034482757,1
,,4.0,Not Graduate,Yes,9300000,0.0,9300000.0,24600000.0,192.0,,419.0,,18100000.0,0.0,26700000.0,5100000.0,49900000.0,2.6451612903225805,5.365591397849462,0.49298597194388777,0
,,2.0,Not Graduate,Yes,7200000,0.0,7200000.0,21900000.0,144.0,,640.0,,0.0,11400000.0,14600000.0,3800000.0,29800000.0,3.0416666666666665,4.138888888888889,0.7348993288590604,1
,,0.0,Graduate,No,7600000,0.0,7600000.0,19700000.0,144.0,,545.0,,4300000.0,5200000.0,29500000.0,7300000.0,46300000.0,2.5921052631578947,6.092105263157895,0.42548596112311016,0
,,4.0,Graduate,No,4500000,0.0,4500000.0,15300000.0,120.0,,843.0,,13200000.0,6900000.0,10800000.0,2200000.0,33100000.0,3.4,7.355555555555555,0.4622356495468278,1
,,1.0,Not Graduate,Yes,9900000,0.0,9900000.0,30900000.0,240.0,,559.0,,12100000.0,6100000.0,38600000.0,12100000.0,68900000.0,3.121212121212121,6.959595959595959,0.44847605224963716,1
,,0.0,Not Graduate,Yes,700000,0.0,700000.0,2000000.0,216.0,,650.0,,400000.0,1300000.0,2800000.0,500000.0,5000000.0,2.857142857142857,7.142857142857143,0.4,1
,,0.0,Graduate,No,3500000,0.0,3500000.0,12300000.0,192.0,,479.0,,9700000.0,6000000.0,7900000.0,4700000.0,28300000.0,3.5142857142857142,8.085714285714285,0.43462897526501765,0
,,1.0,Graduate,Yes,300000,0.0,300000.0,1000000.0,168.0,,324.0,,100000.0,100000.0,1100000.0,100000.0,1400000.0,3.3333333333333335,4.666666666666667,0.7142857142857143,0
,,5.0,Not Graduate,Yes,5400000,0.0,5400000.0,16700000.0,24.0,,354.0,,1100000.0,4500000.0,19300000.0,5200000.0,30100000.0,3.0925925925925926,5.574074074074074,0.5548172757475083,1
,,4.0,Not Graduate,Yes,2800000,0.0,2800000.0,8400000.0,120.0,,521.0,,1500000.0,1200000.0,9100000.0,3700000.0,15500000.0,3.0,5.535714285714286,0.5419354838709678,0
,,5.0,Not Graduate,Yes,4900000,0.0,4900000.0,15900000.0,96.0,,505.0,,12400000.0,4900000.0,14900000.0,6100000.0,38300000.0,3.2448979591836733,7.816326530612245,0.4151436031331593,0
,,4.0,Not Graduate,No,600000,0.0,600000.0,1700000.0,144.0,,436.0,,400000.0,0.0,1700000.0,700000.0,2800000.0,2.8333333333333335,4.666666666666667,0.6071428571428571,0
,,0.0,Graduate,No,3000000,0.0,3000000.0,8100000.0,72.0,,683.0,,3200000.0,4900000.0,10200000.0,3200000.0,21500000.0,2.7,7.166666666666667,0.3767441860465116,1
,,0.0,Graduate,No,1800000,0.0,1800000.0,5800000.0,216.0,,348.0,,2900000.0,700000.0,6700000.0,1000000.0,11300000.0,3.2222222222222223,6.277777777777778,0.5132743362831859,0
,,4.0,Graduate,Yes,5100000,0.0,5100000.0,15700000.0,72.0,,867.0,,11200000.0,8300000.0,19200000.0,3600000.0,42300000.0,3.0784313725490198,8.294117647058824,0.37115839243498816,1
,,5.0,Graduate,No,1400000,0.0,1400000.0,4100000.0,168.0,,880.0,,3700000.0,1800000.0,2800000.0,2100000.0,10400000.0,2.9285714285714284,7.428571428571429,0.3942307692307692,1
,,2.0,Graduate,Yes,6700000,0.0,6700000.0,25500000.0,120.0,,673.0,,11100000.0,8600000.0,25100000.0,5000000.0,49800000.0,3.8059701492537314,7.432835820895522,0.5120481927710844,1
,,3.0,Not Graduate,No,4300000,0.0,4300000.0,12600000.0,216.0,,482.0,,9300000.0,900000.0,13200000.0,6100000.0,29500000.0,2.9302325581395348,6.8604651162790695,0.4271186440677966,0
,,3.0,Graduate,Yes,7800000,0.0,7800000.0,19600000.0,48.0,,767.0,,18100000.0,10500000.0,20500000.0,7700000.0,56800000.0,2.5128205128205128,7.282051282051282,0.34507042253521125,1
,,3.0,Not Graduate,No,5400000,0.0,5400000.0,15800000.0,216.0,,760.0,,12700000.0,2300000.0,16400000.0,7200000.0,38600000.0,2.925925925925926,7.148148148148148,0.40932642487046633,1
,,0.0,Not Graduate,No,500000,0.0,500000.0,1900000.0,24.0,,857.0,,1100000.0,500000.0,1800000.0,300000.0,3700000.0,3.8,7.4,0.5135135135135135,1
,,1.0,Graduate,No,8600000,0.0,8600000.0,26700000.0,120.0,,735.0,,11800000.0,9100000.0,20700000.0,11200000.0,52800000.0,3.104651162790698,6.1395348837209305,0.5056818181818182,1
,,3.0,Graduate,No,2500000,0.0,2500000.0,9300000.0,48.0,,810.0,,2700000.0,3300000.0,9400000.0,3700000.0,19100000.0,3.72,7.64,0.4869109947643979,1
,,4.0,Not Graduate,No,3000000,0.0,3000000.0,7200000.0,24.0,,680.0,,900000.0,3400000.0,9600000.0,1700000.0,15600000.0,2.4,5.2,0.46153846153846156,1
,,5.0,Not Graduate,Yes,7000000,0.0,7000000.0,26900000.0,48.0,,889.0,,1400000.0,4200000.0,22400000.0,7400000.0,35400000.0,3.842857142857143,5.057142857142857,0.7598870056497176,1
,,1.0,Not Graduate,Yes,400000,0.0,400000.0,1500000.0,192.0,,688.0,,400000.0,300000.0,1200000.0,200000.0,2100000.0,3.75,5.25,0.7142857142857143,1
,,5.0,Not Graduate,No,5200000,0.0,5200000.0,13700000.0,192.0,,531.0,,8800000.0,4500000.0,15700000.0,2900000.0,31900000.0,2.6346153846153846,6.134615384615385,0.42946708463949845,0
,,3.0,Graduate,No,3300000,0.0,3300000.0,11100000.0,24.0,,660.0,,6500000.0,3700000.0,12300000.0,4500000.0,27000000.0,3.3636363636363638,8.181818181818182,0.4111111111111111,1
,,1.0,Not Graduate,Yes,2400000,0.0,2400000.0,8800000.0,216.0,,414.0,,3600000.0,2200000.0,7100000.0,2500000.0,15400000.0,3.6666666666666665,6.416666666666667,0.5714285714285714,0
,,4.0,Graduate,Yes,5800000,0.0,5800000.0,15800000.0,168.0,,528.0,,6300000.0,100000.0,21400000.0,8700000.0,36500000.0,2.7241379310344827,6.293103448275862,0.4328767123287671,0
,,4.0,Not Graduate,Yes,9400000,0.0,9400000.0,20000000.0,144.0,,817.0,,3600000.0,1600000.0,34400000.0,8000000.0,47600000.0,2.127659574468085,5.0638297872340425,0.42016806722689076,1
,,2.0,Not Graduate,No,6100000,0.0,6100000.0,15300000.0,24.0,,799.0,,7100000.0,5500000.0,17800000.0,5300000.0,35700000.0,2.5081967213114753,5.852459016393443,0.42857142857142855,1
,,1.0,Graduate,Yes,7500000,0.0,7500000.0,21400000.0,240.0,,655.0,,13000000.0,10300000.0,28100000.0,8100000.0,59500000.0,2.8533333333333335,7.933333333333334,0.3596638655462185,1
,,2.0,Not Graduate,No,4100000,0.0,4100000.0,16200000.0,72.0,,546.0,,3500000.0,3100000.0,15100000.0,3700000.0,25400000.0,3.951219512195122,6.195121951219512,0.6377952755905512,0
,,3.0,Not Graduate,No,8500000,0.0,8500000.0,30800000.0,168.0,,745.0,,11000000.0,8200000.0,19400000.0,7200000.0,45800000.0,3.623529411764706,5.3882352941176475,0.6724890829694323,1
,,0.0,Graduate,No,4300000,0.0,4300000.0,16900000.0,96.0,,884.0,,6500000.0,5400000.0,12000000.0,3700000.0,27600000.0,3.9302325581395348,6.4186046511627906,0.6123188405797102,1
,,5.0,Not Graduate,No,9300000,0.0,9300000.0,22000000.0,48.0,,822.0,,20900000.0,10000000.0,24200000.0,12100000.0,67200000.0,2.3655913978494625,7.225806451612903,0.3273809523809524,1
,,4.0,Not Graduate,No,6000000,0.0,6000000.0,18700000.0,24.0,,623.0,,4300000.0,4000000.0,19100000.0,5700000.0,33100000.0,3.1166666666666667,5.516666666666667,0.5649546827794562,1
,,1.0,Not Graduate,Yes,5300000,0.0,5300000.0,18900000.0,192.0,,361.0,,300000.0,5000000.0,11900000.0,5500000.0,22700000.0,3.5660377358490565,4.283018867924528,0.8325991189427313,0
,,5.0,Not Graduate,Yes,7400000,0.0,7400000.0,16200000.0,24.0,,778.0,,17000000.0,2700000.0,19400000.0,9200000.0,48300000.0,2.189189189189189,6.527027027027027,0.33540372670807456,1
,,1.0,Not Graduate,Yes,1100000,0.0,1100000.0,3800000.0,96.0,,779.0,,600000.0,1800000.0,4000000.0,1600000.0,8000000.0,3.4545454545454546,7.2727272727272725,0.475,1
,,1.0,Graduate,Yes,6600000,0.0,6600000.0,20700000.0,48.0,,594.0,,4800000.0,200000.0,26400000.0,8900000.0,40300000.0,3.1363636363636362,6.106060606060606,0.5136476426799007,1
,,3.0,Graduate,No,8200000,0.0,8200000.0,28300000.0,24.0,,530.0,,15000000.0,10500000.0,20200000.0,12100000.0,57800000.0,3.451219512195122,7.048780487804878,0.48961937716262977,1
,,3.0,Not Graduate,No,3300000,0.0,3300000.0,9300000.0,144.0,,324.0,,5300000.0,2600000.0,7500000.0,2000000.0,17400000.0,2.8181818181818183,5.2727272727272725,0.5344827586206896,0
,,4.0,Graduate,Yes,2500000,0.0,2500000.0,9000000.0,120.0,,394.0,,6700000.0,2000000.0,7300000.0,3000000.0,19000000.0,3.6,7.6,0.47368421052631576,0
,,3.0,Graduate,Yes,3300000,0.0,3300000.0,10400000.0,144.0,,816.0,,7100000.0,6300000.0,11800000.0,4900000.0,30100000.0,3.1515151515151514,9.121212121212121,0.34551495016611294,1
,,5.0,Not Graduate,No,1000000,0.0,1000000.0,2300000.0,192.0,,423.0,,1700000.0,700000.0,2900000.0,1400000.0,6700000.0,2.3,6.7,0.34328358208955223,0
,,5.0,Graduate,Yes,6200000,0.0,6200000.0,12800000.0,24.0,,539.0,,5600000.0,9800000.0,22300000.0,4800000.0,42500000.0,2.064516129032258,6.854838709677419,0.30117647058823527,0
,,1.0,Graduate,No,7000000,0.0,7000000.0,21000000.0,240.0,,554.0,,16900000.0,6600000.0,14600000.0,5600000.0,43700000.0,3.0,6.242857142857143,0.4805491990846682,1
,,2.0,Graduate,Yes,7000000,0.0,7000000.0,19000000.0,72.0,,523.0,,5300000.0,9300000.0,25800000.0,9500000.0,49900000.0,2.7142857142857144,7.128571428571429,0.3807615230460922,0
,,1.0,Not Graduate,Yes,5300000,0.0,5300000.0,12000000.0,120.0,,852.0,,400000.0,10400000.0,18900000.0,5000000.0,34700000.0,2.2641509433962264,6.547169811320755,0.345821325648415,1
,,0.0,Not Graduate,Yes,1800000,0.0,1800000.0,3700000.0,24.0,,505.0,,3900000.0,2400000.0,4500000.0,1400000.0,12200000.0,2.0555555555555554,6.777777777777778,0.30327868852459017,0
,,0.0,Graduate,Yes,2300000,0.0,2300000.0,7900000.0,120.0,,430.0,,6600000.0,2800000.0,8100000.0,1900000.0,19400000.0,3.4347826086956523,8.434782608695652,0.4072164948453608,0
,,2.0,Graduate,No,4000000,0.0,4000000.0,9200000.0,192.0,,784.0,,3200000.0,600000.0,13000000.0,4900000.0,21700000.0,2.3,5.425,0.423963133640553,1
,,1.0,Not Graduate,No,8900000,0.0,8900000.0,24000000.0,72.0,,380.0,,16500000.0,7400000.0,27700000.0,7500000.0,59100000.0,2.696629213483146,6.640449438202247,0.40609137055837563,0
,,3.0,Graduate,No,8000000,0.0,8000000.0,18600000.0,240.0,,565.0,,1600000.0,8600000.0,22500000.0,9400000.0,42100000.0,2.325,5.2625,0.4418052256532066,1
,,4.0,Graduate,Yes,7900000,0.0,7900000.0,26900000.0,168.0,,446.0,,17900000.0,7300000.0,16500000.0,8200000.0,49900000.0,3.4050632911392404,6.3164556962025316,0.5390781563126252,0
,,5.0,Graduate,Yes,6700000,0.0,6700000.0,20200000.0,96.0,,406.0,,6900000.0,4900000.0,15300000.0,7100000.0,34200000.0,3.014925373134328,5.104477611940299,0.5906432748538012,0
,,4.0,Not Graduate,No,2400000,0.0,2400000.0,6000000.0,72.0,,712.0,,6800000.0,2200000.0,6000000.0,1200000.0,16200000.0,2.5,6.75,0.37037037037037035,1
,,4.0,Not Graduate,No,8600000,0.0,8600000.0,22600000.0,168.0,,729.0,,300000.0,16200000.0,20500000.0,11900000.0,48900000.0,2.627906976744186,5.686046511627907,0.4621676891615542,1
,,1.0,Not Graduate,Yes,5300000,0.0,5300000.0,14600000.0,240.0,,508.0,,11200000.0,2800000.0,17000000.0,4600000.0,35600000.0,2.7547169811320753,6.716981132075472,0.4101123595505618,0
,,0.0,Graduate,No,7400000,0.0,7400000.0,24900000.0,240.0,,648.0,,7100000.0,7900000.0,23300000.0,6200000.0,44500000.0,3.364864864864865,6.013513513513513,0.5595505617977528,1
,,0.0,Not Graduate,Yes,8700000,0.0,8700000.0,18700000.0,120.0,,346.0,,1200000.0,1800000.0,30700000.0,8200000.0,41900000.0,2.1494252873563218,4.816091954022989,0.44630071599045346,0
,,5.0,Graduate,No,8200000,0.0,8200000.0,18500000.0,48.0,,394.0,,9600000.0,5700000.0,27400000.0,11100000.0,53800000.0,2.2560975609756095,6.560975609756097,0.34386617100371747,0
,,0.0,Not Graduate,Yes,3700000,0.0,3700000.0,9700000.0,144.0,,501.0,,2600000.0,6600000.0,9200000.0,4600000.0,23000000.0,2.6216216216216215,6.216216216216216,0.4217391304347826,0
,,5.0,Not Graduate,Yes,9200000,0.0,9200000.0,36300000.0,24.0,,655.0,,3000000.0,1200000.0,32200000.0,8700000.0,45100000.0,3.9456521739130435,4.9021739130434785,0.8048780487804879,1
,,4.0,Not Graduate,No,6100000,0.0,6100000.0,20900000.0,48.0,,662.0,,10200000.0,7000000.0,23300000.0,4100000.0,44600000.0,3.4262295081967213,7.311475409836065,0.46860986547085204,1
,,2.0,Graduate,Yes,8800000,0.0,8800000.0,30800000.0,240.0,,820.0,,700000.0,4800000.0,25900000.0,12700000.0,44100000.0,3.5,5.011363636363637,0.6984126984126984,1
,,5.0,Not Graduate,No,9200000,0.0,9200000.0,18900000.0,120.0,,521.0,,8300000.0,14500000.0,23400000.0,6900000.0,53100000.0,2.0543478260869565,5.771739130434782,0.3559322033898305,0
,,3.0,Graduate,No,7200000,0.0,7200000.0,27900000.0,144.0,,473.0,,21100000.0,8800000.0,27800000.0,8700000.0,66400000.0,3.875,9.222222222222221,0.42018072289156627,0
,,1.0,Graduate,No,600000,0.0,600000.0,1200000.0,120.0,,561.0,,900000.0,300000.0,1400000.0,600000.0,3200000.0,2.0,5.333333333333333,0.375,1
,,5.0,Graduate,No,8000000,0.0,8000000.0,23100000.0,240.0,,461.0,,5900000.0,2400000.0,29300000.0,7200000.0,44800000.0,2.8875,5.6,0.515625,0
,,4.0,Graduate,Yes,6900000,0.0,6900000.0,13800000.0,192.0,,715.0,,2100000.0,6100000.0,20900000.0,8200000.0,37300000.0,2.0,5.405797101449275,0.3699731903485255,1
,,0.0,Not Graduate,Yes,4300000,0.0,4300000.0,15600000.0,216.0,,440.0,,6200000.0,1300000.0,10000000.0,4700000.0,22200000.0,3.627906976744186,5.162790697674419,0.7027027027027027,0
,,3.0,Not Graduate,Yes,8500000,0.0,8500000.0,24900000.0,216.0,,749.0,,9600000.0,1200000.0,31700000.0,10100000.0,52600000.0,2.929411764705882,6.188235294117647,0.47338403041825095,1
,,4.0,Not Graduate,No,8600000,0.0,8600000.0,17400000.0,24.0,,787.0,,11700000.0,10600000.0,18400000.0,10600000.0,51300000.0,2.0232558139534884,5.965116279069767,0.3391812865497076,1
,,3.0,Graduate,No,6300000,0.0,6300000.0,13900000.0,216.0,,748.0,,17700000.0,8800000.0,21700000.0,8600000.0,56800000.0,2.2063492063492065,9.015873015873016,0.24471830985915494,1
,,3.0,Not Graduate,Yes,5800000,0.0,5800000.0,13600000.0,144.0,,321.0,,1700000.0,3300000.0,22300000.0,3400000.0,30700000.0,2.3448275862068964,5.293103448275862,0.44299674267100975,0
,,3.0,Graduate,Yes,1000000,0.0,1000000.0,2300000.0,120.0,,303.0,,1000000.0,400000.0,2500000.0,1000000.0,4900000.0,2.3,4.9,0.46938775510204084,0
,,0.0,Not Graduate,Yes,1700000,0.0,1700000.0,5400000.0,96.0,,682.0,,2400000.0,1000000.0,3900000.0,2100000.0,9400000.0,3.176470588235294,5.529411764705882,0.574468085106383,1
,,2.0,Not Graduate,No,3200000,0.0,3200000.0,8600000.0,216.0,,638.0,,1000000.0,4900000.0,8600000.0,3500000.0,18000000.0,2.6875,5.625,0.4777777777777778,1
,,0.0,Graduate,Yes,7500000,0.0,7500000.0,16600000.0,168.0,,440.0,,17200000.0,14500000.0,24100000.0,10300000.0,66100000.0,2.2133333333333334,8.813333333333333,0.25113464447806355,0
,,1.0,Not Graduate,Yes,2000000,0.0,2000000.0,6600000.0,120.0,,873.0,,1400000.0,200000.0,6300000.0,2400000.0,10300000.0,3.3,5.15,0.6407766990291263,1
,,3.0,Not Graduate,No,9100000,0.0,9100000.0,19700000.0,240.0,,437.0,,6300000.0,13700000.0,23700000.0,12900000.0,56600000.0,2.1648351648351647,6.21978021978022,0.3480565371024735,0
,,4.0,Graduate,Yes,8400000,0.0,8400000.0,19700000.0,96.0,,796.0,,17900000.0,9200000.0,20200000.0,7700000.0,55000000.0,2.3452380952380953,6.5476190476190474,0.35818181818181816,1
,,4.0,Graduate,No,7100000,0.0,7100000.0,27200000.0,192.0,,824.0,,2400000.0,8000000.0,22400000.0,3900000.0,36700000.0,3.8309859154929575,5.169014084507042,0.7411444141689373,1
,,2.0,Not Graduate,No,200000,0.0,200000.0,800000.0,72.0,,338.0,,100000.0,0.0,400000.0,100000.0,600000.0,4.0,3.0,1.3333333333333333,0
,,0.0,Not Graduate,Yes,5000000,0.0,5000000.0,14900000.0,144.0,,575.0,,12800000.0,1500000.0,12300000.0,6600000.0,33200000.0,2.98,6.64,0.44879518072289154,1
,,0.0,Not Graduate,Yes,4500000,0.0,4500000.0,16900000.0,96.0,,773.0,,6300000.0,6800000.0,14000000.0,6000000.0,33100000.0,3.7555555555555555,7.355555555555555,0.5105740181268882,1
,,2.0,Not Graduate,Yes,5100000,0.0,5100000.0,19700000.0,24.0,,733.0,,0.0,4500000.0,12900000.0,6200000.0,23600000.0,3.8627450980392157,4.627450980392157,0.8347457627118644,1
,,3.0,Graduate,Yes,4100000,0.0,4100000.0,10600000.0,168.0,,475.0,,5400000.0,4300000.0,13900000.0,4500000.0,28100000.0,2.5853658536585367,6.853658536585366,0.37722419928825623,0
,,1.0,Not Graduate,No,7200000,0.0,7200000.0,15000000.0,120.0,,677.0,,10600000.0,3900000.0,24500000.0,4100000.0,43100000.0,2.0833333333333335,5.986111111111111,0.3480278422273782,1
,,3.0,Not Graduate,No,7800000,0.0,7800000.0,17700000.0,72.0,,403.0,,12600000.0,3700000.0,24700000.0,10000000.0,51000000.0,2.269230769230769,6.538461538461538,0.34705882352941175,0
,,3.0,Graduate,Yes,7500000,0.0,7500000.0,25300000.0,144.0,,767.0,,13200000.0,10800000.0,19400000.0,9600000.0,53000000.0,3.3733333333333335,7.066666666666666,0.47735849056603774,1
,,3.0,Graduate,Yes,6400000,0.0,6400000.0,21000000.0,24.0,,813.0,,3900000.0,10900000.0,20500000.0,4400000.0,39700000.0,3.28125,6.203125,0.5289672544080605,1
,,4.0,Graduate,No,7000000,0.0,7000000.0,25700000.0,240.0,,597.0,,19900000.0,13500000.0,27500000.0,10100000.0,71000000.0,3.6714285714285713,10.142857142857142,0.3619718309859155,1
,,4.0,Not Graduate,Yes,9000000,0.0,9000000.0,31100000.0,96.0,,896.0,,7100000.0,4400000.0,23400000.0,13100000.0,48000000.0,3.4555555555555557,5.333333333333333,0.6479166666666667,1
,,2.0,Not Graduate,Yes,4400000,0.0,4400000.0,13900000.0,72.0,,810.0,,13200000.0,4200000.0,15000000.0,5200000.0,37600000.0,3.159090909090909,8.545454545454545,0.3696808510638298,1
,,2.0,Not Graduate,No,900000,0.0,900000.0,2000000.0,168.0,,337.0,,1700000.0,0.0,2100000.0,600000.0,4400000.0,2.2222222222222223,4.888888888888889,0.45454545454545453,0
,,1.0,Graduate,No,9800000,0.0,9800000.0,26900000.0,216.0,,792.0,,15900000.0,14100000.0,25200000.0,11900000.0,67100000.0,2.7448979591836733,6.846938775510204,0.4008941877794337,1
,,4.0,Not Graduate,No,600000,0.0,600000.0,1600000.0,72.0,,784.0,,300000.0,100000.0,1900000.0,500000.0,2800000.0,2.6666666666666665,4.666666666666667,0.5714285714285714,1
,,5.0,Graduate,Yes,9700000,0.0,9700000.0,30100000.0,144.0,,434.0,,19600000.0,17900000.0,21000000.0,6900000.0,65400000.0,3.1030927835051547,6.742268041237113,0.4602446483180428,0
,,2.0,Graduate,Yes,8400000,0.0,8400000.0,32600000.0,120.0,,384.0,,13900000.0,1600000.0,21600000.0,7000000.0,44100000.0,3.880952380952381,5.25,0.7392290249433107,0
,,1.0,Graduate,No,8300000,0.0,8300000.0,24900000.0,120.0,,642.0,,11500000.0,15400000.0,21600000.0,5800000.0,54300000.0,3.0,6.542168674698795,0.4585635359116022,1
,,4.0,Graduate,No,7900000,0.0,7900000.0,29900000.0,96.0,,314.0,,22000000.0,4600000.0,26000000.0,8100000.0,60700000.0,3.7848101265822787,7.6835443037974684,0.4925864909390445,0
,,1.0,Not Graduate,No,8600000,0.0,8600000.0,25900000.0,24.0,,606.0,,3700000.0,14900000.0,32700000.0,12200000.0,63500000.0,3.011627906976744,7.383720930232558,0.4078740157480315,1
,,5.0,Not Graduate,Yes,6700000,0.0,6700000.0,17600000.0,168.0,,843.0,,12700000.0,200000.0,19500000.0,5600000.0,38000000.0,2.626865671641791,5.6716417910447765,0.4631578947368421,1
,,0.0,Graduate,No,2700000,0.0,2700000.0,7400000.0,120.0,,778.0,,6800000.0,800000.0,5600000.0,2800000.0,16000000.0,2.740740740740741,5.925925925925926,0.4625,1
,,0.0,Not Graduate,No,6600000,0.0,6600000.0,25600000.0,96.0,,718.0,,12600000.0,12200000.0,21700000.0,9000000.0,55500000.0,3.878787878787879,8.409090909090908,0.46126126126126127,1
,,1.0,Graduate,Yes,7100000,0.0,7100000.0,20800000.0,240.0,,437.0,,9600000.0,7300000.0,24700000.0,8800000.0,50400000.0,2.9295774647887325,7.098591549295775,0.4126984126984127,0
,,5.0,Graduate,Yes,300000,0.0,300000.0,700000.0,120.0,,586.0,,0.0,400000.0,1000000.0,100000.0,1500000.0,2.3333333333333335,5.0,0.4666666666666667,1
,,2.0,Graduate,No,2200000,0.0,2200000.0,7000000.0,72.0,,777.0,,6100000.0,400000.0,4400000.0,3300000.0,14200000.0,3.1818181818181817,6.454545454545454,0.49295774647887325,1
,,1.0,Graduate,Yes,8700000,0.0,8700000.0,31700000.0,144.0,,525.0,,7800000.0,10200000.0,30300000.0,6100000.0,54400000.0,3.6436781609195403,6.252873563218391,0.5827205882352942,0
,,4.0,Graduate,No,7200000,0.0,7200000.0,23100000.0,144.0,,632.0,,4600000.0,8500000.0,19400000.0,4400000.0,36900000.0,3.2083333333333335,5.125,0.6260162601626016,1
,,0.0,Not Graduate,No,2000000,0.0,2000000.0,4800000.0,240.0,,337.0,,1300000.0,2200000.0,5500000.0,1700000.0,10700000.0,2.4,5.35,0.4485981308411215,0
,,4.0,Graduate,Yes,8600000,0.0,8600000.0,27900000.0,96.0,,458.0,,22400000.0,1800000.0,34000000.0,11700000.0,69900000.0,3.244186046511628,8.127906976744185,0.39914163090128757,0
,,2.0,Graduate,Yes,2300000,0.0,2300000.0,5400000.0,96.0,,364.0,,4500000.0,500000.0,7000000.0,2000000.0,14000000.0,2.347826086956522,6.086956521739131,0.38571428571428573,0
,,2.0,Not Graduate,Yes,9600000,0.0,9600000.0,29800000.0,192.0,,499.0,,28500000.0,6300000.0,31800000.0,7400000.0,74000000.0,3.1041666666666665,7.708333333333333,0.4027027027027027,0
,,2.0,Graduate,Yes,1900000,0.0,1900000.0,6500000.0,192.0,,887.0,,2000000.0,1200000.0,4500000.0,1700000.0,9400000.0,3.4210526315789473,4.947368421052632,0.6914893617021277,1
,,1.0,Graduate,No,2100000,0.0,2100000.0,6300000.0,192.0,,882.0,,3900000.0,2200000.0,7700000.0,2900000.0,16700000.0,3.0,7.9523809523809526,0.3772455089820359,1
,,1.0,Not Graduate,Yes,3900000,0.0,3900000.0,8700000.0,96.0,,817.0,,900000.0,2500000.0,10700000.0,2100000.0,16200000.0,2.230769230769231,4.153846153846154,0.5370370370370371,1
,,5.0,Not Graduate,Yes,200000,0.0,200000.0,300000.0,120.0,,704.0,,500000.0,100000.0,800000.0,200000.0,1600000.0,1.5,8.0,0.1875,1
,,1.0,Not Graduate,Yes,1900000,0.0,1900000.0,4500000.0,144.0,,742.0,,1200000.0,2000000.0,4400000.0,1200000.0,8800000.0,2.3684210526315788,4.631578947368421,0.5113636363636364,1
,,0.0,Not Graduate,Yes,3200000,0.0,3200000.0,11600000.0,48.0,,393.0,,4700000.0,300000.0,8000000.0,3100000.0,16100000.0,3.625,5.03125,0.7204968944099379,1
,,0.0,Not Graduate,No,1100000,0.0,1100000.0,4300000.0,216.0,,828.0,,700000.0,800000.0,2900000.0,900000.0,5300000.0,3.909090909090909,4.818181818181818,0.8113207547169812,1
,,5.0,Graduate,Yes,8000000,0.0,8000000.0,21500000.0,144.0,,779.0,,2600000.0,15100000.0,29800000.0,10400000.0,57900000.0,2.6875,7.2375,0.37132987910189985,1
,,4.0,Graduate,Yes,6100000,0.0,6100000.0,21700000.0,72.0,,860.0,,13900000.0,900000.0,14100000.0,5600000.0,34500000.0,3.557377049180328,5.655737704918033,0.6289855072463768,1
,,5.0,Graduate,No,3200000,0.0,3200000.0,10600000.0,24.0,,432.0,,6500000.0,3700000.0,11200000.0,3700000.0,25100000.0,3.3125,7.84375,0.42231075697211157,1
,,4.0,Graduate,Yes,9000000,0.0,9000000.0,30400000.0,240.0,,532.0,,21000000.0,7400000.0,30500000.0,13100000.0,72000000.0,3.3777777777777778,8.0,0.4222222222222222,0
,,0.0,Not Graduate,Yes,1200000,0.0,1200000.0,3200000.0,24.0,,678.0,,1500000.0,1000000.0,3400000.0,900000.0,6800000.0,2.6666666666666665,5.666666666666667,0.47058823529411764,1
,,3.0,Graduate,No,7900000,0.0,7900000.0,27000000.0,72.0,,601.0,,17700000.0,7800000.0,27600000.0,11500000.0,64600000.0,3.4177215189873418,8.177215189873417,0.4179566563467492,1
,,3.0,Graduate,Yes,7700000,0.0,7700000.0,23100000.0,96.0,,807.0,,2900000.0,9800000.0,20400000.0,7000000.0,40100000.0,3.0,5.207792207792208,0.5760598503740648,1
,,2.0,Not Graduate,No,4400000,0.0,4400000.0,16500000.0,192.0,,879.0,,7800000.0,7500000.0,10300000.0,5400000.0,31000000.0,3.75,7.045454545454546,0.532258064516129,1
,,1.0,Not Graduate,No,3100000,0.0,3100000.0,11200000.0,216.0,,665.0,,2000000.0,5400000.0,12000000.0,2500000.0,21900000.0,3.6129032258064515,7.064516129032258,0.5114155251141552,1
,,5.0,Not Graduate,Yes,2600000,0.0,2600000.0,9300000.0,192.0,,697.0,,5100000.0,1200000.0,7700000.0,3700000.0,17700000.0,3.576923076923077,6.8076923076923075,0.5254237288135594,1
,,4.0,Graduate,No,5500000,0.0,5500000.0,21700000.0,168.0,,867.0,,5000000.0,8700000.0,15200000.0,3100000.0,32000000.0,3.9454545454545453,5.818181818181818,0.678125,1
,,1.0,Graduate,No,5700000,0.0,5700000.0,15500000.0,96.0,,544.0,,10500000.0,8700000.0,20900000.0,7000000.0,47100000.0,2.719298245614035,8.263157894736842,0.32908704883227174,0
,,5.0,Graduate,No,6100000,0.0,6100000.0,20700000.0,240.0,,482.0,,9400000.0,2000000.0,16900000.0,5900000.0,34200000.0,3.3934426229508197,5.60655737704918,0.6052631578947368,0
,,2.0,Graduate,No,8200000,0.0,8200000.0,22500000.0,216.0,,857.0,,13400000.0,14300000.0,28400000.0,8400000.0,64500000.0,2.7439024390243905,7.865853658536586,0.3488372093023256,1
,,1.0,Graduate,No,6000000,0.0,6000000.0,21200000.0,144.0,,549.0,,17900000.0,8200000.0,16900000.0,6200000.0,49200000.0,3.533333333333333,8.2,0.43089430894308944,0
,,1.0,Graduate,Yes,8000000,0.0,8000000.0,30600000.0,120.0,,720.0,,23700000.0,8500000.0,24900000.0,9700000.0,66800000.0,3.825,8.35,0.45808383233532934,1
,,4.0,Not Graduate,No,2000000,0.0,2000000.0,4800000.0,96.0,,302.0,,1500000.0,800000.0,4000000.0,2600000.0,8900000.0,2.4,4.45,0.5393258426966292,0
,,5.0,Graduate,Yes,1300000,0.0,1300000.0,2900000.0,144.0,,669.0,,400000.0,1700000.0,3900000.0,1800000.0,7800000.0,2.230769230769231,6.0,0.3717948717948718,1
,,1.0,Graduate,No,7000000,0.0,7000000.0,27100000.0,72.0,,591.0,,6700000.0,12200000.0,21500000.0,4900000.0,45300000.0,3.8714285714285714,6.4714285714285715,0.5982339955849889,1
,,3.0,Graduate,No,4100000,0.0,4100000.0,15300000.0,72.0,,440.0,,7500000.0,5100000.0,8200000.0,2000000.0,22800000.0,3.731707317073171,5.560975609756097,0.6710526315789473,0
,,3.0,Graduate,No,8000000,0.0,8000000.0,26200000.0,192.0,,890.0,,15800000.0,4300000.0,25000000.0,4000000.0,49100000.0,3.275,6.1375,0.5336048879837068,1
,,4.0,Not Graduate,No,8100000,0.0,8100000.0,28000000.0,96.0,,663.0,,8800000.0,11300000.0,26000000.0,5500000.0,51600000.0,3.45679012345679,6.37037037037037,0.5426356589147286,1
,,4.0,Graduate,Yes,9500000,0.0,9500000.0,22600000.0,168.0,,433.0,,10000000.0,900000.0,23100000.0,13400000.0,47400000.0,2.3789473684210525,4.989473684210527,0.4767932489451477,0
,,0.0,Graduate,No,9200000,0.0,9200000.0,22500000.0,120.0,,317.0,,14200000.0,17400000.0,28500000.0,10700000.0,70800000.0,2.4456521739130435,7.695652173913044,0.3177966101694915,0
,,2.0,Graduate,No,3900000,0.0,3900000.0,14700000.0,192.0,,360.0,,2600000.0,200000.0,8300000.0,2900000.0,14000000.0,3.769230769230769,3.58974358974359,1.05,0
,,1.0,Graduate,No,9100000,0.0,9100000.0,26200000.0,96.0,,727.0,,20800000.0,7100000.0,27800000.0,8900000.0,64600000.0,2.879120879120879,7.0989010989010985,0.4055727554179567,1
,,3.0,Graduate,Yes,3000000,0.0,3000000.0,8300000.0,48.0,,685.0,,2900000.0,5400000.0,11300000.0,3800000.0,23400000.0,2.7666666666666666,7.8,0.3547008547008547,1
,,4.0,Graduate,No,2000000,0.0,2000000.0,4300000.0,96.0,,373.0,,2000000.0,2700000.0,7700000.0,2200000.0,14600000.0,2.15,7.3,0.2945205479452055,0
,,5.0,Graduate,No,6300000,0.0,6300000.0,14600000.0,96.0,,469.0,,13300000.0,10100000.0,24500000.0,3800000.0,51700000.0,2.3174603174603177,8.206349206349206,0.28239845261121854,0
,,3.0,Not Graduate,Yes,4100000,0.0,4100000.0,10900000.0,96.0,,548.0,,8800000.0,5200000.0,13200000.0,4300000.0,31500000.0,2.658536585365854,7.682926829268292,0.346031746031746,0
,,0.0,Not Graduate,No,9800000,0.0,9800000.0,29400000.0,240.0,,618.0,,1200000.0,14600000.0,33800000.0,8300000.0,57900000.0,3.0,5.908163265306122,0.5077720207253886,1
,,2.0,Graduate,No,5200000,0.0,5200000.0,15400000.0,96.0,,658.0,,1200000.0,7500000.0,12800000.0,3200000.0,24700000.0,2.9615384615384617,4.75,0.6234817813765182,1
,,3.0,Graduate,No,7600000,0.0,7600000.0,28700000.0,216.0,,781.0,,21300000.0,12400000.0,29600000.0,8000000.0,71300000.0,3.776315789473684,9.381578947368421,0.40252454417952316,1
,,3.0,Not Graduate,No,9200000,0.0,9200000.0,35500000.0,24.0,,715.0,,11100000.0,11800000.0,19800000.0,11700000.0,54400000.0,3.858695652173913,5.913043478260869,0.6525735294117647,1
,,5.0,Not Graduate,No,2200000,0.0,2200000.0,8100000.0,48.0,,409.0,,300000.0,0.0,4900000.0,2400000.0,7600000.0,3.6818181818181817,3.4545454545454546,1.0657894736842106,0
,,2.0,Not Graduate,Yes,8300000,0.0,8300000.0,20600000.0,120.0,,504.0,,100000.0,900000.0,33200000.0,6700000.0,40900000.0,2.4819277108433737,4.927710843373494,0.5036674816625917,0
,,3.0,Graduate,Yes,6100000,0.0,6100000.0,21600000.0,192.0,,428.0,,2900000.0,6100000.0,15100000.0,7200000.0,31300000.0,3.540983606557377,5.131147540983607,0.6900958466453674,0
,,2.0,Graduate,No,4500000,0.0,4500000.0,16600000.0,240.0,,704.0,,6400000.0,4200000.0,16900000.0,2400000.0,29900000.0,3.688888888888889,6.644444444444445,0.5551839464882943,1
,,3.0,Not Graduate,No,6600000,0.0,6600000.0,18800000.0,144.0,,834.0,,18800000.0,9300000.0,13700000.0,4800000.0,46600000.0,2.8484848484848486,7.0606060606060606,0.4034334763948498,1
,,4.0,Not Graduate,No,8900000,0.0,8900000.0,34900000.0,168.0,,694.0,,15400000.0,2800000.0,20600000.0,9100000.0,47900000.0,3.9213483146067416,5.382022471910112,0.7286012526096033,1
,,4.0,Graduate,Yes,3900000,0.0,3900000.0,13300000.0,240.0,,453.0,,9800000.0,500000.0,12300000.0,4700000.0,27300000.0,3.41025641025641,7.0,0.48717948717948717,0
,,3.0,Graduate,Yes,8900000,0.0,8900000.0,35400000.0,168.0,,404.0,,22300000.0,7700000.0,26400000.0,5900000.0,62300000.0,3.9775280898876404,7.0,0.5682182985553772,0
,,5.0,Not Graduate,No,6400000,0.0,6400000.0,22300000.0,144.0,,776.0,,500000.0,9100000.0,24100000.0,5800000.0,39500000.0,3.484375,6.171875,0.5645569620253165,1
,,1.0,Not Graduate,Yes,9500000,0.0,9500000.0,28700000.0,192.0,,526.0,,24600000.0,4900000.0,31800000.0,6600000.0,67900000.0,3.0210526315789474,7.147368421052631,0.422680412371134,0
,,3.0,Graduate,Yes,300000,0.0,300000.0,1000000.0,96.0,,641.0,,700000.0,200000.0,1100000.0,200000.0,2200000.0,3.3333333333333335,7.333333333333333,0.45454545454545453,1
,,5.0,Not Graduate,No,4100000,0.0,4100000.0,12300000.0,72.0,,582.0,,10900000.0,6100000.0,14100000.0,3500000.0,34600000.0,3.0,8.439024390243903,0.3554913294797688,1
,,2.0,Graduate,No,8100000,0.0,8100000.0,20800000.0,216.0,,778.0,,4100000.0,15500000.0,16700000.0,10600000.0,46900000.0,2.567901234567901,5.790123456790123,0.44349680170575695,1
,,4.0,Graduate,No,9900000,0.0,9900000.0,28400000.0,120.0,,763.0,,23700000.0,12700000.0,35800000.0,5800000.0,78000000.0,2.8686868686868685,7.878787878787879,0.3641025641025641,1
,,0.0,Not Graduate,No,4800000,0.0,4800000.0,19000000.0,144.0,,650.0,,7000000.0,1000000.0,15600000.0,4800000.0,28400000.0,3.9583333333333335,5.916666666666667,0.6690140845070423,1
,,0.0,Graduate,Yes,2900000,0.0,2900000.0,9700000.0,24.0,,820.0,,6700000.0,1600000.0,9100000.0,3900000.0,21300000.0,3.3448275862068964,7.344827586206897,0.45539906103286387,1
,,1.0,Not Graduate,Yes,3500000,0.0,3500000.0,13500000.0,144.0,,824.0,,8400000.0,3900000.0,11600000.0,4100000.0,28000000.0,3.857142857142857,8.0,0.48214285714285715,1
,,1.0,Not Graduate,Yes,4900000,0.0,4900000.0,12600000.0,48.0,,718.0,,11800000.0,7300000.0,11800000.0,3800000.0,34700000.0,2.5714285714285716,7.081632653061225,0.3631123919308357,1
,,2.0,Not Graduate,Yes,5100000,0.0,5100000.0,13300000.0,168.0,,313.0,,5900000.0,7900000.0,18000000.0,3900000.0,35700000.0,2.607843137254902,7.0,0.37254901960784315,0
,,5.0,Graduate,No,7300000,0.0,7300000.0,26200000.0,120.0,,751.0,,1400000.0,12200000.0,26700000.0,10400000.0,50700000.0,3.589041095890411,6.945205479452055,0.5167652859960552,1
,,0.0,Graduate,Yes,200000,0.0,200000.0,300000.0,216.0,,520.0,,100000.0,300000.0,600000.0,100000.0,1100000.0,1.5,5.5,0.2727272727272727,0
,,2.0,Graduate,No,1400000,0.0,1400000.0,4700000.0,48.0,,355.0,,2100000.0,600000.0,4400000.0,1400000.0,8500000.0,3.357142857142857,6.071428571428571,0.5529411764705883,1
,,3.0,Graduate,Yes,8700000,0.0,8700000.0,33600000.0,168.0,,314.0,,7700000.0,10000000.0,21700000.0,6200000.0,45600000.0,3.8620689655172415,5.241379310344827,0.7368421052631579,0
,,1.0,Not Graduate,Yes,2800000,0.0,2800000.0,5900000.0,240.0,,728.0,,1000000.0,3200000.0,10300000.0,1400000.0,15900000.0,2.107142857142857,5.678571428571429,0.3710691823899371,1
,,3.0,Graduate,Yes,9100000,0.0,9100000.0,30100000.0,168.0,,564.0,,26600000.0,7300000.0,22700000.0,8200000.0,64800000.0,3.3076923076923075,7.1208791208791204,0.4645061728395062,1
,,0.0,Not Graduate,Yes,6800000,0.0,6800000.0,15300000.0,168.0,,699.0,,19900000.0,2600000.0,13900000.0,8300000.0,44700000.0,2.25,6.573529411764706,0.3422818791946309,1
,,0.0,Not Graduate,Yes,5000000,0.0,5000000.0,17000000.0,72.0,,624.0,,6700000.0,6200000.0,15400000.0,5900000.0,34200000.0,3.4,6.84,0.49707602339181284,1
,,0.0,Graduate,Yes,4400000,0.0,4400000.0,16800000.0,168.0,,795.0,,8700000.0,8700000.0,12600000.0,3400000.0,33400000.0,3.8181818181818183,7.590909090909091,0.5029940119760479,1
,,5.0,Not Graduate,Yes,8400000,0.0,8400000.0,18600000.0,240.0,,703.0,,2500000.0,7100000.0,28800000.0,9500000.0,47900000.0,2.2142857142857144,5.7023809523809526,0.3883089770354906,1
,,4.0,Graduate,No,7800000,0.0,7800000.0,17300000.0,48.0,,394.0,,3600000.0,13100000.0,24300000.0,7200000.0,48200000.0,2.217948717948718,6.17948717948718,0.35892116182572614,0
,,4.0,Graduate,Yes,4800000,0.0,4800000.0,9900000.0,168.0,,779.0,,5200000.0,9300000.0,18600000.0,2900000.0,36000000.0,2.0625,7.5,0.275,1
,,1.0,Graduate,No,3200000,0.0,3200000.0,8800000.0,48.0,,405.0,,1000000.0,2600000.0,10700000.0,3400000.0,17700000.0,2.75,5.53125,0.4971751412429379,0
,,5.0,Graduate,Yes,2300000,0.0,2300000.0,6700000.0,192.0,,612.0,,6700000.0,3300000.0,8800000.0,2000000.0,20800000.0,2.9130434782608696,9.043478260869565,0.32211538461538464,1
,,5.0,Not Graduate,Yes,9200000,0.0,9200000.0,28100000.0,120.0,,448.0,,22300000.0,3300000.0,33200000.0,10700000.0,69500000.0,3.0543478260869565,7.554347826086956,0.40431654676258993,0
,,2.0,Not Graduate,Yes,4700000,0.0,4700000.0,13700000.0,72.0,,506.0,,1300000.0,7900000.0,16700000.0,3500000.0,29400000.0,2.9148936170212765,6.25531914893617,0.46598639455782315,0
,,0.0,Not Graduate,Yes,8000000,0.0,8000000.0,30400000.0,24.0,,776.0,,16600000.0,1400000.0,29100000.0,7800000.0,54900000.0,3.8,6.8625,0.5537340619307832,1
,,1.0,Graduate,Yes,2600000,0.0,2600000.0,8600000.0,72.0,,730.0,,800000.0,2900000.0,6000000.0,3100000.0,12800000.0,3.3076923076923075,4.923076923076923,0.671875,1
,,3.0,Not Graduate,No,200000,0.0,200000.0,800000.0,240.0,,730.0,,0.0,300000.0,400000.0,300000.0,1000000.0,4.0,5.0,0.8,1
,,5.0,Graduate,No,7300000,0.0,7300000.0,17200000.0,24.0,,345.0,,6100000.0,8400000.0,23200000.0,4900000.0,42600000.0,2.356164383561644,5.835616438356165,0.40375586854460094,0
,,4.0,Not Graduate,No,3300000,0.0,3300000.0,11800000.0,24.0,,847.0,,7800000.0,2400000.0,12100000.0,3000000.0,25300000.0,3.5757575757575757,7.666666666666667,0.466403162055336,1
,,4.0,Not Graduate,No,8300000,0.0,8300000.0,23300000.0,240.0,,398.0,,18500000.0,11500000.0,17100000.0,9900000.0,57000000.0,2.8072289156626504,6.867469879518072,0.4087719298245614,0
,,5.0,Not Graduate,Yes,4100000,0.0,4100000.0,9600000.0,24.0,,307.0,,8800000.0,7800000.0,8500000.0,3100000.0,28200000.0,2.341463414634146,6.878048780487805,0.3404255319148936,0
,,1.0,Not Graduate,No,7300000,0.0,7300000.0,23700000.0,192.0,,852.0,,9400000.0,6800000.0,22600000.0,8500000.0,47300000.0,3.2465753424657535,6.47945205479452,0.5010570824524313,1
,,1.0,Not Graduate,No,9300000,0.0,9300000.0,27500000.0,72.0,,364.0,,12200000.0,13800000.0,25300000.0,10800000.0,62100000.0,2.956989247311828,6.67741935483871,0.4428341384863124,0
,,2.0,Graduate,Yes,4300000,0.0,4300000.0,15200000.0,144.0,,552.0,,3400000.0,2100000.0,12700000.0,4800000.0,23000000.0,3.5348837209302326,5.348837209302325,0.6608695652173913,1
,,3.0,Not Graduate,No,2600000,0.0,2600000.0,8100000.0,24.0,,421.0,,4200000.0,3100000.0,6200000.0,2500000.0,16000000.0,3.1153846153846154,6.153846153846154,0.50625,1
,,5.0,Graduate,No,2900000,0.0,2900000.0,9800000.0,144.0,,588.0,,5900000.0,2300000.0,6800000.0,2900000.0,17900000.0,3.3793103448275863,6.172413793103448,0.547486033519553,1
,,2.0,Graduate,Yes,900000,0.0,900000.0,3500000.0,72.0,,763.0,,2300000.0,300000.0,2000000.0,600000.0,5200000.0,3.888888888888889,5.777777777777778,0.6730769230769231,1
,,3.0,Not Graduate,Yes,4900000,0.0,4900000.0,17500000.0,240.0,,823.0,,12600000.0,8700000.0,14300000.0,4800000.0,40400000.0,3.5714285714285716,8.244897959183673,0.43316831683168316,1
,,0.0,Graduate,No,7700000,0.0,7700000.0,24800000.0,120.0,,642.0,,16800000.0,10700000.0,27400000.0,4500000.0,59400000.0,3.220779220779221,7.714285714285714,0.4175084175084175,1
,,1.0,Graduate,No,4700000,0.0,4700000.0,16800000.0,144.0,,647.0,,10400000.0,8300000.0,10600000.0,3400000.0,32700000.0,3.574468085106383,6.957446808510638,0.5137614678899083,1
,,5.0,Not Graduate,No,3000000,0.0,3000000.0,8900000.0,240.0,,886.0,,2600000.0,1000000.0,10600000.0,2800000.0,17000000.0,2.966666666666667,5.666666666666667,0.5235294117647059,1
,,4.0,Not Graduate,No,9700000,0.0,9700000.0,26200000.0,48.0,,518.0,,26200000.0,0.0,22500000.0,14000000.0,62700000.0,2.7010309278350517,6.463917525773196,0.4178628389154705,0
,,0.0,Graduate,Yes,6900000,0.0,6900000.0,26800000.0,240.0,,515.0,,10800000.0,2500000.0,16700000.0,8300000.0,38300000.0,3.8840579710144927,5.550724637681159,0.6997389033942559,0
,,2.0,Not Graduate,Yes,3800000,0.0,3800000.0,12400000.0,96.0,,340.0,,1800000.0,2600000.0,9700000.0,2600000.0,16700000.0,3.263157894736842,4.394736842105263,0.7425149700598802,0
,,3.0,Not Graduate,Yes,600000,0.0,600000.0,1700000.0,168.0,,521.0,,0.0,1000000.0,1700000.0,600000.0,3300000.0,2.8333333333333335,5.5,0.5151515151515151,0
,,2.0,Not Graduate,Yes,1200000,0.0,1200000.0,2900000.0,144.0,,330.0,,400000.0,1600000.0,3800000.0,600000.0,6400000.0,2.4166666666666665,5.333333333333333,0.453125,0
,,4.0,Not Graduate,Yes,7800000,0.0,7800000.0,26800000.0,24.0,,474.0,,8900000.0,11200000.0,18400000.0,5600000.0,44100000.0,3.4358974358974357,5.653846153846154,0.6077097505668935,1
,,0.0,Not Graduate,No,9000000,0.0,9000000.0,35100000.0,72.0,,898.0,,500000.0,16200000.0,20700000.0,9100000.0,46500000.0,3.9,5.166666666666667,0.7548387096774194,1
,,1.0,Not Graduate,No,2800000,0.0,2800000.0,9100000.0,144.0,,436.0,,3600000.0,500000.0,7800000.0,3600000.0,15500000.0,3.25,5.535714285714286,0.5870967741935483,0
,,1.0,Not Graduate,No,7800000,0.0,7800000.0,21300000.0,120.0,,326.0,,22800000.0,10700000.0,18500000.0,4500000.0,56500000.0,2.730769230769231,7.243589743589744,0.3769911504424779,0
,,4.0,Graduate,Yes,4700000,0.0,4700000.0,9500000.0,216.0,,876.0,,11800000.0,6600000.0,18000000.0,4100000.0,40500000.0,2.021276595744681,8.617021276595745,0.2345679012345679,1
,,2.0,Graduate,No,4600000,0.0,4600000.0,17500000.0,240.0,,597.0,,11400000.0,6100000.0,14100000.0,4100000.0,35700000.0,3.8043478260869565,7.760869565217392,0.49019607843137253,1
,,4.0,Graduate,No,5100000,0.0,5100000.0,16100000.0,168.0,,436.0,,11400000.0,2700000.0,13100000.0,6700000.0,33900000.0,3.156862745098039,6.647058823529412,0.4749262536873156,0
,,3.0,Not Graduate,Yes,6100000,0.0,6100000.0,22800000.0,216.0,,640.0,,16800000.0,7300000.0,19600000.0,6000000.0,49700000.0,3.737704918032787,8.147540983606557,0.45875251509054327,1
,,0.0,Not Graduate,No,6000000,0.0,6000000.0,22900000.0,192.0,,302.0,,12200000.0,6500000.0,17700000.0,7100000.0,43500000.0,3.816666666666667,7.25,0.5264367816091954,0
,,2.0,Not Graduate,No,8400000,0.0,8400000.0,23200000.0,192.0,,476.0,,15200000.0,5400000.0,18700000.0,8600000.0,47900000.0,2.761904761904762,5.7023809523809526,0.48434237995824636,0
,,2.0,Graduate,No,9300000,0.0,9300000.0,22000000.0,168.0,,393.0,,4300000.0,3800000.0,28400000.0,13900000.0,50400000.0,2.3655913978494625,5.419354838709677,0.4365079365079365,0
,,0.0,Graduate,No,4200000,0.0,4200000.0,10300000.0,120.0,,506.0,,9300000.0,4500000.0,12400000.0,6000000.0,32200000.0,2.4523809523809526,7.666666666666667,0.3198757763975155,0
,,3.0,Graduate,No,9600000,0.0,9600000.0,37800000.0,120.0,,418.0,,6700000.0,5500000.0,34900000.0,11300000.0,58400000.0,3.9375,6.083333333333333,0.6472602739726028,0
,,3.0,Graduate,No,5600000,0.0,5600000.0,13400000.0,72.0,,865.0,,14900000.0,9700000.0,12300000.0,6000000.0,42900000.0,2.392857142857143,7.660714285714286,0.3123543123543124,1
,,4.0,Graduate,No,7800000,0.0,7800000.0,28600000.0,24.0,,703.0,,500000.0,12400000.0,29500000.0,10500000.0,52900000.0,3.6666666666666665,6.782051282051282,0.5406427221172023,1
,,2.0,Graduate,Yes,4500000,0.0,4500000.0,12600000.0,24.0,,568.0,,6900000.0,3900000.0,17800000.0,2900000.0,31500000.0,2.8,7.0,0.4,1
,,3.0,Graduate,No,2400000,0.0,2400000.0,5900000.0,24.0,,425.0,,1100000.0,500000.0,7400000.0,2500000.0,11500000.0,2.4583333333333335,4.791666666666667,0.5130434782608696,0
,,0.0,Not Graduate,No,3900000,0.0,3900000.0,11300000.0,144.0,,305.0,,5000000.0,5900000.0,8800000.0,2100000.0,21800000.0,2.8974358974358974,5.589743589743589,0.518348623853211,0
,,5.0,Graduate,Yes,9600000,0.0,9600000.0,20600000.0,72.0,,456.0,,17300000.0,11000000.0,21700000.0,11600000.0,61600000.0,2.1458333333333335,6.416666666666667,0.3344155844155844,0
,,4.0,Not Graduate,No,900000,0.0,900000.0,2600000.0,24.0,,602.0,,600000.0,800000.0,3200000.0,1000000.0,5600000.0,2.888888888888889,6.222222222222222,0.4642857142857143,1
,,3.0,Graduate,Yes,1100000,0.0,1100000.0,3800000.0,240.0,,814.0,,1400000.0,1500000.0,3200000.0,1100000.0,7200000.0,3.4545454545454546,6.545454545454546,0.5277777777777778,1
,,4.0,Not Graduate,No,6400000,0.0,6400000.0,24900000.0,24.0,,640.0,,10000000.0,5700000.0,18700000.0,6300000.0,40700000.0,3.890625,6.359375,0.6117936117936118,1
,,2.0,Graduate,No,4600000,0.0,4600000.0,15000000.0,48.0,,817.0,,7200000.0,2400000.0,13000000.0,6600000.0,29200000.0,3.260869565217391,6.3478260869565215,0.5136986301369864,1
,,4.0,Graduate,No,7600000,0.0,7600000.0,29800000.0,240.0,,361.0,,13800000.0,5800000.0,15300000.0,5900000.0,40800000.0,3.9210526315789473,5.368421052631579,0.7303921568627451,0
,,5.0,Not Graduate,No,6800000,0.0,6800000.0,20100000.0,168.0,,839.0,,1900000.0,600000.0,15600000.0,7500000.0,25600000.0,2.9558823529411766,3.764705882352941,0.78515625,1
,,5.0,Graduate,No,7100000,0.0,7100000.0,27000000.0,240.0,,592.0,,5100000.0,9600000.0,20200000.0,7600000.0,42500000.0,3.8028169014084505,5.985915492957746,0.6352941176470588,1
,,4.0,Not Graduate,Yes,6700000,0.0,6700000.0,24700000.0,72.0,,498.0,,12900000.0,700000.0,18800000.0,8400000.0,40800000.0,3.6865671641791047,6.08955223880597,0.6053921568627451,0
,,5.0,Not Graduate,Yes,5800000,0.0,5800000.0,12400000.0,72.0,,847.0,,5100000.0,9000000.0,14100000.0,7600000.0,35800000.0,2.1379310344827585,6.172413793103448,0.3463687150837989,1
,,0.0,Graduate,Yes,8600000,0.0,8600000.0,29400000.0,192.0,,643.0,,1000000.0,14100000.0,33000000.0,12300000.0,60400000.0,3.4186046511627906,7.023255813953488,0.4867549668874172,1
,,0.0,Graduate,Yes,3500000,0.0,3500000.0,10600000.0,48.0,,389.0,,8300000.0,4800000.0,9100000.0,2500000.0,24700000.0,3.0285714285714285,7.057142857142857,0.4291497975708502,1
,,2.0,Graduate,Yes,4800000,0.0,4800000.0,17500000.0,240.0,,381.0,,400000.0,6900000.0,13400000.0,7000000.0,27700000.0,3.6458333333333335,5.770833333333333,0.631768953068592,0
,,5.0,Graduate,Yes,6100000,0.0,6100000.0,14400000.0,192.0,,400.0,,9200000.0,2800000.0,23800000.0,5600000.0,41400000.0,2.360655737704918,6.786885245901639,0.34782608695652173,0
,,5.0,Graduate,Yes,5200000,0.0,5200000.0,12700000.0,192.0,,718.0,,11700000.0,100000.0,18100000.0,7200000.0,37100000.0,2.4423076923076925,7.134615384615385,0.3423180592991914,1
,,5.0,Not Graduate,Yes,4100000,0.0,4100000.0,12400000.0,96.0,,309.0,,8200000.0,1000000.0,13000000.0,3300000.0,25500000.0,3.024390243902439,6.219512195121951,0.48627450980392156,0
,,5.0,Not Graduate,No,3200000,0.0,3200000.0,7400000.0,24.0,,838.0,,2200000.0,2900000.0,10200000.0,3600000.0,18900000.0,2.3125,5.90625,0.3915343915343915,1
,,3.0,Not Graduate,Yes,7500000,0.0,7500000.0,21600000.0,168.0,,678.0,,8800000.0,12100000.0,20100000.0,11200000.0,52200000.0,2.88,6.96,0.41379310344827586,1
,,2.0,Not Graduate,Yes,1500000,0.0,1500000.0,4500000.0,168.0,,826.0,,3200000.0,1700000.0,4600000.0,1600000.0,11100000.0,3.0,7.4,0.40540540540540543,1
,,4.0,Graduate,Yes,1200000,0.0,1200000.0,3100000.0,192.0,,348.0,,1200000.0,2200000.0,3500000.0,1700000.0,8600000.0,2.5833333333333335,7.166666666666667,0.36046511627906974,0
,,1.0,Graduate,Yes,8400000,0.0,8400000.0,19700000.0,72.0,,476.0,,24700000.0,16500000.0,31800000.0,12100000.0,85100000.0,2.3452380952380953,10.130952380952381,0.23149236192714454,0
,,0.0,Not Graduate,Yes,7900000,0.0,7900000.0,26300000.0,96.0,,666.0,,4600000.0,9200000.0,18400000.0,11800000.0,44000000.0,3.329113924050633,5.569620253164557,0.5977272727272728,1
,,1.0,Graduate,Yes,2100000,0.0,2100000.0,4300000.0,240.0,,896.0,,100000.0,2300000.0,7500000.0,2300000.0,12200000.0,2.0476190476190474,5.809523809523809,0.3524590163934426,1
,,2.0,Graduate,No,2500000,0.0,2500000.0,7000000.0,240.0,,547.0,,800000.0,1200000.0,5200000.0,2300000.0,9500000.0,2.8,3.8,0.7368421052631579,0
,,2.0,Not Graduate,Yes,3700000,0.0,3700000.0,13900000.0,24.0,,405.0,,5900000.0,3200000.0,9100000.0,5500000.0,23700000.0,3.7567567567567566,6.405405405405405,0.5864978902953587,1
,,5.0,Graduate,No,1100000,0.0,1100000.0,4000000.0,192.0,,498.0,,400000.0,100000.0,2300000.0,700000.0,3500000.0,3.6363636363636362,3.1818181818181817,1.1428571428571428,0
,,5.0,Graduate,No,6500000,0.0,6500000.0,24800000.0,96.0,,779.0,,7000000.0,9600000.0,15700000.0,8800000.0,41100000.0,3.8153846153846156,6.323076923076923,0.6034063260340633,1
,,0.0,Not Graduate,Yes,8200000,0.0,8200000.0,31500000.0,96.0,,403.0,,11500000.0,8800000.0,19000000.0,6100000.0,45400000.0,3.841463414634146,5.536585365853658,0.6938325991189427,0
,,2.0,Not Graduate,No,5000000,0.0,5000000.0,12400000.0,96.0,,709.0,,11300000.0,6800000.0,13300000.0,4200000.0,35600000.0,2.48,7.12,0.34831460674157305,1
,,1.0,Not Graduate,No,1500000,0.0,1500000.0,6000000.0,72.0,,507.0,,2600000.0,2700000.0,4800000.0,1900000.0,12000000.0,4.0,8.0,0.5,0
,,5.0,Not Graduate,No,3700000,0.0,3700000.0,9100000.0,216.0,,368.0,,3400000.0,2400000.0,8400000.0,3300000.0,17500000.0,2.4594594594594597,4.72972972972973,0.52,0
,,3.0,Graduate,Yes,4100000,0.0,4100000.0,14600000.0,192.0,,760.0,,4700000.0,6600000.0,14900000.0,3000000.0,29200000.0,3.5609756097560976,7.121951219512195,0.5,1
,,2.0,Not Graduate,No,7200000,0.0,7200000.0,16800000.0,72.0,,796.0,,6600000.0,6100000.0,14400000.0,9800000.0,36900000.0,2.3333333333333335,5.125,0.45528455284552843,1
,,1.0,Graduate,No,2000000,0.0,2000000.0,5000000.0,72.0,,876.0,,500000.0,2900000.0,5800000.0,1500000.0,10700000.0,2.5,5.35,0.4672897196261682,1
,,3.0,Not Graduate,No,2000000,0.0,2000000.0,4700000.0,168.0,,673.0,,800000.0,3400000.0,5900000.0,1500000.0,11600000.0,2.35,5.8,0.4051724137931034,1
,,1.0,Graduate,Yes,5100000,0.0,5100000.0,11500000.0,48.0,,747.0,,5000000.0,8900000.0,14100000.0,7000000.0,35000000.0,2.2549019607843137,6.862745098039215,0.32857142857142857,1
,,1.0,Not Graduate,No,6000000,0.0,6000000.0,13600000.0,144.0,,589.0,,9000000.0,300000.0,12600000.0,7100000.0,29000000.0,2.2666666666666666,4.833333333333333,0.4689655172413793,1
,,1.0,Graduate,No,4900000,0.0,4900000.0,18100000.0,96.0,,382.0,,13600000.0,400000.0,15500000.0,2400000.0,31900000.0,3.693877551020408,6.510204081632653,0.567398119122257,0
,,3.0,Not Graduate,Yes,900000,0.0,900000.0,2300000.0,144.0,,900.0,,1300000.0,0.0,3300000.0,1100000.0,5700000.0,2.5555555555555554,6.333333333333333,0.40350877192982454,1
,,1.0,Graduate,Yes,7500000,0.0,7500000.0,25000000.0,216.0,,628.0,,3500000.0,2200000.0,21700000.0,4700000.0,32100000.0,3.3333333333333335,4.28,0.778816199376947,1
,,2.0,Graduate,No,6400000,0.0,6400000.0,25000000.0,144.0,,667.0,,13500000.0,5500000.0,25500000.0,5400000.0,49900000.0,3.90625,7.796875,0.501002004008016,1
,,2.0,Graduate,Yes,8700000,0.0,8700000.0,26400000.0,24.0,,778.0,,8500000.0,2400000.0,28800000.0,10300000.0,50000000.0,3.0344827586206895,5.747126436781609,0.528,1
,,4.0,Graduate,Yes,7300000,0.0,7300000.0,17200000.0,216.0,,831.0,,18500000.0,4300000.0,23000000.0,5200000.0,51000000.0,2.356164383561644,6.986301369863014,0.33725490196078434,1
,,5.0,Graduate,No,7400000,0.0,7400000.0,27100000.0,48.0,,320.0,,19800000.0,14600000.0,25200000.0,9400000.0,69000000.0,3.6621621621621623,9.324324324324325,0.3927536231884058,1
,,2.0,Graduate,No,2700000,0.0,2700000.0,9300000.0,192.0,,656.0,,7700000.0,2500000.0,6400000.0,3600000.0,20200000.0,3.4444444444444446,7.481481481481482,0.4603960396039604,1
,,3.0,Graduate,No,3400000,0.0,3400000.0,8900000.0,72.0,,896.0,,4200000.0,4800000.0,10200000.0,4200000.0,23400000.0,2.6176470588235294,6.882352941176471,0.3803418803418803,1
,,3.0,Not Graduate,Yes,2100000,0.0,2100000.0,7400000.0,48.0,,320.0,,3300000.0,2700000.0,6300000.0,2200000.0,14500000.0,3.5238095238095237,6.904761904761905,0.5103448275862069,1
,,2.0,Not Graduate,No,3100000,0.0,3100000.0,10500000.0,120.0,,751.0,,5500000.0,5900000.0,9000000.0,1600000.0,22000000.0,3.3870967741935485,7.096774193548387,0.4772727272727273,1
,,5.0,Not Graduate,No,4700000,0.0,4700000.0,17400000.0,24.0,,523.0,,10600000.0,7000000.0,10900000.0,5200000.0,33700000.0,3.702127659574468,7.170212765957447,0.516320474777448,1
,,5.0,Graduate,No,3100000,0.0,3100000.0,10500000.0,72.0,,584.0,,7700000.0,2100000.0,10900000.0,2900000.0,23600000.0,3.3870967741935485,7.612903225806452,0.4449152542372881,1
,,2.0,Not Graduate,No,5700000,0.0,5700000.0,20400000.0,24.0,,630.0,,3000000.0,3100000.0,22600000.0,2900000.0,31600000.0,3.5789473684210527,5.543859649122807,0.6455696202531646,1
,,3.0,Graduate,Yes,2300000,0.0,2300000.0,8000000.0,168.0,,472.0,,4400000.0,3300000.0,7700000.0,1800000.0,17200000.0,3.4782608695652173,7.478260869565218,0.46511627906976744,0
,,0.0,Not Graduate,Yes,6600000,0.0,6600000.0,18500000.0,192.0,,802.0,,14600000.0,1100000.0,21800000.0,9700000.0,47200000.0,2.803030303030303,7.151515151515151,0.3919491525423729,1
,,2.0,Graduate,Yes,2700000,0.0,2700000.0,6400000.0,216.0,,547.0,,5000000.0,1700000.0,9200000.0,1700000.0,17600000.0,2.3703703703703702,6.518518518518518,0.36363636363636365,0
,,1.0,Not Graduate,Yes,800000,0.0,800000.0,2800000.0,192.0,,726.0,,2000000.0,1300000.0,3100000.0,1200000.0,7600000.0,3.5,9.5,0.3684210526315789,1
,,1.0,Graduate,No,6600000,0.0,6600000.0,18500000.0,96.0,,712.0,,2300000.0,3200000.0,24400000.0,7600000.0,37500000.0,2.803030303030303,5.681818181818182,0.49333333333333335,1
,,3.0,Graduate,No,3900000,0.0,3900000.0,10700000.0,72.0,,790.0,,10600000.0,1900000.0,12500000.0,2700000.0,27700000.0,2.7435897435897436,7.102564102564102,0.3862815884476534,1
,,5.0,Not Graduate,No,200000,0.0,200000.0,600000.0,192.0,,396.0,,0.0,0.0,500000.0,200000.0,700000.0,3.0,3.5,0.8571428571428571,0
,,3.0,Graduate,No,2000000,0.0,2000000.0,4200000.0,72.0,,831.0,,1300000.0,1700000.0,6900000.0,1200000.0,11100000.0,2.1,5.55,0.3783783783783784,1
,,2.0,Graduate,Yes,9100000,0.0,9100000.0,20900000.0,240.0,,632.0,,4200000.0,400000.0,30000000.0,13200000.0,47800000.0,2.2967032967032965,5.252747252747253,0.4372384937238494,1
,,3.0,Graduate,No,4700000,0.0,4700000.0,10800000.0,96.0,,527.0,,13300000.0,3100000.0,13600000.0,4800000.0,34800000.0,2.297872340425532,7.404255319148936,0.3103448275862069,0
,,3.0,Not Graduate,Yes,3200000,0.0,3200000.0,11100000.0,72.0,,708.0,,8900000.0,5700000.0,8100000.0,1500000.0,24200000.0,3.46875,7.5625,0.45867768595041325,1
,,2.0,Not Graduate,No,1700000,0.0,1700000.0,4200000.0,168.0,,829.0,,200000.0,1600000.0,4600000.0,1600000.0,8000000.0,2.4705882352941178,4.705882352941177,0.525,1
,,1.0,Not Graduate,No,2600000,0.0,2600000.0,8100000.0,144.0,,854.0,,4500000.0,5100000.0,6300000.0,2500000.0,18400000.0,3.1153846153846154,7.076923076923077,0.44021739130434784,1
,,3.0,Not Graduate,Yes,2700000,0.0,2700000.0,6700000.0,168.0,,899.0,,2400000.0,4200000.0,6000000.0,2000000.0,14600000.0,2.4814814814814814,5.407407407407407,0.4589041095890411,1
,,0.0,Not Graduate,Yes,3600000,0.0,3600000.0,13400000.0,72.0,,589.0,,3600000.0,0.0,11200000.0,4000000.0,18800000.0,3.7222222222222223,5.222222222222222,0.7127659574468085,1
,,4.0,Graduate,Yes,7200000,0.0,7200000.0,26000000.0,72.0,,571.0,,4700000.0,0.0,22600000.0,4200000.0,31500000.0,3.611111111111111,4.375,0.8253968253968254,1
,,2.0,Not Graduate,Yes,2500000,0.0,2500000.0,6400000.0,72.0,,708.0,,6900000.0,200000.0,9900000.0,3500000.0,20500000.0,2.56,8.2,0.3121951219512195,1
,,2.0,Not Graduate,No,5500000,0.0,5500000.0,19600000.0,192.0,,328.0,,2400000.0,4800000.0,10900000.0,3700000.0,21800000.0,3.5636363636363635,3.963636363636364,0.8990825688073395,0
,,3.0,Graduate,Yes,9200000,0.0,9200000.0,33500000.0,96.0,,564.0,,20800000.0,15200000.0,29800000.0,11400000.0,77200000.0,3.641304347826087,8.391304347826088,0.4339378238341969,1
,,3.0,Not Graduate,No,9000000,0.0,9000000.0,19000000.0,96.0,,693.0,,18300000.0,4500000.0,29600000.0,7200000.0,59600000.0,2.111111111111111,6.622222222222222,0.3187919463087248,1
,,4.0,Not Graduate,Yes,5900000,0.0,5900000.0,15000000.0,168.0,,626.0,,16400000.0,4600000.0,17600000.0,8200000.0,46800000.0,2.542372881355932,7.932203389830509,0.32051282051282054,1
,,4.0,Graduate,No,5600000,0.0,5600000.0,15600000.0,144.0,,470.0,,9900000.0,10700000.0,14600000.0,7000000.0,42200000.0,2.7857142857142856,7.535714285714286,0.3696682464454976,0
,,2.0,Not Graduate,Yes,3200000,0.0,3200000.0,12500000.0,96.0,,849.0,,400000.0,5300000.0,10400000.0,4400000.0,20500000.0,3.90625,6.40625,0.6097560975609756,1
,,5.0,Not Graduate,No,9100000,0.0,9100000.0,27800000.0,192.0,,547.0,,21900000.0,7000000.0,31900000.0,9400000.0,70200000.0,3.0549450549450547,7.714285714285714,0.396011396011396,0
,,0.0,Not Graduate,Yes,4600000,0.0,4600000.0,15100000.0,24.0,,417.0,,5600000.0,3900000.0,11800000.0,6600000.0,27900000.0,3.282608695652174,6.065217391304348,0.5412186379928315,1
,,4.0,Graduate,No,7300000,0.0,7300000.0,14900000.0,24.0,,358.0,,13600000.0,12300000.0,20400000.0,7300000.0,53600000.0,2.041095890410959,7.342465753424658,0.27798507462686567,0
,,5.0,Not Graduate,Yes,1300000,0.0,1300000.0,3100000.0,192.0,,826.0,,200000.0,1700000.0,5100000.0,1400000.0,8400000.0,2.3846153846153846,6.461538461538462,0.36904761904761907,1
,,0.0,Not Graduate,No,1800000,0.0,1800000.0,4200000.0,72.0,,836.0,,1300000.0,1900000.0,6800000.0,2000000.0,12000000.0,2.3333333333333335,6.666666666666667,0.35,1
,,3.0,Graduate,No,500000,0.0,500000.0,1700000.0,120.0,,509.0,,400000.0,300000.0,1400000.0,300000.0,2400000.0,3.4,4.8,0.7083333333333334,0
,,2.0,Not Graduate,Yes,5700000,0.0,5700000.0,20500000.0,240.0,,581.0,,15200000.0,7800000.0,11400000.0,8500000.0,42900000.0,3.5964912280701755,7.526315789473684,0.47785547785547783,1
,,4.0,Graduate,No,300000,0.0,300000.0,1100000.0,48.0,,359.0,,100000.0,0.0,1000000.0,200000.0,1300000.0,3.6666666666666665,4.333333333333333,0.8461538461538461,1
,,5.0,Graduate,Yes,2100000,0.0,2100000.0,7100000.0,120.0,,517.0,,1200000.0,2900000.0,5400000.0,1400000.0,10900000.0,3.380952380952381,5.190476190476191,0.6513761467889908,0
,,1.0,Not Graduate,Yes,5700000,0.0,5700000.0,20100000.0,168.0,,442.0,,11700000.0,7300000.0,17900000.0,6500000.0,43400000.0,3.526315789473684,7.614035087719298,0.4631336405529954,0
,,1.0,Not Graduate,Yes,1100000,0.0,1100000.0,2700000.0,192.0,,346.0,,1900000.0,300000.0,2200000.0,800000.0,5200000.0,2.4545454545454546,4.7272727272727275,0.5192307692307693,0
,,5.0,Graduate,No,9300000,0.0,9300000.0,34000000.0,72.0,,742.0,,4200000.0,600000.0,32800000.0,8200000.0,45800000.0,3.6559139784946235,4.924731182795699,0.74235807860262,1
,,1.0,Graduate,Yes,3500000,0.0,3500000.0,8100000.0,120.0,,626.0,,7100000.0,5500000.0,7200000.0,2900000.0,22700000.0,2.3142857142857145,6.485714285714286,0.3568281938325991,1
,,0.0,Not Graduate,Yes,8200000,0.0,8200000.0,28800000.0,48.0,,619.0,,9000000.0,1100000.0,23000000.0,6300000.0,39400000.0,3.5121951219512195,4.804878048780488,0.7309644670050761,1
,,2.0,Not Graduate,Yes,7500000,0.0,7500000.0,17900000.0,240.0,,734.0,,9100000.0,5500000.0,23000000.0,4900000.0,42500000.0,2.3866666666666667,5.666666666666667,0.4211764705882353,1
,,1.0,Graduate,Yes,7000000,0.0,7000000.0,25600000.0,72.0,,420.0,,15100000.0,11500000.0,15300000.0,8700000.0,50600000.0,3.657142857142857,7.228571428571429,0.5059288537549407,0
,,5.0,Not Graduate,Yes,3900000,0.0,3900000.0,8300000.0,216.0,,600.0,,3900000.0,600000.0,10400000.0,5600000.0,20500000.0,2.128205128205128,5.256410256410256,0.40487804878048783,1
,,3.0,Graduate,Yes,4700000,0.0,4700000.0,13200000.0,144.0,,440.0,,4000000.0,3300000.0,16600000.0,4300000.0,28200000.0,2.8085106382978724,6.0,0.46808510638297873,0
,,5.0,Not Graduate,Yes,1700000,0.0,1700000.0,5200000.0,192.0,,820.0,,1700000.0,1200000.0,4000000.0,1000000.0,7900000.0,3.0588235294117645,4.647058823529412,0.6582278481012658,1
,,0.0,Graduate,No,2500000,0.0,2500000.0,7800000.0,96.0,,437.0,,5800000.0,0.0,5800000.0,3300000.0,14900000.0,3.12,5.96,0.5234899328859061,0
,,1.0,Not Graduate,Yes,400000,0.0,400000.0,1400000.0,144.0,,468.0,,700000.0,0.0,1500000.0,400000.0,2600000.0,3.5,6.5,0.5384615384615384,0
,,0.0,Not Graduate,Yes,2400000,0.0,2400000.0,9100000.0,96.0,,368.0,,2200000.0,200000.0,5600000.0,3300000.0,11300000.0,3.7916666666666665,4.708333333333333,0.8053097345132744,0
,,4.0,Graduate,No,5700000,0.0,5700000.0,21900000.0,24.0,,871.0,,3200000.0,1700000.0,14400000.0,6100000.0,25400000.0,3.8421052631578947,4.456140350877193,0.8622047244094488,1
,,1.0,Graduate,No,9800000,0.0,9800000.0,37900000.0,48.0,,816.0,,21800000.0,12200000.0,26100000.0,8500000.0,68600000.0,3.86734693877551,7.0,0.5524781341107872,1
,,5.0,Graduate,No,9000000,0.0,9000000.0,32800000.0,48.0,,773.0,,10600000.0,4100000.0,18900000.0,11500000.0,45100000.0,3.6444444444444444,5.011111111111111,0.7272727272727273,1
,,3.0,Not Graduate,No,800000,0.0,800000.0,3000000.0,168.0,,576.0,,1200000.0,1300000.0,2600000.0,400000.0,5500000.0,3.75,6.875,0.5454545454545454,1
,,1.0,Graduate,No,1600000,0.0,1600000.0,4500000.0,168.0,,673.0,,1900000.0,2700000.0,3700000.0,1300000.0,9600000.0,2.8125,6.0,0.46875,1
,,0.0,Graduate,Yes,9800000,0.0,9800000.0,34100000.0,240.0,,760.0,,21500000.0,9400000.0,33400000.0,13600000.0,77900000.0,3.479591836734694,7.948979591836735,0.43774069319640563,1
,,5.0,Not Graduate,Yes,2900000,0.0,2900000.0,7500000.0,144.0,,678.0,,3400000.0,3000000.0,10900000.0,3700000.0,21000000.0,2.586206896551724,7.241379310344827,0.35714285714285715,1
,,4.0,Not Graduate,Yes,3900000,0.0,3900000.0,12000000.0,168.0,,893.0,,6000000.0,4700000.0,12900000.0,5200000.0,28800000.0,3.076923076923077,7.384615384615385,0.4166666666666667,1
,,0.0,Graduate,Yes,3300000,0.0,3300000.0,9000000.0,216.0,,754.0,,6100000.0,3900000.0,6900000.0,4700000.0,21600000.0,2.727272727272727,6.545454545454546,0.4166666666666667,1
,,3.0,Graduate,Yes,700000,0.0,700000.0,2200000.0,96.0,,617.0,,1600000.0,400000.0,2400000.0,900000.0,5300000.0,3.142857142857143,7.571428571428571,0.41509433962264153,1
,,3.0,Not Graduate,Yes,8400000,0.0,8400000.0,29500000.0,240.0,,661.0,,14600000.0,3400000.0,28900000.0,10900000.0,57800000.0,3.511904761904762,6.880952380952381,0.5103806228373703,1
,,1.0,Graduate,Yes,4000000,0.0,4000000.0,12100000.0,144.0,,356.0,,10500000.0,2500000.0,15600000.0,5000000.0,33600000.0,3.025,8.4,0.3601190476190476,0
,,0.0,Not Graduate,Yes,1900000,0.0,1900000.0,6300000.0,192.0,,811.0,,1100000.0,100000.0,5100000.0,1900000.0,8200000.0,3.3157894736842106,4.315789473684211,0.7682926829268293,1
,,0.0,Not Graduate,No,3900000,0.0,3900000.0,14600000.0,24.0,,730.0,,9200000.0,4000000.0,14600000.0,5400000.0,33200000.0,3.7435897435897436,8.512820512820513,0.4397590361445783,1
,,5.0,Not Graduate,No,7400000,0.0,7400000.0,18000000.0,24.0,,792.0,,5300000.0,9400000.0,19900000.0,5300000.0,39900000.0,2.4324324324324325,5.391891891891892,0.45112781954887216,1
,,5.0,Not Graduate,Yes,5900000,0.0,5900000.0,16000000.0,72.0,,798.0,,15900000.0,5000000.0,12300000.0,3100000.0,36300000.0,2.711864406779661,6.1525423728813555,0.44077134986225897,1
,,2.0,Not Graduate,No,1400000,0.0,1400000.0,2900000.0,144.0,,490.0,,600000.0,1600000.0,5500000.0,1300000.0,9000000.0,2.0714285714285716,6.428571428571429,0.32222222222222224,0
,,2.0,Graduate,Yes,1800000,0.0,1800000.0,5500000.0,72.0,,448.0,,2900000.0,300000.0,5600000.0,1300000.0,10100000.0,3.0555555555555554,5.611111111111111,0.5445544554455446,0
,,0.0,Graduate,Yes,1000000,0.0,1000000.0,3100000.0,72.0,,525.0,,1900000.0,1700000.0,2800000.0,1400000.0,7800000.0,3.1,7.8,0.3974358974358974,0
,,1.0,Graduate,No,7400000,0.0,7400000.0,19200000.0,240.0,,415.0,,2200000.0,4800000.0,29200000.0,7000000.0,43200000.0,2.5945945945945947,5.837837837837838,0.4444444444444444,0
,,5.0,Graduate,No,2700000,0.0,2700000.0,10600000.0,192.0,,496.0,,800000.0,2900000.0,9700000.0,2400000.0,15800000.0,3.925925925925926,5.851851851851852,0.6708860759493671,0
,,1.0,Not Graduate,Yes,3600000,0.0,3600000.0,13100000.0,96.0,,543.0,,2900000.0,100000.0,9900000.0,2700000.0,15600000.0,3.638888888888889,4.333333333333333,0.8397435897435898,0
,,5.0,Graduate,No,7000000,0.0,7000000.0,18400000.0,144.0,,520.0,,4700000.0,11900000.0,17000000.0,3800000.0,37400000.0,2.6285714285714286,5.3428571428571425,0.4919786096256685,0
,,4.0,Not Graduate,Yes,5000000,0.0,5000000.0,18000000.0,168.0,,307.0,,5300000.0,5600000.0,12800000.0,3300000.0,27000000.0,3.6,5.4,0.6666666666666666,0
,,2.0,Graduate,No,1800000,0.0,1800000.0,5700000.0,168.0,,502.0,,1400000.0,1100000.0,4400000.0,1300000.0,8200000.0,3.1666666666666665,4.555555555555555,0.6951219512195121,0
,,2.0,Graduate,Yes,4700000,0.0,4700000.0,12000000.0,72.0,,505.0,,3400000.0,3800000.0,18000000.0,2300000.0,27500000.0,2.5531914893617023,5.851063829787234,0.43636363636363634,0
,,2.0,Not Graduate,Yes,6700000,0.0,6700000.0,23100000.0,48.0,,304.0,,14400000.0,7100000.0,24300000.0,10000000.0,55800000.0,3.4477611940298507,8.328358208955224,0.41397849462365593,1
,,5.0,Not Graduate,No,5800000,0.0,5800000.0,17500000.0,120.0,,719.0,,5800000.0,1900000.0,12400000.0,3100000.0,23200000.0,3.0172413793103448,4.0,0.7543103448275862,1
,,0.0,Graduate,Yes,5900000,0.0,5900000.0,22700000.0,216.0,,855.0,,13400000.0,6300000.0,14500000.0,4000000.0,38200000.0,3.847457627118644,6.47457627118644,0.5942408376963351,1
,,4.0,Not Graduate,No,6000000,0.0,6000000.0,15800000.0,216.0,,593.0,,6800000.0,4800000.0,13200000.0,6400000.0,31200000.0,2.6333333333333333,5.2,0.5064102564102564,1
,,1.0,Not Graduate,Yes,700000,0.0,700000.0,1400000.0,120.0,,523.0,,700000.0,1100000.0,1600000.0,900000.0,4300000.0,2.0,6.142857142857143,0.32558139534883723,0
,,0.0,Not Graduate,Yes,3700000,0.0,3700000.0,13100000.0,168.0,,385.0,,10600000.0,6800000.0,9200000.0,4900000.0,31500000.0,3.5405405405405403,8.513513513513514,0.4158730158730159,0
,,0.0,Graduate,Yes,7100000,0.0,7100000.0,19300000.0,72.0,,783.0,,3900000.0,4800000.0,21800000.0,5000000.0,35500000.0,2.7183098591549295,5.0,0.543661971830986,1
,,5.0,Graduate,Yes,1100000,0.0,1100000.0,3900000.0,24.0,,538.0,,400000.0,1300000.0,4300000.0,1600000.0,7600000.0,3.5454545454545454,6.909090909090909,0.5131578947368421,1
,,3.0,Not Graduate,Yes,9500000,0.0,9500000.0,20100000.0,24.0,,506.0,,16800000.0,800000.0,32700000.0,11000000.0,61300000.0,2.1157894736842104,6.4526315789473685,0.3278955954323002,0
,,4.0,Not Graduate,Yes,2200000,0.0,2200000.0,8600000.0,24.0,,461.0,,1400000.0,3000000.0,4700000.0,2100000.0,11200000.0,3.909090909090909,5.090909090909091,0.7678571428571429,1
,,4.0,Not Graduate,Yes,5500000,0.0,5500000.0,20000000.0,96.0,,666.0,,3800000.0,4700000.0,18000000.0,7900000.0,34400000.0,3.6363636363636362,6.254545454545455,0.5813953488372093,1
,,3.0,Not Graduate,Yes,4400000,0.0,4400000.0,16300000.0,240.0,,561.0,,5500000.0,8000000.0,12000000.0,4000000.0,29500000.0,3.7045454545454546,6.704545454545454,0.5525423728813559,1
,,5.0,Not Graduate,No,5000000,0.0,5000000.0,10800000.0,120.0,,345.0,,12300000.0,5000000.0,14100000.0,6300000.0,37700000.0,2.16,7.54,0.2864721485411141,0
,,4.0,Not Graduate,Yes,6100000,0.0,6100000.0,12500000.0,168.0,,862.0,,11300000.0,1500000.0,21900000.0,6800000.0,41500000.0,2.0491803278688523,6.80327868852459,0.30120481927710846,1
,,3.0,Not Graduate,No,8100000,0.0,8100000.0,22300000.0,120.0,,686.0,,20400000.0,8700000.0,19200000.0,6200000.0,54500000.0,2.753086419753086,6.728395061728395,0.4091743119266055,1
,,4.0,Graduate,Yes,7000000,0.0,7000000.0,19600000.0,96.0,,708.0,,17600000.0,2600000.0,24300000.0,4500000.0,49000000.0,2.8,7.0,0.4,1
,,4.0,Not Graduate,No,5600000,0.0,5600000.0,14800000.0,240.0,,656.0,,9600000.0,9200000.0,11600000.0,6500000.0,36900000.0,2.642857142857143,6.589285714285714,0.4010840108401084,1
,,4.0,Graduate,No,1800000,0.0,1800000.0,7000000.0,168.0,,743.0,,2600000.0,1000000.0,4500000.0,1500000.0,9600000.0,3.888888888888889,5.333333333333333,0.7291666666666666,1
,,2.0,Graduate,No,3600000,0.0,3600000.0,12100000.0,168.0,,408.0,,10100000.0,4200000.0,13000000.0,5400000.0,32700000.0,3.361111111111111,9.083333333333334,0.37003058103975534,0
,,5.0,Graduate,No,600000,0.0,600000.0,1300000.0,168.0,,408.0,,1000000.0,300000.0,1600000.0,900000.0,3800000.0,2.1666666666666665,6.333333333333333,0.34210526315789475,0
,,1.0,Graduate,Yes,4900000,0.0,4900000.0,16500000.0,144.0,,439.0,,7500000.0,1400000.0,10300000.0,7200000.0,26400000.0,3.36734693877551,5.387755102040816,0.625,0
,,3.0,Graduate,Yes,3000000,0.0,3000000.0,7100000.0,72.0,,415.0,,2000000.0,5700000.0,9500000.0,2500000.0,19700000.0,2.3666666666666667,6.566666666666666,0.3604060913705584,0
,,0.0,Not Graduate,Yes,3800000,0.0,3800000.0,10600000.0,144.0,,490.0,,3300000.0,6500000.0,14400000.0,3100000.0,27300000.0,2.789473684210526,7.184210526315789,0.3882783882783883,0
,,1.0,Graduate,Yes,7600000,0.0,7600000.0,30000000.0,192.0,,884.0,,13300000.0,3600000.0,17200000.0,10800000.0,44900000.0,3.9473684210526314,5.907894736842105,0.6681514476614699,1
,,4.0,Graduate,No,7800000,0.0,7800000.0,25400000.0,216.0,,425.0,,3000000.0,14000000.0,30500000.0,7200000.0,54700000.0,3.2564102564102564,7.012820512820513,0.4643510054844607,0
,,0.0,Graduate,No,6800000,0.0,6800000.0,21700000.0,240.0,,730.0,,17500000.0,1300000.0,18600000.0,3600000.0,41000000.0,3.1911764705882355,6.029411764705882,0.5292682926829269,1
,,4.0,Graduate,Yes,5900000,0.0,5900000.0,17300000.0,240.0,,657.0,,1500000.0,5600000.0,13000000.0,4100000.0,24200000.0,2.9322033898305087,4.101694915254237,0.7148760330578512,1
,,2.0,Not Graduate,No,4900000,0.0,4900000.0,16800000.0,120.0,,480.0,,2200000.0,8900000.0,12600000.0,2700000.0,26400000.0,3.4285714285714284,5.387755102040816,0.6363636363636364,0
,,3.0,Not Graduate,Yes,1100000,0.0,1100000.0,3100000.0,192.0,,356.0,,1300000.0,100000.0,3000000.0,1600000.0,6000000.0,2.8181818181818183,5.454545454545454,0.5166666666666667,0
,,1.0,Not Graduate,Yes,9800000,0.0,9800000.0,36000000.0,144.0,,629.0,,28000000.0,4100000.0,29800000.0,11200000.0,73100000.0,3.673469387755102,7.459183673469388,0.49247606019151846,1
,,1.0,Graduate,Yes,1200000,0.0,1200000.0,4700000.0,24.0,,667.0,,1100000.0,300000.0,4200000.0,800000.0,6400000.0,3.9166666666666665,5.333333333333333,0.734375,1
,,0.0,Not Graduate,No,4700000,0.0,4700000.0,11500000.0,216.0,,559.0,,7500000.0,0.0,18700000.0,2600000.0,28800000.0,2.4468085106382977,6.127659574468085,0.3993055555555556,1
,,4.0,Graduate,No,6700000,0.0,6700000.0,16000000.0,48.0,,791.0,,0.0,13000000.0,20700000.0,5200000.0,38900000.0,2.388059701492537,5.8059701492537314,0.41131105398457585,1
,,0.0,Not Graduate,Yes,3700000,0.0,3700000.0,11300000.0,72.0,,538.0,,6200000.0,400000.0,10400000.0,5400000.0,22400000.0,3.054054054054054,6.054054054054054,0.5044642857142857,0
,,2.0,Graduate,No,7400000,0.0,7400000.0,16000000.0,240.0,,358.0,,16700000.0,5500000.0,26800000.0,4300000.0,53300000.0,2.1621621621621623,7.202702702702703,0.300187617260788,0
,,2.0,Not Graduate,No,3300000,0.0,3300000.0,11700000.0,168.0,,439.0,,4000000.0,6300000.0,8300000.0,1700000.0,20300000.0,3.5454545454545454,6.151515151515151,0.5763546798029556,0
,,2.0,Graduate,Yes,4800000,0.0,4800000.0,15300000.0,144.0,,503.0,,3300000.0,4000000.0,12000000.0,4300000.0,23600000.0,3.1875,4.916666666666667,0.6483050847457628,0
,,4.0,Graduate,Yes,4600000,0.0,4600000.0,11900000.0,72.0,,810.0,,11200000.0,8200000.0,17500000.0,5200000.0,42100000.0,2.5869565217391304,9.152173913043478,0.2826603325415677,1
,,1.0,Graduate,Yes,8000000,0.0,8000000.0,30600000.0,168.0,,302.0,,12700000.0,13100000.0,23900000.0,6800000.0,56500000.0,3.825,7.0625,0.5415929203539823,0
,,0.0,Not Graduate,No,4100000,0.0,4100000.0,8800000.0,216.0,,300.0,,10900000.0,6400000.0,8600000.0,3500000.0,29400000.0,2.1463414634146343,7.170731707317073,0.29931972789115646,0
,,4.0,Not Graduate,No,2600000,0.0,2600000.0,7200000.0,192.0,,612.0,,1300000.0,1000000.0,5800000.0,1400000.0,9500000.0,2.769230769230769,3.6538461538461537,0.7578947368421053,1
,,3.0,Not Graduate,No,1300000,0.0,1300000.0,5000000.0,72.0,,686.0,,2700000.0,2000000.0,4100000.0,900000.0,9700000.0,3.8461538461538463,7.461538461538462,0.5154639175257731,1
,,0.0,Graduate,Yes,2300000,0.0,2300000.0,4900000.0,144.0,,409.0,,3300000.0,2400000.0,4700000.0,3200000.0,13600000.0,2.130434782608696,5.913043478260869,0.3602941176470588,0
,,5.0,Graduate,No,300000,0.0,300000.0,900000.0,72.0,,492.0,,800000.0,300000.0,700000.0,400000.0,2200000.0,3.0,7.333333333333333,0.4090909090909091,0
,,0.0,Graduate,Yes,7000000,0.0,7000000.0,21700000.0,240.0,,498.0,,6600000.0,5500000.0,14700000.0,3900000.0,30700000.0,3.1,4.385714285714286,0.7068403908794788,0
,,3.0,Not Graduate,Yes,4400000,0.0,4400000.0,10900000.0,216.0,,611.0,,8600000.0,6300000.0,8800000.0,3000000.0,26700000.0,2.477272727272727,6.068181818181818,0.40823970037453183,1
,,5.0,Not Graduate,Yes,5100000,0.0,5100000.0,11800000.0,72.0,,776.0,,7600000.0,400000.0,10500000.0,4400000.0,22900000.0,2.3137254901960786,4.490196078431373,0.5152838427947598,1
,,1.0,Not Graduate,No,5900000,0.0,5900000.0,13000000.0,72.0,,779.0,,10800000.0,11600000.0,13100000.0,6600000.0,42100000.0,2.2033898305084745,7.135593220338983,0.3087885985748218,1
,,3.0,Graduate,Yes,7800000,0.0,7800000.0,27200000.0,192.0,,560.0,,3600000.0,8100000.0,21800000.0,8600000.0,42100000.0,3.4871794871794872,5.397435897435898,0.6460807600950119,1
,,4.0,Graduate,Yes,2200000,0.0,2200000.0,5100000.0,72.0,,308.0,,3200000.0,2600000.0,6600000.0,3100000.0,15500000.0,2.3181818181818183,7.045454545454546,0.32903225806451614,0
,,4.0,Not Graduate,No,5400000,0.0,5400000.0,12600000.0,216.0,,786.0,,300000.0,2500000.0,21000000.0,6600000.0,30400000.0,2.3333333333333335,5.62962962962963,0.4144736842105263,1
,,1.0,Not Graduate,No,7400000,0.0,7400000.0,29100000.0,96.0,,597.0,,12100000.0,4800000.0,16300000.0,7000000.0,40200000.0,3.9324324324324325,5.4324324324324325,0.7238805970149254,1
,,4.0,Graduate,No,5800000,0.0,5800000.0,12000000.0,144.0,,811.0,,9400000.0,8800000.0,14200000.0,3100000.0,35500000.0,2.0689655172413794,6.120689655172414,0.3380281690140845,1
,,1.0,Graduate,Yes,5800000,0.0,5800000.0,13000000.0,144.0,,862.0,,11300000.0,8400000.0,12000000.0,3900000.0,35600000.0,2.2413793103448274,6.137931034482759,0.3651685393258427,1
,,3.0,Not Graduate,Yes,4800000,0.0,4800000.0,14200000.0,144.0,,369.0,,3200000.0,200000.0,14000000.0,3000000.0,20400000.0,2.9583333333333335,4.25,0.696078431372549,0
,,1.0,Not Graduate,Yes,7400000,0.0,7400000.0,23900000.0,48.0,,687.0,,20800000.0,10900000.0,26100000.0,5600000.0,63400000.0,3.22972972972973,8.567567567567568,0.37697160883280756,1
,,0.0,Not Graduate,Yes,9600000,0.0,9600000.0,19600000.0,144.0,,500.0,,21500000.0,700000.0,37600000.0,10900000.0,70700000.0,2.0416666666666665,7.364583333333333,0.27722772277227725,0
,,2.0,Not Graduate,Yes,200000,0.0,200000.0,500000.0,72.0,,746.0,,400000.0,0.0,500000.0,0.0,900000.0,2.5,4.5,0.5555555555555556,1
,,4.0,Not Graduate,No,700000,0.0,700000.0,2100000.0,168.0,,619.0,,1900000.0,700000.0,2400000.0,1000000.0,6000000.0,3.0,8.571428571428571,0.35,1
,,2.0,Not Graduate,No,7600000,0.0,7600000.0,16700000.0,240.0,,692.0,,9900000.0,9600000.0,25100000.0,7400000.0,52000000.0,2.1973684210526314,6.842105263157895,0.3211538461538462,1
,,1.0,Not Graduate,Yes,1400000,0.0,1400000.0,3300000.0,216.0,,321.0,,900000.0,1500000.0,3000000.0,700000.0,6100000.0,2.357142857142857,4.357142857142857,0.5409836065573771,0
,,2.0,Not Graduate,Yes,3800000,0.0,3800000.0,15000000.0,168.0,,730.0,,10800000.0,2900000.0,10700000.0,3600000.0,28000000.0,3.9473684210526314,7.368421052631579,0.5357142857142857,1
,,3.0,Not Graduate,No,2700000,0.0,2700000.0,10800000.0,72.0,,480.0,,4400000.0,0.0,10300000.0,3500000.0,18200000.0,4.0,6.7407407407407405,0.5934065934065934,0
,,2.0,Not Graduate,Yes,5000000,0.0,5000000.0,10700000.0,24.0,,753.0,,12600000.0,9000000.0,11500000.0,5700000.0,38800000.0,2.14,7.76,0.2757731958762887,1
,,4.0,Graduate,Yes,9000000,0.0,9000000.0,28900000.0,72.0,,637.0,,11300000.0,1200000.0,33000000.0,4800000.0,50300000.0,3.2111111111111112,5.588888888888889,0.5745526838966203,1
,,3.0,Graduate,No,3700000,0.0,3700000.0,9000000.0,72.0,,483.0,,9300000.0,400000.0,9900000.0,3600000.0,23200000.0,2.4324324324324325,6.27027027027027,0.3879310344827586,0
,,4.0,Not Graduate,Yes,300000,0.0,300000.0,1100000.0,48.0,,315.0,,700000.0,100000.0,900000.0,100000.0,1800000.0,3.6666666666666665,6.0,0.6111111111111112,1
,,4.0,Graduate,No,1800000,0.0,1800000.0,4100000.0,96.0,,777.0,,2200000.0,2500000.0,3600000.0,1900000.0,10200000.0,2.2777777777777777,5.666666666666667,0.4019607843137255,1
,,2.0,Graduate,No,7900000,0.0,7900000.0,17700000.0,48.0,,402.0,,20900000.0,11800000.0,25600000.0,8400000.0,66700000.0,2.240506329113924,8.443037974683545,0.2653673163418291,0
,,4.0,Graduate,Yes,2100000,0.0,2100000.0,7700000.0,96.0,,493.0,,4300000.0,400000.0,4400000.0,1300000.0,10400000.0,3.6666666666666665,4.9523809523809526,0.7403846153846154,0
,,0.0,Graduate,Yes,900000,0.0,900000.0,3100000.0,48.0,,355.0,,1700000.0,100000.0,3000000.0,500000.0,5300000.0,3.4444444444444446,5.888888888888889,0.5849056603773585,1
,,3.0,Graduate,No,9900000,0.0,9900000.0,23600000.0,216.0,,557.0,,18300000.0,8600000.0,23000000.0,9100000.0,59000000.0,2.3838383838383836,5.959595959595959,0.4,1
,,0.0,Not Graduate,Yes,5600000,0.0,5600000.0,20000000.0,240.0,,606.0,,7100000.0,500000.0,20000000.0,7600000.0,35200000.0,3.5714285714285716,6.285714285714286,0.5681818181818182,1
,,1.0,Not Graduate,Yes,6000000,0.0,6000000.0,12200000.0,192.0,,743.0,,8800000.0,2600000.0,20600000.0,2900000.0,34900000.0,2.033333333333333,5.816666666666666,0.3495702005730659,1
,,5.0,Not Graduate,No,5700000,0.0,5700000.0,18400000.0,48.0,,579.0,,12800000.0,4000000.0,17200000.0,4900000.0,38900000.0,3.2280701754385963,6.824561403508772,0.4730077120822622,1
,,0.0,Graduate,Yes,9000000,0.0,9000000.0,33100000.0,240.0,,734.0,,2800000.0,5900000.0,25300000.0,10300000.0,44300000.0,3.6777777777777776,4.9222222222222225,0.7471783295711061,1
,,0.0,Graduate,No,7300000,0.0,7300000.0,16100000.0,24.0,,490.0,,7600000.0,1400000.0,21800000.0,10700000.0,41500000.0,2.2054794520547945,5.684931506849315,0.38795180722891565,0
,,5.0,Graduate,No,5300000,0.0,5300000.0,20500000.0,192.0,,802.0,,11200000.0,7100000.0,21100000.0,4100000.0,43500000.0,3.8679245283018866,8.20754716981132,0.47126436781609193,1
,,1.0,Not Graduate,Yes,3500000,0.0,3500000.0,7400000.0,192.0,,867.0,,500000.0,6600000.0,9500000.0,2100000.0,18700000.0,2.1142857142857143,5.3428571428571425,0.39572192513368987,1
,,0.0,Not Graduate,No,1000000,0.0,1000000.0,2200000.0,144.0,,302.0,,2200000.0,400000.0,3700000.0,1400000.0,7700000.0,2.2,7.7,0.2857142857142857,0
,,0.0,Not Graduate,No,5100000,0.0,5100000.0,19900000.0,144.0,,867.0,,1800000.0,7100000.0,18300000.0,5700000.0,32900000.0,3.9019607843137254,6.450980392156863,0.6048632218844985,1
,,0.0,Graduate,Yes,2900000,0.0,2900000.0,9900000.0,96.0,,312.0,,1800000.0,4500000.0,11200000.0,3700000.0,21200000.0,3.413793103448276,7.310344827586207,0.4669811320754717,0
,,3.0,Not Graduate,No,7600000,0.0,7600000.0,19100000.0,168.0,,762.0,,14800000.0,15000000.0,23500000.0,7300000.0,60600000.0,2.513157894736842,7.973684210526316,0.31518151815181517,1
,,5.0,Not Graduate,Yes,6000000,0.0,6000000.0,14700000.0,216.0,,462.0,,15400000.0,9700000.0,13800000.0,3500000.0,42400000.0,2.45,7.066666666666666,0.3466981132075472,0
,,1.0,Graduate,No,6300000,0.0,6300000.0,18200000.0,216.0,,849.0,,4300000.0,5800000.0,15500000.0,5200000.0,30800000.0,2.888888888888889,4.888888888888889,0.5909090909090909,1
,,3.0,Not Graduate,No,1900000,0.0,1900000.0,7400000.0,216.0,,592.0,,2300000.0,3000000.0,6000000.0,1800000.0,13100000.0,3.8947368421052633,6.894736842105263,0.5648854961832062,1
,,4.0,Graduate,No,600000,0.0,600000.0,1400000.0,48.0,,507.0,,200000.0,300000.0,1700000.0,400000.0,2600000.0,2.3333333333333335,4.333333333333333,0.5384615384615384,0
,,2.0,Not Graduate,Yes,4100000,0.0,4100000.0,11400000.0,168.0,,505.0,,8100000.0,7500000.0,10100000.0,5500000.0,31200000.0,2.7804878048780486,7.609756097560975,0.36538461538461536,0
,,0.0,Not Graduate,Yes,800000,0.0,800000.0,3200000.0,96.0,,467.0,,900000.0,400000.0,3100000.0,800000.0,5200000.0,4.0,6.5,0.6153846153846154,0
,,2.0,Not Graduate,No,6600000,0.0,6600000.0,22900000.0,192.0,,543.0,,2500000.0,11000000.0,26300000.0,8500000.0,48300000.0,3.4696969696969697,7.318181818181818,0.474120082815735,0
,,4.0,Graduate,Yes,300000,0.0,300000.0,1100000.0,144.0,,674.0,,600000.0,0.0,800000.0,200000.0,1600000.0,3.6666666666666665,5.333333333333333,0.6875,1
,,3.0,Graduate,No,6100000,0.0,6100000.0,13500000.0,24.0,,717.0,,15700000.0,4200000.0,16100000.0,3400000.0,39400000.0,2.2131147540983607,6.459016393442623,0.3426395939086294,1
,,5.0,Not Graduate,Yes,4800000,0.0,4800000.0,17000000.0,120.0,,666.0,,6800000.0,5400000.0,12400000.0,2900000.0,27500000.0,3.5416666666666665,5.729166666666667,0.6181818181818182,1
,,4.0,Not Graduate,No,4500000,0.0,4500000.0,17300000.0,216.0,,830.0,,200000.0,4200000.0,12000000.0,2500000.0,18900000.0,3.8444444444444446,4.2,0.9153439153439153,1
,,2.0,Graduate,No,3800000,0.0,3800000.0,9400000.0,192.0,,383.0,,8300000.0,500000.0,9200000.0,2300000.0,20300000.0,2.473684210526316,5.342105263157895,0.4630541871921182,0
,,2.0,Graduate,Yes,7000000,0.0,7000000.0,18900000.0,96.0,,584.0,,13000000.0,13600000.0,20600000.0,5000000.0,52200000.0,2.7,7.457142857142857,0.3620689655172414,1
,,2.0,Not Graduate,No,4400000,0.0,4400000.0,14200000.0,216.0,,799.0,,6300000.0,7800000.0,10800000.0,2400000.0,27300000.0,3.227272727272727,6.204545454545454,0.5201465201465202,1
,,5.0,Graduate,No,5300000,0.0,5300000.0,19400000.0,72.0,,510.0,,14700000.0,7000000.0,13600000.0,3700000.0,39000000.0,3.660377358490566,7.3584905660377355,0.49743589743589745,0
,,0.0,Not Graduate,Yes,2600000,0.0,2600000.0,5900000.0,72.0,,572.0,,5800000.0,3100000.0,7300000.0,3800000.0,20000000.0,2.269230769230769,7.6923076923076925,0.295,1
,,3.0,Not Graduate,No,3300000,0.0,3300000.0,13100000.0,24.0,,554.0,,6000000.0,2500000.0,6700000.0,3800000.0,19000000.0,3.9696969696969697,5.757575757575758,0.6894736842105263,1
,,1.0,Not Graduate,Yes,1200000,0.0,1200000.0,4800000.0,72.0,,344.0,,2900000.0,1700000.0,3200000.0,1300000.0,9100000.0,4.0,7.583333333333333,0.5274725274725275,0
,,3.0,Graduate,No,4300000,0.0,4300000.0,8600000.0,96.0,,881.0,,9100000.0,5200000.0,15000000.0,5500000.0,34800000.0,2.0,8.093023255813954,0.2471264367816092,1
,,0.0,Not Graduate,Yes,8400000,0.0,8400000.0,27200000.0,120.0,,514.0,,2500000.0,6400000.0,20100000.0,7200000.0,36200000.0,3.238095238095238,4.309523809523809,0.7513812154696132,0
,,0.0,Graduate,No,600000,0.0,600000.0,1800000.0,216.0,,796.0,,1000000.0,700000.0,1200000.0,500000.0,3400000.0,3.0,5.666666666666667,0.5294117647058824,1
,,2.0,Graduate,Yes,4700000,0.0,4700000.0,16200000.0,144.0,,802.0,,2300000.0,5400000.0,14800000.0,6700000.0,29200000.0,3.4468085106382977,6.212765957446808,0.5547945205479452,1
,,3.0,Graduate,No,4200000,0.0,4200000.0,12500000.0,240.0,,375.0,,1300000.0,5100000.0,10900000.0,2400000.0,19700000.0,2.9761904761904763,4.690476190476191,0.6345177664974619,0
,,2.0,Graduate,No,4300000,0.0,4300000.0,14700000.0,24.0,,871.0,,4100000.0,7300000.0,13900000.0,4400000.0,29700000.0,3.4186046511627906,6.906976744186046,0.494949494949495,1
,,0.0,Not Graduate,No,800000,0.0,800000.0,2900000.0,24.0,,439.0,,100000.0,900000.0,2700000.0,1200000.0,4900000.0,3.625,6.125,0.5918367346938775,1
,,0.0,Not Graduate,Yes,9300000,0.0,9300000.0,32000000.0,96.0,,438.0,,24800000.0,6400000.0,34900000.0,12400000.0,78500000.0,3.4408602150537635,8.440860215053764,0.40764331210191085,0
,,5.0,Not Graduate,No,6200000,0.0,6200000.0,13700000.0,24.0,,468.0,,3300000.0,12300000.0,13900000.0,5500000.0,35000000.0,2.2096774193548385,5.645161290322581,0.3914285714285714,0
,,3.0,Graduate,Yes,3500000,0.0,3500000.0,10200000.0,144.0,,645.0,,10400000.0,5700000.0,10000000.0,2400000.0,28500000.0,2.914285714285714,8.142857142857142,0.35789473684210527,1
,,2.0,Graduate,Yes,3600000,0.0,3600000.0,9200000.0,216.0,,700.0,,4400000.0,1800000.0,10700000.0,3500000.0,20400000.0,2.5555555555555554,5.666666666666667,0.45098039215686275,1
,,5.0,Graduate,Yes,9500000,0.0,9500000.0,36700000.0,192.0,,348.0,,3500000.0,2200000.0,31600000.0,11400000.0,48700000.0,3.863157894736842,5.126315789473685,0.7535934291581109,0
,,5.0,Graduate,Yes,600000,0.0,600000.0,1400000.0,120.0,,877.0,,1400000.0,400000.0,2000000.0,700000.0,4500000.0,2.3333333333333335,7.5,0.3111111111111111,1
,,0.0,Not Graduate,Yes,3800000,0.0,3800000.0,14900000.0,72.0,,899.0,,7800000.0,600000.0,12400000.0,2800000.0,23600000.0,3.9210526315789473,6.2105263157894735,0.6313559322033898,1
,,3.0,Graduate,Yes,1400000,0.0,1400000.0,3500000.0,144.0,,610.0,,1200000.0,600000.0,3800000.0,1400000.0,7000000.0,2.5,5.0,0.5,1
,,1.0,Not Graduate,No,6300000,0.0,6300000.0,23900000.0,48.0,,742.0,,1500000.0,7100000.0,21800000.0,4300000.0,34700000.0,3.7936507936507935,5.507936507936508,0.6887608069164265,1
,,1.0,Not Graduate,Yes,2800000,0.0,2800000.0,6600000.0,216.0,,801.0,,4000000.0,4900000.0,7100000.0,3700000.0,19700000.0,2.357142857142857,7.035714285714286,0.3350253807106599,1
,,4.0,Graduate,Yes,5400000,0.0,5400000.0,17100000.0,24.0,,533.0,,13800000.0,5100000.0,12200000.0,4700000.0,35800000.0,3.1666666666666665,6.62962962962963,0.4776536312849162,1
,,3.0,Not Graduate,Yes,6300000,0.0,6300000.0,23900000.0,192.0,,656.0,,12700000.0,9300000.0,15200000.0,5100000.0,42300000.0,3.7936507936507935,6.714285714285714,0.5650118203309693,1
,,3.0,Graduate,Yes,3900000,0.0,3900000.0,14300000.0,216.0,,785.0,,10900000.0,7600000.0,13900000.0,4900000.0,37300000.0,3.6666666666666665,9.564102564102564,0.38337801608579086,1
,,2.0,Graduate,Yes,4200000,0.0,4200000.0,15700000.0,24.0,,332.0,,7000000.0,700000.0,13300000.0,3000000.0,24000000.0,3.738095238095238,5.714285714285714,0.6541666666666667,1
,,0.0,Graduate,No,3100000,0.0,3100000.0,8100000.0,216.0,,768.0,,400000.0,1600000.0,11600000.0,2400000.0,16000000.0,2.6129032258064515,5.161290322580645,0.50625,1
,,1.0,Graduate,No,3400000,0.0,3400000.0,8600000.0,72.0,,640.0,,7700000.0,1000000.0,7800000.0,4400000.0,20900000.0,2.5294117647058822,6.147058823529412,0.41148325358851673,1
,,4.0,Not Graduate,No,1500000,0.0,1500000.0,3100000.0,72.0,,885.0,,100000.0,2800000.0,3800000.0,1900000.0,8600000.0,2.066666666666667,5.733333333333333,0.36046511627906974,1
,,3.0,Not Graduate,Yes,900000,0.0,900000.0,2000000.0,216.0,,772.0,,2300000.0,700000.0,3500000.0,800000.0,7300000.0,2.2222222222222223,8.11111111111111,0.273972602739726,1
,,4.0,Graduate,Yes,7800000,0.0,7800000.0,25600000.0,48.0,,665.0,,1000000.0,2300000.0,27300000.0,8200000.0,38800000.0,3.282051282051282,4.9743589743589745,0.6597938144329897,1
,,1.0,Not Graduate,Yes,3500000,0.0,3500000.0,10500000.0,240.0,,454.0,,8300000.0,4000000.0,7600000.0,2100000.0,22000000.0,3.0,6.285714285714286,0.4772727272727273,0
,,1.0,Not Graduate,No,8400000,0.0,8400000.0,32500000.0,168.0,,698.0,,20600000.0,5900000.0,17300000.0,12200000.0,56000000.0,3.869047619047619,6.666666666666667,0.5803571428571429,1
,,4.0,Not Graduate,Yes,6400000,0.0,6400000.0,21300000.0,240.0,,332.0,,3600000.0,9100000.0,16200000.0,8000000.0,36900000.0,3.328125,5.765625,0.5772357723577236,0
,,1.0,Not Graduate,No,9600000,0.0,9600000.0,28300000.0,72.0,,536.0,,18700000.0,9300000.0,27300000.0,6000000.0,61300000.0,2.9479166666666665,6.385416666666667,0.46166394779771613,0
,,5.0,Not Graduate,Yes,2100000,0.0,2100000.0,6500000.0,120.0,,796.0,,2400000.0,2800000.0,7300000.0,2700000.0,15200000.0,3.0952380952380953,7.238095238095238,0.4276315789473684,1
,,2.0,Not Graduate,Yes,6000000,0.0,6000000.0,19900000.0,96.0,,486.0,,12100000.0,8100000.0,20100000.0,6600000.0,46900000.0,3.316666666666667,7.816666666666666,0.42430703624733473,0
,,0.0,Not Graduate,Yes,8300000,0.0,8300000.0,16800000.0,216.0,,422.0,,8000000.0,10600000.0,23300000.0,11400000.0,53300000.0,2.0240963855421685,6.421686746987952,0.3151969981238274,0
,,1.0,Not Graduate,Yes,5300000,0.0,5300000.0,18500000.0,72.0,,501.0,,6700000.0,8600000.0,16600000.0,4300000.0,36200000.0,3.490566037735849,6.830188679245283,0.511049723756906,0
,,1.0,Not Graduate,Yes,9700000,0.0,9700000.0,23500000.0,48.0,,666.0,,15100000.0,9400000.0,23300000.0,8000000.0,55800000.0,2.422680412371134,5.752577319587629,0.4211469534050179,1
,,3.0,Not Graduate,Yes,8200000,0.0,8200000.0,16500000.0,216.0,,371.0,,19000000.0,1200000.0,18500000.0,8200000.0,46900000.0,2.0121951219512195,5.719512195121951,0.35181236673773986,0
,,5.0,Graduate,No,3400000,0.0,3400000.0,6900000.0,168.0,,312.0,,1800000.0,400000.0,10300000.0,3800000.0,16300000.0,2.0294117647058822,4.794117647058823,0.4233128834355828,0
,,5.0,Graduate,No,2800000,0.0,2800000.0,11000000.0,144.0,,753.0,,3900000.0,4600000.0,10700000.0,2400000.0,21600000.0,3.9285714285714284,7.714285714285714,0.5092592592592593,1
,,0.0,Not Graduate,Yes,2400000,0.0,2400000.0,5200000.0,192.0,,740.0,,6300000.0,1000000.0,7500000.0,2900000.0,17700000.0,2.1666666666666665,7.375,0.2937853107344633,1
,,1.0,Graduate,No,8200000,0.0,8200000.0,24000000.0,48.0,,366.0,,10900000.0,15200000.0,25200000.0,10400000.0,61700000.0,2.926829268292683,7.524390243902439,0.3889789303079417,0
,,4.0,Not Graduate,No,4200000,0.0,4200000.0,11100000.0,96.0,,526.0,,11600000.0,200000.0,16800000.0,4900000.0,33500000.0,2.642857142857143,7.976190476190476,0.33134328358208953,0
,,4.0,Graduate,Yes,5500000,0.0,5500000.0,14800000.0,120.0,,354.0,,16000000.0,3400000.0,21200000.0,7700000.0,48300000.0,2.690909090909091,8.781818181818181,0.3064182194616977,0
,,5.0,Not Graduate,Yes,2900000,0.0,2900000.0,6300000.0,72.0,,719.0,,7900000.0,1600000.0,8000000.0,1600000.0,19100000.0,2.1724137931034484,6.586206896551724,0.3298429319371728,1
,,5.0,Not Graduate,No,6300000,0.0,6300000.0,20100000.0,144.0,,774.0,,15600000.0,11800000.0,16200000.0,5800000.0,49400000.0,3.1904761904761907,7.841269841269841,0.4068825910931174,1
,,5.0,Not Graduate,Yes,9700000,0.0,9700000.0,29100000.0,216.0,,732.0,,4700000.0,7400000.0,35600000.0,12400000.0,60100000.0,3.0,6.195876288659794,0.4841930116472546,1
,,1.0,Not Graduate,No,6500000,0.0,6500000.0,16000000.0,72.0,,862.0,,2000000.0,0.0,24000000.0,9700000.0,35700000.0,2.4615384615384617,5.492307692307692,0.4481792717086835,1
,,5.0,Not Graduate,No,4900000,0.0,4900000.0,10800000.0,216.0,,613.0,,6800000.0,800000.0,14500000.0,5300000.0,27400000.0,2.204081632653061,5.591836734693878,0.39416058394160586,1
,,5.0,Graduate,Yes,6900000,0.0,6900000.0,16500000.0,72.0,,447.0,,4100000.0,400000.0,14100000.0,6600000.0,25200000.0,2.391304347826087,3.652173913043478,0.6547619047619048,0
,,4.0,Not Graduate,Yes,1100000,0.0,1100000.0,3000000.0,48.0,,730.0,,300000.0,600000.0,3600000.0,1100000.0,5600000.0,2.727272727272727,5.090909090909091,0.5357142857142857,1
,,2.0,Not Graduate,Yes,7800000,0.0,7800000.0,29600000.0,168.0,,568.0,,0.0,8600000.0,27000000.0,7200000.0,42800000.0,3.7948717948717947,5.487179487179487,0.6915887850467289,1
,,2.0,Graduate,Yes,8200000,0.0,8200000.0,23600000.0,72.0,,495.0,,23000000.0,10600000.0,27200000.0,6100000.0,66900000.0,2.8780487804878048,8.158536585365853,0.35276532137518685,0
,,5.0,Not Graduate,Yes,6700000,0.0,6700000.0,23600000.0,168.0,,854.0,,3000000.0,3300000.0,19400000.0,7500000.0,33200000.0,3.5223880597014925,4.955223880597015,0.7108433734939759,1
,,3.0,Graduate,Yes,7400000,0.0,7400000.0,15200000.0,120.0,,548.0,,16700000.0,12800000.0,19300000.0,4800000.0,53600000.0,2.054054054054054,7.243243243243243,0.2835820895522388,0
,,1.0,Not Graduate,No,1200000,0.0,1200000.0,2700000.0,168.0,,779.0,,600000.0,2200000.0,2400000.0,600000.0,5800000.0,2.25,4.833333333333333,0.46551724137931033,1
,,0.0,Not Graduate,No,9500000,0.0,9500000.0,24800000.0,24.0,,564.0,,17400000.0,16000000.0,19600000.0,12000000.0,65000000.0,2.610526315789474,6.842105263157895,0.38153846153846155,1
,,5.0,Not Graduate,Yes,4000000,0.0,4000000.0,8200000.0,24.0,,571.0,,3500000.0,7700000.0,9500000.0,4400000.0,25100000.0,2.05,6.275,0.32669322709163345,1
,,0.0,Not Graduate,Yes,8600000,0.0,8600000.0,32600000.0,96.0,,778.0,,21500000.0,14100000.0,33600000.0,11000000.0,80200000.0,3.7906976744186047,9.325581395348838,0.40648379052369077,1
,,4.0,Graduate,Yes,9100000,0.0,9100000.0,28400000.0,144.0,,808.0,,25800000.0,11800000.0,19300000.0,9700000.0,66600000.0,3.120879120879121,7.318681318681318,0.4264264264264264,1
,,0.0,Not Graduate,Yes,7100000,0.0,7100000.0,18600000.0,240.0,,770.0,,19200000.0,13100000.0,23100000.0,5100000.0,60500000.0,2.619718309859155,8.52112676056338,0.3074380165289256,1
,,0.0,Not Graduate,No,9000000,0.0,9000000.0,28400000.0,48.0,,612.0,,0.0,7200000.0,26900000.0,13200000.0,47300000.0,3.1555555555555554,5.2555555555555555,0.6004228329809725,1
,,3.0,Graduate,Yes,1400000,0.0,1400000.0,2700000.0,168.0,,819.0,,1200000.0,1500000.0,4000000.0,1300000.0,8000000.0,1.9285714285714286,5.714285714285714,0.3375,1
,,1.0,Graduate,No,8800000,0.0,8800000.0,20200000.0,72.0,,627.0,,24200000.0,16100000.0,17600000.0,11900000.0,69800000.0,2.2954545454545454,7.931818181818182,0.28939828080229224,1
,,3.0,Not Graduate,Yes,5400000,0.0,5400000.0,14700000.0,48.0,,359.0,,12300000.0,9900000.0,15100000.0,6100000.0,43400000.0,2.7222222222222223,8.037037037037036,0.3387096774193548,0
,,1.0,Graduate,No,6100000,0.0,6100000.0,19100000.0,72.0,,341.0,,5700000.0,5900000.0,12400000.0,6300000.0,30300000.0,3.1311475409836067,4.967213114754099,0.6303630363036303,0
,,1.0,Graduate,No,1000000,0.0,1000000.0,3600000.0,48.0,,570.0,,1000000.0,1300000.0,3700000.0,1000000.0,7000000.0,3.6,7.0,0.5142857142857142,1
,,3.0,Graduate,Yes,7700000,0.0,7700000.0,18100000.0,240.0,,736.0,,7800000.0,14500000.0,29100000.0,10000000.0,61400000.0,2.3506493506493507,7.974025974025974,0.2947882736156352,1
,,1.0,Graduate,Yes,6100000,0.0,6100000.0,12900000.0,24.0,,302.0,,8900000.0,7500000.0,15600000.0,7200000.0,39200000.0,2.1147540983606556,6.426229508196721,0.32908163265306123,0
,,2.0,Not Graduate,Yes,7700000,0.0,7700000.0,21000000.0,144.0,,420.0,,16100000.0,4300000.0,27400000.0,10500000.0,58300000.0,2.727272727272727,7.571428571428571,0.3602058319039451,0
,,4.0,Graduate,Yes,4700000,0.0,4700000.0,12000000.0,24.0,,416.0,,5800000.0,8200000.0,13000000.0,6800000.0,33800000.0,2.5531914893617023,7.191489361702128,0.35502958579881655,0
,,2.0,Graduate,Yes,9100000,0.0,9100000.0,34800000.0,240.0,,836.0,,21300000.0,10900000.0,30600000.0,9900000.0,72700000.0,3.8241758241758244,7.989010989010989,0.4786795048143054,1
,,0.0,Graduate,Yes,5800000,0.0,5800000.0,12700000.0,144.0,,528.0,,8400000.0,7300000.0,19600000.0,7600000.0,42900000.0,2.189655172413793,7.396551724137931,0.29603729603729606,0
,,4.0,Not Graduate,No,8500000,0.0,8500000.0,24900000.0,24.0,,405.0,,1900000.0,400000.0,21700000.0,11400000.0,35400000.0,2.929411764705882,4.1647058823529415,0.7033898305084746,0
,,2.0,Graduate,Yes,9900000,0.0,9900000.0,33400000.0,168.0,,783.0,,16600000.0,16100000.0,21000000.0,9500000.0,63200000.0,3.3737373737373737,6.383838383838384,0.5284810126582279,1
,,4.0,Not Graduate,Yes,2000000,0.0,2000000.0,4000000.0,120.0,,636.0,,2100000.0,0.0,4000000.0,1700000.0,7800000.0,2.0,3.9,0.5128205128205128,1
,,1.0,Not Graduate,Yes,5000000,0.0,5000000.0,16800000.0,72.0,,711.0,,6300000.0,7600000.0,16000000.0,3200000.0,33100000.0,3.36,6.62,0.5075528700906344,1
,,1.0,Graduate,Yes,3200000,0.0,3200000.0,11800000.0,192.0,,848.0,,5500000.0,3200000.0,7500000.0,2300000.0,18500000.0,3.6875,5.78125,0.6378378378378379,1
,,1.0,Not Graduate,Yes,8000000,0.0,8000000.0,27800000.0,96.0,,804.0,,7900000.0,1600000.0,27100000.0,11800000.0,48400000.0,3.475,6.05,0.5743801652892562,1
,,0.0,Not Graduate,Yes,1200000,0.0,1200000.0,2800000.0,168.0,,892.0,,3200000.0,100000.0,3300000.0,1700000.0,8300000.0,2.3333333333333335,6.916666666666667,0.3373493975903614,1
,,2.0,Not Graduate,Yes,5800000,0.0,5800000.0,22800000.0,168.0,,696.0,,12100000.0,200000.0,20800000.0,4800000.0,37900000.0,3.9310344827586206,6.5344827586206895,0.6015831134564644,1
,,1.0,Graduate,No,2500000,0.0,2500000.0,7600000.0,240.0,,888.0,,7400000.0,4200000.0,6400000.0,1900000.0,19900000.0,3.04,7.96,0.38190954773869346,1
,,1.0,Not Graduate,Yes,600000,0.0,600000.0,1400000.0,120.0,,699.0,,400000.0,500000.0,1300000.0,800000.0,3000000.0,2.3333333333333335,5.0,0.4666666666666667,1
,,5.0,Graduate,No,4900000,0.0,4900000.0,13000000.0,120.0,,865.0,,13300000.0,3700000.0,14700000.0,6500000.0,38200000.0,2.6530612244897958,7.795918367346939,0.3403141361256545,1
,,2.0,Graduate,Yes,9400000,0.0,9400000.0,37300000.0,168.0,,383.0,,7800000.0,15900000.0,27100000.0,7700000.0,58500000.0,3.9680851063829787,6.223404255319149,0.6376068376068376,0
,,2.0,Graduate,No,5300000,0.0,5300000.0,19300000.0,192.0,,368.0,,14700000.0,400000.0,11600000.0,3700000.0,30400000.0,3.641509433962264,5.735849056603773,0.6348684210526315,0
,,5.0,Not Graduate,No,5100000,0.0,5100000.0,15800000.0,48.0,,607.0,,6000000.0,7700000.0,12600000.0,7000000.0,33300000.0,3.0980392156862746,6.529411764705882,0.4744744744744745,1
,,4.0,Not Graduate,Yes,2900000,0.0,2900000.0,8900000.0,216.0,,827.0,,400000.0,3400000.0,11200000.0,1600000.0,16600000.0,3.0689655172413794,5.724137931034483,0.536144578313253,1
,,1.0,Graduate,No,9100000,0.0,9100000.0,34000000.0,144.0,,672.0,,8600000.0,1600000.0,32700000.0,8800000.0,51700000.0,3.7362637362637363,5.681318681318682,0.6576402321083172,1
,,3.0,Not Graduate,Yes,8800000,0.0,8800000.0,26700000.0,144.0,,708.0,,16000000.0,15300000.0,26900000.0,9600000.0,67800000.0,3.034090909090909,7.704545454545454,0.3938053097345133,1
,,4.0,Not Graduate,No,2600000,0.0,2600000.0,8800000.0,120.0,,682.0,,4500000.0,4700000.0,10300000.0,1600000.0,21100000.0,3.3846153846153846,8.115384615384615,0.41706161137440756,1
,,1.0,Graduate,Yes,9700000,0.0,9700000.0,25500000.0,216.0,,741.0,,21900000.0,6200000.0,34800000.0,4900000.0,67800000.0,2.6288659793814433,6.989690721649485,0.37610619469026546,1
,,5.0,Not Graduate,Yes,600000,0.0,600000.0,1200000.0,96.0,,343.0,,100000.0,700000.0,1600000.0,600000.0,3000000.0,2.0,5.0,0.4,0
,,0.0,Graduate,Yes,4100000,0.0,4100000.0,11100000.0,192.0,,785.0,,6800000.0,5300000.0,8500000.0,4800000.0,25400000.0,2.707317073170732,6.195121951219512,0.43700787401574803,1
,,1.0,Not Graduate,Yes,8000000,0.0,8000000.0,28000000.0,240.0,,830.0,,22400000.0,12600000.0,25600000.0,10600000.0,71200000.0,3.5,8.9,0.39325842696629215,1
,,2.0,Graduate,No,8800000,0.0,8800000.0,26700000.0,192.0,,696.0,,12900000.0,15300000.0,20300000.0,10900000.0,59400000.0,3.034090909090909,6.75,0.4494949494949495,1
,,1.0,Graduate,No,200000,0.0,200000.0,300000.0,144.0,,697.0,,600000.0,300000.0,700000.0,100000.0,1700000.0,1.5,8.5,0.17647058823529413,1
,,0.0,Graduate,Yes,3800000,0.0,3800000.0,11700000.0,24.0,,351.0,,100000.0,6700000.0,12500000.0,3100000.0,22400000.0,3.0789473684210527,5.894736842105263,0.5223214285714286,1
,,3.0,Graduate,No,6800000,0.0,6800000.0,21800000.0,120.0,,556.0,,16400000.0,9300000.0,19100000.0,5400000.0,50200000.0,3.2058823529411766,7.382352941176471,0.4342629482071713,1
,,0.0,Graduate,No,8600000,0.0,8600000.0,31800000.0,24.0,,895.0,,22600000.0,15900000.0,19600000.0,5100000.0,63200000.0,3.697674418604651,7.348837209302325,0.5031645569620253,1
,,2.0,Graduate,Yes,2800000,0.0,2800000.0,8400000.0,120.0,,534.0,,8300000.0,4800000.0,10600000.0,1500000.0,25200000.0,3.0,9.0,0.3333333333333333,0
,,0.0,Graduate,No,8000000,0.0,8000000.0,29800000.0,144.0,,736.0,,600000.0,15700000.0,30800000.0,8400000.0,55500000.0,3.725,6.9375,0.5369369369369369,1
,,2.0,Graduate,Yes,2300000,0.0,2300000.0,5500000.0,192.0,,629.0,,4600000.0,2900000.0,7000000.0,1900000.0,16400000.0,2.391304347826087,7.130434782608695,0.3353658536585366,1
,,4.0,Graduate,Yes,7600000,0.0,7600000.0,16200000.0,240.0,,657.0,,1900000.0,9300000.0,28500000.0,5500000.0,45200000.0,2.1315789473684212,5.947368421052632,0.3584070796460177,1
,,2.0,Graduate,No,2900000,0.0,2900000.0,11300000.0,144.0,,839.0,,700000.0,5100000.0,8100000.0,2600000.0,16500000.0,3.896551724137931,5.689655172413793,0.6848484848484848,1
,,4.0,Not Graduate,No,7900000,0.0,7900000.0,25700000.0,216.0,,589.0,,4300000.0,300000.0,25300000.0,9800000.0,39700000.0,3.2531645569620253,5.025316455696203,0.6473551637279596,1
,,2.0,Not Graduate,No,1900000,0.0,1900000.0,4500000.0,72.0,,805.0,,2200000.0,3100000.0,4800000.0,2300000.0,12400000.0,2.3684210526315788,6.526315789473684,0.3629032258064516,1
,,3.0,Not Graduate,Yes,4600000,0.0,4600000.0,13600000.0,240.0,,729.0,,1300000.0,8900000.0,17200000.0,5900000.0,33300000.0,2.9565217391304346,7.239130434782608,0.4084084084084084,1
,,1.0,Not Graduate,No,2600000,0.0,2600000.0,7700000.0,72.0,,399.0,,3700000.0,4300000.0,8900000.0,3500000.0,20400000.0,2.9615384615384617,7.846153846153846,0.37745098039215685,0
,,2.0,Not Graduate,No,2700000,0.0,2700000.0,6700000.0,96.0,,413.0,,7600000.0,800000.0,9200000.0,2300000.0,19900000.0,2.4814814814814814,7.37037037037037,0.33668341708542715,0
,,5.0,Graduate,Yes,6300000,0.0,6300000.0,13200000.0,192.0,,321.0,,6700000.0,4000000.0,15200000.0,7100000.0,33000000.0,2.0952380952380953,5.238095238095238,0.4,0
,,0.0,Graduate,Yes,2600000,0.0,2600000.0,7500000.0,24.0,,853.0,,4200000.0,3900000.0,9600000.0,1400000.0,19100000.0,2.8846153846153846,7.346153846153846,0.39267015706806285,1
,,4.0,Not Graduate,Yes,7700000,0.0,7700000.0,23400000.0,72.0,,400.0,,3900000.0,3400000.0,20800000.0,10700000.0,38800000.0,3.038961038961039,5.038961038961039,0.6030927835051546,0
,,0.0,Graduate,Yes,7400000,0.0,7400000.0,16300000.0,192.0,,630.0,,11200000.0,13200000.0,28400000.0,5300000.0,58100000.0,2.2027027027027026,7.851351351351352,0.28055077452667815,1
,,3.0,Graduate,Yes,7300000,0.0,7300000.0,21600000.0,240.0,,557.0,,1900000.0,3800000.0,26400000.0,9300000.0,41400000.0,2.958904109589041,5.671232876712328,0.5217391304347826,1
,,1.0,Graduate,No,2900000,0.0,2900000.0,7600000.0,24.0,,358.0,,800000.0,700000.0,10100000.0,2100000.0,13700000.0,2.6206896551724137,4.724137931034483,0.5547445255474452,0
,,3.0,Graduate,Yes,6600000,0.0,6600000.0,16000000.0,120.0,,510.0,,1200000.0,4800000.0,13300000.0,6300000.0,25600000.0,2.4242424242424243,3.878787878787879,0.625,0
,,2.0,Graduate,Yes,2700000,0.0,2700000.0,9600000.0,168.0,,554.0,,5800000.0,200000.0,10200000.0,1900000.0,18100000.0,3.5555555555555554,6.703703703703703,0.5303867403314917,1
,,3.0,Graduate,Yes,8300000,0.0,8300000.0,27700000.0,48.0,,596.0,,20500000.0,15400000.0,21400000.0,7400000.0,64700000.0,3.3373493975903616,7.795180722891566,0.4281298299845441,1
,,0.0,Graduate,No,4900000,0.0,4900000.0,18500000.0,96.0,,659.0,,8800000.0,1700000.0,14700000.0,4900000.0,30100000.0,3.7755102040816326,6.142857142857143,0.6146179401993356,1
,,4.0,Graduate,Yes,7900000,0.0,7900000.0,30700000.0,120.0,,322.0,,10600000.0,13200000.0,30300000.0,6300000.0,60400000.0,3.8860759493670884,7.6455696202531644,0.5082781456953642,0
,,5.0,Graduate,Yes,8800000,0.0,8800000.0,21300000.0,168.0,,852.0,,8000000.0,6400000.0,28500000.0,9900000.0,52800000.0,2.4204545454545454,6.0,0.4034090909090909,1
,,5.0,Not Graduate,No,4000000,0.0,4000000.0,14100000.0,216.0,,653.0,,5800000.0,4100000.0,9400000.0,5400000.0,24700000.0,3.525,6.175,0.5708502024291497,1
,,4.0,Graduate,Yes,3900000,0.0,3900000.0,9200000.0,144.0,,737.0,,2800000.0,2300000.0,12300000.0,5200000.0,22600000.0,2.358974358974359,5.794871794871795,0.40707964601769914,1
,,3.0,Graduate,Yes,7700000,0.0,7700000.0,18900000.0,24.0,,583.0,,9300000.0,3000000.0,16700000.0,9300000.0,38300000.0,2.4545454545454546,4.974025974025974,0.4934725848563969,1
,,1.0,Graduate,Yes,3800000,0.0,3800000.0,10000000.0,192.0,,873.0,,5100000.0,2800000.0,10300000.0,4000000.0,22200000.0,2.6315789473684212,5.842105263157895,0.45045045045045046,1
,,5.0,Graduate,No,8000000,0.0,8000000.0,27000000.0,240.0,,595.0,,4500000.0,5200000.0,24800000.0,10400000.0,44900000.0,3.375,5.6125,0.6013363028953229,1
,,5.0,Graduate,Yes,3400000,0.0,3400000.0,11300000.0,240.0,,871.0,,6500000.0,3900000.0,9700000.0,2400000.0,22500000.0,3.323529411764706,6.617647058823529,0.5022222222222222,1
,,5.0,Graduate,Yes,5500000,0.0,5500000.0,18800000.0,144.0,,603.0,,3300000.0,700000.0,21000000.0,5000000.0,30000000.0,3.418181818181818,5.454545454545454,0.6266666666666667,1
,,0.0,Not Graduate,No,7700000,0.0,7700000.0,29300000.0,168.0,,801.0,,6200000.0,11800000.0,23400000.0,4700000.0,46100000.0,3.8051948051948052,5.987012987012987,0.6355748373101953,1
,,5.0,Graduate,No,4000000,0.0,4000000.0,9400000.0,48.0,,723.0,,200000.0,0.0,12100000.0,2000000.0,14300000.0,2.35,3.575,0.6573426573426573,1
,,5.0,Not Graduate,Yes,5900000,0.0,5900000.0,22600000.0,216.0,,630.0,,2300000.0,4200000.0,16500000.0,6800000.0,29800000.0,3.830508474576271,5.0508474576271185,0.7583892617449665,1
,,0.0,Not Graduate,Yes,2600000,0.0,2600000.0,9900000.0,240.0,,368.0,,3600000.0,1500000.0,5200000.0,2000000.0,12300000.0,3.8076923076923075,4.730769230769231,0.8048780487804879,0
,,3.0,Graduate,No,6600000,0.0,6600000.0,22200000.0,144.0,,759.0,,8900000.0,2200000.0,18700000.0,8500000.0,38300000.0,3.3636363636363638,5.803030303030303,0.5796344647519582,1
,,0.0,Not Graduate,Yes,1000000,0.0,1000000.0,3000000.0,216.0,,382.0,,2200000.0,700000.0,3500000.0,900000.0,7300000.0,3.0,7.3,0.410958904109589,0
,,4.0,Not Graduate,Yes,800000,0.0,800000.0,2800000.0,192.0,,645.0,,900000.0,1400000.0,2300000.0,600000.0,5200000.0,3.5,6.5,0.5384615384615384,1
,,0.0,Graduate,No,3200000,0.0,3200000.0,6300000.0,72.0,,878.0,,6700000.0,5200000.0,8100000.0,3600000.0,23600000.0,1.96875,7.375,0.2669491525423729,1
,,4.0,Graduate,No,8400000,0.0,8400000.0,23400000.0,144.0,,350.0,,18700000.0,9100000.0,27500000.0,6700000.0,62000000.0,2.7857142857142856,7.380952380952381,0.3774193548387097,0
,,3.0,Graduate,Yes,5800000,0.0,5800000.0,17600000.0,72.0,,720.0,,4900000.0,4200000.0,18800000.0,6600000.0,34500000.0,3.0344827586206895,5.948275862068965,0.5101449275362319,1
,,0.0,Not Graduate,Yes,7300000,0.0,7300000.0,28100000.0,120.0,,673.0,,13700000.0,1200000.0,16300000.0,8900000.0,40100000.0,3.8493150684931505,5.493150684931507,0.7007481296758105,1
,,1.0,Graduate,No,3900000,0.0,3900000.0,8000000.0,72.0,,448.0,,100000.0,1900000.0,9800000.0,4000000.0,15800000.0,2.051282051282051,4.051282051282051,0.5063291139240507,0
,,2.0,Not Graduate,Yes,4600000,0.0,4600000.0,16000000.0,48.0,,720.0,,0.0,4000000.0,12300000.0,4200000.0,20500000.0,3.4782608695652173,4.456521739130435,0.7804878048780488,1
,,0.0,Graduate,No,3600000,0.0,3600000.0,12300000.0,24.0,,300.0,,5200000.0,3000000.0,14300000.0,5400000.0,27900000.0,3.4166666666666665,7.75,0.44086021505376344,1
,,4.0,Graduate,No,7500000,0.0,7500000.0,28700000.0,240.0,,520.0,,4600000.0,3500000.0,15200000.0,5700000.0,29000000.0,3.8266666666666667,3.8666666666666667,0.9896551724137931,0
,,1.0,Graduate,No,5200000,0.0,5200000.0,15000000.0,144.0,,794.0,,3200000.0,7200000.0,16500000.0,5100000.0,32000000.0,2.8846153846153846,6.153846153846154,0.46875,1
,,3.0,Graduate,Yes,4400000,0.0,4400000.0,10000000.0,96.0,,875.0,,5900000.0,5200000.0,11700000.0,4100000.0,26900000.0,2.272727272727273,6.113636363636363,0.37174721189591076,1
,,1.0,Not Graduate,Yes,5100000,0.0,5100000.0,12900000.0,168.0,,533.0,,6700000.0,6700000.0,14400000.0,3900000.0,31700000.0,2.5294117647058822,6.215686274509804,0.4069400630914827,0
,,0.0,Graduate,No,6000000,0.0,6000000.0,23600000.0,72.0,,776.0,,13800000.0,2700000.0,23400000.0,8800000.0,48700000.0,3.933333333333333,8.116666666666667,0.48459958932238195,1
,,2.0,Graduate,No,3800000,0.0,3800000.0,11400000.0,72.0,,706.0,,1000000.0,4000000.0,12100000.0,2800000.0,19900000.0,3.0,5.2368421052631575,0.5728643216080402,1
,,3.0,Graduate,No,2800000,0.0,2800000.0,10900000.0,24.0,,710.0,,600000.0,2400000.0,5600000.0,3600000.0,12200000.0,3.892857142857143,4.357142857142857,0.8934426229508197,1
,,5.0,Graduate,Yes,6500000,0.0,6500000.0,18300000.0,48.0,,333.0,,8100000.0,400000.0,21700000.0,7000000.0,37200000.0,2.8153846153846156,5.723076923076923,0.49193548387096775,0
,,2.0,Not Graduate,Yes,1600000,0.0,1600000.0,6400000.0,48.0,,787.0,,1000000.0,300000.0,5500000.0,1100000.0,7900000.0,4.0,4.9375,0.810126582278481,1
,,4.0,Graduate,No,5500000,0.0,5500000.0,18600000.0,144.0,,569.0,,13500000.0,6200000.0,19700000.0,7300000.0,46700000.0,3.381818181818182,8.49090909090909,0.39828693790149894,1
,,0.0,Graduate,Yes,9600000,0.0,9600000.0,20100000.0,192.0,,427.0,,7200000.0,2300000.0,34500000.0,7400000.0,51400000.0,2.09375,5.354166666666667,0.39105058365758755,0
,,0.0,Graduate,No,7000000,0.0,7000000.0,27800000.0,192.0,,640.0,,11500000.0,3700000.0,16000000.0,8200000.0,39400000.0,3.9714285714285715,5.628571428571429,0.7055837563451777,1
,,2.0,Not Graduate,No,4000000,0.0,4000000.0,8100000.0,192.0,,312.0,,3500000.0,2100000.0,15100000.0,3100000.0,23800000.0,2.025,5.95,0.3403361344537815,0
,,1.0,Not Graduate,Yes,8100000,0.0,8100000.0,30900000.0,144.0,,464.0,,13600000.0,9800000.0,17900000.0,7500000.0,48800000.0,3.814814814814815,6.0246913580246915,0.6331967213114754,0
,,2.0,Not Graduate,Yes,6600000,0.0,6600000.0,22800000.0,96.0,,490.0,,6100000.0,10000000.0,18000000.0,6400000.0,40500000.0,3.4545454545454546,6.136363636363637,0.562962962962963,0
,,5.0,Graduate,No,4100000,0.0,4100000.0,10200000.0,144.0,,431.0,,6200000.0,2200000.0,13700000.0,4300000.0,26400000.0,2.4878048780487805,6.439024390243903,0.38636363636363635,0
,,1.0,Graduate,No,6600000,0.0,6600000.0,24800000.0,48.0,,500.0,,8600000.0,4100000.0,16700000.0,6100000.0,35500000.0,3.757575757575758,5.378787878787879,0.6985915492957746,1
,,4.0,Graduate,No,5100000,0.0,5100000.0,12200000.0,168.0,,511.0,,2700000.0,6000000.0,18300000.0,3400000.0,30400000.0,2.392156862745098,5.96078431372549,0.40131578947368424,0
,,4.0,Graduate,No,8200000,0.0,8200000.0,25200000.0,216.0,,691.0,,5800000.0,8900000.0,28500000.0,10500000.0,53700000.0,3.073170731707317,6.548780487804878,0.4692737430167598,1
,,1.0,Not Graduate,Yes,9500000,0.0,9500000.0,24400000.0,168.0,,696.0,,25500000.0,6700000.0,29500000.0,6300000.0,68000000.0,2.568421052631579,7.157894736842105,0.3588235294117647,1
,,0.0,Not Graduate,Yes,7600000,0.0,7600000.0,27600000.0,24.0,,437.0,,10000000.0,11200000.0,27600000.0,6800000.0,55600000.0,3.6315789473684212,7.315789473684211,0.49640287769784175,1
,,2.0,Not Graduate,Yes,8400000,0.0,8400000.0,20800000.0,144.0,,335.0,,6700000.0,12300000.0,18500000.0,10100000.0,47600000.0,2.4761904761904763,5.666666666666667,0.4369747899159664,0
,,4.0,Graduate,No,7600000,0.0,7600000.0,25100000.0,48.0,,671.0,,4600000.0,13200000.0,27400000.0,4300000.0,49500000.0,3.3026315789473686,6.5131578947368425,0.5070707070707071,1
,,4.0,Not Graduate,Yes,1400000,0.0,1400000.0,3700000.0,144.0,,621.0,,3100000.0,900000.0,5100000.0,1800000.0,10900000.0,2.642857142857143,7.785714285714286,0.3394495412844037,1
,,4.0,Not Graduate,Yes,2700000,0.0,2700000.0,6800000.0,120.0,,455.0,,4700000.0,2600000.0,7400000.0,2700000.0,17400000.0,2.5185185185185186,6.444444444444445,0.39080459770114945,0
,,1.0,Graduate,Yes,200000,0.0,200000.0,500000.0,120.0,,856.0,,500000.0,200000.0,500000.0,200000.0,1400000.0,2.5,7.0,0.35714285714285715,1
,,3.0,Graduate,No,600000,0.0,600000.0,2100000.0,192.0,,892.0,,700000.0,400000.0,2400000.0,500000.0,4000000.0,3.5,6.666666666666667,0.525,1
,,4.0,Graduate,No,5200000,0.0,5200000.0,12900000.0,192.0,,819.0,,3400000.0,4100000.0,16800000.0,7500000.0,31800000.0,2.480769230769231,6.115384615384615,0.4056603773584906,1
,,0.0,Not Graduate,Yes,5100000,0.0,5100000.0,11600000.0,120.0,,308.0,,8700000.0,1300000.0,10700000.0,7000000.0,27700000.0,2.2745098039215685,5.431372549019608,0.4187725631768953,0
,,4.0,Graduate,Yes,9200000,0.0,9200000.0,18600000.0,24.0,,889.0,,26900000.0,4200000.0,33300000.0,9700000.0,74100000.0,2.0217391304347827,8.054347826086957,0.25101214574898784,1
,,5.0,Not Graduate,No,6500000,0.0,6500000.0,23200000.0,216.0,,713.0,,6700000.0,1400000.0,13400000.0,7200000.0,28700000.0,3.5692307692307694,4.415384615384616,0.8083623693379791,1
,,0.0,Graduate,No,8500000,0.0,8500000.0,21000000.0,72.0,,665.0,,3600000.0,9600000.0,27500000.0,11300000.0,52000000.0,2.4705882352941178,6.117647058823529,0.40384615384615385,1
,,4.0,Not Graduate,No,2000000,0.0,2000000.0,6000000.0,144.0,,837.0,,1300000.0,1900000.0,6300000.0,2300000.0,11800000.0,3.0,5.9,0.5084745762711864,1
,,4.0,Not Graduate,Yes,7500000,0.0,7500000.0,18000000.0,240.0,,395.0,,200000.0,12800000.0,23500000.0,9700000.0,46200000.0,2.4,6.16,0.38961038961038963,0
,,0.0,Graduate,Yes,7500000,0.0,7500000.0,28900000.0,120.0,,632.0,,21700000.0,10700000.0,24700000.0,9900000.0,67000000.0,3.8533333333333335,8.933333333333334,0.43134328358208956,1
,,2.0,Not Graduate,No,2000000,0.0,2000000.0,4300000.0,192.0,,497.0,,5100000.0,200000.0,5700000.0,2800000.0,13800000.0,2.15,6.9,0.3115942028985507,0
,,3.0,Graduate,Yes,1400000,0.0,1400000.0,2700000.0,168.0,,694.0,,3800000.0,200000.0,3600000.0,1700000.0,9300000.0,1.9285714285714286,6.642857142857143,0.2903225806451613,1
,,1.0,Not Graduate,Yes,1700000,0.0,1700000.0,5600000.0,24.0,,882.0,,3100000.0,2600000.0,6700000.0,1600000.0,14000000.0,3.2941176470588234,8.235294117647058,0.4,1
,,2.0,Graduate,Yes,5300000,0.0,5300000.0,14900000.0,72.0,,504.0,,10600000.0,2100000.0,17000000.0,3200000.0,32900000.0,2.811320754716981,6.2075471698113205,0.45288753799392095,0
,,4.0,Not Graduate,No,8900000,0.0,8900000.0,30100000.0,24.0,,747.0,,20600000.0,12900000.0,20700000.0,10300000.0,64500000.0,3.3820224719101124,7.247191011235955,0.4666666666666667,1
,,3.0,Graduate,No,9700000,0.0,9700000.0,35300000.0,48.0,,462.0,,11500000.0,9500000.0,33700000.0,7200000.0,61900000.0,3.6391752577319587,6.381443298969073,0.5702746365105008,1
,,5.0,Graduate,No,9000000,0.0,9000000.0,25900000.0,48.0,,538.0,,11100000.0,11100000.0,31300000.0,8100000.0,61600000.0,2.8777777777777778,6.844444444444444,0.42045454545454547,0
,,2.0,Not Graduate,Yes,8500000,0.0,8500000.0,30900000.0,72.0,,664.0,,5700000.0,9900000.0,19800000.0,7400000.0,42800000.0,3.635294117647059,5.035294117647059,0.7219626168224299,1
,,1.0,Not Graduate,No,3500000,0.0,3500000.0,10900000.0,48.0,,524.0,,8800000.0,6200000.0,13600000.0,2800000.0,31400000.0,3.1142857142857143,8.971428571428572,0.3471337579617834,1
,,1.0,Not Graduate,No,500000,0.0,500000.0,1400000.0,72.0,,464.0,,1100000.0,0.0,1900000.0,500000.0,3500000.0,2.8,7.0,0.4,0
,,3.0,Graduate,No,8900000,0.0,8900000.0,19100000.0,72.0,,807.0,,2300000.0,16500000.0,29900000.0,10400000.0,59100000.0,2.146067415730337,6.640449438202247,0.32318104906937395,1
,,2.0,Not Graduate,Yes,7800000,0.0,7800000.0,27200000.0,216.0,,622.0,,6000000.0,6000000.0,26400000.0,4300000.0,42700000.0,3.4871794871794872,5.4743589743589745,0.6370023419203747,1
,,5.0,Not Graduate,Yes,9800000,0.0,9800000.0,27800000.0,72.0,,827.0,,2400000.0,14900000.0,32800000.0,9500000.0,59600000.0,2.836734693877551,6.081632653061225,0.4664429530201342,1
,,0.0,Graduate,No,5200000,0.0,5200000.0,19000000.0,168.0,,687.0,,11900000.0,500000.0,19400000.0,4400000.0,36200000.0,3.6538461538461537,6.961538461538462,0.5248618784530387,1
,,4.0,Graduate,No,7400000,0.0,7400000.0,19400000.0,192.0,,835.0,,16400000.0,14200000.0,23500000.0,6500000.0,60600000.0,2.6216216216216215,8.18918918918919,0.3201320132013201,1
,,3.0,Graduate,Yes,1200000,0.0,1200000.0,3300000.0,72.0,,772.0,,700000.0,900000.0,2900000.0,1400000.0,5900000.0,2.75,4.916666666666667,0.559322033898305,1
,,1.0,Not Graduate,Yes,1000000,0.0,1000000.0,3200000.0,24.0,,710.0,,100000.0,200000.0,3300000.0,900000.0,4500000.0,3.2,4.5,0.7111111111111111,1
,,3.0,Graduate,Yes,9500000,0.0,9500000.0,32500000.0,168.0,,581.0,,2800000.0,14300000.0,36000000.0,4700000.0,57800000.0,3.4210526315789473,6.08421052631579,0.5622837370242214,1
,,3.0,Not Graduate,No,4500000,0.0,4500000.0,11700000.0,216.0,,775.0,,8700000.0,2800000.0,12700000.0,4500000.0,28700000.0,2.6,6.377777777777778,0.4076655052264808,1
,,2.0,Graduate,No,4900000,0.0,4900000.0,16000000.0,144.0,,710.0,,8700000.0,7100000.0,10000000.0,5700000.0,31500000.0,3.2653061224489797,6.428571428571429,0.5079365079365079,1
,,3.0,Not Graduate,Yes,700000,0.0,700000.0,2500000.0,96.0,,321.0,,1900000.0,1200000.0,1700000.0,400000.0,5200000.0,3.5714285714285716,7.428571428571429,0.4807692307692308,0
,,0.0,Graduate,No,9400000,0.0,9400000.0,28300000.0,240.0,,761.0,,22500000.0,14800000.0,30800000.0,10100000.0,78200000.0,3.0106382978723403,8.319148936170214,0.3618925831202046,1
,,3.0,Not Graduate,Yes,8300000,0.0,8300000.0,31400000.0,72.0,,674.0,,1000000.0,1600000.0,17200000.0,6100000.0,25900000.0,3.783132530120482,3.1204819277108435,1.2123552123552124,0
,,4.0,Graduate,Yes,5600000,0.0,5600000.0,13000000.0,48.0,,899.0,,10500000.0,9100000.0,11400000.0,6400000.0,37400000.0,2.3214285714285716,6.678571428571429,0.34759358288770054,1
,,5.0,Not Graduate,Yes,4400000,0.0,4400000.0,12300000.0,96.0,,567.0,,2400000.0,500000.0,12900000.0,6300000.0,22100000.0,2.7954545454545454,5.0227272727272725,0.5565610859728507,1
,,3.0,Graduate,No,2100000,0.0,2100000.0,5400000.0,96.0,,771.0,,5200000.0,3700000.0,6200000.0,1000000.0,16100000.0,2.5714285714285716,7.666666666666667,0.33540372670807456,1
,,1.0,Not Graduate,Yes,4400000,0.0,4400000.0,10600000.0,48.0,,360.0,,6600000.0,7700000.0,15100000.0,5000000.0,34400000.0,2.409090909090909,7.818181818181818,0.3081395348837209,0
,,0.0,Not Graduate,No,6300000,0.0,6300000.0,19600000.0,72.0,,425.0,,15900000.0,10400000.0,13300000.0,5900000.0,45500000.0,3.111111111111111,7.222222222222222,0.4307692307692308,0
,,4.0,Graduate,No,9900000,0.0,9900000.0,30000000.0,216.0,,496.0,,10400000.0,8000000.0,29300000.0,13800000.0,61500000.0,3.0303030303030303,6.212121212121212,0.4878048780487805,0
,,3.0,Not Graduate,No,700000,0.0,700000.0,1600000.0,240.0,,705.0,,600000.0,900000.0,2300000.0,700000.0,4500000.0,2.2857142857142856,6.428571428571429,0.35555555555555557,1
,,4.0,Not Graduate,No,3600000,0.0,3600000.0,12400000.0,168.0,,427.0,,10400000.0,2400000.0,9100000.0,2600000.0,24500000.0,3.4444444444444446,6.805555555555555,0.5061224489795918,0
,,1.0,Not Graduate,Yes,5600000,0.0,5600000.0,21000000.0,24.0,,552.0,,3200000.0,6300000.0,22100000.0,6100000.0,37700000.0,3.75,6.732142857142857,0.5570291777188329,1
,,3.0,Not Graduate,Yes,1000000,0.0,1000000.0,3700000.0,96.0,,725.0,,3000000.0,1300000.0,4000000.0,1300000.0,9600000.0,3.7,9.6,0.3854166666666667,1
,,5.0,Graduate,Yes,6400000,0.0,6400000.0,15600000.0,96.0,,553.0,,14200000.0,2900000.0,20400000.0,8000000.0,45500000.0,2.4375,7.109375,0.34285714285714286,1
,,0.0,Not Graduate,No,8900000,0.0,8900000.0,19100000.0,24.0,,725.0,,8300000.0,15000000.0,19000000.0,8800000.0,51100000.0,2.146067415730337,5.741573033707865,0.37377690802348335,1
,,4.0,Graduate,No,9900000,0.0,9900000.0,26100000.0,24.0,,481.0,,14500000.0,5000000.0,23600000.0,9300000.0,52400000.0,2.6363636363636362,5.292929292929293,0.49809160305343514,0
,,2.0,Graduate,Yes,4000000,0.0,4000000.0,8600000.0,48.0,,847.0,,10200000.0,2700000.0,14300000.0,2400000.0,29600000.0,2.15,7.4,0.2905405405405405,1
,,0.0,Not Graduate,Yes,7300000,0.0,7300000.0,25700000.0,120.0,,666.0,,14000000.0,3100000.0,29000000.0,6000000.0,52100000.0,3.5205479452054793,7.136986301369863,0.4932821497120921,1
,,1.0,Not Graduate,No,8100000,0.0,8100000.0,25400000.0,72.0,,477.0,,4500000.0,13200000.0,23200000.0,4400000.0,45300000.0,3.1358024691358026,5.592592592592593,0.5607064017660044,0
,,4.0,Graduate,Yes,6800000,0.0,6800000.0,22100000.0,48.0,,446.0,,3700000.0,4600000.0,18900000.0,9200000.0,36400000.0,3.25,5.352941176470588,0.6071428571428571,1
,,0.0,Not Graduate,Yes,2600000,0.0,2600000.0,8200000.0,96.0,,630.0,,6000000.0,4900000.0,7500000.0,2000000.0,20400000.0,3.1538461538461537,7.846153846153846,0.4019607843137255,1
,,5.0,Not Graduate,Yes,300000,0.0,300000.0,1100000.0,240.0,,613.0,,600000.0,400000.0,700000.0,200000.0,1900000.0,3.6666666666666665,6.333333333333333,0.5789473684210527,1
,,2.0,Graduate,Yes,2400000,0.0,2400000.0,7500000.0,48.0,,851.0,,3100000.0,700000.0,5600000.0,2400000.0,11800000.0,3.125,4.916666666666667,0.635593220338983,1
,,0.0,Not Graduate,No,6000000,0.0,6000000.0,20600000.0,144.0,,339.0,,3400000.0,10700000.0,17200000.0,8200000.0,39500000.0,3.433333333333333,6.583333333333333,0.5215189873417722,0
,,4.0,Graduate,Yes,3800000,0.0,3800000.0,11100000.0,192.0,,857.0,,11300000.0,7400000.0,11700000.0,4700000.0,35100000.0,2.9210526315789473,9.236842105263158,0.3162393162393162,1
,,0.0,Graduate,Yes,7000000,0.0,7000000.0,22100000.0,168.0,,467.0,,10000000.0,6400000.0,26100000.0,5800000.0,48300000.0,3.157142857142857,6.9,0.4575569358178054,0
,,0.0,Graduate,Yes,5400000,0.0,5400000.0,12900000.0,192.0,,355.0,,11200000.0,3100000.0,18200000.0,7400000.0,39900000.0,2.388888888888889,7.388888888888889,0.3233082706766917,0
,,1.0,Not Graduate,No,6400000,0.0,6400000.0,16400000.0,72.0,,428.0,,12400000.0,10900000.0,23900000.0,8900000.0,56100000.0,2.5625,8.765625,0.29233511586452765,0
,,5.0,Not Graduate,Yes,7000000,0.0,7000000.0,24000000.0,168.0,,450.0,,10300000.0,5700000.0,21100000.0,4700000.0,41800000.0,3.4285714285714284,5.9714285714285715,0.5741626794258373,0
,,2.0,Not Graduate,Yes,2100000,0.0,2100000.0,4600000.0,48.0,,348.0,,5400000.0,0.0,7400000.0,1400000.0,14200000.0,2.1904761904761907,6.761904761904762,0.323943661971831,0
,,4.0,Not Graduate,Yes,4400000,0.0,4400000.0,15000000.0,144.0,,459.0,,5700000.0,800000.0,11400000.0,2400000.0,20300000.0,3.409090909090909,4.613636363636363,0.7389162561576355,0
,,0.0,Not Graduate,No,8000000,0.0,8000000.0,31000000.0,96.0,,847.0,,4900000.0,9500000.0,29600000.0,5700000.0,49700000.0,3.875,6.2125,0.6237424547283702,1
,,2.0,Not Graduate,Yes,3900000,0.0,3900000.0,8300000.0,216.0,,523.0,,800000.0,300000.0,9900000.0,2300000.0,13300000.0,2.128205128205128,3.41025641025641,0.6240601503759399,0
,,0.0,Graduate,No,4700000,0.0,4700000.0,15200000.0,120.0,,786.0,,11100000.0,8000000.0,9600000.0,3200000.0,31900000.0,3.234042553191489,6.787234042553192,0.47648902821316613,1
,,0.0,Graduate,No,6800000,0.0,6800000.0,21200000.0,168.0,,300.0,,0.0,8700000.0,16500000.0,10000000.0,35200000.0,3.1176470588235294,5.176470588235294,0.6022727272727273,0
,,0.0,Not Graduate,Yes,1800000,0.0,1800000.0,6500000.0,144.0,,728.0,,3500000.0,0.0,6100000.0,1900000.0,11500000.0,3.611111111111111,6.388888888888889,0.5652173913043478,1
,,3.0,Not Graduate,Yes,8600000,0.0,8600000.0,32000000.0,48.0,,497.0,,11400000.0,3300000.0,18600000.0,4900000.0,38200000.0,3.7209302325581395,4.441860465116279,0.837696335078534,1
,,1.0,Not Graduate,Yes,3600000,0.0,3600000.0,13700000.0,120.0,,548.0,,9900000.0,2400000.0,8900000.0,4100000.0,25300000.0,3.8055555555555554,7.027777777777778,0.541501976284585,0
,,1.0,Graduate,Yes,6800000,0.0,6800000.0,22900000.0,72.0,,576.0,,500000.0,11100000.0,13800000.0,5600000.0,31000000.0,3.3676470588235294,4.5588235294117645,0.7387096774193549,1
,,3.0,Graduate,Yes,1100000,0.0,1100000.0,4100000.0,240.0,,863.0,,800000.0,1100000.0,3700000.0,600000.0,6200000.0,3.727272727272727,5.636363636363637,0.6612903225806451,1
,,4.0,Graduate,Yes,4000000,0.0,4000000.0,8400000.0,96.0,,717.0,,7400000.0,4900000.0,11900000.0,4000000.0,28200000.0,2.1,7.05,0.2978723404255319,1
,,1.0,Graduate,No,2500000,0.0,2500000.0,5900000.0,144.0,,668.0,,7400000.0,600000.0,6300000.0,3700000.0,18000000.0,2.36,7.2,0.3277777777777778,1
,,2.0,Graduate,No,5400000,0.0,5400000.0,17400000.0,120.0,,335.0,,5900000.0,1400000.0,18100000.0,4300000.0,29700000.0,3.2222222222222223,5.5,0.5858585858585859,0
,,5.0,Not Graduate,No,6600000,0.0,6600000.0,13600000.0,48.0,,861.0,,11700000.0,8400000.0,14600000.0,5400000.0,40100000.0,2.0606060606060606,6.075757575757576,0.33915211970074816,1
,,4.0,Not Graduate,No,6000000,0.0,6000000.0,14900000.0,24.0,,321.0,,6900000.0,7700000.0,18000000.0,6500000.0,39100000.0,2.4833333333333334,6.516666666666667,0.38107416879795397,0
,,0.0,Graduate,Yes,2200000,0.0,2200000.0,8300000.0,120.0,,585.0,,3600000.0,1700000.0,4300000.0,1900000.0,11500000.0,3.772727272727273,5.2272727272727275,0.7217391304347827,1
,,1.0,Graduate,No,8800000,0.0,8800000.0,18500000.0,120.0,,704.0,,14400000.0,3200000.0,26600000.0,11300000.0,55500000.0,2.102272727272727,6.306818181818182,0.3333333333333333,1
,,0.0,Not Graduate,Yes,4000000,0.0,4000000.0,10300000.0,48.0,,819.0,,11100000.0,1200000.0,15200000.0,2600000.0,30100000.0,2.575,7.525,0.34219269102990035,1
,,4.0,Not Graduate,Yes,3600000,0.0,3600000.0,12400000.0,216.0,,494.0,,5300000.0,100000.0,10200000.0,1900000.0,17500000.0,3.4444444444444446,4.861111111111111,0.7085714285714285,0
,,5.0,Graduate,Yes,8100000,0.0,8100000.0,22500000.0,24.0,,808.0,,4800000.0,6100000.0,16900000.0,6000000.0,33800000.0,2.7777777777777777,4.172839506172839,0.665680473372781,1
,,3.0,Not Graduate,Yes,5200000,0.0,5200000.0,11000000.0,144.0,,830.0,,8900000.0,5100000.0,16000000.0,7600000.0,37600000.0,2.1153846153846154,7.230769230769231,0.2925531914893617,1
,,5.0,Graduate,No,1100000,0.0,1100000.0,2800000.0,168.0,,473.0,,100000.0,500000.0,4200000.0,700000.0,5500000.0,2.5454545454545454,5.0,0.509090909090909,0
,,2.0,Graduate,No,7500000,0.0,7500000.0,29800000.0,48.0,,392.0,,5500000.0,2200000.0,20800000.0,4000000.0,32500000.0,3.973333333333333,4.333333333333333,0.916923076923077,1
,,5.0,Not Graduate,No,7700000,0.0,7700000.0,20300000.0,144.0,,806.0,,21300000.0,13300000.0,18900000.0,9600000.0,63100000.0,2.6363636363636362,8.194805194805195,0.32171156893819336,1
,,0.0,Not Graduate,No,5700000,0.0,5700000.0,21400000.0,96.0,,340.0,,3200000.0,1900000.0,17200000.0,3800000.0,26100000.0,3.754385964912281,4.578947368421052,0.8199233716475096,0
,,3.0,Graduate,Yes,5000000,0.0,5000000.0,13900000.0,96.0,,555.0,,12300000.0,6700000.0,18100000.0,4800000.0,41900000.0,2.78,8.38,0.3317422434367542,1
,,5.0,Not Graduate,No,500000,0.0,500000.0,1200000.0,192.0,,499.0,,600000.0,600000.0,1500000.0,200000.0,2900000.0,2.4,5.8,0.41379310344827586,0
,,3.0,Graduate,No,8900000,0.0,8900000.0,21300000.0,120.0,,467.0,,18700000.0,2600000.0,31800000.0,8800000.0,61900000.0,2.393258426966292,6.955056179775281,0.3441033925686591,0
,,1.0,Not Graduate,No,1700000,0.0,1700000.0,6600000.0,48.0,,797.0,,2800000.0,1900000.0,6100000.0,1300000.0,12100000.0,3.8823529411764706,7.117647058823529,0.5454545454545454,1
,,4.0,Not Graduate,Yes,500000,0.0,500000.0,1300000.0,216.0,,762.0,,1400000.0,0.0,1600000.0,300000.0,3300000.0,2.6,6.6,0.3939393939393939,1
,,3.0,Not Graduate,Yes,9900000,0.0,9900000.0,36500000.0,192.0,,562.0,,17300000.0,18500000.0,22300000.0,9800000.0,67900000.0,3.686868686868687,6.858585858585859,0.5375552282768777,1
,,1.0,Graduate,No,8400000,0.0,8400000.0,21800000.0,24.0,,492.0,,4000000.0,11000000.0,18200000.0,6600000.0,39800000.0,2.5952380952380953,4.738095238095238,0.5477386934673367,0
,,3.0,Not Graduate,Yes,500000,0.0,500000.0,1700000.0,48.0,,824.0,,500000.0,600000.0,1400000.0,400000.0,2900000.0,3.4,5.8,0.5862068965517241,1
,,2.0,Graduate,No,1700000,0.0,1700000.0,5700000.0,120.0,,602.0,,4900000.0,2700000.0,4500000.0,1800000.0,13900000.0,3.3529411764705883,8.176470588235293,0.41007194244604317,1
,,1.0,Not Graduate,Yes,6500000,0.0,6500000.0,18300000.0,120.0,,722.0,,11900000.0,8600000.0,19200000.0,4500000.0,44200000.0,2.8153846153846156,6.8,0.41402714932126694,1
,,1.0,Not Graduate,No,8900000,0.0,8900000.0,28400000.0,72.0,,709.0,,21600000.0,5500000.0,26200000.0,7900000.0,61200000.0,3.191011235955056,6.876404494382022,0.46405228758169936,1
,,1.0,Not Graduate,No,400000,0.0,400000.0,1400000.0,48.0,,302.0,,200000.0,100000.0,1500000.0,500000.0,2300000.0,3.5,5.75,0.6086956521739131,1
,,3.0,Not Graduate,No,5700000,0.0,5700000.0,12300000.0,72.0,,364.0,,7900000.0,11000000.0,20000000.0,5500000.0,44400000.0,2.1578947368421053,7.7894736842105265,0.27702702702702703,0
,,0.0,Not Graduate,Yes,9600000,0.0,9600000.0,23800000.0,144.0,,389.0,,25200000.0,15800000.0,27000000.0,8300000.0,76300000.0,2.4791666666666665,7.947916666666667,0.3119266055045872,0
,,0.0,Graduate,Yes,8500000,0.0,8500000.0,20000000.0,192.0,,786.0,,13300000.0,7400000.0,17700000.0,8900000.0,47300000.0,2.3529411764705883,5.564705882352941,0.42283298097251587,1
,,0.0,Graduate,No,4000000,0.0,4000000.0,11500000.0,96.0,,434.0,,4500000.0,2800000.0,8400000.0,5900000.0,21600000.0,2.875,5.4,0.5324074074074074,0
,,2.0,Not Graduate,Yes,6300000,0.0,6300000.0,18100000.0,72.0,,671.0,,7900000.0,8200000.0,13200000.0,5400000.0,34700000.0,2.873015873015873,5.507936507936508,0.521613832853026,1
,,3.0,Graduate,Yes,4000000,0.0,4000000.0,14700000.0,96.0,,376.0,,3000000.0,6200000.0,8900000.0,4200000.0,22300000.0,3.675,5.575,0.6591928251121076,0
,,4.0,Graduate,No,9400000,0.0,9400000.0,32200000.0,72.0,,898.0,,27600000.0,11800000.0,19500000.0,8600000.0,67500000.0,3.425531914893617,7.180851063829787,0.47703703703703704,1
,,5.0,Graduate,Yes,4100000,0.0,4100000.0,15500000.0,120.0,,836.0,,10500000.0,1100000.0,15200000.0,3600000.0,30400000.0,3.7804878048780486,7.414634146341464,0.5098684210526315,1
,,4.0,Graduate,Yes,1100000,0.0,1100000.0,4400000.0,72.0,,515.0,,1000000.0,700000.0,4300000.0,1500000.0,7500000.0,4.0,6.818181818181818,0.5866666666666667,0
,,3.0,Not Graduate,No,8700000,0.0,8700000.0,24800000.0,240.0,,360.0,,25300000.0,8700000.0,31100000.0,4300000.0,69400000.0,2.8505747126436782,7.977011494252873,0.3573487031700288,0
,,4.0,Graduate,Yes,4900000,0.0,4900000.0,12800000.0,24.0,,691.0,,200000.0,4900000.0,14700000.0,7000000.0,26800000.0,2.6122448979591835,5.469387755102041,0.47761194029850745,1
,,1.0,Not Graduate,Yes,2800000,0.0,2800000.0,9100000.0,168.0,,510.0,,2400000.0,4200000.0,10400000.0,3000000.0,20000000.0,3.25,7.142857142857143,0.455,0
,,0.0,Graduate,No,9600000,0.0,9600000.0,23200000.0,216.0,,389.0,,1000000.0,17600000.0,22200000.0,8800000.0,49600000.0,2.4166666666666665,5.166666666666667,0.46774193548387094,0
,,3.0,Graduate,Yes,6900000,0.0,6900000.0,19000000.0,168.0,,348.0,,4200000.0,3700000.0,19400000.0,4900000.0,32200000.0,2.753623188405797,4.666666666666667,0.5900621118012422,0
,,2.0,Not Graduate,Yes,2300000,0.0,2300000.0,8100000.0,24.0,,504.0,,1800000.0,3100000.0,4600000.0,3100000.0,12600000.0,3.5217391304347827,5.478260869565218,0.6428571428571429,1
,,2.0,Not Graduate,No,6800000,0.0,6800000.0,21300000.0,240.0,,658.0,,7800000.0,7000000.0,25900000.0,9600000.0,50300000.0,3.1323529411764706,7.397058823529412,0.4234592445328032,1
,,1.0,Not Graduate,Yes,2200000,0.0,2200000.0,5400000.0,192.0,,641.0,,5900000.0,0.0,4800000.0,1200000.0,11900000.0,2.4545454545454546,5.409090909090909,0.453781512605042,1
,,2.0,Not Graduate,No,5900000,0.0,5900000.0,19800000.0,240.0,,327.0,,7800000.0,1500000.0,19700000.0,8500000.0,37500000.0,3.3559322033898304,6.3559322033898304,0.528,0
,,1.0,Graduate,Yes,7000000,0.0,7000000.0,20300000.0,216.0,,726.0,,11600000.0,13100000.0,17100000.0,9000000.0,50800000.0,2.9,7.257142857142857,0.39960629921259844,1
,,1.0,Graduate,Yes,9600000,0.0,9600000.0,34100000.0,240.0,,828.0,,26100000.0,19000000.0,20800000.0,12400000.0,78300000.0,3.5520833333333335,8.15625,0.4355044699872286,1
,,0.0,Graduate,No,6500000,0.0,6500000.0,14500000.0,144.0,,755.0,,9000000.0,11900000.0,20800000.0,3400000.0,45100000.0,2.230769230769231,6.938461538461539,0.3215077605321508,1
,,2.0,Not Graduate,Yes,3800000,0.0,3800000.0,7600000.0,240.0,,788.0,,1700000.0,5200000.0,9200000.0,5600000.0,21700000.0,2.0,5.7105263157894735,0.35023041474654376,1
,,2.0,Graduate,No,9400000,0.0,9400000.0,25100000.0,240.0,,832.0,,19400000.0,2100000.0,22300000.0,5900000.0,49700000.0,2.6702127659574466,5.287234042553192,0.5050301810865191,1
,,0.0,Not Graduate,No,2100000,0.0,2100000.0,8200000.0,48.0,,554.0,,3900000.0,3800000.0,5900000.0,1700000.0,15300000.0,3.9047619047619047,7.285714285714286,0.5359477124183006,1
,,1.0,Not Graduate,Yes,8500000,0.0,8500000.0,26200000.0,96.0,,811.0,,22800000.0,6400000.0,32500000.0,12700000.0,74400000.0,3.0823529411764707,8.75294117647059,0.3521505376344086,1
,,5.0,Graduate,Yes,3800000,0.0,3800000.0,12000000.0,24.0,,649.0,,6200000.0,5300000.0,10300000.0,4200000.0,26000000.0,3.1578947368421053,6.842105263157895,0.46153846153846156,1
,,1.0,Not Graduate,Yes,3400000,0.0,3400000.0,9700000.0,240.0,,830.0,,3500000.0,6400000.0,10300000.0,4800000.0,25000000.0,2.8529411764705883,7.352941176470588,0.388,1
,,1.0,Graduate,Yes,5600000,0.0,5600000.0,11700000.0,72.0,,707.0,,4500000.0,800000.0,19000000.0,3900000.0,28200000.0,2.0892857142857144,5.035714285714286,0.4148936170212766,1
,,0.0,Graduate,Yes,8500000,0.0,8500000.0,33700000.0,120.0,,483.0,,18800000.0,8900000.0,29000000.0,12200000.0,68900000.0,3.9647058823529413,8.105882352941176,0.48911465892597966,0
,,4.0,Not Graduate,Yes,2100000,0.0,2100000.0,5500000.0,216.0,,349.0,,100000.0,0.0,6600000.0,2000000.0,8700000.0,2.619047619047619,4.142857142857143,0.632183908045977,0
,,4.0,Graduate,No,400000,0.0,400000.0,1500000.0,48.0,,846.0,,300000.0,0.0,1600000.0,600000.0,2500000.0,3.75,6.25,0.6,1
,,4.0,Not Graduate,No,7900000,0.0,7900000.0,31500000.0,240.0,,386.0,,14300000.0,3800000.0,23800000.0,7500000.0,49400000.0,3.9873417721518987,6.253164556962025,0.6376518218623481,0
,,5.0,Not Graduate,No,6900000,0.0,6900000.0,19200000.0,144.0,,408.0,,10000000.0,5000000.0,24900000.0,9000000.0,48900000.0,2.782608695652174,7.086956521739131,0.39263803680981596,0
,,0.0,Not Graduate,Yes,1800000,0.0,1800000.0,3900000.0,24.0,,764.0,,2200000.0,700000.0,3500000.0,1200000.0,7600000.0,2.1666666666666665,4.222222222222222,0.5131578947368421,1
,,0.0,Graduate,Yes,1200000,0.0,1200000.0,3200000.0,216.0,,473.0,,2100000.0,600000.0,2400000.0,1200000.0,6300000.0,2.6666666666666665,5.25,0.5079365079365079,0
,,3.0,Not Graduate,No,3600000,0.0,3600000.0,9800000.0,144.0,,654.0,,600000.0,1300000.0,7500000.0,2200000.0,11600000.0,2.7222222222222223,3.2222222222222223,0.8448275862068966,1
,,1.0,Graduate,No,7200000,0.0,7200000.0,22800000.0,24.0,,551.0,,15000000.0,8700000.0,21300000.0,9500000.0,54500000.0,3.1666666666666665,7.569444444444445,0.41834862385321103,1
,,5.0,Graduate,No,9400000,0.0,9400000.0,21800000.0,72.0,,850.0,,13300000.0,11700000.0,24800000.0,6800000.0,56600000.0,2.3191489361702127,6.0212765957446805,0.38515901060070673,1
,,5.0,Graduate,No,9000000,0.0,9000000.0,24200000.0,48.0,,646.0,,12400000.0,5500000.0,18100000.0,11900000.0,47900000.0,2.688888888888889,5.322222222222222,0.5052192066805845,1
,,1.0,Not Graduate,Yes,1000000,0.0,1000000.0,2100000.0,96.0,,793.0,,2900000.0,1300000.0,2200000.0,1400000.0,7800000.0,2.1,7.8,0.2692307692307692,1
,,3.0,Not Graduate,No,5600000,0.0,5600000.0,19900000.0,192.0,,551.0,,14000000.0,4200000.0,16100000.0,4500000.0,38800000.0,3.5535714285714284,6.928571428571429,0.5128865979381443,1
,,1.0,Graduate,No,900000,0.0,900000.0,2600000.0,48.0,,346.0,,400000.0,700000.0,2900000.0,900000.0,4900000.0,2.888888888888889,5.444444444444445,0.5306122448979592,0
,,5.0,Not Graduate,Yes,9000000,0.0,9000000.0,19100000.0,168.0,,540.0,,11300000.0,800000.0,18300000.0,4900000.0,35300000.0,2.1222222222222222,3.922222222222222,0.5410764872521246,0
,,2.0,Not Graduate,No,3100000,0.0,3100000.0,9000000.0,240.0,,892.0,,5000000.0,5600000.0,7100000.0,4000000.0,21700000.0,2.903225806451613,7.0,0.4147465437788018,1
,,1.0,Not Graduate,Yes,8000000,0.0,8000000.0,20700000.0,72.0,,570.0,,1000000.0,11700000.0,23200000.0,11300000.0,47200000.0,2.5875,5.9,0.4385593220338983,1
,,4.0,Not Graduate,Yes,3500000,0.0,3500000.0,11300000.0,192.0,,874.0,,1400000.0,3800000.0,10100000.0,3700000.0,19000000.0,3.2285714285714286,5.428571428571429,0.5947368421052631,1
,,4.0,Graduate,No,3900000,0.0,3900000.0,12600000.0,96.0,,553.0,,8200000.0,2500000.0,12300000.0,4500000.0,27500000.0,3.230769230769231,7.051282051282051,0.4581818181818182,1
,,2.0,Graduate,No,9700000,0.0,9700000.0,34500000.0,120.0,,649.0,,10600000.0,7600000.0,24800000.0,5900000.0,48900000.0,3.556701030927835,5.041237113402062,0.7055214723926381,1
,,4.0,Graduate,No,4500000,0.0,4500000.0,15800000.0,168.0,,439.0,,8900000.0,6900000.0,15200000.0,4400000.0,35400000.0,3.511111111111111,7.866666666666666,0.4463276836158192,0
,,5.0,Not Graduate,No,6800000,0.0,6800000.0,24800000.0,96.0,,621.0,,13000000.0,13500000.0,23300000.0,4800000.0,54600000.0,3.6470588235294117,8.029411764705882,0.4542124542124542,1
,,2.0,Not Graduate,No,6300000,0.0,6300000.0,18600000.0,168.0,,872.0,,9900000.0,11900000.0,16100000.0,7500000.0,45400000.0,2.9523809523809526,7.2063492063492065,0.40969162995594716,1
,,2.0,Graduate,No,4900000,0.0,4900000.0,18500000.0,96.0,,492.0,,12900000.0,5000000.0,10200000.0,5800000.0,33900000.0,3.7755102040816326,6.918367346938775,0.5457227138643068,0
,,0.0,Graduate,No,4800000,0.0,4800000.0,18600000.0,72.0,,618.0,,12300000.0,5900000.0,16800000.0,4000000.0,39000000.0,3.875,8.125,0.47692307692307695,1
,,5.0,Graduate,No,7500000,0.0,7500000.0,15800000.0,216.0,,458.0,,7800000.0,6500000.0,22400000.0,8400000.0,45100000.0,2.1066666666666665,6.013333333333334,0.35033259423503327,0
,,5.0,Not Graduate,No,5200000,0.0,5200000.0,13900000.0,48.0,,422.0,,7800000.0,4500000.0,12000000.0,7000000.0,31300000.0,2.673076923076923,6.019230769230769,0.4440894568690096,0
,,3.0,Not Graduate,Yes,9400000,0.0,9400000.0,30900000.0,240.0,,873.0,,22800000.0,17700000.0,19300000.0,9000000.0,68800000.0,3.2872340425531914,7.319148936170213,0.4491279069767442,1
,,5.0,Not Graduate,No,3200000,0.0,3200000.0,10000000.0,168.0,,610.0,,2900000.0,3800000.0,8600000.0,3500000.0,18800000.0,3.125,5.875,0.5319148936170213,1
,,1.0,Not Graduate,Yes,3600000,0.0,3600000.0,13200000.0,240.0,,546.0,,8900000.0,3600000.0,13900000.0,2900000.0,29300000.0,3.6666666666666665,8.13888888888889,0.45051194539249145,0
,,1.0,Not Graduate,Yes,3400000,0.0,3400000.0,7200000.0,96.0,,741.0,,4300000.0,6600000.0,11500000.0,3900000.0,26300000.0,2.1176470588235294,7.735294117647059,0.2737642585551331,1
,,3.0,Graduate,No,2100000,0.0,2100000.0,8200000.0,72.0,,754.0,,900000.0,2900000.0,4900000.0,1000000.0,9700000.0,3.9047619047619047,4.619047619047619,0.845360824742268,1
,,1.0,Graduate,No,7200000,0.0,7200000.0,15100000.0,96.0,,379.0,,2600000.0,8300000.0,21700000.0,8200000.0,40800000.0,2.0972222222222223,5.666666666666667,0.3700980392156863,0
,,5.0,Graduate,No,4500000,0.0,4500000.0,16900000.0,216.0,,455.0,,2700000.0,2500000.0,10700000.0,5600000.0,21500000.0,3.7555555555555555,4.777777777777778,0.786046511627907,0
,,0.0,Graduate,Yes,2600000,0.0,2600000.0,9000000.0,240.0,,615.0,,6800000.0,0.0,8400000.0,3400000.0,18600000.0,3.4615384615384617,7.153846153846154,0.4838709677419355,1
,,4.0,Graduate,Yes,6400000,0.0,6400000.0,21700000.0,120.0,,384.0,,16500000.0,8200000.0,15100000.0,5700000.0,45500000.0,3.390625,7.109375,0.47692307692307695,0
,,0.0,Graduate,No,6400000,0.0,6400000.0,25100000.0,192.0,,628.0,,16100000.0,2900000.0,18100000.0,6400000.0,43500000.0,3.921875,6.796875,0.5770114942528736,1
,,3.0,Graduate,No,3100000,0.0,3100000.0,11200000.0,192.0,,865.0,,3600000.0,4600000.0,6600000.0,4200000.0,19000000.0,3.6129032258064515,6.129032258064516,0.5894736842105263,1
,,2.0,Graduate,No,1800000,0.0,1800000.0,5300000.0,24.0,,679.0,,1000000.0,1400000.0,5800000.0,900000.0,9100000.0,2.9444444444444446,5.055555555555555,0.5824175824175825,1
,,1.0,Graduate,Yes,9300000,0.0,9300000.0,19000000.0,168.0,,689.0,,24000000.0,11500000.0,35100000.0,9000000.0,79600000.0,2.043010752688172,8.559139784946236,0.23869346733668342,1
,,5.0,Not Graduate,Yes,6500000,0.0,6500000.0,13800000.0,120.0,,636.0,,13000000.0,5500000.0,19400000.0,8100000.0,46000000.0,2.123076923076923,7.076923076923077,0.3,1
,,1.0,Not Graduate,No,3100000,0.0,3100000.0,6600000.0,240.0,,837.0,,4000000.0,4200000.0,12300000.0,4300000.0,24800000.0,2.129032258064516,8.0,0.2661290322580645,1
,,3.0,Not Graduate,No,2300000,0.0,2300000.0,8500000.0,144.0,,557.0,,3600000.0,1400000.0,6200000.0,1300000.0,12500000.0,3.6956521739130435,5.434782608695652,0.68,1
,,2.0,Graduate,No,500000,0.0,500000.0,1700000.0,120.0,,324.0,,300000.0,300000.0,1800000.0,700000.0,3100000.0,3.4,6.2,0.5483870967741935,0
,,0.0,Not Graduate,Yes,3700000,0.0,3700000.0,9300000.0,168.0,,531.0,,8300000.0,1000000.0,8900000.0,1900000.0,20100000.0,2.5135135135135136,5.4324324324324325,0.4626865671641791,0
,,4.0,Not Graduate,Yes,8600000,0.0,8600000.0,21400000.0,168.0,,476.0,,6200000.0,2700000.0,28000000.0,12800000.0,49700000.0,2.488372093023256,5.77906976744186,0.4305835010060362,0
,,4.0,Graduate,No,2600000,0.0,2600000.0,8500000.0,48.0,,775.0,,600000.0,3800000.0,10400000.0,2600000.0,17400000.0,3.269230769230769,6.6923076923076925,0.4885057471264368,1
,,1.0,Not Graduate,Yes,7100000,0.0,7100000.0,18000000.0,240.0,,477.0,,6600000.0,13200000.0,19300000.0,9300000.0,48400000.0,2.535211267605634,6.816901408450704,0.371900826446281,0
,,4.0,Not Graduate,Yes,7000000,0.0,7000000.0,19800000.0,192.0,,682.0,,9300000.0,5300000.0,14500000.0,7300000.0,36400000.0,2.8285714285714287,5.2,0.5439560439560439,1
,,5.0,Not Graduate,No,8300000,0.0,8300000.0,17700000.0,144.0,,334.0,,19600000.0,13200000.0,22500000.0,9800000.0,65100000.0,2.1325301204819276,7.843373493975903,0.271889400921659,0
,,3.0,Graduate,Yes,6800000,0.0,6800000.0,23900000.0,144.0,,565.0,,18800000.0,2800000.0,18800000.0,6700000.0,47100000.0,3.514705882352941,6.926470588235294,0.5074309978768577,1
,,1.0,Not Graduate,Yes,9900000,0.0,9900000.0,25700000.0,24.0,,340.0,,15600000.0,18800000.0,29500000.0,11800000.0,75700000.0,2.595959595959596,7.646464646464646,0.3394980184940555,0
,,2.0,Graduate,No,5100000,0.0,5100000.0,11000000.0,168.0,,322.0,,7900000.0,2900000.0,10700000.0,5900000.0,27400000.0,2.156862745098039,5.372549019607843,0.40145985401459855,0
,,4.0,Graduate,Yes,3500000,0.0,3500000.0,10700000.0,96.0,,883.0,,200000.0,2300000.0,8400000.0,2000000.0,12900000.0,3.057142857142857,3.6857142857142855,0.8294573643410853,1
,,3.0,Graduate,Yes,4300000,0.0,4300000.0,12800000.0,192.0,,346.0,,3300000.0,1100000.0,11900000.0,3800000.0,20100000.0,2.9767441860465116,4.674418604651163,0.6368159203980099,0
,,0.0,Graduate,Yes,5300000,0.0,5300000.0,20200000.0,24.0,,861.0,,500000.0,800000.0,16500000.0,6200000.0,24000000.0,3.811320754716981,4.528301886792453,0.8416666666666667,1
,,5.0,Graduate,Yes,6400000,0.0,6400000.0,21900000.0,144.0,,699.0,,15700000.0,500000.0,17200000.0,3800000.0,37200000.0,3.421875,5.8125,0.5887096774193549,1
,,0.0,Graduate,No,9300000,0.0,9300000.0,27200000.0,96.0,,629.0,,4500000.0,14300000.0,26900000.0,5000000.0,50700000.0,2.924731182795699,5.451612903225806,0.5364891518737672,1
,,3.0,Graduate,No,1100000,0.0,1100000.0,3100000.0,168.0,,359.0,,1500000.0,1000000.0,4000000.0,1000000.0,7500000.0,2.8181818181818183,6.818181818181818,0.41333333333333333,0
,,2.0,Not Graduate,No,7100000,0.0,7100000.0,27000000.0,120.0,,430.0,,20700000.0,8300000.0,24500000.0,4200000.0,57700000.0,3.8028169014084505,8.126760563380282,0.4679376083188908,0
,,4.0,Not Graduate,No,1100000,0.0,1100000.0,3300000.0,216.0,,417.0,,1400000.0,1000000.0,4200000.0,700000.0,7300000.0,3.0,6.636363636363637,0.4520547945205479,0
,,2.0,Graduate,No,1900000,0.0,1900000.0,5200000.0,72.0,,896.0,,4300000.0,100000.0,6200000.0,2400000.0,13000000.0,2.736842105263158,6.842105263157895,0.4,1
,,0.0,Not Graduate,No,1300000,0.0,1300000.0,3900000.0,192.0,,690.0,,3600000.0,1700000.0,4700000.0,800000.0,10800000.0,3.0,8.307692307692308,0.3611111111111111,1
,,5.0,Graduate,No,7500000,0.0,7500000.0,22800000.0,192.0,,347.0,,15100000.0,1200000.0,16100000.0,10700000.0,43100000.0,3.04,5.746666666666667,0.5290023201856149,0
,,4.0,Not Graduate,No,2400000,0.0,2400000.0,7000000.0,48.0,,539.0,,2300000.0,0.0,9600000.0,2900000.0,14800000.0,2.9166666666666665,6.166666666666667,0.47297297297297297,0
,,4.0,Graduate,Yes,2500000,0.0,2500000.0,8000000.0,96.0,,464.0,,4000000.0,3000000.0,9000000.0,3000000.0,19000000.0,3.2,7.6,0.42105263157894735,0
,,4.0,Graduate,No,7500000,0.0,7500000.0,16200000.0,48.0,,310.0,,10800000.0,14300000.0,14900000.0,5800000.0,45800000.0,2.16,6.1066666666666665,0.3537117903930131,0
,,3.0,Not Graduate,No,9300000,0.0,9300000.0,36600000.0,72.0,,431.0,,22000000.0,14600000.0,32900000.0,8800000.0,78300000.0,3.935483870967742,8.419354838709678,0.4674329501915709,0
,,5.0,Not Graduate,No,3300000,0.0,3300000.0,10000000.0,144.0,,489.0,,2000000.0,500000.0,7200000.0,2800000.0,12500000.0,3.0303030303030303,3.787878787878788,0.8,0
,,4.0,Not Graduate,Yes,5700000,0.0,5700000.0,13900000.0,144.0,,775.0,,1600000.0,3100000.0,15900000.0,7100000.0,27700000.0,2.43859649122807,4.859649122807017,0.5018050541516246,1
,,4.0,Not Graduate,No,300000,0.0,300000.0,600000.0,72.0,,365.0,,0.0,400000.0,600000.0,200000.0,1200000.0,2.0,4.0,0.5,0
,,2.0,Not Graduate,Yes,1200000,0.0,1200000.0,4500000.0,120.0,,555.0,,100000.0,1100000.0,2700000.0,1400000.0,5300000.0,3.75,4.416666666666667,0.8490566037735849,1
,,4.0,Graduate,Yes,8200000,0.0,8200000.0,29600000.0,120.0,,457.0,,6700000.0,6700000.0,21400000.0,11000000.0,45800000.0,3.6097560975609757,5.585365853658536,0.6462882096069869,0
,,3.0,Not Graduate,No,5500000,0.0,5500000.0,12400000.0,96.0,,580.0,,800000.0,900000.0,19300000.0,7300000.0,28300000.0,2.2545454545454544,5.1454545454545455,0.4381625441696113,1
,,4.0,Not Graduate,No,1800000,0.0,1800000.0,7200000.0,240.0,,496.0,,3000000.0,1100000.0,7200000.0,2000000.0,13300000.0,4.0,7.388888888888889,0.5413533834586466,0
,,0.0,Not Graduate,No,3500000,0.0,3500000.0,11400000.0,192.0,,837.0,,3700000.0,2100000.0,10000000.0,2700000.0,18500000.0,3.257142857142857,5.285714285714286,0.6162162162162163,1
,,4.0,Not Graduate,Yes,6000000,0.0,6000000.0,13200000.0,72.0,,455.0,,7300000.0,5900000.0,16500000.0,7100000.0,36800000.0,2.2,6.133333333333334,0.358695652173913,0
,,0.0,Graduate,Yes,2700000,0.0,2700000.0,9700000.0,240.0,,551.0,,1300000.0,1300000.0,7100000.0,1600000.0,11300000.0,3.5925925925925926,4.185185185185185,0.8584070796460177,1
,,4.0,Not Graduate,Yes,5900000,0.0,5900000.0,20700000.0,120.0,,825.0,,11700000.0,7900000.0,21000000.0,8500000.0,49100000.0,3.5084745762711864,8.322033898305085,0.4215885947046843,1
,,1.0,Not Graduate,Yes,2100000,0.0,2100000.0,4200000.0,216.0,,554.0,,3400000.0,800000.0,6400000.0,1500000.0,12100000.0,2.0,5.761904761904762,0.34710743801652894,1
,,0.0,Not Graduate,Yes,2000000,0.0,2000000.0,5200000.0,216.0,,400.0,,1900000.0,1500000.0,5000000.0,1500000.0,9900000.0,2.6,4.95,0.5252525252525253,0
,,5.0,Not Graduate,No,9000000,0.0,9000000.0,34300000.0,120.0,,853.0,,22500000.0,11900000.0,32200000.0,10100000.0,76700000.0,3.811111111111111,8.522222222222222,0.4471968709256845,1
,,1.0,Not Graduate,Yes,7600000,0.0,7600000.0,18800000.0,168.0,,403.0,,20900000.0,4700000.0,24700000.0,10000000.0,60300000.0,2.473684210526316,7.934210526315789,0.3117744610281924,0
,,3.0,Graduate,No,500000,0.0,500000.0,1500000.0,72.0,,392.0,,1400000.0,200000.0,1800000.0,600000.0,4000000.0,3.0,8.0,0.375,0
,,1.0,Graduate,No,6300000,0.0,6300000.0,19000000.0,240.0,,673.0,,14600000.0,8100000.0,16000000.0,4200000.0,42900000.0,3.015873015873016,6.809523809523809,0.4428904428904429,1
,,0.0,Graduate,Yes,3100000,0.0,3100000.0,7100000.0,120.0,,498.0,,3800000.0,1100000.0,12200000.0,4300000.0,21400000.0,2.2903225806451615,6.903225806451613,0.3317757009345794,0
,,1.0,Not Graduate,No,1100000,0.0,1100000.0,2600000.0,72.0,,858.0,,1800000.0,1900000.0,2700000.0,600000.0,7000000.0,2.3636363636363638,6.363636363636363,0.37142857142857144,1
,,4.0,Graduate,Yes,3900000,0.0,3900000.0,14300000.0,240.0,,477.0,,1000000.0,4600000.0,9100000.0,2900000.0,17600000.0,3.6666666666666665,4.512820512820513,0.8125,0
,,4.0,Not Graduate,Yes,8700000,0.0,8700000.0,28200000.0,144.0,,548.0,,11800000.0,9900000.0,19800000.0,8500000.0,50000000.0,3.2413793103448274,5.747126436781609,0.564,0
,,4.0,Not Graduate,Yes,6400000,0.0,6400000.0,23900000.0,72.0,,300.0,,16200000.0,11600000.0,24900000.0,7000000.0,59700000.0,3.734375,9.328125,0.40033500837520936,0
,,2.0,Graduate,Yes,200000,0.0,200000.0,800000.0,144.0,,483.0,,100000.0,200000.0,600000.0,300000.0,1200000.0,4.0,6.0,0.6666666666666666,0
,,1.0,Graduate,No,2400000,0.0,2400000.0,5800000.0,240.0,,384.0,,1700000.0,2500000.0,8400000.0,3100000.0,15700000.0,2.4166666666666665,6.541666666666667,0.36942675159235666,0
,,3.0,Not Graduate,No,8900000,0.0,8900000.0,35200000.0,120.0,,894.0,,17100000.0,5600000.0,27700000.0,9800000.0,60200000.0,3.955056179775281,6.764044943820225,0.584717607973422,1
,,3.0,Not Graduate,No,6100000,0.0,6100000.0,14800000.0,120.0,,492.0,,6700000.0,3500000.0,17900000.0,6100000.0,34200000.0,2.4262295081967213,5.60655737704918,0.4327485380116959,0
,,5.0,Not Graduate,Yes,7600000,0.0,7600000.0,25700000.0,48.0,,607.0,,12900000.0,13600000.0,29100000.0,4900000.0,60500000.0,3.3815789473684212,7.9605263157894735,0.42479338842975206,1
,,3.0,Not Graduate,No,900000,0.0,900000.0,2400000.0,192.0,,701.0,,700000.0,0.0,2000000.0,400000.0,3100000.0,2.6666666666666665,3.4444444444444446,0.7741935483870968,1
,,2.0,Not Graduate,Yes,7100000,0.0,7100000.0,19700000.0,240.0,,890.0,,13900000.0,3900000.0,22200000.0,4000000.0,44000000.0,2.7746478873239435,6.197183098591549,0.44772727272727275,1
,,2.0,Not Graduate,Yes,5000000,0.0,5000000.0,14600000.0,120.0,,808.0,,4400000.0,3500000.0,17300000.0,3100000.0,28300000.0,2.92,5.66,0.5159010600706714,1
,,4.0,Graduate,Yes,2000000,0.0,2000000.0,7400000.0,240.0,,596.0,,600000.0,2300000.0,4900000.0,2500000.0,10300000.0,3.7,5.15,0.7184466019417476,1
,,4.0,Graduate,Yes,2600000,0.0,2600000.0,6200000.0,168.0,,421.0,,2500000.0,2200000.0,8900000.0,3400000.0,17000000.0,2.3846153846153846,6.538461538461538,0.36470588235294116,0
,,2.0,Graduate,Yes,7000000,0.0,7000000.0,14900000.0,240.0,,495.0,,9900000.0,8800000.0,14000000.0,10200000.0,42900000.0,2.1285714285714286,6.128571428571429,0.3473193473193473,0
,,3.0,Graduate,No,3900000,0.0,3900000.0,9800000.0,72.0,,604.0,,10900000.0,7300000.0,7700000.0,3300000.0,29200000.0,2.5128205128205128,7.487179487179487,0.3356164383561644,1
,,3.0,Graduate,No,8400000,0.0,8400000.0,32600000.0,48.0,,509.0,,22700000.0,12600000.0,32400000.0,8700000.0,76400000.0,3.880952380952381,9.095238095238095,0.42670157068062825,1
,,0.0,Graduate,Yes,200000,0.0,200000.0,600000.0,96.0,,852.0,,500000.0,0.0,400000.0,200000.0,1100000.0,3.0,5.5,0.5454545454545454,1
,,2.0,Not Graduate,Yes,1900000,0.0,1900000.0,6700000.0,192.0,,893.0,,5600000.0,3600000.0,6300000.0,1600000.0,17100000.0,3.526315789473684,9.0,0.391812865497076,1
,,2.0,Not Graduate,Yes,9200000,0.0,9200000.0,33000000.0,168.0,,874.0,,3900000.0,9700000.0,31200000.0,6600000.0,51400000.0,3.5869565217391304,5.586956521739131,0.642023346303502,1
,,3.0,Not Graduate,Yes,300000,0.0,300000.0,500000.0,72.0,,386.0,,800000.0,200000.0,1200000.0,100000.0,2300000.0,1.6666666666666667,7.666666666666667,0.21739130434782608,0
,,5.0,Graduate,No,6300000,0.0,6300000.0,18100000.0,48.0,,590.0,,5400000.0,10900000.0,22400000.0,8600000.0,47300000.0,2.873015873015873,7.507936507936508,0.38266384778012685,1
,,2.0,Not Graduate,No,6100000,0.0,6100000.0,23500000.0,168.0,,510.0,,9000000.0,9500000.0,12400000.0,3400000.0,34300000.0,3.8524590163934427,5.622950819672131,0.685131195335277,0
,,3.0,Graduate,Yes,7800000,0.0,7800000.0,25600000.0,72.0,,523.0,,13600000.0,7100000.0,20800000.0,9200000.0,50700000.0,3.282051282051282,6.5,0.504930966469428,0
,,0.0,Graduate,Yes,2000000,0.0,2000000.0,6700000.0,96.0,,461.0,,4900000.0,2200000.0,7200000.0,2600000.0,16900000.0,3.35,8.45,0.39644970414201186,0
,,4.0,Not Graduate,No,1900000,0.0,1900000.0,5600000.0,24.0,,832.0,,2700000.0,3300000.0,7100000.0,2400000.0,15500000.0,2.9473684210526314,8.157894736842104,0.36129032258064514,1
,,2.0,Not Graduate,Yes,3300000,0.0,3300000.0,9600000.0,216.0,,896.0,,9900000.0,900000.0,12100000.0,4900000.0,27800000.0,2.909090909090909,8.424242424242424,0.34532374100719426,1
,,0.0,Not Graduate,Yes,9500000,0.0,9500000.0,26000000.0,24.0,,732.0,,22500000.0,15600000.0,20400000.0,9300000.0,67800000.0,2.736842105263158,7.136842105263158,0.3834808259587021,1
,,0.0,Graduate,Yes,3500000,0.0,3500000.0,13900000.0,192.0,,301.0,,10300000.0,100000.0,8700000.0,2700000.0,21800000.0,3.9714285714285715,6.228571428571429,0.6376146788990825,0
,,5.0,Graduate,No,4400000,0.0,4400000.0,15800000.0,48.0,,701.0,,4100000.0,6300000.0,17100000.0,4100000.0,31600000.0,3.590909090909091,7.181818181818182,0.5,1
,,2.0,Not Graduate,No,2000000,0.0,2000000.0,4000000.0,168.0,,502.0,,4900000.0,1500000.0,5400000.0,1300000.0,13100000.0,2.0,6.55,0.3053435114503817,0
,,3.0,Not Graduate,No,9200000,0.0,9200000.0,19500000.0,144.0,,742.0,,18300000.0,9900000.0,19500000.0,13700000.0,61400000.0,2.119565217391304,6.673913043478261,0.31758957654723124,1
,,1.0,Not Graduate,No,2200000,0.0,2200000.0,5000000.0,24.0,,755.0,,1100000.0,2500000.0,6700000.0,3200000.0,13500000.0,2.272727272727273,6.136363636363637,0.37037037037037035,1
,,1.0,Not Graduate,No,1900000,0.0,1900000.0,7100000.0,24.0,,834.0,,3900000.0,2300000.0,5800000.0,1400000.0,13400000.0,3.736842105263158,7.052631578947368,0.5298507462686567,1
,,5.0,Graduate,Yes,8700000,0.0,8700000.0,18400000.0,144.0,,394.0,,18800000.0,3200000.0,24600000.0,12000000.0,58600000.0,2.1149425287356323,6.735632183908046,0.31399317406143346,0
,,3.0,Graduate,Yes,9700000,0.0,9700000.0,19700000.0,48.0,,663.0,,16700000.0,2200000.0,36200000.0,5200000.0,60300000.0,2.0309278350515463,6.216494845360825,0.32669983416252074,1
,,3.0,Graduate,No,9400000,0.0,9400000.0,20300000.0,120.0,,649.0,,19600000.0,6700000.0,36100000.0,10000000.0,72400000.0,2.1595744680851063,7.702127659574468,0.2803867403314917,1
,,4.0,Not Graduate,Yes,8000000,0.0,8000000.0,23200000.0,168.0,,738.0,,10900000.0,12100000.0,19900000.0,5400000.0,48300000.0,2.9,6.0375,0.4803312629399586,1
,,5.0,Not Graduate,No,1000000,0.0,1000000.0,2000000.0,48.0,,524.0,,2700000.0,1800000.0,2200000.0,700000.0,7400000.0,2.0,7.4,0.2702702702702703,0
,,5.0,Not Graduate,No,5300000,0.0,5300000.0,14600000.0,192.0,,855.0,,4200000.0,1600000.0,11200000.0,7400000.0,24400000.0,2.7547169811320753,4.60377358490566,0.5983606557377049,1
,,3.0,Graduate,Yes,1400000,0.0,1400000.0,5400000.0,240.0,,304.0,,1700000.0,1300000.0,2900000.0,800000.0,6700000.0,3.857142857142857,4.785714285714286,0.8059701492537313,0
,,2.0,Graduate,Yes,1600000,0.0,1600000.0,3800000.0,144.0,,532.0,,3200000.0,1400000.0,5400000.0,1100000.0,11100000.0,2.375,6.9375,0.34234234234234234,0
,,3.0,Graduate,Yes,3400000,0.0,3400000.0,8500000.0,72.0,,584.0,,4200000.0,4700000.0,6800000.0,3700000.0,19400000.0,2.5,5.705882352941177,0.4381443298969072,1
,,3.0,Graduate,No,7800000,0.0,7800000.0,28700000.0,48.0,,447.0,,7200000.0,9500000.0,20100000.0,11300000.0,48100000.0,3.6794871794871793,6.166666666666667,0.5966735966735967,1
,,4.0,Not Graduate,No,7100000,0.0,7100000.0,19900000.0,168.0,,852.0,,4700000.0,3200000.0,19700000.0,7600000.0,35200000.0,2.8028169014084505,4.957746478873239,0.5653409090909091,1
,,1.0,Not Graduate,Yes,6000000,0.0,6000000.0,13100000.0,24.0,,368.0,,9900000.0,2200000.0,13700000.0,4900000.0,30700000.0,2.183333333333333,5.116666666666666,0.42671009771986973,0
,,3.0,Not Graduate,Yes,8200000,0.0,8200000.0,28900000.0,120.0,,447.0,,4400000.0,14700000.0,29400000.0,6800000.0,55300000.0,3.524390243902439,6.7439024390243905,0.5226039783001808,0
,,4.0,Graduate,No,3900000,0.0,3900000.0,11400000.0,240.0,,867.0,,3800000.0,1100000.0,13600000.0,3200000.0,21700000.0,2.923076923076923,5.564102564102564,0.5253456221198156,1
,,5.0,Not Graduate,Yes,8400000,0.0,8400000.0,17600000.0,144.0,,397.0,,13400000.0,14500000.0,24500000.0,7900000.0,60300000.0,2.0952380952380953,7.178571428571429,0.29187396351575456,0
,,4.0,Graduate,No,9700000,0.0,9700000.0,19400000.0,240.0,,798.0,,6400000.0,13700000.0,20300000.0,12800000.0,53200000.0,2.0,5.484536082474227,0.36466165413533835,1
,,1.0,Not Graduate,Yes,8300000,0.0,8300000.0,26300000.0,240.0,,530.0,,22800000.0,11000000.0,33200000.0,8000000.0,75000000.0,3.1686746987951806,9.036144578313253,0.3506666666666667,0
,,4.0,Graduate,No,2500000,0.0,2500000.0,9900000.0,192.0,,356.0,,5500000.0,2600000.0,6100000.0,2300000.0,16500000.0,3.96,6.6,0.6,0
,,3.0,Graduate,No,6100000,0.0,6100000.0,24000000.0,216.0,,718.0,,4100000.0,3400000.0,16600000.0,6800000.0,30900000.0,3.9344262295081966,5.065573770491803,0.7766990291262136,1
,,3.0,Not Graduate,No,5000000,0.0,5000000.0,13000000.0,120.0,,459.0,,2900000.0,3400000.0,18200000.0,7200000.0,31700000.0,2.6,6.34,0.41009463722397477,0
,,3.0,Not Graduate,No,9500000,0.0,9500000.0,22200000.0,96.0,,571.0,,4400000.0,8600000.0,24400000.0,10500000.0,47900000.0,2.336842105263158,5.042105263157895,0.46346555323590816,1
,,2.0,Graduate,No,5700000,0.0,5700000.0,20500000.0,96.0,,412.0,,5800000.0,4300000.0,21200000.0,4900000.0,36200000.0,3.5964912280701755,6.350877192982456,0.5662983425414365,0
,,1.0,Graduate,Yes,5000000,0.0,5000000.0,12500000.0,240.0,,604.0,,4100000.0,100000.0,12200000.0,7400000.0,23800000.0,2.5,4.76,0.5252100840336135,1
,,4.0,Not Graduate,Yes,8600000,0.0,8600000.0,20600000.0,192.0,,449.0,,10800000.0,10600000.0,28700000.0,5400000.0,55500000.0,2.395348837209302,6.453488372093023,0.37117117117117115,0
,,5.0,Not Graduate,No,1400000,0.0,1400000.0,5300000.0,144.0,,778.0,,1600000.0,700000.0,4400000.0,700000.0,7400000.0,3.7857142857142856,5.285714285714286,0.7162162162162162,1
,,3.0,Graduate,No,5900000,0.0,5900000.0,21200000.0,192.0,,476.0,,11700000.0,4800000.0,14800000.0,7700000.0,39000000.0,3.593220338983051,6.610169491525424,0.5435897435897435,0
,,4.0,Graduate,Yes,4100000,0.0,4100000.0,10400000.0,144.0,,727.0,,11900000.0,5900000.0,16400000.0,4400000.0,38600000.0,2.5365853658536586,9.414634146341463,0.2694300518134715,1
,,3.0,Graduate,No,7400000,0.0,7400000.0,18500000.0,96.0,,818.0,,10400000.0,8800000.0,28000000.0,8400000.0,55600000.0,2.5,7.513513513513513,0.3327338129496403,1
,,1.0,Graduate,Yes,7100000,0.0,7100000.0,19300000.0,192.0,,738.0,,7200000.0,0.0,24300000.0,3600000.0,35100000.0,2.7183098591549295,4.943661971830986,0.5498575498575499,1
,,5.0,Graduate,Yes,5300000,0.0,5300000.0,18200000.0,192.0,,546.0,,14600000.0,7900000.0,13400000.0,4000000.0,39900000.0,3.4339622641509435,7.528301886792453,0.45614035087719296,0
,,2.0,Not Graduate,No,6600000,0.0,6600000.0,14100000.0,24.0,,471.0,,10800000.0,11400000.0,20700000.0,6000000.0,48900000.0,2.1363636363636362,7.409090909090909,0.2883435582822086,0
,,3.0,Not Graduate,No,2800000,0.0,2800000.0,10600000.0,48.0,,860.0,,5200000.0,4700000.0,6700000.0,2900000.0,19500000.0,3.7857142857142856,6.964285714285714,0.5435897435897435,1
,,1.0,Not Graduate,Yes,1600000,0.0,1600000.0,4400000.0,48.0,,364.0,,2500000.0,700000.0,4300000.0,2400000.0,9900000.0,2.75,6.1875,0.4444444444444444,0
,,0.0,Graduate,Yes,8500000,0.0,8500000.0,25300000.0,240.0,,557.0,,13000000.0,5100000.0,23900000.0,7100000.0,49100000.0,2.976470588235294,5.776470588235294,0.515274949083503,1
,,1.0,Not Graduate,Yes,5200000,0.0,5200000.0,20700000.0,144.0,,612.0,,2200000.0,2600000.0,16500000.0,3200000.0,24500000.0,3.980769230769231,4.711538461538462,0.8448979591836735,1
,,2.0,Not Graduate,Yes,6400000,0.0,6400000.0,19300000.0,72.0,,414.0,,7200000.0,1800000.0,19100000.0,3900000.0,32000000.0,3.015625,5.0,0.603125,0
,,5.0,Graduate,No,1300000,0.0,1300000.0,2900000.0,48.0,,372.0,,1700000.0,100000.0,2800000.0,600000.0,5200000.0,2.230769230769231,4.0,0.5576923076923077,0
,,0.0,Graduate,No,5600000,0.0,5600000.0,11600000.0,144.0,,466.0,,15000000.0,7400000.0,21800000.0,7500000.0,51700000.0,2.0714285714285716,9.232142857142858,0.22437137330754353,0
,,3.0,Graduate,Yes,9000000,0.0,9000000.0,19800000.0,240.0,,348.0,,8600000.0,9200000.0,25300000.0,6000000.0,49100000.0,2.2,5.455555555555556,0.40325865580448067,0
,,1.0,Not Graduate,Yes,7800000,0.0,7800000.0,17200000.0,48.0,,597.0,,3700000.0,12700000.0,17400000.0,8500000.0,42300000.0,2.2051282051282053,5.423076923076923,0.4066193853427896,1
,,4.0,Not Graduate,Yes,4000000,0.0,4000000.0,11000000.0,96.0,,791.0,,500000.0,4700000.0,10300000.0,3000000.0,18500000.0,2.75,4.625,0.5945945945945946,1
,,0.0,Graduate,Yes,700000,0.0,700000.0,1800000.0,144.0,,400.0,,1500000.0,1100000.0,2200000.0,300000.0,5100000.0,2.5714285714285716,7.285714285714286,0.35294117647058826,0
,,5.0,Graduate,Yes,7300000,0.0,7300000.0,18700000.0,192.0,,813.0,,6600000.0,8200000.0,20000000.0,5800000.0,40600000.0,2.5616438356164384,5.561643835616438,0.4605911330049261,1
,,0.0,Not Graduate,Yes,5200000,0.0,5200000.0,15400000.0,48.0,,675.0,,15300000.0,8800000.0,12800000.0,2900000.0,39800000.0,2.9615384615384617,7.653846153846154,0.3869346733668342,1
,,1.0,Not Graduate,No,6200000,0.0,6200000.0,18200000.0,216.0,,324.0,,3100000.0,12000000.0,19200000.0,3400000.0,37700000.0,2.935483870967742,6.080645161290323,0.4827586206896552,0
,,4.0,Graduate,No,1100000,0.0,1100000.0,3600000.0,96.0,,693.0,,2400000.0,1300000.0,3800000.0,1500000.0,9000000.0,3.272727272727273,8.181818181818182,0.4,1
,,1.0,Not Graduate,Yes,5600000,0.0,5600000.0,13700000.0,96.0,,491.0,,10100000.0,3700000.0,18500000.0,4200000.0,36500000.0,2.4464285714285716,6.517857142857143,0.37534246575342467,0
,,5.0,Graduate,Yes,3400000,0.0,3400000.0,9800000.0,96.0,,559.0,,3500000.0,2900000.0,8300000.0,2200000.0,16900000.0,2.8823529411764706,4.970588235294118,0.5798816568047337,1
,,4.0,Graduate,No,1500000,0.0,1500000.0,4900000.0,192.0,,392.0,,1800000.0,1100000.0,3000000.0,2000000.0,7900000.0,3.2666666666666666,5.266666666666667,0.620253164556962,0
,,2.0,Not Graduate,No,5800000,0.0,5800000.0,18600000.0,216.0,,532.0,,10900000.0,900000.0,12300000.0,6700000.0,30800000.0,3.206896551724138,5.310344827586207,0.6038961038961039,0
,,4.0,Not Graduate,No,9800000,0.0,9800000.0,29400000.0,96.0,,592.0,,29100000.0,16700000.0,35900000.0,9000000.0,90700000.0,3.0,9.255102040816327,0.3241455347298787,1
,,5.0,Not Graduate,No,8300000,0.0,8300000.0,23100000.0,48.0,,459.0,,5500000.0,14300000.0,28400000.0,5500000.0,53700000.0,2.783132530120482,6.469879518072289,0.4301675977653631,0
,,4.0,Graduate,Yes,500000,0.0,500000.0,1200000.0,48.0,,627.0,,0.0,500000.0,1800000.0,700000.0,3000000.0,2.4,6.0,0.4,1
,,4.0,Graduate,No,1900000,0.0,1900000.0,6100000.0,24.0,,462.0,,2100000.0,3300000.0,5400000.0,2500000.0,13300000.0,3.210526315789474,7.0,0.45864661654135336,1
,,1.0,Not Graduate,Yes,9700000,0.0,9700000.0,24700000.0,168.0,,600.0,,13600000.0,14000000.0,35500000.0,6700000.0,69800000.0,2.5463917525773194,7.195876288659794,0.3538681948424069,1
,,5.0,Not Graduate,No,1800000,0.0,1800000.0,6200000.0,216.0,,366.0,,3500000.0,2400000.0,6300000.0,1300000.0,13500000.0,3.4444444444444446,7.5,0.45925925925925926,0
,,0.0,Graduate,Yes,3300000,0.0,3300000.0,9700000.0,168.0,,356.0,,9800000.0,4800000.0,9400000.0,1900000.0,25900000.0,2.9393939393939394,7.848484848484849,0.3745173745173745,0
,,5.0,Graduate,No,900000,0.0,900000.0,2300000.0,192.0,,590.0,,1200000.0,1500000.0,2100000.0,900000.0,5700000.0,2.5555555555555554,6.333333333333333,0.40350877192982454,1
,,5.0,Graduate,Yes,8200000,0.0,8200000.0,28900000.0,48.0,,485.0,,16500000.0,3000000.0,19400000.0,6800000.0,45700000.0,3.524390243902439,5.573170731707317,0.6323851203501094,1
,,1.0,Not Graduate,Yes,500000,0.0,500000.0,1700000.0,216.0,,617.0,,400000.0,100000.0,1400000.0,500000.0,2400000.0,3.4,4.8,0.7083333333333334,1
,,5.0,Graduate,Yes,1000000,0.0,1000000.0,2600000.0,96.0,,664.0,,900000.0,1200000.0,3500000.0,900000.0,6500000.0,2.6,6.5,0.4,1
,,3.0,Not Graduate,No,7100000,0.0,7100000.0,27900000.0,96.0,,583.0,,8900000.0,7600000.0,19600000.0,6300000.0,42400000.0,3.9295774647887325,5.971830985915493,0.6580188679245284,1
,,1.0,Graduate,Yes,200000,0.0,200000.0,400000.0,216.0,,859.0,,300000.0,100000.0,400000.0,200000.0,1000000.0,2.0,5.0,0.4,1
,,2.0,Graduate,No,3100000,0.0,3100000.0,7300000.0,168.0,,504.0,,3200000.0,0.0,7200000.0,1500000.0,11900000.0,2.3548387096774195,3.838709677419355,0.6134453781512605,0
,,4.0,Graduate,No,700000,0.0,700000.0,2300000.0,192.0,,688.0,,1500000.0,300000.0,1900000.0,400000.0,4100000.0,3.2857142857142856,5.857142857142857,0.5609756097560976,1
,,3.0,Not Graduate,No,1800000,0.0,1800000.0,5700000.0,24.0,,422.0,,4800000.0,0.0,3700000.0,2300000.0,10800000.0,3.1666666666666665,6.0,0.5277777777777778,1
,,3.0,Not Graduate,Yes,8400000,0.0,8400000.0,27000000.0,96.0,,746.0,,15000000.0,8400000.0,27000000.0,12500000.0,62900000.0,3.2142857142857144,7.488095238095238,0.4292527821939587,1
,,3.0,Graduate,No,7400000,0.0,7400000.0,17500000.0,240.0,,317.0,,17700000.0,14000000.0,27000000.0,9500000.0,68200000.0,2.364864864864865,9.216216216216216,0.2565982404692082,0
,,2.0,Not Graduate,Yes,6700000,0.0,6700000.0,20200000.0,72.0,,701.0,,8800000.0,12200000.0,13900000.0,8200000.0,43100000.0,3.014925373134328,6.432835820895522,0.46867749419953597,1
,,1.0,Graduate,Yes,1700000,0.0,1700000.0,6000000.0,192.0,,754.0,,3900000.0,1500000.0,6400000.0,1800000.0,13600000.0,3.5294117647058822,8.0,0.4411764705882353,1
,,3.0,Not Graduate,Yes,300000,0.0,300000.0,600000.0,120.0,,515.0,,300000.0,200000.0,1000000.0,200000.0,1700000.0,2.0,5.666666666666667,0.35294117647058826,0
,,1.0,Graduate,Yes,3800000,0.0,3800000.0,8800000.0,144.0,,670.0,,5200000.0,4700000.0,12200000.0,3800000.0,25900000.0,2.3157894736842106,6.815789473684211,0.33976833976833976,1
,,5.0,Graduate,Yes,1300000,0.0,1300000.0,4000000.0,96.0,,407.0,,3800000.0,1300000.0,3500000.0,1100000.0,9700000.0,3.076923076923077,7.461538461538462,0.41237113402061853,0
,,5.0,Not Graduate,Yes,3100000,0.0,3100000.0,10900000.0,144.0,,884.0,,6100000.0,3700000.0,12300000.0,4100000.0,26200000.0,3.5161290322580645,8.451612903225806,0.41603053435114506,1
,,1.0,Graduate,Yes,200000,0.0,200000.0,400000.0,240.0,,882.0,,400000.0,100000.0,300000.0,0.0,800000.0,2.0,4.0,0.5,1
,,2.0,Not Graduate,Yes,8100000,0.0,8100000.0,24700000.0,72.0,,595.0,,5500000.0,14300000.0,27300000.0,6500000.0,53600000.0,3.049382716049383,6.617283950617284,0.4608208955223881,1
,,1.0,Not Graduate,Yes,8900000,0.0,8900000.0,22900000.0,48.0,,757.0,,8200000.0,11600000.0,17800000.0,7800000.0,45400000.0,2.5730337078651684,5.101123595505618,0.5044052863436124,1
,,5.0,Graduate,Yes,4200000,0.0,4200000.0,8500000.0,48.0,,386.0,,8700000.0,4600000.0,10500000.0,6000000.0,29800000.0,2.0238095238095237,7.095238095238095,0.28523489932885904,0
,,5.0,Not Graduate,Yes,4100000,0.0,4100000.0,11100000.0,216.0,,756.0,,1700000.0,3000000.0,10800000.0,3000000.0,18500000.0,2.707317073170732,4.512195121951219,0.6,1
,,3.0,Not Graduate,No,8300000,0.0,8300000.0,25700000.0,144.0,,453.0,,24000000.0,14600000.0,20400000.0,5700000.0,64700000.0,3.0963855421686746,7.795180722891566,0.3972179289026275,0
,,3.0,Not Graduate,No,7500000,0.0,7500000.0,25200000.0,96.0,,316.0,,1000000.0,800000.0,18300000.0,9000000.0,29100000.0,3.36,3.88,0.865979381443299,0
,,3.0,Graduate,No,2100000,0.0,2100000.0,7700000.0,72.0,,703.0,,700000.0,4000000.0,8200000.0,1300000.0,14200000.0,3.6666666666666665,6.761904761904762,0.5422535211267606,1
,,3.0,Graduate,No,1400000,0.0,1400000.0,3200000.0,96.0,,753.0,,2200000.0,2000000.0,3600000.0,2000000.0,9800000.0,2.2857142857142856,7.0,0.32653061224489793,1
,,0.0,Not Graduate,No,6900000,0.0,6900000.0,23500000.0,24.0,,621.0,,7800000.0,7300000.0,23100000.0,9400000.0,47600000.0,3.4057971014492754,6.898550724637682,0.49369747899159666,1
,,0.0,Graduate,Yes,2500000,0.0,2500000.0,9100000.0,120.0,,852.0,,5000000.0,4700000.0,7400000.0,1500000.0,18600000.0,3.64,7.44,0.489247311827957,1
,,3.0,Not Graduate,Yes,3800000,0.0,3800000.0,9400000.0,144.0,,301.0,,7800000.0,2800000.0,14900000.0,5000000.0,30500000.0,2.473684210526316,8.026315789473685,0.3081967213114754,0
,,3.0,Not Graduate,Yes,7700000,0.0,7700000.0,29300000.0,120.0,,359.0,,6800000.0,6100000.0,21900000.0,4200000.0,39000000.0,3.8051948051948052,5.064935064935065,0.7512820512820513,0
,,1.0,Not Graduate,No,3200000,0.0,3200000.0,6600000.0,192.0,,534.0,,8800000.0,2600000.0,6500000.0,1800000.0,19700000.0,2.0625,6.15625,0.3350253807106599,0
,,0.0,Not Graduate,Yes,8600000,0.0,8600000.0,20000000.0,120.0,,704.0,,25400000.0,10000000.0,30800000.0,10300000.0,76500000.0,2.3255813953488373,8.895348837209303,0.26143790849673204,1
,,3.0,Not Graduate,Yes,3800000,0.0,3800000.0,13700000.0,192.0,,662.0,,4800000.0,400000.0,12400000.0,5300000.0,22900000.0,3.6052631578947367,6.026315789473684,0.5982532751091703,1
,,3.0,Graduate,No,8400000,0.0,8400000.0,31100000.0,216.0,,599.0,,20600000.0,14100000.0,20500000.0,8500000.0,63700000.0,3.7023809523809526,7.583333333333333,0.48822605965463106,1
,,1.0,Graduate,No,1600000,0.0,1600000.0,5400000.0,48.0,,319.0,,4200000.0,2200000.0,4200000.0,1600000.0,12200000.0,3.375,7.625,0.4426229508196721,1
,,2.0,Not Graduate,No,7800000,0.0,7800000.0,19400000.0,192.0,,549.0,,18600000.0,13300000.0,24100000.0,6900000.0,62900000.0,2.4871794871794872,8.064102564102564,0.30842607313195547,0
,,1.0,Graduate,Yes,9400000,0.0,9400000.0,21000000.0,144.0,,443.0,,14100000.0,2700000.0,23200000.0,5600000.0,45600000.0,2.234042553191489,4.851063829787234,0.4605263157894737,0
,,3.0,Not Graduate,Yes,9900000,0.0,9900000.0,26700000.0,120.0,,550.0,,22200000.0,15900000.0,36800000.0,6600000.0,81500000.0,2.696969696969697,8.232323232323232,0.3276073619631902,1
,,4.0,Not Graduate,No,2400000,0.0,2400000.0,8000000.0,216.0,,393.0,,0.0,200000.0,7600000.0,3000000.0,10800000.0,3.3333333333333335,4.5,0.7407407407407407,0
,,2.0,Graduate,Yes,7500000,0.0,7500000.0,15100000.0,96.0,,488.0,,19800000.0,0.0,28500000.0,6700000.0,55000000.0,2.013333333333333,7.333333333333333,0.27454545454545454,0
,,5.0,Graduate,No,3300000,0.0,3300000.0,11800000.0,192.0,,845.0,,6000000.0,1500000.0,9200000.0,2600000.0,19300000.0,3.5757575757575757,5.848484848484849,0.6113989637305699,1
,,2.0,Graduate,No,5500000,0.0,5500000.0,19000000.0,24.0,,382.0,,12500000.0,1000000.0,15200000.0,8100000.0,36800000.0,3.4545454545454546,6.6909090909090905,0.5163043478260869,1
,,5.0,Not Graduate,No,2400000,0.0,2400000.0,7500000.0,144.0,,357.0,,2600000.0,2900000.0,6100000.0,1300000.0,12900000.0,3.125,5.375,0.5813953488372093,0
,,1.0,Not Graduate,Yes,8700000,0.0,8700000.0,27500000.0,192.0,,815.0,,8000000.0,13400000.0,23600000.0,5900000.0,50900000.0,3.160919540229885,5.850574712643678,0.5402750491159135,1
,,1.0,Not Graduate,No,9600000,0.0,9600000.0,26000000.0,192.0,,368.0,,18500000.0,16600000.0,29900000.0,8400000.0,73400000.0,2.7083333333333335,7.645833333333333,0.3542234332425068,0
,,0.0,Graduate,No,8400000,0.0,8400000.0,19800000.0,192.0,,674.0,,500000.0,12200000.0,27400000.0,10700000.0,50800000.0,2.357142857142857,6.0476190476190474,0.38976377952755903,1
,,5.0,Not Graduate,No,9200000,0.0,9200000.0,23900000.0,120.0,,335.0,,5800000.0,15300000.0,35400000.0,10700000.0,67200000.0,2.597826086956522,7.304347826086956,0.3556547619047619,0
,,2.0,Graduate,Yes,4600000,0.0,4600000.0,12600000.0,24.0,,355.0,,6300000.0,6900000.0,14800000.0,6500000.0,34500000.0,2.739130434782609,7.5,0.3652173913043478,0
,,5.0,Not Graduate,No,7600000,0.0,7600000.0,17500000.0,72.0,,510.0,,9100000.0,3500000.0,15700000.0,9800000.0,38100000.0,2.3026315789473686,5.0131578947368425,0.45931758530183725,0
,,4.0,Graduate,No,8500000,0.0,8500000.0,17800000.0,48.0,,698.0,,6700000.0,4300000.0,28600000.0,8000000.0,47600000.0,2.0941176470588236,5.6,0.3739495798319328,1
,,4.0,Not Graduate,Yes,3100000,0.0,3100000.0,8200000.0,216.0,,408.0,,2900000.0,3800000.0,10800000.0,3100000.0,20600000.0,2.6451612903225805,6.645161290322581,0.39805825242718446,0
,,3.0,Graduate,Yes,4900000,0.0,4900000.0,13100000.0,216.0,,401.0,,5700000.0,4100000.0,16400000.0,3600000.0,29800000.0,2.673469387755102,6.081632653061225,0.4395973154362416,0
,,5.0,Not Graduate,Yes,5800000,0.0,5800000.0,14000000.0,168.0,,418.0,,3900000.0,10400000.0,15100000.0,6800000.0,36200000.0,2.413793103448276,6.241379310344827,0.3867403314917127,0
,,0.0,Not Graduate,No,5700000,0.0,5700000.0,21300000.0,48.0,,697.0,,3000000.0,6800000.0,20000000.0,5500000.0,35300000.0,3.736842105263158,6.192982456140351,0.603399433427762,1
,,4.0,Graduate,No,3200000,0.0,3200000.0,12200000.0,168.0,,683.0,,0.0,1100000.0,7500000.0,2900000.0,11500000.0,3.8125,3.59375,1.0608695652173914,0
,,4.0,Not Graduate,Yes,8000000,0.0,8000000.0,31500000.0,192.0,,763.0,,14900000.0,8800000.0,17600000.0,8900000.0,50200000.0,3.9375,6.275,0.6274900398406374,1
,,4.0,Not Graduate,No,5000000,0.0,5000000.0,11400000.0,72.0,,336.0,,1600000.0,4000000.0,15500000.0,2500000.0,23600000.0,2.28,4.72,0.4830508474576271,0
,,2.0,Not Graduate,Yes,2900000,0.0,2900000.0,8300000.0,120.0,,693.0,,7500000.0,1900000.0,9700000.0,4300000.0,23400000.0,2.8620689655172415,8.068965517241379,0.3547008547008547,1
,,2.0,Not Graduate,No,6400000,0.0,6400000.0,23900000.0,216.0,,745.0,,14800000.0,4000000.0,16300000.0,7000000.0,42100000.0,3.734375,6.578125,0.5676959619952494,1
,,5.0,Graduate,No,6300000,0.0,6300000.0,22500000.0,216.0,,629.0,,300000.0,3900000.0,23100000.0,8000000.0,35300000.0,3.5714285714285716,5.603174603174603,0.6373937677053825,1
,,0.0,Not Graduate,No,5900000,0.0,5900000.0,23300000.0,192.0,,581.0,,2200000.0,8100000.0,14900000.0,5800000.0,31000000.0,3.9491525423728815,5.254237288135593,0.7516129032258064,1
,,1.0,Graduate,No,8100000,0.0,8100000.0,29600000.0,48.0,,672.0,,8200000.0,5100000.0,21100000.0,5400000.0,39800000.0,3.654320987654321,4.91358024691358,0.7437185929648241,1
,,5.0,Graduate,Yes,7100000,0.0,7100000.0,20100000.0,48.0,,700.0,,16900000.0,2900000.0,15600000.0,4500000.0,39900000.0,2.8309859154929575,5.619718309859155,0.5037593984962406,1
,,1.0,Not Graduate,No,1400000,0.0,1400000.0,4400000.0,168.0,,787.0,,1600000.0,1200000.0,4200000.0,800000.0,7800000.0,3.142857142857143,5.571428571428571,0.5641025641025641,1
,,3.0,Graduate,Yes,2300000,0.0,2300000.0,8000000.0,96.0,,300.0,,4200000.0,3800000.0,7300000.0,1200000.0,16500000.0,3.4782608695652173,7.173913043478261,0.48484848484848486,0
,,1.0,Graduate,No,7400000,0.0,7400000.0,16100000.0,48.0,,655.0,,22000000.0,12900000.0,25300000.0,4300000.0,64500000.0,2.175675675675676,8.716216216216216,0.2496124031007752,1
,,0.0,Graduate,Yes,5300000,0.0,5300000.0,13300000.0,144.0,,572.0,,4200000.0,2500000.0,18000000.0,7100000.0,31800000.0,2.509433962264151,6.0,0.41823899371069184,1
,,5.0,Graduate,Yes,7700000,0.0,7700000.0,16400000.0,24.0,,663.0,,1100000.0,14800000.0,15800000.0,3900000.0,35600000.0,2.1298701298701297,4.623376623376624,0.4606741573033708,1
,,0.0,Not Graduate,No,5000000,0.0,5000000.0,10700000.0,192.0,,726.0,,1600000.0,1100000.0,15700000.0,4800000.0,23200000.0,2.14,4.64,0.46120689655172414,1
,,5.0,Not Graduate,Yes,6000000,0.0,6000000.0,12300000.0,144.0,,680.0,,11400000.0,5300000.0,13800000.0,7300000.0,37800000.0,2.05,6.3,0.3253968253968254,1
,,0.0,Graduate,No,1400000,0.0,1400000.0,2700000.0,24.0,,685.0,,3400000.0,800000.0,5400000.0,1300000.0,10900000.0,1.9285714285714286,7.785714285714286,0.24770642201834864,1
,,5.0,Not Graduate,Yes,9400000,0.0,9400000.0,23100000.0,72.0,,762.0,,12400000.0,10200000.0,22300000.0,6600000.0,51500000.0,2.4574468085106385,5.4787234042553195,0.44854368932038835,1
,,3.0,Not Graduate,No,5200000,0.0,5200000.0,17200000.0,216.0,,768.0,,9200000.0,5500000.0,11700000.0,3800000.0,30200000.0,3.3076923076923075,5.8076923076923075,0.5695364238410596,1
,,0.0,Graduate,No,3100000,0.0,3100000.0,11100000.0,96.0,,504.0,,3500000.0,4600000.0,11400000.0,1800000.0,21300000.0,3.5806451612903225,6.870967741935484,0.5211267605633803,0
,,3.0,Not Graduate,Yes,8400000,0.0,8400000.0,20500000.0,144.0,,796.0,,22900000.0,10500000.0,17600000.0,11200000.0,62200000.0,2.4404761904761907,7.404761904761905,0.3295819935691318,1
,,0.0,Not Graduate,No,1200000,0.0,1200000.0,2900000.0,216.0,,348.0,,400000.0,1200000.0,2900000.0,600000.0,5100000.0,2.4166666666666665,4.25,0.5686274509803921,0
,,5.0,Not Graduate,Yes,4800000,0.0,4800000.0,13100000.0,72.0,,717.0,,8300000.0,8900000.0,18300000.0,2800000.0,38300000.0,2.7291666666666665,7.979166666666667,0.34203655352480417,1
,,5.0,Not Graduate,Yes,9200000,0.0,9200000.0,34200000.0,48.0,,565.0,,500000.0,13900000.0,23600000.0,12300000.0,50300000.0,3.717391304347826,5.467391304347826,0.679920477137177,1
,,2.0,Not Graduate,No,5300000,0.0,5300000.0,10900000.0,72.0,,647.0,,14600000.0,3500000.0,18700000.0,3200000.0,40000000.0,2.056603773584906,7.547169811320755,0.2725,1
,,3.0,Graduate,No,4700000,0.0,4700000.0,10900000.0,24.0,,626.0,,9200000.0,2300000.0,14600000.0,5200000.0,31300000.0,2.3191489361702127,6.659574468085107,0.34824281150159747,1
,,0.0,Not Graduate,No,6500000,0.0,6500000.0,24700000.0,72.0,,554.0,,2700000.0,1100000.0,22700000.0,9600000.0,36100000.0,3.8,5.553846153846154,0.6842105263157895,1
,,4.0,Graduate,Yes,3200000,0.0,3200000.0,11500000.0,240.0,,864.0,,8700000.0,5000000.0,12100000.0,4100000.0,29900000.0,3.59375,9.34375,0.38461538461538464,1
,,4.0,Graduate,No,4600000,0.0,4600000.0,12500000.0,72.0,,406.0,,10800000.0,200000.0,14000000.0,6800000.0,31800000.0,2.717391304347826,6.913043478260869,0.39308176100628933,0
,,5.0,Graduate,No,700000,0.0,700000.0,1800000.0,120.0,,650.0,,1300000.0,100000.0,1500000.0,300000.0,3200000.0,2.5714285714285716,4.571428571428571,0.5625,1
,,5.0,Not Graduate,Yes,7600000,0.0,7600000.0,16500000.0,96.0,,534.0,,8900000.0,10300000.0,24900000.0,8300000.0,52400000.0,2.1710526315789473,6.894736842105263,0.3148854961832061,0
,,4.0,Graduate,No,1200000,0.0,1200000.0,2600000.0,96.0,,872.0,,1600000.0,2100000.0,2700000.0,900000.0,7300000.0,2.1666666666666665,6.083333333333333,0.3561643835616438,1
,,2.0,Graduate,No,5100000,0.0,5100000.0,16500000.0,144.0,,845.0,,12100000.0,9000000.0,11400000.0,5700000.0,38200000.0,3.235294117647059,7.490196078431373,0.4319371727748691,1
,,1.0,Not Graduate,Yes,4300000,0.0,4300000.0,16300000.0,168.0,,792.0,,400000.0,400000.0,10200000.0,4000000.0,15000000.0,3.7906976744186047,3.488372093023256,1.0866666666666667,0
,,4.0,Graduate,No,300000,0.0,300000.0,1200000.0,216.0,,544.0,,700000.0,100000.0,800000.0,100000.0,1700000.0,4.0,5.666666666666667,0.7058823529411765,0
,,2.0,Graduate,Yes,4000000,0.0,4000000.0,13000000.0,120.0,,552.0,,3700000.0,1600000.0,15600000.0,3400000.0,24300000.0,3.25,6.075,0.5349794238683128,1
,,5.0,Not Graduate,No,3900000,0.0,3900000.0,14900000.0,144.0,,837.0,,1100000.0,500000.0,14400000.0,3600000.0,19600000.0,3.8205128205128207,5.0256410256410255,0.7602040816326531,1
,,0.0,Not Graduate,Yes,6900000,0.0,6900000.0,21300000.0,216.0,,845.0,,17400000.0,5600000.0,21400000.0,6600000.0,51000000.0,3.0869565217391304,7.391304347826087,0.4176470588235294,1
,,4.0,Not Graduate,Yes,7000000,0.0,7000000.0,24100000.0,120.0,,677.0,,18800000.0,6000000.0,21600000.0,6300000.0,52700000.0,3.442857142857143,7.5285714285714285,0.4573055028462998,1
,,1.0,Graduate,No,6300000,0.0,6300000.0,18300000.0,240.0,,430.0,,13000000.0,1300000.0,23000000.0,9200000.0,46500000.0,2.9047619047619047,7.380952380952381,0.3935483870967742,0
,,3.0,Graduate,Yes,8900000,0.0,8900000.0,22500000.0,144.0,,887.0,,23300000.0,10800000.0,33500000.0,9500000.0,77100000.0,2.5280898876404496,8.662921348314606,0.2918287937743191,1
,,0.0,Not Graduate,Yes,5700000,0.0,5700000.0,19400000.0,96.0,,544.0,,4300000.0,6400000.0,19900000.0,5800000.0,36400000.0,3.4035087719298245,6.385964912280702,0.532967032967033,0
,,4.0,Not Graduate,Yes,5200000,0.0,5200000.0,18300000.0,120.0,,355.0,,400000.0,3800000.0,10600000.0,3400000.0,18200000.0,3.519230769230769,3.5,1.0054945054945055,0
,,4.0,Graduate,No,7400000,0.0,7400000.0,17500000.0,48.0,,540.0,,8800000.0,7600000.0,17900000.0,3600000.0,37900000.0,2.364864864864865,5.121621621621622,0.46174142480211083,0
,,5.0,Graduate,No,6500000,0.0,6500000.0,16000000.0,168.0,,444.0,,1100000.0,7900000.0,23100000.0,7900000.0,40000000.0,2.4615384615384617,6.153846153846154,0.4,0
,,3.0,Graduate,No,6200000,0.0,6200000.0,14900000.0,168.0,,567.0,,1200000.0,9100000.0,20800000.0,8800000.0,39900000.0,2.403225806451613,6.435483870967742,0.37343358395989973,1
,,5.0,Not Graduate,Yes,2400000,0.0,2400000.0,6500000.0,240.0,,513.0,,6400000.0,2100000.0,5200000.0,2600000.0,16300000.0,2.7083333333333335,6.791666666666667,0.3987730061349693,0
,,0.0,Not Graduate,No,2500000,0.0,2500000.0,7100000.0,120.0,,590.0,,4000000.0,800000.0,6100000.0,2600000.0,13500000.0,2.84,5.4,0.5259259259259259,1
,,2.0,Graduate,Yes,2700000,0.0,2700000.0,8500000.0,240.0,,368.0,,4900000.0,4500000.0,5900000.0,2100000.0,17400000.0,3.1481481481481484,6.444444444444445,0.4885057471264368,0
,,5.0,Not Graduate,No,3000000,0.0,3000000.0,7600000.0,72.0,,413.0,,2300000.0,3500000.0,11400000.0,1700000.0,18900000.0,2.533333333333333,6.3,0.4021164021164021,0
,,4.0,Graduate,Yes,6100000,0.0,6100000.0,13600000.0,48.0,,401.0,,10700000.0,2000000.0,20500000.0,3900000.0,37100000.0,2.2295081967213113,6.081967213114754,0.3665768194070081,0
,,3.0,Graduate,No,1500000,0.0,1500000.0,5400000.0,216.0,,687.0,,200000.0,400000.0,4500000.0,1700000.0,6800000.0,3.6,4.533333333333333,0.7941176470588235,1
,,2.0,Graduate,No,6500000,0.0,6500000.0,14100000.0,168.0,,577.0,,4600000.0,12000000.0,25100000.0,3900000.0,45600000.0,2.169230769230769,7.015384615384615,0.3092105263157895,1
,,4.0,Not Graduate,No,200000,0.0,200000.0,700000.0,120.0,,576.0,,500000.0,100000.0,400000.0,300000.0,1300000.0,3.5,6.5,0.5384615384615384,1
,,1.0,Not Graduate,No,9900000,0.0,9900000.0,23400000.0,192.0,,687.0,,28200000.0,3700000.0,29600000.0,8200000.0,69700000.0,2.3636363636363638,7.040404040404041,0.3357245337159254,1
,,4.0,Graduate,No,5500000,0.0,5500000.0,11600000.0,144.0,,474.0,,1800000.0,2400000.0,20100000.0,5600000.0,29900000.0,2.109090909090909,5.4363636363636365,0.3879598662207358,0
,,4.0,Graduate,No,1200000,0.0,1200000.0,4400000.0,72.0,,709.0,,2800000.0,2300000.0,4100000.0,1700000.0,10900000.0,3.6666666666666665,9.083333333333334,0.4036697247706422,1
,,4.0,Graduate,Yes,6900000,0.0,6900000.0,20200000.0,216.0,,438.0,,9600000.0,6200000.0,26800000.0,5700000.0,48300000.0,2.927536231884058,7.0,0.41821946169772256,0
,,3.0,Graduate,Yes,8000000,0.0,8000000.0,25300000.0,48.0,,306.0,,22300000.0,7300000.0,24400000.0,6600000.0,60600000.0,3.1625,7.575,0.4174917491749175,1
,,3.0,Not Graduate,Yes,4100000,0.0,4100000.0,13900000.0,240.0,,383.0,,1900000.0,2300000.0,15800000.0,3800000.0,23800000.0,3.3902439024390243,5.804878048780488,0.5840336134453782,0
,,2.0,Graduate,No,1400000,0.0,1400000.0,4700000.0,240.0,,563.0,,400000.0,2300000.0,2800000.0,1400000.0,6900000.0,3.357142857142857,4.928571428571429,0.6811594202898551,1
,,4.0,Not Graduate,Yes,1600000,0.0,1600000.0,3200000.0,240.0,,371.0,,1600000.0,2300000.0,4600000.0,1000000.0,9500000.0,2.0,5.9375,0.3368421052631579,0
,,1.0,Graduate,No,2100000,0.0,2100000.0,4200000.0,144.0,,379.0,,2700000.0,2100000.0,8100000.0,2500000.0,15400000.0,2.0,7.333333333333333,0.2727272727272727,0
,,1.0,Not Graduate,No,8800000,0.0,8800000.0,30200000.0,216.0,,897.0,,17100000.0,7900000.0,28700000.0,11100000.0,64800000.0,3.4318181818181817,7.363636363636363,0.4660493827160494,1
,,3.0,Not Graduate,Yes,7100000,0.0,7100000.0,25400000.0,120.0,,725.0,,20600000.0,5300000.0,16000000.0,8600000.0,50500000.0,3.5774647887323945,7.112676056338028,0.502970297029703,1
,,1.0,Not Graduate,No,8600000,0.0,8600000.0,31500000.0,192.0,,678.0,,19700000.0,13400000.0,22200000.0,5300000.0,60600000.0,3.6627906976744184,7.046511627906977,0.5198019801980198,1
,,2.0,Not Graduate,Yes,5400000,0.0,5400000.0,14800000.0,72.0,,724.0,,1000000.0,400000.0,13100000.0,5400000.0,19900000.0,2.740740740740741,3.685185185185185,0.7437185929648241,1
,,3.0,Graduate,Yes,1000000,0.0,1000000.0,2500000.0,72.0,,808.0,,2900000.0,600000.0,2000000.0,500000.0,6000000.0,2.5,6.0,0.4166666666666667,1
,,0.0,Graduate,No,5400000,0.0,5400000.0,18400000.0,96.0,,625.0,,12100000.0,3000000.0,13000000.0,4800000.0,32900000.0,3.4074074074074074,6.092592592592593,0.5592705167173252,1
,,2.0,Graduate,No,4200000,0.0,4200000.0,16800000.0,48.0,,771.0,,6500000.0,4500000.0,10500000.0,5800000.0,27300000.0,4.0,6.5,0.6153846153846154,1
,,2.0,Not Graduate,No,7500000,0.0,7500000.0,22400000.0,168.0,,695.0,,8100000.0,3900000.0,15300000.0,9400000.0,36700000.0,2.986666666666667,4.8933333333333335,0.6103542234332425,1
,,4.0,Graduate,No,1200000,0.0,1200000.0,3300000.0,24.0,,564.0,,2200000.0,500000.0,4700000.0,1100000.0,8500000.0,2.75,7.083333333333333,0.38823529411764707,1
,,4.0,Graduate,Yes,6300000,0.0,6300000.0,14500000.0,120.0,,349.0,,3800000.0,12300000.0,16500000.0,5700000.0,38300000.0,2.3015873015873014,6.079365079365079,0.3785900783289817,0
,,4.0,Graduate,Yes,300000,0.0,300000.0,900000.0,48.0,,797.0,,300000.0,400000.0,600000.0,400000.0,1700000.0,3.0,5.666666666666667,0.5294117647058824,1
,,3.0,Graduate,No,7400000,0.0,7400000.0,28800000.0,96.0,,391.0,,20000000.0,7900000.0,23600000.0,7200000.0,58700000.0,3.891891891891892,7.9324324324324325,0.4906303236797274,0
,,5.0,Not Graduate,No,2200000,0.0,2200000.0,5400000.0,144.0,,833.0,,4900000.0,3300000.0,7000000.0,1600000.0,16800000.0,2.4545454545454546,7.636363636363637,0.32142857142857145,1
,,5.0,Graduate,No,4000000,0.0,4000000.0,9100000.0,120.0,,515.0,,600000.0,6400000.0,9900000.0,5500000.0,22400000.0,2.275,5.6,0.40625,0
,,4.0,Graduate,Yes,2700000,0.0,2700000.0,10400000.0,192.0,,671.0,,6100000.0,3700000.0,5600000.0,4000000.0,19400000.0,3.8518518518518516,7.185185185185185,0.5360824742268041,1
,,0.0,Not Graduate,Yes,2000000,0.0,2000000.0,6900000.0,48.0,,404.0,,4900000.0,1600000.0,4200000.0,3000000.0,13700000.0,3.45,6.85,0.5036496350364964,1
,,4.0,Not Graduate,No,6400000,0.0,6400000.0,14800000.0,72.0,,537.0,,2300000.0,3700000.0,18600000.0,6500000.0,31100000.0,2.3125,4.859375,0.4758842443729904,0
,,5.0,Not Graduate,Yes,1400000,0.0,1400000.0,5100000.0,48.0,,348.0,,2100000.0,900000.0,4000000.0,1300000.0,8300000.0,3.642857142857143,5.928571428571429,0.6144578313253012,1
,,0.0,Not Graduate,Yes,2800000,0.0,2800000.0,6300000.0,144.0,,647.0,,4100000.0,0.0,8700000.0,2300000.0,15100000.0,2.25,5.392857142857143,0.41721854304635764,1
,,2.0,Not Graduate,Yes,8200000,0.0,8200000.0,28700000.0,168.0,,316.0,,23300000.0,16100000.0,17700000.0,4300000.0,61400000.0,3.5,7.487804878048781,0.46742671009771986,0
,,3.0,Not Graduate,No,9000000,0.0,9000000.0,26700000.0,168.0,,638.0,,5300000.0,0.0,31300000.0,5200000.0,41800000.0,2.966666666666667,4.644444444444445,0.638755980861244,1
,,5.0,Not Graduate,Yes,800000,0.0,800000.0,2100000.0,144.0,,363.0,,1200000.0,1000000.0,3100000.0,900000.0,6200000.0,2.625,7.75,0.3387096774193548,0
,,4.0,Not Graduate,Yes,6100000,0.0,6100000.0,21200000.0,72.0,,808.0,,700000.0,7200000.0,22300000.0,6100000.0,36300000.0,3.4754098360655736,5.950819672131147,0.5840220385674931,1
,,4.0,Not Graduate,Yes,2400000,0.0,2400000.0,9400000.0,24.0,,871.0,,3700000.0,300000.0,7100000.0,3500000.0,14600000.0,3.9166666666666665,6.083333333333333,0.6438356164383562,1
,,4.0,Graduate,Yes,6000000,0.0,6000000.0,17000000.0,144.0,,607.0,,15300000.0,3200000.0,22100000.0,3900000.0,44500000.0,2.8333333333333335,7.416666666666667,0.38202247191011235,1
,,2.0,Not Graduate,Yes,7900000,0.0,7900000.0,22500000.0,72.0,,571.0,,8100000.0,5300000.0,17900000.0,8100000.0,39400000.0,2.848101265822785,4.987341772151899,0.5710659898477157,1
,,3.0,Graduate,Yes,9500000,0.0,9500000.0,25700000.0,216.0,,446.0,,16900000.0,13600000.0,29300000.0,10100000.0,69900000.0,2.705263157894737,7.3578947368421055,0.3676680972818312,0
,,3.0,Not Graduate,Yes,1800000,0.0,1800000.0,6400000.0,240.0,,436.0,,1500000.0,2900000.0,4400000.0,1300000.0,10100000.0,3.5555555555555554,5.611111111111111,0.6336633663366337,0
,,3.0,Not Graduate,Yes,5800000,0.0,5800000.0,14100000.0,144.0,,738.0,,11700000.0,4400000.0,15400000.0,8400000.0,39900000.0,2.4310344827586206,6.879310344827586,0.3533834586466165,1
,,3.0,Graduate,No,2800000,0.0,2800000.0,9400000.0,120.0,,519.0,,7000000.0,3500000.0,7700000.0,1500000.0,19700000.0,3.357142857142857,7.035714285714286,0.47715736040609136,0
,,3.0,Graduate,Yes,4000000,0.0,4000000.0,8300000.0,96.0,,531.0,,3700000.0,7400000.0,15200000.0,5900000.0,32200000.0,2.075,8.05,0.2577639751552795,0
,,1.0,Not Graduate,No,1000000,0.0,1000000.0,3400000.0,216.0,,578.0,,2300000.0,400000.0,3100000.0,1200000.0,7000000.0,3.4,7.0,0.4857142857142857,1
,,0.0,Graduate,No,9100000,0.0,9100000.0,21100000.0,240.0,,578.0,,5900000.0,6200000.0,33700000.0,5600000.0,51400000.0,2.318681318681319,5.648351648351649,0.41050583657587547,1
,,0.0,Graduate,No,4600000,0.0,4600000.0,18100000.0,168.0,,442.0,,2800000.0,200000.0,15600000.0,3300000.0,21900000.0,3.9347826086956523,4.760869565217392,0.8264840182648402,0
,,2.0,Not Graduate,No,7800000,0.0,7800000.0,16900000.0,72.0,,751.0,,17400000.0,6300000.0,20400000.0,11700000.0,55800000.0,2.1666666666666665,7.153846153846154,0.30286738351254483,1
,,4.0,Graduate,Yes,6600000,0.0,6600000.0,18800000.0,120.0,,353.0,,16500000.0,9500000.0,20000000.0,6200000.0,52200000.0,2.8484848484848486,7.909090909090909,0.36015325670498083,0
,,5.0,Not Graduate,No,9800000,0.0,9800000.0,26600000.0,144.0,,664.0,,5200000.0,2900000.0,22500000.0,14100000.0,44700000.0,2.7142857142857144,4.561224489795919,0.5950782997762863,1
,,1.0,Graduate,No,7400000,0.0,7400000.0,26600000.0,216.0,,505.0,,2200000.0,2400000.0,22400000.0,3900000.0,30900000.0,3.5945945945945947,4.175675675675675,0.86084142394822,0
,,3.0,Graduate,Yes,4300000,0.0,4300000.0,16600000.0,120.0,,571.0,,5700000.0,3700000.0,12800000.0,5800000.0,28000000.0,3.86046511627907,6.511627906976744,0.5928571428571429,1
,,2.0,Not Graduate,Yes,9800000,0.0,9800000.0,34600000.0,192.0,,754.0,,12400000.0,14900000.0,34700000.0,6100000.0,68100000.0,3.5306122448979593,6.948979591836735,0.5080763582966226,1
,,5.0,Not Graduate,No,1100000,0.0,1100000.0,3900000.0,240.0,,858.0,,3200000.0,1200000.0,3800000.0,1100000.0,9300000.0,3.5454545454545454,8.454545454545455,0.41935483870967744,1
,,3.0,Graduate,Yes,8600000,0.0,8600000.0,21800000.0,240.0,,641.0,,5300000.0,8800000.0,24000000.0,9100000.0,47200000.0,2.5348837209302326,5.488372093023256,0.461864406779661,1
,,0.0,Not Graduate,Yes,9400000,0.0,9400000.0,35500000.0,192.0,,592.0,,9300000.0,11800000.0,30500000.0,5800000.0,57400000.0,3.776595744680851,6.1063829787234045,0.6184668989547039,1
,,3.0,Graduate,Yes,5300000,0.0,5300000.0,20300000.0,168.0,,432.0,,15000000.0,0.0,17200000.0,5900000.0,38100000.0,3.830188679245283,7.188679245283019,0.5328083989501312,0
,,1.0,Not Graduate,Yes,8700000,0.0,8700000.0,33800000.0,216.0,,558.0,,18300000.0,11500000.0,31500000.0,5900000.0,67200000.0,3.8850574712643677,7.724137931034483,0.5029761904761905,1
,,3.0,Graduate,Yes,4800000,0.0,4800000.0,14200000.0,144.0,,547.0,,10400000.0,700000.0,9800000.0,2400000.0,23300000.0,2.9583333333333335,4.854166666666667,0.6094420600858369,0
,,4.0,Not Graduate,No,4400000,0.0,4400000.0,9800000.0,216.0,,732.0,,2400000.0,2400000.0,15100000.0,4400000.0,24300000.0,2.227272727272727,5.5227272727272725,0.40329218106995884,1
,,1.0,Graduate,Yes,5400000,0.0,5400000.0,19300000.0,144.0,,784.0,,5000000.0,1800000.0,20300000.0,6500000.0,33600000.0,3.574074074074074,6.222222222222222,0.5744047619047619,1
,,5.0,Not Graduate,Yes,8400000,0.0,8400000.0,31900000.0,120.0,,605.0,,18900000.0,10300000.0,22000000.0,9100000.0,60300000.0,3.7976190476190474,7.178571428571429,0.5290215588723052,1
,,1.0,Graduate,Yes,5400000,0.0,5400000.0,19500000.0,216.0,,688.0,,12100000.0,800000.0,17000000.0,3500000.0,33400000.0,3.611111111111111,6.185185185185185,0.5838323353293413,1
,,3.0,Not Graduate,Yes,9400000,0.0,9400000.0,32100000.0,120.0,,617.0,,22700000.0,5800000.0,29400000.0,11400000.0,69300000.0,3.4148936170212765,7.372340425531915,0.46320346320346323,1
,,0.0,Not Graduate,Yes,800000,0.0,800000.0,2400000.0,48.0,,518.0,,500000.0,800000.0,2800000.0,500000.0,4600000.0,3.0,5.75,0.5217391304347826,1
,,0.0,Not Graduate,No,3800000,0.0,3800000.0,14800000.0,120.0,,390.0,,5900000.0,5700000.0,9500000.0,4600000.0,25700000.0,3.8947368421052633,6.7631578947368425,0.5758754863813229,0
,,4.0,Graduate,No,3100000,0.0,3100000.0,6300000.0,48.0,,370.0,,8600000.0,4100000.0,8800000.0,2800000.0,24300000.0,2.032258064516129,7.838709677419355,0.25925925925925924,0
,,3.0,Not Graduate,Yes,6000000,0.0,6000000.0,21300000.0,48.0,,802.0,,4700000.0,8900000.0,17300000.0,7600000.0,38500000.0,3.55,6.416666666666667,0.5532467532467532,1
,,2.0,Not Graduate,Yes,6800000,0.0,6800000.0,15500000.0,144.0,,338.0,,9900000.0,1200000.0,21800000.0,8500000.0,41400000.0,2.2794117647058822,6.088235294117647,0.3743961352657005,0
,,5.0,Not Graduate,No,5200000,0.0,5200000.0,11700000.0,72.0,,658.0,,8100000.0,5100000.0,11400000.0,5600000.0,30200000.0,2.25,5.8076923076923075,0.38741721854304634,1
,,0.0,Not Graduate,No,1900000,0.0,1900000.0,6700000.0,144.0,,595.0,,3000000.0,3200000.0,4900000.0,1700000.0,12800000.0,3.526315789473684,6.7368421052631575,0.5234375,1
,,5.0,Graduate,Yes,3600000,0.0,3600000.0,8500000.0,240.0,,594.0,,4400000.0,6400000.0,7400000.0,4500000.0,22700000.0,2.361111111111111,6.305555555555555,0.3744493392070485,1
,,3.0,Graduate,Yes,1500000,0.0,1500000.0,4100000.0,168.0,,611.0,,600000.0,2000000.0,4800000.0,2100000.0,9500000.0,2.7333333333333334,6.333333333333333,0.43157894736842106,1
,,3.0,Not Graduate,No,2000000,0.0,2000000.0,5800000.0,96.0,,799.0,,3000000.0,3100000.0,5500000.0,1000000.0,12600000.0,2.9,6.3,0.4603174603174603,1
,,5.0,Graduate,No,9200000,0.0,9200000.0,18600000.0,240.0,,497.0,,1000000.0,300000.0,24200000.0,10700000.0,36200000.0,2.0217391304347827,3.9347826086956523,0.5138121546961326,0
,,0.0,Not Graduate,Yes,6100000,0.0,6100000.0,15900000.0,216.0,,456.0,,12900000.0,10800000.0,19100000.0,8800000.0,51600000.0,2.6065573770491803,8.459016393442623,0.3081395348837209,0
,,5.0,Not Graduate,No,300000,0.0,300000.0,500000.0,96.0,,396.0,,400000.0,300000.0,1200000.0,200000.0,2100000.0,1.6666666666666667,7.0,0.23809523809523808,0
,,1.0,Graduate,No,800000,0.0,800000.0,2300000.0,120.0,,770.0,,900000.0,900000.0,2900000.0,1100000.0,5800000.0,2.875,7.25,0.39655172413793105,1
,,0.0,Not Graduate,No,3300000,0.0,3300000.0,9000000.0,192.0,,797.0,,3000000.0,6400000.0,10300000.0,3300000.0,23000000.0,2.727272727272727,6.96969696969697,0.391304347826087,1
,,1.0,Not Graduate,No,5800000,0.0,5800000.0,18700000.0,240.0,,586.0,,14100000.0,3000000.0,15600000.0,6000000.0,38700000.0,3.2241379310344827,6.672413793103448,0.48320413436692505,1
,,5.0,Not Graduate,No,8500000,0.0,8500000.0,23400000.0,192.0,,604.0,,25100000.0,16500000.0,24500000.0,4800000.0,70900000.0,2.7529411764705882,8.341176470588236,0.3300423131170663,1
,,0.0,Not Graduate,Yes,4100000,0.0,4100000.0,12800000.0,96.0,,799.0,,3700000.0,700000.0,9400000.0,2700000.0,16500000.0,3.1219512195121952,4.024390243902439,0.7757575757575758,1
,,2.0,Graduate,No,7800000,0.0,7800000.0,26400000.0,48.0,,763.0,,2200000.0,8400000.0,16600000.0,6700000.0,33900000.0,3.3846153846153846,4.346153846153846,0.7787610619469026,1
,,0.0,Graduate,No,7500000,0.0,7500000.0,23000000.0,168.0,,725.0,,8900000.0,4800000.0,20200000.0,7100000.0,41000000.0,3.066666666666667,5.466666666666667,0.5609756097560976,1
,,2.0,Graduate,No,2300000,0.0,2300000.0,8800000.0,216.0,,336.0,,1800000.0,800000.0,5200000.0,1500000.0,9300000.0,3.8260869565217392,4.043478260869565,0.946236559139785,0
,,4.0,Graduate,Yes,600000,0.0,600000.0,2300000.0,72.0,,495.0,,1700000.0,600000.0,2000000.0,300000.0,4600000.0,3.8333333333333335,7.666666666666667,0.5,0
,,1.0,Not Graduate,No,2900000,0.0,2900000.0,11500000.0,240.0,,431.0,,3600000.0,3800000.0,5900000.0,3100000.0,16400000.0,3.9655172413793105,5.655172413793103,0.7012195121951219,0
,,5.0,Not Graduate,No,900000,0.0,900000.0,2200000.0,24.0,,415.0,,600000.0,1700000.0,2900000.0,700000.0,5900000.0,2.4444444444444446,6.555555555555555,0.3728813559322034,0
,,5.0,Graduate,Yes,9000000,0.0,9000000.0,20400000.0,72.0,,451.0,,5200000.0,11400000.0,28200000.0,9000000.0,53800000.0,2.2666666666666666,5.977777777777778,0.379182156133829,0
,,1.0,Not Graduate,No,4800000,0.0,4800000.0,14300000.0,48.0,,489.0,,12400000.0,7900000.0,17700000.0,3600000.0,41600000.0,2.9791666666666665,8.666666666666666,0.34375,0
,,1.0,Graduate,No,1600000,0.0,1600000.0,4600000.0,144.0,,415.0,,800000.0,600000.0,3900000.0,1500000.0,6800000.0,2.875,4.25,0.6764705882352942,0
,,3.0,Not Graduate,No,2600000,0.0,2600000.0,8100000.0,144.0,,425.0,,7300000.0,1900000.0,6800000.0,2200000.0,18200000.0,3.1153846153846154,7.0,0.44505494505494503,0
,,4.0,Graduate,Yes,1800000,0.0,1800000.0,4600000.0,168.0,,453.0,,1700000.0,2400000.0,4700000.0,1600000.0,10400000.0,2.5555555555555554,5.777777777777778,0.4423076923076923,0
,,5.0,Graduate,Yes,4400000,0.0,4400000.0,11800000.0,240.0,,634.0,,5900000.0,7300000.0,15200000.0,4300000.0,32700000.0,2.6818181818181817,7.431818181818182,0.36085626911314983,1
,,2.0,Not Graduate,No,200000,0.0,200000.0,300000.0,240.0,,519.0,,0.0,0.0,400000.0,300000.0,700000.0,1.5,3.5,0.42857142857142855,0
,,4.0,Not Graduate,Yes,800000,0.0,800000.0,2100000.0,72.0,,353.0,,700000.0,300000.0,2900000.0,1200000.0,5100000.0,2.625,6.375,0.4117647058823529,0
,,3.0,Graduate,No,1500000,0.0,1500000.0,3200000.0,48.0,,767.0,,2000000.0,400000.0,3700000.0,1400000.0,7500000.0,2.1333333333333333,5.0,0.4266666666666667,1
,,0.0,Not Graduate,Yes,7700000,0.0,7700000.0,16900000.0,168.0,,473.0,,22100000.0,4000000.0,29000000.0,6400000.0,61500000.0,2.1948051948051948,7.987012987012987,0.27479674796747966,0
,,5.0,Graduate,Yes,7200000,0.0,7200000.0,21300000.0,24.0,,801.0,,9900000.0,1700000.0,20400000.0,7200000.0,39200000.0,2.9583333333333335,5.444444444444445,0.5433673469387755,1
,,4.0,Graduate,No,1000000,0.0,1000000.0,2300000.0,192.0,,543.0,,200000.0,100000.0,2000000.0,1000000.0,3300000.0,2.3,3.3,0.696969696969697,0
,,1.0,Graduate,No,6300000,0.0,6300000.0,17200000.0,144.0,,714.0,,10100000.0,4200000.0,24700000.0,8500000.0,47500000.0,2.7301587301587302,7.5396825396825395,0.36210526315789476,1
,,3.0,Graduate,No,1900000,0.0,1900000.0,4100000.0,144.0,,830.0,,4600000.0,1100000.0,5300000.0,2100000.0,13100000.0,2.1578947368421053,6.894736842105263,0.31297709923664124,1
,,5.0,Graduate,No,4400000,0.0,4400000.0,15300000.0,48.0,,401.0,,200000.0,5400000.0,17500000.0,2400000.0,25500000.0,3.477272727272727,5.795454545454546,0.6,1
,,0.0,Not Graduate,No,9100000,0.0,9100000.0,26400000.0,72.0,,518.0,,15800000.0,1100000.0,35300000.0,5700000.0,57900000.0,2.901098901098901,6.362637362637362,0.45595854922279794,0
,,2.0,Graduate,Yes,900000,0.0,900000.0,2300000.0,240.0,,367.0,,0.0,1200000.0,3400000.0,1300000.0,5900000.0,2.5555555555555554,6.555555555555555,0.3898305084745763,0
,,0.0,Graduate,Yes,4600000,0.0,4600000.0,12000000.0,144.0,,493.0,,4500000.0,700000.0,16200000.0,3600000.0,25000000.0,2.608695652173913,5.434782608695652,0.48,0
,,2.0,Graduate,Yes,9400000,0.0,9400000.0,22700000.0,168.0,,505.0,,4000000.0,16900000.0,24700000.0,11500000.0,57100000.0,2.4148936170212765,6.074468085106383,0.3975481611208406,0
,,5.0,Graduate,No,6900000,0.0,6900000.0,26500000.0,192.0,,322.0,,20500000.0,9800000.0,17100000.0,9400000.0,56800000.0,3.8405797101449277,8.231884057971014,0.4665492957746479,0
,,2.0,Graduate,No,300000,0.0,300000.0,900000.0,96.0,,735.0,,800000.0,400000.0,500000.0,100000.0,1800000.0,3.0,6.0,0.5,1
,,5.0,Graduate,Yes,1900000,0.0,1900000.0,6700000.0,24.0,,622.0,,4200000.0,200000.0,3900000.0,1700000.0,10000000.0,3.526315789473684,5.2631578947368425,0.67,1
,,4.0,Graduate,Yes,4400000,0.0,4400000.0,16400000.0,72.0,,513.0,,5400000.0,7500000.0,13100000.0,5700000.0,31700000.0,3.727272727272727,7.204545454545454,0.5173501577287066,0
,,4.0,Not Graduate,Yes,1200000,0.0,1200000.0,4100000.0,192.0,,585.0,,900000.0,900000.0,2300000.0,900000.0,5000000.0,3.4166666666666665,4.166666666666667,0.82,1
,,1.0,Graduate,Yes,1000000,0.0,1000000.0,3000000.0,120.0,,813.0,,2900000.0,500000.0,3300000.0,800000.0,7500000.0,3.0,7.5,0.4,1
,,0.0,Graduate,No,3100000,0.0,3100000.0,10400000.0,216.0,,622.0,,1300000.0,5000000.0,7200000.0,1600000.0,15100000.0,3.3548387096774195,4.870967741935484,0.6887417218543046,1
,,1.0,Graduate,Yes,2100000,0.0,2100000.0,6300000.0,192.0,,899.0,,2400000.0,2200000.0,4400000.0,2200000.0,11200000.0,3.0,5.333333333333333,0.5625,1
,,0.0,Not Graduate,No,2100000,0.0,2100000.0,4700000.0,24.0,,459.0,,4000000.0,1300000.0,8100000.0,1200000.0,14600000.0,2.238095238095238,6.9523809523809526,0.3219178082191781,0
,,4.0,Graduate,No,9400000,0.0,9400000.0,33300000.0,216.0,,369.0,,20600000.0,5600000.0,32200000.0,7200000.0,65600000.0,3.5425531914893615,6.9787234042553195,0.5076219512195121,0
,,2.0,Not Graduate,No,9700000,0.0,9700000.0,37700000.0,72.0,,601.0,,300000.0,3100000.0,23800000.0,11800000.0,39000000.0,3.88659793814433,4.020618556701031,0.9666666666666667,1
,,4.0,Graduate,No,1400000,0.0,1400000.0,2700000.0,216.0,,703.0,,600000.0,1300000.0,5400000.0,900000.0,8200000.0,1.9285714285714286,5.857142857142857,0.32926829268292684,1
,,2.0,Not Graduate,No,4700000,0.0,4700000.0,14600000.0,240.0,,597.0,,8200000.0,6000000.0,14100000.0,6800000.0,35100000.0,3.106382978723404,7.468085106382978,0.41595441595441596,1
,,3.0,Not Graduate,Yes,4100000,0.0,4100000.0,13300000.0,120.0,,670.0,,1900000.0,5500000.0,13200000.0,6100000.0,26700000.0,3.2439024390243905,6.512195121951219,0.49812734082397003,1
,,4.0,Not Graduate,Yes,1200000,0.0,1200000.0,2800000.0,72.0,,366.0,,3300000.0,300000.0,4200000.0,1400000.0,9200000.0,2.3333333333333335,7.666666666666667,0.30434782608695654,0
,,5.0,Not Graduate,No,7900000,0.0,7900000.0,27800000.0,192.0,,857.0,,23300000.0,12500000.0,17200000.0,10600000.0,63600000.0,3.518987341772152,8.050632911392405,0.4371069182389937,1
,,2.0,Not Graduate,No,6600000,0.0,6600000.0,15000000.0,192.0,,401.0,,13600000.0,6600000.0,23500000.0,3300000.0,47000000.0,2.272727272727273,7.121212121212121,0.3191489361702128,0
,,0.0,Not Graduate,No,2200000,0.0,2200000.0,8800000.0,48.0,,437.0,,1600000.0,2300000.0,8300000.0,2000000.0,14200000.0,4.0,6.454545454545454,0.6197183098591549,1
,,3.0,Not Graduate,No,5500000,0.0,5500000.0,17600000.0,96.0,,882.0,,5800000.0,7800000.0,20300000.0,3100000.0,37000000.0,3.2,6.7272727272727275,0.4756756756756757,1
,,4.0,Graduate,No,5100000,0.0,5100000.0,15500000.0,96.0,,392.0,,6700000.0,8100000.0,13600000.0,6700000.0,35100000.0,3.0392156862745097,6.882352941176471,0.4415954415954416,0
,,2.0,Not Graduate,Yes,3900000,0.0,3900000.0,7700000.0,120.0,,421.0,,9700000.0,7500000.0,14100000.0,2100000.0,33400000.0,1.9743589743589745,8.564102564102564,0.23053892215568864,0
,,5.0,Graduate,No,200000,0.0,200000.0,400000.0,72.0,,722.0,,300000.0,300000.0,400000.0,100000.0,1100000.0,2.0,5.5,0.36363636363636365,1
,,4.0,Graduate,No,5800000,0.0,5800000.0,14700000.0,120.0,,692.0,,2300000.0,10100000.0,17700000.0,3900000.0,34000000.0,2.5344827586206895,5.862068965517241,0.4323529411764706,1
,,5.0,Not Graduate,No,8300000,0.0,8300000.0,20700000.0,24.0,,537.0,,8400000.0,14300000.0,19700000.0,7800000.0,50200000.0,2.4939759036144578,6.048192771084337,0.4123505976095618,0
,,5.0,Graduate,Yes,2600000,0.0,2600000.0,5500000.0,96.0,,676.0,,6700000.0,800000.0,7200000.0,1300000.0,16000000.0,2.1153846153846154,6.153846153846154,0.34375,1
,,1.0,Graduate,No,2100000,0.0,2100000.0,8100000.0,72.0,,817.0,,4600000.0,2900000.0,4900000.0,2900000.0,15300000.0,3.857142857142857,7.285714285714286,0.5294117647058824,1
,,4.0,Not Graduate,No,3900000,0.0,3900000.0,10800000.0,240.0,,433.0,,4700000.0,1600000.0,14500000.0,2300000.0,23100000.0,2.769230769230769,5.923076923076923,0.4675324675324675,0
,,1.0,Graduate,Yes,5200000,0.0,5200000.0,16300000.0,72.0,,524.0,,11000000.0,3400000.0,20700000.0,4600000.0,39700000.0,3.1346153846153846,7.634615384615385,0.4105793450881612,0
,,3.0,Not Graduate,Yes,7800000,0.0,7800000.0,24400000.0,240.0,,490.0,,6700000.0,5100000.0,17700000.0,4100000.0,33600000.0,3.128205128205128,4.3076923076923075,0.7261904761904762,0
,,3.0,Not Graduate,Yes,5400000,0.0,5400000.0,14300000.0,48.0,,595.0,,4100000.0,2800000.0,19300000.0,4900000.0,31100000.0,2.6481481481481484,5.7592592592592595,0.45980707395498394,1
,,2.0,Not Graduate,No,2900000,0.0,2900000.0,11000000.0,24.0,,835.0,,4900000.0,3200000.0,11500000.0,1400000.0,21000000.0,3.793103448275862,7.241379310344827,0.5238095238095238,1
,,4.0,Graduate,No,7100000,0.0,7100000.0,28300000.0,72.0,,850.0,,5600000.0,7100000.0,26000000.0,9700000.0,48400000.0,3.9859154929577465,6.816901408450704,0.5847107438016529,1
,,1.0,Graduate,Yes,800000,0.0,800000.0,2500000.0,48.0,,409.0,,1300000.0,1000000.0,3100000.0,900000.0,6300000.0,3.125,7.875,0.3968253968253968,1
,,5.0,Graduate,Yes,3400000,0.0,3400000.0,12800000.0,120.0,,760.0,,9800000.0,4300000.0,11000000.0,4600000.0,29700000.0,3.764705882352941,8.735294117647058,0.43097643097643096,1
,,1.0,Graduate,Yes,6800000,0.0,6800000.0,17600000.0,168.0,,344.0,,5500000.0,5600000.0,18100000.0,7700000.0,36900000.0,2.588235294117647,5.426470588235294,0.47696476964769646,0
,,4.0,Graduate,Yes,7000000,0.0,7000000.0,27100000.0,144.0,,881.0,,8300000.0,9400000.0,17200000.0,9500000.0,44400000.0,3.8714285714285714,6.3428571428571425,0.6103603603603603,1
,,0.0,Graduate,Yes,9300000,0.0,9300000.0,24500000.0,120.0,,600.0,,20200000.0,700000.0,32600000.0,5400000.0,58900000.0,2.6344086021505375,6.333333333333333,0.4159592529711375,1
,,2.0,Graduate,No,7500000,0.0,7500000.0,19900000.0,120.0,,790.0,,3500000.0,13000000.0,19900000.0,5900000.0,42300000.0,2.6533333333333333,5.64,0.47044917257683216,1
,,3.0,Graduate,Yes,8000000,0.0,8000000.0,31200000.0,240.0,,392.0,,7300000.0,8400000.0,16000000.0,6000000.0,37700000.0,3.9,4.7125,0.8275862068965517,0
,,5.0,Graduate,Yes,1600000,0.0,1600000.0,4100000.0,24.0,,748.0,,1400000.0,1000000.0,4200000.0,1000000.0,7600000.0,2.5625,4.75,0.5394736842105263,1
,,1.0,Graduate,Yes,6700000,0.0,6700000.0,18800000.0,72.0,,798.0,,8700000.0,5900000.0,18000000.0,6100000.0,38700000.0,2.8059701492537314,5.776119402985074,0.48578811369509045,1
,,3.0,Not Graduate,No,3800000,0.0,3800000.0,11400000.0,48.0,,323.0,,5800000.0,4000000.0,9600000.0,4400000.0,23800000.0,3.0,6.2631578947368425,0.4789915966386555,1
,,1.0,Not Graduate,Yes,2700000,0.0,2700000.0,5400000.0,72.0,,413.0,,4800000.0,1500000.0,6100000.0,2600000.0,15000000.0,2.0,5.555555555555555,0.36,0
,,3.0,Graduate,No,1300000,0.0,1300000.0,2900000.0,96.0,,733.0,,3800000.0,1900000.0,3800000.0,1800000.0,11300000.0,2.230769230769231,8.692307692307692,0.25663716814159293,1
,,4.0,Not Graduate,No,3400000,0.0,3400000.0,10500000.0,192.0,,543.0,,3100000.0,4500000.0,11100000.0,4500000.0,23200000.0,3.088235294117647,6.823529411764706,0.4525862068965517,0
,,3.0,Graduate,No,3400000,0.0,3400000.0,10900000.0,168.0,,757.0,,5400000.0,1600000.0,7700000.0,3000000.0,17700000.0,3.2058823529411766,5.205882352941177,0.615819209039548,1
,,5.0,Graduate,Yes,2400000,0.0,2400000.0,6800000.0,96.0,,464.0,,1900000.0,1300000.0,9500000.0,1900000.0,14600000.0,2.8333333333333335,6.083333333333333,0.4657534246575342,0
,,0.0,Not Graduate,No,1900000,0.0,1900000.0,6900000.0,48.0,,749.0,,2100000.0,3700000.0,4300000.0,2200000.0,12300000.0,3.6315789473684212,6.473684210526316,0.5609756097560976,1
,,4.0,Graduate,No,700000,0.0,700000.0,2200000.0,72.0,,680.0,,300000.0,200000.0,2500000.0,300000.0,3300000.0,3.142857142857143,4.714285714285714,0.6666666666666666,1
,,1.0,Not Graduate,No,6900000,0.0,6900000.0,20900000.0,48.0,,574.0,,3200000.0,1800000.0,25000000.0,5200000.0,35200000.0,3.028985507246377,5.101449275362318,0.59375,1
,,5.0,Graduate,Yes,300000,0.0,300000.0,800000.0,216.0,,774.0,,400000.0,200000.0,900000.0,400000.0,1900000.0,2.6666666666666665,6.333333333333333,0.42105263157894735,1
,,3.0,Not Graduate,No,6000000,0.0,6000000.0,18700000.0,120.0,,387.0,,6600000.0,6200000.0,23300000.0,6700000.0,42800000.0,3.1166666666666667,7.133333333333334,0.4369158878504673,0
,,1.0,Not Graduate,No,4300000,0.0,4300000.0,16400000.0,240.0,,397.0,,6700000.0,6200000.0,10200000.0,5700000.0,28800000.0,3.813953488372093,6.6976744186046515,0.5694444444444444,0
,,4.0,Graduate,No,5800000,0.0,5800000.0,13500000.0,168.0,,816.0,,13800000.0,9300000.0,20400000.0,7900000.0,51400000.0,2.3275862068965516,8.862068965517242,0.26264591439688717,1
,,2.0,Graduate,Yes,3300000,0.0,3300000.0,6700000.0,96.0,,845.0,,1300000.0,4600000.0,12300000.0,3200000.0,21400000.0,2.0303030303030303,6.484848484848484,0.3130841121495327,1
,,2.0,Not Graduate,No,400000,0.0,400000.0,1500000.0,48.0,,743.0,,700000.0,500000.0,1200000.0,300000.0,2700000.0,3.75,6.75,0.5555555555555556,1
,,5.0,Not Graduate,No,300000,0.0,300000.0,600000.0,48.0,,418.0,,500000.0,200000.0,700000.0,200000.0,1600000.0,2.0,5.333333333333333,0.375,0
,,1.0,Not Graduate,No,4200000,0.0,4200000.0,10700000.0,72.0,,466.0,,7400000.0,7000000.0,14000000.0,4700000.0,33100000.0,2.5476190476190474,7.880952380952381,0.32326283987915405,0
,,2.0,Not Graduate,Yes,600000,0.0,600000.0,2300000.0,144.0,,335.0,,400000.0,900000.0,1200000.0,400000.0,2900000.0,3.8333333333333335,4.833333333333333,0.7931034482758621,0
,,5.0,Not Graduate,Yes,4400000,0.0,4400000.0,15200000.0,72.0,,446.0,,9500000.0,2200000.0,16700000.0,5800000.0,34200000.0,3.4545454545454546,7.7727272727272725,0.4444444444444444,0
,,0.0,Graduate,Yes,9200000,0.0,9200000.0,29400000.0,24.0,,868.0,,9200000.0,13800000.0,32000000.0,5300000.0,60300000.0,3.1956521739130435,6.554347826086956,0.48756218905472637,1
,,2.0,Graduate,Yes,6900000,0.0,6900000.0,25300000.0,48.0,,763.0,,9000000.0,3600000.0,21300000.0,5500000.0,39400000.0,3.6666666666666665,5.7101449275362315,0.6421319796954315,1
,,5.0,Not Graduate,Yes,5100000,0.0,5100000.0,13700000.0,168.0,,527.0,,12100000.0,8900000.0,19400000.0,4700000.0,45100000.0,2.6862745098039214,8.843137254901961,0.30376940133037694,0
,,4.0,Graduate,No,3400000,0.0,3400000.0,12700000.0,24.0,,741.0,,3300000.0,6100000.0,7700000.0,3700000.0,20800000.0,3.735294117647059,6.117647058823529,0.6105769230769231,1
,,4.0,Not Graduate,Yes,8600000,0.0,8600000.0,26800000.0,144.0,,802.0,,7400000.0,2800000.0,32100000.0,11700000.0,54000000.0,3.116279069767442,6.27906976744186,0.4962962962962963,1
,,3.0,Not Graduate,Yes,9200000,0.0,9200000.0,28900000.0,96.0,,538.0,,13900000.0,8300000.0,32400000.0,4900000.0,59500000.0,3.141304347826087,6.467391304347826,0.4857142857142857,0
,,5.0,Graduate,Yes,4800000,0.0,4800000.0,16300000.0,48.0,,523.0,,8800000.0,2300000.0,10000000.0,2800000.0,23900000.0,3.3958333333333335,4.979166666666667,0.6820083682008368,1
,,4.0,Not Graduate,No,2800000,0.0,2800000.0,8300000.0,168.0,,381.0,,3200000.0,1100000.0,9100000.0,1500000.0,14900000.0,2.9642857142857144,5.321428571428571,0.5570469798657718,0
,,1.0,Graduate,Yes,3400000,0.0,3400000.0,7000000.0,48.0,,534.0,,3100000.0,1600000.0,13000000.0,4000000.0,21700000.0,2.0588235294117645,6.382352941176471,0.3225806451612903,0
,,5.0,Not Graduate,Yes,800000,0.0,800000.0,2200000.0,168.0,,574.0,,2200000.0,1200000.0,1700000.0,1100000.0,6200000.0,2.75,7.75,0.3548387096774194,1
,,1.0,Not Graduate,No,4100000,0.0,4100000.0,11100000.0,72.0,,405.0,,12000000.0,2900000.0,9000000.0,5900000.0,29800000.0,2.707317073170732,7.2682926829268295,0.3724832214765101,0
,,0.0,Not Graduate,No,1900000,0.0,1900000.0,3800000.0,192.0,,542.0,,800000.0,500000.0,4000000.0,2100000.0,7400000.0,2.0,3.8947368421052633,0.5135135135135135,0
,,5.0,Graduate,Yes,6700000,0.0,6700000.0,25400000.0,168.0,,820.0,,10300000.0,8100000.0,18500000.0,3900000.0,40800000.0,3.791044776119403,6.08955223880597,0.6225490196078431,1
,,0.0,Graduate,No,5200000,0.0,5200000.0,13400000.0,24.0,,505.0,,12000000.0,7900000.0,20400000.0,6200000.0,46500000.0,2.576923076923077,8.942307692307692,0.28817204301075267,0
,,3.0,Graduate,Yes,6700000,0.0,6700000.0,16400000.0,24.0,,508.0,,4400000.0,10900000.0,25300000.0,9200000.0,49800000.0,2.4477611940298507,7.432835820895522,0.3293172690763052,0
,,1.0,Not Graduate,Yes,4700000,0.0,4700000.0,15000000.0,240.0,,835.0,,2100000.0,2500000.0,10100000.0,3800000.0,18500000.0,3.1914893617021276,3.9361702127659575,0.8108108108108109,1
,,0.0,Not Graduate,No,6000000,0.0,6000000.0,22000000.0,144.0,,826.0,,1400000.0,2000000.0,14100000.0,7000000.0,24500000.0,3.6666666666666665,4.083333333333333,0.8979591836734694,1
,,5.0,Not Graduate,Yes,6500000,0.0,6500000.0,18900000.0,144.0,,427.0,,5100000.0,1900000.0,18200000.0,7800000.0,33000000.0,2.9076923076923076,5.076923076923077,0.5727272727272728,0
,,3.0,Graduate,No,500000,0.0,500000.0,2000000.0,144.0,,890.0,,800000.0,700000.0,1800000.0,400000.0,3700000.0,4.0,7.4,0.5405405405405406,1
,,4.0,Not Graduate,No,5700000,0.0,5700000.0,13300000.0,24.0,,333.0,,9400000.0,3000000.0,11800000.0,8200000.0,32400000.0,2.3333333333333335,5.684210526315789,0.4104938271604938,0
,,4.0,Not Graduate,Yes,6800000,0.0,6800000.0,20000000.0,144.0,,679.0,,20200000.0,10900000.0,26900000.0,6600000.0,64600000.0,2.9411764705882355,9.5,0.30959752321981426,1
,,5.0,Not Graduate,No,3100000,0.0,3100000.0,12300000.0,216.0,,805.0,,4900000.0,1900000.0,6100000.0,2800000.0,15700000.0,3.967741935483871,5.064516129032258,0.7834394904458599,1
,,3.0,Not Graduate,No,5100000,0.0,5100000.0,11000000.0,192.0,,826.0,,11800000.0,2900000.0,12900000.0,2700000.0,30300000.0,2.156862745098039,5.9411764705882355,0.36303630363036304,1
,,1.0,Not Graduate,Yes,6300000,0.0,6300000.0,23900000.0,120.0,,844.0,,16300000.0,4900000.0,16800000.0,4500000.0,42500000.0,3.7936507936507935,6.746031746031746,0.5623529411764706,1
,,5.0,Graduate,Yes,4400000,0.0,4400000.0,14100000.0,120.0,,663.0,,5300000.0,4900000.0,17500000.0,2600000.0,30300000.0,3.2045454545454546,6.886363636363637,0.46534653465346537,1
,,1.0,Not Graduate,No,8100000,0.0,8100000.0,21900000.0,72.0,,884.0,,15100000.0,5400000.0,27500000.0,6600000.0,54600000.0,2.7037037037037037,6.7407407407407405,0.4010989010989011,1
,,1.0,Not Graduate,No,1100000,0.0,1100000.0,3700000.0,24.0,,508.0,,200000.0,0.0,2200000.0,1300000.0,3700000.0,3.3636363636363638,3.3636363636363638,1.0,1
,,0.0,Graduate,Yes,2400000,0.0,2400000.0,6900000.0,48.0,,581.0,,5100000.0,4500000.0,6000000.0,3400000.0,19000000.0,2.875,7.916666666666667,0.3631578947368421,1
,,3.0,Graduate,Yes,7000000,0.0,7000000.0,26300000.0,144.0,,481.0,,14300000.0,12800000.0,15100000.0,9900000.0,52100000.0,3.757142857142857,7.442857142857143,0.5047984644913628,0
,,1.0,Graduate,Yes,8700000,0.0,8700000.0,30000000.0,144.0,,543.0,,21900000.0,12700000.0,30600000.0,12700000.0,77900000.0,3.4482758620689653,8.954022988505747,0.3851091142490372,0
,,0.0,Not Graduate,Yes,3500000,0.0,3500000.0,12600000.0,120.0,,448.0,,1200000.0,2500000.0,10400000.0,3600000.0,17700000.0,3.6,5.057142857142857,0.711864406779661,0
,,1.0,Graduate,Yes,1600000,0.0,1600000.0,5300000.0,48.0,,713.0,,1400000.0,1400000.0,4900000.0,1300000.0,9000000.0,3.3125,5.625,0.5888888888888889,1
,,5.0,Not Graduate,Yes,7800000,0.0,7800000.0,17300000.0,192.0,,493.0,,800000.0,4500000.0,16300000.0,9300000.0,30900000.0,2.217948717948718,3.9615384615384617,0.5598705501618123,0
,,2.0,Not Graduate,No,3700000,0.0,3700000.0,9200000.0,120.0,,819.0,,8500000.0,2000000.0,10200000.0,3100000.0,23800000.0,2.4864864864864864,6.4324324324324325,0.3865546218487395,1
,,4.0,Graduate,No,400000,0.0,400000.0,1400000.0,216.0,,827.0,,0.0,0.0,900000.0,600000.0,1500000.0,3.5,3.75,0.9333333333333333,1
,,0.0,Not Graduate,No,4800000,0.0,4800000.0,15700000.0,120.0,,398.0,,4900000.0,7400000.0,17100000.0,6400000.0,35800000.0,3.2708333333333335,7.458333333333333,0.43854748603351956,0
,,0.0,Graduate,Yes,2900000,0.0,2900000.0,7500000.0,216.0,,692.0,,3200000.0,300000.0,7500000.0,4000000.0,15000000.0,2.586206896551724,5.172413793103448,0.5,1
,,5.0,Graduate,Yes,5000000,0.0,5000000.0,14600000.0,216.0,,509.0,,11800000.0,2500000.0,19800000.0,4900000.0,39000000.0,2.92,7.8,0.37435897435897436,0
,,0.0,Graduate,Yes,7600000,0.0,7600000.0,18100000.0,192.0,,439.0,,12800000.0,5900000.0,29800000.0,10600000.0,59100000.0,2.3815789473684212,7.776315789473684,0.3062605752961083,0
,,1.0,Graduate,No,3000000,0.0,3000000.0,9400000.0,48.0,,622.0,,600000.0,3500000.0,9600000.0,2000000.0,15700000.0,3.1333333333333333,5.233333333333333,0.5987261146496815,1
,,3.0,Not Graduate,Yes,200000,0.0,200000.0,700000.0,216.0,,526.0,,400000.0,100000.0,500000.0,0.0,1000000.0,3.5,5.0,0.7,0
,,5.0,Not Graduate,Yes,6800000,0.0,6800000.0,19000000.0,96.0,,865.0,,9500000.0,7200000.0,25000000.0,6300000.0,48000000.0,2.7941176470588234,7.0588235294117645,0.3958333333333333,1
,,5.0,Not Graduate,Yes,9700000,0.0,9700000.0,27400000.0,24.0,,328.0,,0.0,18400000.0,22000000.0,7900000.0,48300000.0,2.8247422680412373,4.979381443298969,0.567287784679089,0
,,0.0,Graduate,Yes,1200000,0.0,1200000.0,4200000.0,48.0,,768.0,,2800000.0,2200000.0,2800000.0,1500000.0,9300000.0,3.5,7.75,0.45161290322580644,1
,,5.0,Not Graduate,Yes,7400000,0.0,7400000.0,24000000.0,192.0,,854.0,,4300000.0,6700000.0,20600000.0,8700000.0,40300000.0,3.2432432432432434,5.445945945945946,0.5955334987593052,1
,,4.0,Graduate,No,6900000,0.0,6900000.0,20800000.0,48.0,,839.0,,2600000.0,2400000.0,16100000.0,7400000.0,28500000.0,3.0144927536231885,4.130434782608695,0.7298245614035088,1
,,0.0,Not Graduate,Yes,9100000,0.0,9100000.0,23300000.0,216.0,,414.0,,17700000.0,2500000.0,33800000.0,6400000.0,60400000.0,2.5604395604395602,6.637362637362638,0.38576158940397354,0
,,0.0,Graduate,Yes,1300000,0.0,1300000.0,4700000.0,192.0,,530.0,,3200000.0,1000000.0,3800000.0,800000.0,8800000.0,3.6153846153846154,6.769230769230769,0.5340909090909091,0
,,3.0,Graduate,No,6600000,0.0,6600000.0,14600000.0,120.0,,841.0,,15300000.0,12100000.0,14800000.0,6000000.0,48200000.0,2.212121212121212,7.303030303030303,0.3029045643153527,1
,,3.0,Not Graduate,Yes,1800000,0.0,1800000.0,5700000.0,168.0,,670.0,,5300000.0,3100000.0,3500000.0,2700000.0,14600000.0,3.1666666666666665,8.11111111111111,0.3904109589041096,1
,,5.0,Not Graduate,Yes,8200000,0.0,8200000.0,20900000.0,168.0,,726.0,,11400000.0,4800000.0,26000000.0,8400000.0,50600000.0,2.548780487804878,6.170731707317073,0.41304347826086957,1
,,4.0,Not Graduate,No,2800000,0.0,2800000.0,8300000.0,168.0,,352.0,,4900000.0,2600000.0,7100000.0,3700000.0,18300000.0,2.9642857142857144,6.535714285714286,0.453551912568306,0
,,1.0,Graduate,Yes,7000000,0.0,7000000.0,16000000.0,48.0,,554.0,,13000000.0,8600000.0,26600000.0,7900000.0,56100000.0,2.2857142857142856,8.014285714285714,0.28520499108734404,1
,,4.0,Graduate,No,700000,0.0,700000.0,1800000.0,216.0,,728.0,,400000.0,1300000.0,2200000.0,600000.0,4500000.0,2.5714285714285716,6.428571428571429,0.4,1
,,0.0,Not Graduate,No,7400000,0.0,7400000.0,25500000.0,72.0,,463.0,,2300000.0,5600000.0,26800000.0,8400000.0,43100000.0,3.445945945945946,5.824324324324325,0.5916473317865429,0
,,5.0,Not Graduate,Yes,2300000,0.0,2300000.0,5000000.0,120.0,,431.0,,300000.0,3700000.0,8700000.0,2900000.0,15600000.0,2.1739130434782608,6.782608695652174,0.32051282051282054,0
,,1.0,Graduate,Yes,600000,0.0,600000.0,1900000.0,96.0,,445.0,,1200000.0,100000.0,1600000.0,300000.0,3200000.0,3.1666666666666665,5.333333333333333,0.59375,0
,,5.0,Graduate,No,1000000,0.0,1000000.0,3000000.0,48.0,,896.0,,2800000.0,1100000.0,2000000.0,1100000.0,7000000.0,3.0,7.0,0.42857142857142855,1
,,1.0,Not Graduate,Yes,2200000,0.0,2200000.0,5200000.0,96.0,,420.0,,2900000.0,100000.0,5000000.0,2300000.0,10300000.0,2.3636363636363638,4.681818181818182,0.5048543689320388,0
,,1.0,Not Graduate,No,8000000,0.0,8000000.0,30900000.0,24.0,,315.0,,23500000.0,1200000.0,19500000.0,7300000.0,51500000.0,3.8625,6.4375,0.6,1
,,4.0,Not Graduate,No,8600000,0.0,8600000.0,20900000.0,120.0,,867.0,,24300000.0,7200000.0,23700000.0,9900000.0,65100000.0,2.4302325581395348,7.569767441860465,0.3210445468509985,1
,,3.0,Not Graduate,Yes,7500000,0.0,7500000.0,26000000.0,24.0,,342.0,,13900000.0,1900000.0,26900000.0,11200000.0,53900000.0,3.466666666666667,7.1866666666666665,0.48237476808905383,1
,,5.0,Not Graduate,Yes,5200000,0.0,5200000.0,11800000.0,216.0,,711.0,,14300000.0,5100000.0,15500000.0,4500000.0,39400000.0,2.269230769230769,7.576923076923077,0.29949238578680204,1
,,2.0,Not Graduate,No,7900000,0.0,7900000.0,20900000.0,24.0,,723.0,,1700000.0,1800000.0,16300000.0,7100000.0,26900000.0,2.6455696202531644,3.4050632911392404,0.7769516728624535,1
,,1.0,Graduate,Yes,4200000,0.0,4200000.0,11300000.0,48.0,,704.0,,4700000.0,2800000.0,14900000.0,4000000.0,26400000.0,2.6904761904761907,6.285714285714286,0.42803030303030304,1
,,0.0,Graduate,No,6500000,0.0,6500000.0,20200000.0,192.0,,842.0,,8300000.0,12200000.0,14300000.0,9600000.0,44400000.0,3.1076923076923078,6.8307692307692305,0.45495495495495497,1
,,0.0,Graduate,Yes,7400000,0.0,7400000.0,15200000.0,144.0,,600.0,,6200000.0,8500000.0,18800000.0,4100000.0,37600000.0,2.054054054054054,5.081081081081081,0.40425531914893614,1
,,3.0,Not Graduate,No,9100000,0.0,9100000.0,25600000.0,144.0,,688.0,,8900000.0,16300000.0,27900000.0,11100000.0,64200000.0,2.8131868131868134,7.054945054945055,0.3987538940809969,1
,,0.0,Not Graduate,No,800000,0.0,800000.0,2300000.0,192.0,,739.0,,1800000.0,600000.0,2000000.0,400000.0,4800000.0,2.875,6.0,0.4791666666666667,1
,,1.0,Graduate,Yes,800000,0.0,800000.0,2800000.0,120.0,,798.0,,1300000.0,1300000.0,2500000.0,400000.0,5500000.0,3.5,6.875,0.509090909090909,1
,,5.0,Graduate,Yes,4100000,0.0,4100000.0,9900000.0,48.0,,319.0,,7600000.0,7400000.0,12000000.0,5500000.0,32500000.0,2.4146341463414633,7.926829268292683,0.3046153846153846,0
,,5.0,Graduate,Yes,4200000,0.0,4200000.0,8700000.0,72.0,,583.0,,6000000.0,800000.0,8500000.0,2500000.0,17800000.0,2.0714285714285716,4.238095238095238,0.4887640449438202,1
,,3.0,Graduate,Yes,4800000,0.0,4800000.0,11500000.0,144.0,,535.0,,3600000.0,8000000.0,15600000.0,5400000.0,32600000.0,2.3958333333333335,6.791666666666667,0.35276073619631904,0
,,3.0,Not Graduate,Yes,8300000,0.0,8300000.0,25900000.0,96.0,,696.0,,14400000.0,12200000.0,23500000.0,7100000.0,57200000.0,3.1204819277108435,6.891566265060241,0.4527972027972028,1
,,4.0,Not Graduate,No,7600000,0.0,7600000.0,23900000.0,96.0,,672.0,,2500000.0,1600000.0,20200000.0,6700000.0,31000000.0,3.1447368421052633,4.078947368421052,0.7709677419354839,1
,,4.0,Graduate,No,5100000,0.0,5100000.0,12300000.0,240.0,,410.0,,9200000.0,9200000.0,18700000.0,5600000.0,42700000.0,2.411764705882353,8.372549019607844,0.28805620608899296,0
,,5.0,Graduate,No,3600000,0.0,3600000.0,11600000.0,168.0,,546.0,,8500000.0,300000.0,12000000.0,4800000.0,25600000.0,3.2222222222222223,7.111111111111111,0.453125,0
,,3.0,Not Graduate,Yes,5400000,0.0,5400000.0,16800000.0,192.0,,550.0,,10700000.0,6400000.0,13400000.0,7000000.0,37500000.0,3.111111111111111,6.944444444444445,0.448,1
,,5.0,Not Graduate,No,700000,0.0,700000.0,1400000.0,48.0,,344.0,,1500000.0,800000.0,2600000.0,300000.0,5200000.0,2.0,7.428571428571429,0.2692307692307692,0
,,2.0,Not Graduate,Yes,9800000,0.0,9800000.0,38200000.0,120.0,,743.0,,5400000.0,14800000.0,24300000.0,5300000.0,49800000.0,3.8979591836734695,5.081632653061225,0.7670682730923695,1
,,4.0,Graduate,No,9700000,0.0,9700000.0,36400000.0,48.0,,772.0,,13800000.0,11300000.0,38100000.0,13500000.0,76700000.0,3.752577319587629,7.907216494845361,0.4745762711864407,1
,,0.0,Graduate,Yes,9400000,0.0,9400000.0,29900000.0,144.0,,302.0,,12300000.0,1500000.0,35700000.0,8200000.0,57700000.0,3.1808510638297873,6.138297872340425,0.5181975736568457,0
,,3.0,Graduate,Yes,3200000,0.0,3200000.0,9100000.0,216.0,,376.0,,4500000.0,800000.0,9000000.0,1700000.0,16000000.0,2.84375,5.0,0.56875,0
,,0.0,Graduate,Yes,3700000,0.0,3700000.0,11600000.0,120.0,,747.0,,0.0,4500000.0,9000000.0,3500000.0,17000000.0,3.135135135135135,4.594594594594595,0.6823529411764706,1
,,2.0,Graduate,Yes,4200000,0.0,4200000.0,15800000.0,72.0,,710.0,,12300000.0,3700000.0,12600000.0,4600000.0,33200000.0,3.761904761904762,7.904761904761905,0.4759036144578313,1
,,2.0,Not Graduate,No,7000000,0.0,7000000.0,24200000.0,72.0,,892.0,,20600000.0,500000.0,21400000.0,9200000.0,51700000.0,3.4571428571428573,7.385714285714286,0.46808510638297873,1
,,3.0,Not Graduate,No,3200000,0.0,3200000.0,11500000.0,192.0,,492.0,,4800000.0,2300000.0,10400000.0,3200000.0,20700000.0,3.59375,6.46875,0.5555555555555556,0
,,5.0,Graduate,No,7900000,0.0,7900000.0,17700000.0,24.0,,559.0,,19700000.0,2800000.0,28900000.0,5400000.0,56800000.0,2.240506329113924,7.189873417721519,0.31161971830985913,1
,,3.0,Not Graduate,No,2200000,0.0,2200000.0,8300000.0,216.0,,314.0,,1100000.0,900000.0,5800000.0,2000000.0,9800000.0,3.772727272727273,4.454545454545454,0.8469387755102041,0
,,0.0,Graduate,Yes,2700000,0.0,2700000.0,8400000.0,72.0,,744.0,,1200000.0,4100000.0,7500000.0,2000000.0,14800000.0,3.111111111111111,5.481481481481482,0.5675675675675675,1
,,5.0,Not Graduate,No,6800000,0.0,6800000.0,18000000.0,144.0,,690.0,,17800000.0,11800000.0,25000000.0,9300000.0,63900000.0,2.6470588235294117,9.397058823529411,0.28169014084507044,1
,,3.0,Graduate,Yes,6300000,0.0,6300000.0,23300000.0,48.0,,347.0,,18300000.0,12200000.0,21100000.0,8100000.0,59700000.0,3.6984126984126986,9.476190476190476,0.39028475711892796,1
,,5.0,Graduate,Yes,9000000,0.0,9000000.0,31400000.0,24.0,,677.0,,12000000.0,10800000.0,20700000.0,8700000.0,52200000.0,3.488888888888889,5.8,0.6015325670498084,1
,,1.0,Graduate,No,4700000,0.0,4700000.0,15700000.0,48.0,,468.0,,13300000.0,5100000.0,16200000.0,3600000.0,38200000.0,3.3404255319148937,8.127659574468085,0.4109947643979058,1
,,2.0,Not Graduate,No,8100000,0.0,8100000.0,17500000.0,48.0,,674.0,,10800000.0,12700000.0,23200000.0,9300000.0,56000000.0,2.1604938271604937,6.91358024691358,0.3125,1
,,2.0,Not Graduate,No,9000000,0.0,9000000.0,27300000.0,168.0,,353.0,,22600000.0,4400000.0,26900000.0,7200000.0,61100000.0,3.033333333333333,6.788888888888889,0.44680851063829785,0
,,4.0,Not Graduate,No,3800000,0.0,3800000.0,14100000.0,96.0,,727.0,,3900000.0,4900000.0,8200000.0,5400000.0,22400000.0,3.710526315789474,5.894736842105263,0.6294642857142857,1
,,4.0,Not Graduate,Yes,8800000,0.0,8800000.0,22200000.0,120.0,,512.0,,6800000.0,4000000.0,31900000.0,9900000.0,52600000.0,2.522727272727273,5.9772727272727275,0.4220532319391635,0
,,3.0,Not Graduate,Yes,8700000,0.0,8700000.0,27200000.0,216.0,,454.0,,9100000.0,9300000.0,30900000.0,12000000.0,61300000.0,3.1264367816091956,7.045977011494253,0.4437194127243067,0
,,5.0,Not Graduate,No,5000000,0.0,5000000.0,12400000.0,168.0,,315.0,,7400000.0,8600000.0,17000000.0,4000000.0,37000000.0,2.48,7.4,0.33513513513513515,0
,,0.0,Not Graduate,Yes,6000000,0.0,6000000.0,22700000.0,120.0,,480.0,,200000.0,11900000.0,13700000.0,8700000.0,34500000.0,3.783333333333333,5.75,0.6579710144927536,0
,,2.0,Graduate,Yes,9100000,0.0,9100000.0,24200000.0,192.0,,685.0,,25600000.0,1900000.0,31100000.0,9100000.0,67700000.0,2.659340659340659,7.43956043956044,0.35745937961595275,1
,,1.0,Graduate,No,7400000,0.0,7400000.0,17900000.0,72.0,,460.0,,2600000.0,1300000.0,25900000.0,5000000.0,34800000.0,2.418918918918919,4.702702702702703,0.514367816091954,0
,,1.0,Not Graduate,Yes,8300000,0.0,8300000.0,28400000.0,192.0,,704.0,,1400000.0,11700000.0,16900000.0,11400000.0,41400000.0,3.4216867469879517,4.9879518072289155,0.6859903381642513,1
,,1.0,Graduate,Yes,7600000,0.0,7600000.0,23900000.0,144.0,,692.0,,500000.0,12200000.0,27000000.0,5000000.0,44700000.0,3.1447368421052633,5.881578947368421,0.5346756152125279,1
,,1.0,Not Graduate,Yes,3500000,0.0,3500000.0,9600000.0,48.0,,398.0,,1700000.0,6000000.0,7900000.0,4600000.0,20200000.0,2.742857142857143,5.771428571428571,0.4752475247524752,0
,,5.0,Graduate,Yes,1000000,0.0,1000000.0,3500000.0,216.0,,882.0,,900000.0,500000.0,2900000.0,600000.0,4900000.0,3.5,4.9,0.7142857142857143,1
,,5.0,Graduate,Yes,9900000,0.0,9900000.0,25900000.0,48.0,,860.0,,7800000.0,200000.0,38000000.0,5400000.0,51400000.0,2.6161616161616164,5.191919191919192,0.5038910505836576,1
,,2.0,Graduate,Yes,5700000,0.0,5700000.0,15100000.0,216.0,,330.0,,5900000.0,3800000.0,16600000.0,6200000.0,32500000.0,2.6491228070175437,5.701754385964913,0.4646153846153846,0
,,5.0,Graduate,No,700000,0.0,700000.0,2400000.0,192.0,,447.0,,1300000.0,700000.0,2600000.0,800000.0,5400000.0,3.4285714285714284,7.714285714285714,0.4444444444444444,0
,,0.0,Not Graduate,Yes,9600000,0.0,9600000.0,23800000.0,144.0,,788.0,,9900000.0,14400000.0,21200000.0,10400000.0,55900000.0,2.4791666666666665,5.822916666666667,0.4257602862254025,1
,,1.0,Not Graduate,No,9300000,0.0,9300000.0,28900000.0,72.0,,526.0,,11100000.0,1600000.0,19700000.0,11000000.0,43400000.0,3.10752688172043,4.666666666666667,0.6658986175115207,0
,,0.0,Graduate,No,9500000,0.0,9500000.0,28400000.0,216.0,,577.0,,6200000.0,10300000.0,30200000.0,14100000.0,60800000.0,2.9894736842105263,6.4,0.46710526315789475,1
,,4.0,Graduate,Yes,8700000,0.0,8700000.0,23400000.0,192.0,,372.0,,10600000.0,11700000.0,20000000.0,8000000.0,50300000.0,2.689655172413793,5.781609195402299,0.46520874751491054,0
,,5.0,Graduate,Yes,7300000,0.0,7300000.0,21000000.0,168.0,,759.0,,15500000.0,8000000.0,20300000.0,10800000.0,54600000.0,2.8767123287671232,7.47945205479452,0.38461538461538464,1
,,3.0,Graduate,Yes,4100000,0.0,4100000.0,12700000.0,120.0,,465.0,,6400000.0,1900000.0,14100000.0,3200000.0,25600000.0,3.097560975609756,6.2439024390243905,0.49609375,0
,,2.0,Graduate,No,2900000,0.0,2900000.0,10200000.0,48.0,,789.0,,1200000.0,4100000.0,6100000.0,3600000.0,15000000.0,3.5172413793103448,5.172413793103448,0.68,1
,,3.0,Graduate,Yes,7500000,0.0,7500000.0,17900000.0,24.0,,680.0,,7000000.0,11800000.0,25000000.0,6300000.0,50100000.0,2.3866666666666667,6.68,0.35728542914171657,1
,,1.0,Graduate,No,7900000,0.0,7900000.0,25700000.0,240.0,,681.0,,14900000.0,3000000.0,18100000.0,8800000.0,44800000.0,3.2531645569620253,5.670886075949367,0.5736607142857143,1
,,1.0,Graduate,Yes,6900000,0.0,6900000.0,22300000.0,192.0,,673.0,,17400000.0,100000.0,21300000.0,9000000.0,47800000.0,3.2318840579710146,6.927536231884058,0.4665271966527197,1
,,0.0,Not Graduate,No,6900000,0.0,6900000.0,22900000.0,120.0,,313.0,,5600000.0,9300000.0,26200000.0,8000000.0,49100000.0,3.318840579710145,7.115942028985507,0.4663951120162933,0
,,0.0,Not Graduate,No,4800000,0.0,4800000.0,18800000.0,192.0,,551.0,,7900000.0,9400000.0,17300000.0,5500000.0,40100000.0,3.9166666666666665,8.354166666666666,0.4688279301745636,1
,,5.0,Graduate,Yes,7700000,0.0,7700000.0,24400000.0,96.0,,453.0,,1400000.0,7700000.0,22000000.0,10000000.0,41100000.0,3.168831168831169,5.337662337662338,0.5936739659367397,0
,,3.0,Not Graduate,No,6900000,0.0,6900000.0,22700000.0,48.0,,650.0,,900000.0,13400000.0,15500000.0,6400000.0,36200000.0,3.289855072463768,5.246376811594203,0.6270718232044199,1
,,1.0,Not Graduate,No,1200000,0.0,1200000.0,4500000.0,48.0,,439.0,,3200000.0,1800000.0,2900000.0,1200000.0,9100000.0,3.75,7.583333333333333,0.4945054945054945,1
,,1.0,Graduate,No,2900000,0.0,2900000.0,9600000.0,48.0,,658.0,,8200000.0,4300000.0,7000000.0,2700000.0,22200000.0,3.310344827586207,7.655172413793103,0.43243243243243246,1
,,4.0,Graduate,Yes,5500000,0.0,5500000.0,18900000.0,72.0,,379.0,,13900000.0,9100000.0,18500000.0,3100000.0,44600000.0,3.4363636363636365,8.10909090909091,0.42376681614349776,0
,,4.0,Graduate,Yes,3200000,0.0,3200000.0,10700000.0,48.0,,450.0,,7300000.0,3000000.0,8200000.0,1800000.0,20300000.0,3.34375,6.34375,0.5270935960591133,1
,,5.0,Not Graduate,No,2600000,0.0,2600000.0,8200000.0,48.0,,849.0,,7400000.0,2000000.0,8900000.0,2700000.0,21000000.0,3.1538461538461537,8.076923076923077,0.3904761904761905,1
,,0.0,Graduate,No,500000,0.0,500000.0,1600000.0,216.0,,865.0,,1400000.0,400000.0,1000000.0,200000.0,3000000.0,3.2,6.0,0.5333333333333333,1
,,0.0,Graduate,No,1800000,0.0,1800000.0,6900000.0,120.0,,853.0,,900000.0,400000.0,3700000.0,1700000.0,6700000.0,3.8333333333333335,3.7222222222222223,1.0298507462686568,0
,,0.0,Not Graduate,No,1300000,0.0,1300000.0,4900000.0,144.0,,555.0,,2400000.0,1200000.0,4100000.0,1700000.0,9400000.0,3.769230769230769,7.230769230769231,0.5212765957446809,1
,,1.0,Not Graduate,No,9900000,0.0,9900000.0,20700000.0,240.0,,821.0,,12700000.0,8200000.0,38100000.0,11100000.0,70100000.0,2.090909090909091,7.08080808080808,0.29529243937232524,1
,,0.0,Not Graduate,No,2000000,0.0,2000000.0,4700000.0,24.0,,820.0,,4700000.0,500000.0,7900000.0,1200000.0,14300000.0,2.35,7.15,0.32867132867132864,1
,,1.0,Not Graduate,No,5100000,0.0,5100000.0,15300000.0,48.0,,721.0,,7000000.0,6100000.0,15300000.0,5900000.0,34300000.0,3.0,6.7254901960784315,0.446064139941691,1
,,4.0,Graduate,Yes,8200000,0.0,8200000.0,24000000.0,240.0,,831.0,,23000000.0,3000000.0,24800000.0,5400000.0,56200000.0,2.926829268292683,6.853658536585366,0.42704626334519574,1
,,5.0,Not Graduate,No,4200000,0.0,4200000.0,12600000.0,216.0,,571.0,,8900000.0,3200000.0,11700000.0,6200000.0,30000000.0,3.0,7.142857142857143,0.42,1
,,2.0,Not Graduate,Yes,1300000,0.0,1300000.0,4900000.0,96.0,,582.0,,2100000.0,1800000.0,3400000.0,1700000.0,9000000.0,3.769230769230769,6.923076923076923,0.5444444444444444,1
,,1.0,Not Graduate,Yes,4600000,0.0,4600000.0,13600000.0,216.0,,487.0,,11200000.0,8500000.0,15500000.0,5400000.0,40600000.0,2.9565217391304346,8.826086956521738,0.33497536945812806,0
,,1.0,Not Graduate,No,6600000,0.0,6600000.0,19700000.0,144.0,,758.0,,16000000.0,4400000.0,18800000.0,9500000.0,48700000.0,2.984848484848485,7.378787878787879,0.40451745379876797,1
,,2.0,Graduate,Yes,8300000,0.0,8300000.0,30100000.0,192.0,,636.0,,5200000.0,5100000.0,33100000.0,7200000.0,50600000.0,3.6265060240963853,6.096385542168675,0.5948616600790514,1
,,0.0,Graduate,No,6900000,0.0,6900000.0,20700000.0,192.0,,857.0,,17100000.0,13700000.0,14600000.0,8800000.0,54200000.0,3.0,7.855072463768116,0.38191881918819187,1
,,4.0,Graduate,Yes,4700000,0.0,4700000.0,12500000.0,96.0,,678.0,,13700000.0,200000.0,9800000.0,7000000.0,30700000.0,2.6595744680851063,6.531914893617022,0.40716612377850164,1
,,1.0,Graduate,No,7900000,0.0,7900000.0,15800000.0,96.0,,551.0,,800000.0,3500000.0,18700000.0,8300000.0,31300000.0,2.0,3.962025316455696,0.5047923322683706,1
,,3.0,Not Graduate,No,8800000,0.0,8800000.0,24900000.0,192.0,,668.0,,16700000.0,17200000.0,30000000.0,10500000.0,74400000.0,2.8295454545454546,8.454545454545455,0.3346774193548387,1
,,1.0,Graduate,No,6500000,0.0,6500000.0,23400000.0,24.0,,672.0,,5000000.0,10400000.0,16700000.0,7600000.0,39700000.0,3.6,6.107692307692307,0.5894206549118388,1
,,3.0,Not Graduate,No,3500000,0.0,3500000.0,13700000.0,48.0,,439.0,,5200000.0,2800000.0,13000000.0,4400000.0,25400000.0,3.914285714285714,7.257142857142857,0.5393700787401575,1
,,2.0,Not Graduate,Yes,8200000,0.0,8200000.0,19600000.0,192.0,,636.0,,11500000.0,2300000.0,28800000.0,10700000.0,53300000.0,2.3902439024390243,6.5,0.3677298311444653,1
,,0.0,Not Graduate,Yes,2000000,0.0,2000000.0,6000000.0,168.0,,393.0,,1500000.0,1400000.0,5900000.0,2900000.0,11700000.0,3.0,5.85,0.5128205128205128,0
,,5.0,Not Graduate,No,2700000,0.0,2700000.0,8200000.0,24.0,,848.0,,7000000.0,1000000.0,6200000.0,1500000.0,15700000.0,3.037037037037037,5.814814814814815,0.5222929936305732,1
,,0.0,Graduate,Yes,5300000,0.0,5300000.0,17600000.0,48.0,,790.0,,2000000.0,10200000.0,19700000.0,7700000.0,39600000.0,3.3207547169811322,7.471698113207547,0.4444444444444444,1
,,2.0,Not Graduate,No,9900000,0.0,9900000.0,19900000.0,72.0,,312.0,,21400000.0,2200000.0,31400000.0,11000000.0,66000000.0,2.01010101010101,6.666666666666667,0.3015151515151515,0
,,2.0,Not Graduate,Yes,5000000,0.0,5000000.0,19500000.0,168.0,,775.0,,3100000.0,4700000.0,9900000.0,6500000.0,24200000.0,3.9,4.84,0.8057851239669421,1
,,2.0,Not Graduate,No,9100000,0.0,9100000.0,18600000.0,240.0,,403.0,,18400000.0,11700000.0,20300000.0,9200000.0,59600000.0,2.043956043956044,6.549450549450549,0.31208053691275167,0
,,3.0,Not Graduate,Yes,7600000,0.0,7600000.0,26400000.0,168.0,,867.0,,9200000.0,700000.0,27900000.0,7400000.0,45200000.0,3.473684210526316,5.947368421052632,0.584070796460177,1
,,0.0,Graduate,No,5200000,0.0,5200000.0,17800000.0,216.0,,558.0,,8300000.0,5400000.0,13000000.0,3100000.0,29800000.0,3.423076923076923,5.730769230769231,0.5973154362416108,1
,,5.0,Graduate,No,1800000,0.0,1800000.0,6000000.0,48.0,,548.0,,1400000.0,2400000.0,6500000.0,2600000.0,12900000.0,3.3333333333333335,7.166666666666667,0.46511627906976744,1
,,0.0,Not Graduate,No,7300000,0.0,7300000.0,28200000.0,192.0,,486.0,,15300000.0,8800000.0,16400000.0,7700000.0,48200000.0,3.863013698630137,6.602739726027397,0.5850622406639004,0
,,4.0,Graduate,No,3200000,0.0,3200000.0,11600000.0,72.0,,635.0,,3300000.0,4600000.0,6500000.0,3900000.0,18300000.0,3.625,5.71875,0.6338797814207651,1
,,5.0,Graduate,No,5200000,0.0,5200000.0,20700000.0,24.0,,538.0,,3200000.0,2000000.0,14600000.0,3600000.0,23400000.0,3.980769230769231,4.5,0.8846153846153846,1
,,4.0,Not Graduate,No,7100000,0.0,7100000.0,28200000.0,168.0,,496.0,,6300000.0,10900000.0,27700000.0,4600000.0,49500000.0,3.971830985915493,6.971830985915493,0.5696969696969697,0
,,4.0,Graduate,Yes,1400000,0.0,1400000.0,4800000.0,72.0,,411.0,,1400000.0,300000.0,4400000.0,1600000.0,7700000.0,3.4285714285714284,5.5,0.6233766233766234,0
,,4.0,Not Graduate,No,2700000,0.0,2700000.0,10700000.0,72.0,,857.0,,7400000.0,4200000.0,8200000.0,2800000.0,22600000.0,3.962962962962963,8.37037037037037,0.47345132743362833,1
,,5.0,Graduate,Yes,6500000,0.0,6500000.0,18100000.0,120.0,,360.0,,15700000.0,10600000.0,20200000.0,6100000.0,52600000.0,2.7846153846153845,8.092307692307692,0.344106463878327,0
,,4.0,Graduate,No,9300000,0.0,9300000.0,35900000.0,216.0,,461.0,,9800000.0,12700000.0,26200000.0,11400000.0,60100000.0,3.860215053763441,6.462365591397849,0.5973377703826955,0
,,0.0,Graduate,Yes,6700000,0.0,6700000.0,14900000.0,192.0,,638.0,,3300000.0,6900000.0,22300000.0,8100000.0,40600000.0,2.2238805970149254,6.059701492537314,0.3669950738916256,1
,,5.0,Graduate,No,6800000,0.0,6800000.0,19300000.0,72.0,,865.0,,12100000.0,100000.0,22900000.0,9000000.0,44100000.0,2.838235294117647,6.485294117647059,0.4376417233560091,1
,,5.0,Not Graduate,No,5600000,0.0,5600000.0,13600000.0,48.0,,449.0,,5900000.0,5700000.0,18800000.0,4300000.0,34700000.0,2.4285714285714284,6.196428571428571,0.3919308357348703,0
,,1.0,Not Graduate,Yes,1900000,0.0,1900000.0,4700000.0,24.0,,870.0,,4700000.0,2300000.0,3900000.0,2300000.0,13200000.0,2.473684210526316,6.947368421052632,0.3560606060606061,1
,,5.0,Not Graduate,No,8400000,0.0,8400000.0,19500000.0,72.0,,815.0,,5300000.0,2500000.0,24000000.0,7200000.0,39000000.0,2.3214285714285716,4.642857142857143,0.5,1
,,2.0,Not Graduate,Yes,2500000,0.0,2500000.0,7200000.0,192.0,,454.0,,4200000.0,1000000.0,7100000.0,2100000.0,14400000.0,2.88,5.76,0.5,0
,,1.0,Not Graduate,Yes,2900000,0.0,2900000.0,9900000.0,216.0,,783.0,,1300000.0,100000.0,11000000.0,2600000.0,15000000.0,3.413793103448276,5.172413793103448,0.66,1
,,3.0,Graduate,Yes,3200000,0.0,3200000.0,7400000.0,24.0,,543.0,,3600000.0,4500000.0,11200000.0,4600000.0,23900000.0,2.3125,7.46875,0.30962343096234307,0
,,4.0,Not Graduate,Yes,3000000,0.0,3000000.0,10900000.0,24.0,,786.0,,7600000.0,3300000.0,8000000.0,3200000.0,22100000.0,3.6333333333333333,7.366666666666666,0.49321266968325794,1
,,3.0,Graduate,Yes,800000,0.0,800000.0,2500000.0,240.0,,395.0,,1500000.0,300000.0,1600000.0,500000.0,3900000.0,3.125,4.875,0.6410256410256411,0
,,2.0,Not Graduate,Yes,400000,0.0,400000.0,1300000.0,24.0,,885.0,,200000.0,300000.0,1100000.0,500000.0,2100000.0,3.25,5.25,0.6190476190476191,1
,,2.0,Not Graduate,No,4400000,0.0,4400000.0,10600000.0,240.0,,488.0,,10800000.0,2400000.0,13200000.0,4600000.0,31000000.0,2.409090909090909,7.045454545454546,0.3419354838709677,0
,,2.0,Not Graduate,Yes,8700000,0.0,8700000.0,19900000.0,120.0,,829.0,,7500000.0,10500000.0,20200000.0,8400000.0,46600000.0,2.2873563218390807,5.35632183908046,0.4270386266094421,1
,,4.0,Not Graduate,No,7400000,0.0,7400000.0,15400000.0,72.0,,677.0,,22000000.0,13500000.0,28900000.0,7400000.0,71800000.0,2.081081081081081,9.702702702702704,0.21448467966573817,1
,,4.0,Not Graduate,Yes,5700000,0.0,5700000.0,14400000.0,144.0,,645.0,,14500000.0,8600000.0,12900000.0,4700000.0,40700000.0,2.526315789473684,7.140350877192983,0.3538083538083538,1
,,5.0,Not Graduate,Yes,9700000,0.0,9700000.0,27600000.0,120.0,,788.0,,9400000.0,3100000.0,31800000.0,10600000.0,54900000.0,2.845360824742268,5.65979381443299,0.5027322404371585,1
,,2.0,Not Graduate,No,7000000,0.0,7000000.0,22400000.0,72.0,,649.0,,12200000.0,9900000.0,17800000.0,8900000.0,48800000.0,3.2,6.9714285714285715,0.45901639344262296,1
,,2.0,Not Graduate,No,8900000,0.0,8900000.0,23100000.0,48.0,,519.0,,22800000.0,500000.0,25200000.0,4700000.0,53200000.0,2.595505617977528,5.977528089887641,0.4342105263157895,0
,,3.0,Graduate,Yes,3100000,0.0,3100000.0,11200000.0,168.0,,772.0,,3400000.0,5800000.0,8300000.0,2100000.0,19600000.0,3.6129032258064515,6.32258064516129,0.5714285714285714,1
,,4.0,Graduate,No,2200000,0.0,2200000.0,6100000.0,144.0,,330.0,,5500000.0,2900000.0,5000000.0,2200000.0,15600000.0,2.772727272727273,7.090909090909091,0.391025641025641,0
,,5.0,Not Graduate,Yes,7100000,0.0,7100000.0,21500000.0,48.0,,557.0,,8900000.0,8000000.0,26400000.0,4000000.0,47300000.0,3.028169014084507,6.661971830985915,0.45454545454545453,1
,,4.0,Graduate,Yes,8200000,0.0,8200000.0,19000000.0,72.0,,334.0,,24500000.0,6800000.0,28600000.0,10200000.0,70100000.0,2.317073170731707,8.548780487804878,0.2710413694721826,0
,,3.0,Graduate,Yes,9800000,0.0,9800000.0,28400000.0,144.0,,487.0,,8900000.0,15400000.0,30800000.0,11100000.0,66200000.0,2.8979591836734695,6.755102040816326,0.42900302114803623,0
,,2.0,Graduate,Yes,3900000,0.0,3900000.0,9700000.0,96.0,,539.0,,4400000.0,7600000.0,7900000.0,5100000.0,25000000.0,2.4871794871794872,6.410256410256411,0.388,0
,,2.0,Graduate,Yes,2200000,0.0,2200000.0,8100000.0,96.0,,710.0,,500000.0,2900000.0,7300000.0,1000000.0,11700000.0,3.6818181818181817,5.318181818181818,0.6923076923076923,1
,,5.0,Not Graduate,Yes,600000,0.0,600000.0,1700000.0,240.0,,879.0,,1100000.0,100000.0,2300000.0,700000.0,4200000.0,2.8333333333333335,7.0,0.40476190476190477,1
,,4.0,Not Graduate,Yes,6900000,0.0,6900000.0,22000000.0,120.0,,512.0,,6100000.0,9100000.0,20600000.0,3900000.0,39700000.0,3.1884057971014492,5.753623188405797,0.5541561712846348,0
,,2.0,Graduate,Yes,7400000,0.0,7400000.0,27300000.0,216.0,,561.0,,12600000.0,400000.0,27100000.0,9600000.0,49700000.0,3.689189189189189,6.716216216216216,0.5492957746478874,1
,,3.0,Not Graduate,Yes,4000000,0.0,4000000.0,11600000.0,72.0,,539.0,,5900000.0,2600000.0,12100000.0,4700000.0,25300000.0,2.9,6.325,0.45849802371541504,0
,,3.0,Not Graduate,Yes,700000,0.0,700000.0,2000000.0,216.0,,544.0,,800000.0,1300000.0,1500000.0,400000.0,4000000.0,2.857142857142857,5.714285714285714,0.5,0
,,2.0,Not Graduate,Yes,1900000,0.0,1900000.0,4600000.0,192.0,,631.0,,3200000.0,2700000.0,4500000.0,2700000.0,13100000.0,2.4210526315789473,6.894736842105263,0.3511450381679389,1
,,2.0,Graduate,No,2200000,0.0,2200000.0,6800000.0,240.0,,546.0,,4600000.0,200000.0,4500000.0,2200000.0,11500000.0,3.090909090909091,5.2272727272727275,0.591304347826087,0
,,1.0,Graduate,Yes,2000000,0.0,2000000.0,5600000.0,168.0,,569.0,,5000000.0,1100000.0,7900000.0,1600000.0,15600000.0,2.8,7.8,0.358974358974359,1
,,4.0,Not Graduate,No,7400000,0.0,7400000.0,17900000.0,72.0,,384.0,,13400000.0,12300000.0,22400000.0,4700000.0,52800000.0,2.418918918918919,7.135135135135135,0.3390151515151515,0
,,2.0,Not Graduate,Yes,2300000,0.0,2300000.0,9000000.0,72.0,,583.0,,3600000.0,1300000.0,6900000.0,3400000.0,15200000.0,3.9130434782608696,6.608695652173913,0.5921052631578947,1
,,5.0,Not Graduate,Yes,4000000,0.0,4000000.0,15500000.0,144.0,,517.0,,0.0,600000.0,12100000.0,3500000.0,16200000.0,3.875,4.05,0.9567901234567902,0
,,3.0,Graduate,Yes,1500000,0.0,1500000.0,5800000.0,216.0,,420.0,,800000.0,1900000.0,4100000.0,1400000.0,8200000.0,3.8666666666666667,5.466666666666667,0.7073170731707317,0
,,2.0,Not Graduate,Yes,5200000,0.0,5200000.0,12900000.0,216.0,,644.0,,400000.0,5000000.0,12000000.0,7500000.0,24900000.0,2.480769230769231,4.788461538461538,0.5180722891566265,1
,,2.0,Graduate,No,5400000,0.0,5400000.0,14500000.0,96.0,,349.0,,10800000.0,4800000.0,21100000.0,6600000.0,43300000.0,2.685185185185185,8.018518518518519,0.3348729792147806,0
,,3.0,Graduate,No,7700000,0.0,7700000.0,25300000.0,216.0,,662.0,,3400000.0,11400000.0,19100000.0,9900000.0,43800000.0,3.2857142857142856,5.688311688311688,0.5776255707762558,1
,,0.0,Not Graduate,Yes,1900000,0.0,1900000.0,6400000.0,240.0,,704.0,,900000.0,3400000.0,5300000.0,1900000.0,11500000.0,3.3684210526315788,6.052631578947368,0.5565217391304348,1
,,4.0,Not Graduate,Yes,6400000,0.0,6400000.0,15500000.0,24.0,,324.0,,18400000.0,11100000.0,13900000.0,4500000.0,47900000.0,2.421875,7.484375,0.3235908141962422,0
,,5.0,Graduate,No,700000,0.0,700000.0,1700000.0,216.0,,757.0,,1900000.0,200000.0,2100000.0,600000.0,4800000.0,2.4285714285714284,6.857142857142857,0.3541666666666667,1
,,3.0,Graduate,Yes,5800000,0.0,5800000.0,23000000.0,192.0,,361.0,,6000000.0,10100000.0,23000000.0,2800000.0,41900000.0,3.9655172413793105,7.224137931034483,0.548926014319809,0
,,1.0,Graduate,No,1800000,0.0,1800000.0,5400000.0,48.0,,415.0,,4400000.0,2000000.0,5600000.0,1800000.0,13800000.0,3.0,7.666666666666667,0.391304347826087,1
,,5.0,Graduate,Yes,4300000,0.0,4300000.0,13800000.0,216.0,,618.0,,9600000.0,800000.0,14000000.0,2400000.0,26800000.0,3.2093023255813953,6.232558139534884,0.5149253731343284,1
,,4.0,Graduate,No,8000000,0.0,8000000.0,27100000.0,96.0,,524.0,,16900000.0,10900000.0,25600000.0,8400000.0,61800000.0,3.3875,7.725,0.43851132686084143,0
,,0.0,Not Graduate,No,1100000,0.0,1100000.0,4100000.0,216.0,,887.0,,400000.0,1300000.0,2600000.0,1300000.0,5600000.0,3.727272727272727,5.090909090909091,0.7321428571428571,1
,,2.0,Not Graduate,Yes,8800000,0.0,8800000.0,31100000.0,144.0,,729.0,,12300000.0,2400000.0,21900000.0,9400000.0,46000000.0,3.534090909090909,5.2272727272727275,0.6760869565217391,1
,,4.0,Graduate,No,4800000,0.0,4800000.0,18600000.0,168.0,,774.0,,10800000.0,5800000.0,12700000.0,6500000.0,35800000.0,3.875,7.458333333333333,0.5195530726256983,1
,,0.0,Not Graduate,Yes,200000,0.0,200000.0,700000.0,240.0,,724.0,,600000.0,0.0,500000.0,300000.0,1400000.0,3.5,7.0,0.5,1
,,5.0,Graduate,Yes,1400000,0.0,1400000.0,2700000.0,192.0,,320.0,,900000.0,2500000.0,2700000.0,2000000.0,8100000.0,1.9285714285714286,5.785714285714286,0.3333333333333333,0
,,5.0,Graduate,No,2500000,0.0,2500000.0,6400000.0,192.0,,590.0,,3200000.0,3900000.0,5800000.0,3500000.0,16400000.0,2.56,6.56,0.3902439024390244,1
,,5.0,Graduate,No,8100000,0.0,8100000.0,25300000.0,96.0,,796.0,,15900000.0,12600000.0,21500000.0,7800000.0,57800000.0,3.123456790123457,7.135802469135802,0.43771626297577854,1
,,0.0,Graduate,Yes,6100000,0.0,6100000.0,19200000.0,72.0,,890.0,,13900000.0,5900000.0,16700000.0,7600000.0,44100000.0,3.1475409836065573,7.229508196721311,0.43537414965986393,1
,,0.0,Not Graduate,Yes,2000000,0.0,2000000.0,4600000.0,192.0,,651.0,,2100000.0,2400000.0,7200000.0,1600000.0,13300000.0,2.3,6.65,0.3458646616541353,1
,,4.0,Not Graduate,No,4800000,0.0,4800000.0,10100000.0,144.0,,634.0,,9200000.0,300000.0,15000000.0,6900000.0,31400000.0,2.1041666666666665,6.541666666666667,0.321656050955414,1
,,4.0,Graduate,Yes,900000,0.0,900000.0,2800000.0,24.0,,660.0,,1200000.0,1400000.0,2400000.0,900000.0,5900000.0,3.111111111111111,6.555555555555555,0.4745762711864407,1
,,4.0,Not Graduate,No,1300000,0.0,1300000.0,3500000.0,144.0,,512.0,,3300000.0,1400000.0,3200000.0,700000.0,8600000.0,2.6923076923076925,6.615384615384615,0.4069767441860465,0
,,4.0,Not Graduate,Yes,4200000,0.0,4200000.0,9100000.0,24.0,,900.0,,6700000.0,5300000.0,10900000.0,5900000.0,28800000.0,2.1666666666666665,6.857142857142857,0.3159722222222222,1
,,2.0,Graduate,Yes,3300000,0.0,3300000.0,11100000.0,240.0,,823.0,,4600000.0,1500000.0,11700000.0,2900000.0,20700000.0,3.3636363636363638,6.2727272727272725,0.5362318840579711,1
,,2.0,Not Graduate,Yes,8700000,0.0,8700000.0,28400000.0,144.0,,880.0,,8000000.0,1800000.0,19400000.0,4400000.0,33600000.0,3.264367816091954,3.8620689655172415,0.8452380952380952,1
,,1.0,Not Graduate,Yes,800000,0.0,800000.0,2600000.0,24.0,,439.0,,600000.0,0.0,1800000.0,400000.0,2800000.0,3.25,3.5,0.9285714285714286,1
,,5.0,Graduate,Yes,7400000,0.0,7400000.0,17100000.0,24.0,,441.0,,14700000.0,1600000.0,20600000.0,10800000.0,47700000.0,2.310810810810811,6.445945945945946,0.3584905660377358,0
,,3.0,Not Graduate,No,6900000,0.0,6900000.0,18500000.0,72.0,,360.0,,14000000.0,0.0,18800000.0,9600000.0,42400000.0,2.681159420289855,6.144927536231884,0.4363207547169811,0
,,1.0,Graduate,Yes,8800000,0.0,8800000.0,33700000.0,168.0,,561.0,,10200000.0,7100000.0,25700000.0,11900000.0,54900000.0,3.8295454545454546,6.238636363636363,0.6138433515482696,1
,,2.0,Graduate,Yes,8600000,0.0,8600000.0,32500000.0,48.0,,758.0,,20900000.0,600000.0,18000000.0,6900000.0,46400000.0,3.7790697674418605,5.395348837209302,0.7004310344827587,1
,,2.0,Graduate,No,5400000,0.0,5400000.0,20600000.0,216.0,,621.0,,11200000.0,2200000.0,11600000.0,5500000.0,30500000.0,3.814814814814815,5.648148148148148,0.6754098360655738,1
,,4.0,Graduate,Yes,2900000,0.0,2900000.0,5900000.0,216.0,,621.0,,200000.0,3100000.0,8500000.0,3500000.0,15300000.0,2.0344827586206895,5.275862068965517,0.38562091503267976,1
,,3.0,Graduate,No,9800000,0.0,9800000.0,21000000.0,144.0,,342.0,,25400000.0,16600000.0,26900000.0,7000000.0,75900000.0,2.142857142857143,7.744897959183674,0.2766798418972332,0
,,4.0,Graduate,No,3300000,0.0,3300000.0,10800000.0,48.0,,552.0,,4200000.0,900000.0,8600000.0,3300000.0,17000000.0,3.272727272727273,5.151515151515151,0.6352941176470588,1
,,0.0,Not Graduate,No,300000,0.0,300000.0,500000.0,216.0,,376.0,,300000.0,0.0,800000.0,300000.0,1400000.0,1.6666666666666667,4.666666666666667,0.35714285714285715,0
,,0.0,Graduate,No,1500000,0.0,1500000.0,4300000.0,144.0,,801.0,,4400000.0,2200000.0,3300000.0,1100000.0,11000000.0,2.8666666666666667,7.333333333333333,0.39090909090909093,1
,,3.0,Not Graduate,Yes,5400000,0.0,5400000.0,16300000.0,48.0,,512.0,,1600000.0,3400000.0,13100000.0,6000000.0,24100000.0,3.0185185185185186,4.462962962962963,0.6763485477178424,1
,,0.0,Graduate,No,6600000,0.0,6600000.0,15200000.0,216.0,,497.0,,1500000.0,6900000.0,14500000.0,9300000.0,32200000.0,2.303030303030303,4.878787878787879,0.4720496894409938,0
,,0.0,Graduate,No,5700000,0.0,5700000.0,17200000.0,96.0,,386.0,,4200000.0,7100000.0,14400000.0,2900000.0,28600000.0,3.017543859649123,5.017543859649122,0.6013986013986014,0
,,3.0,Not Graduate,Yes,8500000,0.0,8500000.0,26100000.0,24.0,,683.0,,6600000.0,10400000.0,24100000.0,5700000.0,46800000.0,3.070588235294118,5.5058823529411764,0.5576923076923077,1
,,0.0,Graduate,No,7400000,0.0,7400000.0,24100000.0,192.0,,779.0,,800000.0,2900000.0,28900000.0,4900000.0,37500000.0,3.2567567567567566,5.0675675675675675,0.6426666666666667,1
,,3.0,Not Graduate,Yes,7800000,0.0,7800000.0,17700000.0,72.0,,876.0,,15600000.0,15200000.0,25100000.0,10800000.0,66700000.0,2.269230769230769,8.551282051282051,0.2653673163418291,1
,,3.0,Graduate,Yes,7200000,0.0,7200000.0,16500000.0,216.0,,515.0,,7800000.0,6300000.0,17300000.0,10600000.0,42000000.0,2.2916666666666665,5.833333333333333,0.39285714285714285,0
,,2.0,Not Graduate,No,7600000,0.0,7600000.0,19300000.0,144.0,,463.0,,5400000.0,1500000.0,16000000.0,9600000.0,32500000.0,2.539473684210526,4.276315789473684,0.5938461538461538,0
,,4.0,Not Graduate,Yes,7000000,0.0,7000000.0,26700000.0,48.0,,486.0,,10600000.0,12200000.0,18800000.0,6000000.0,47600000.0,3.8142857142857145,6.8,0.5609243697478992,1
,,0.0,Not Graduate,No,5700000,0.0,5700000.0,13000000.0,72.0,,328.0,,7800000.0,7500000.0,20700000.0,8200000.0,44200000.0,2.280701754385965,7.754385964912281,0.29411764705882354,0
,,2.0,Not Graduate,No,8200000,0.0,8200000.0,30600000.0,120.0,,343.0,,9800000.0,11500000.0,16900000.0,7000000.0,45200000.0,3.731707317073171,5.512195121951219,0.6769911504424779,0
,,0.0,Graduate,Yes,9000000,0.0,9000000.0,27800000.0,96.0,,712.0,,900000.0,6700000.0,24400000.0,5800000.0,37800000.0,3.088888888888889,4.2,0.7354497354497355,1
,,3.0,Not Graduate,No,3900000,0.0,3900000.0,11900000.0,72.0,,607.0,,6600000.0,6000000.0,8800000.0,2000000.0,23400000.0,3.051282051282051,6.0,0.5085470085470085,1
,,0.0,Graduate,No,6500000,0.0,6500000.0,16200000.0,48.0,,812.0,,17200000.0,10700000.0,20200000.0,6200000.0,54300000.0,2.4923076923076923,8.353846153846154,0.2983425414364641,1
,,4.0,Not Graduate,Yes,2300000,0.0,2300000.0,7700000.0,192.0,,589.0,,6000000.0,4400000.0,6300000.0,2300000.0,19000000.0,3.347826086956522,8.26086956521739,0.4052631578947368,1
,,1.0,Not Graduate,No,5700000,0.0,5700000.0,21800000.0,216.0,,657.0,,14100000.0,3200000.0,21800000.0,3200000.0,42300000.0,3.824561403508772,7.421052631578948,0.5153664302600472,1
,,4.0,Not Graduate,No,800000,0.0,800000.0,2800000.0,144.0,,453.0,,1500000.0,300000.0,2900000.0,600000.0,5300000.0,3.5,6.625,0.5283018867924528,0
,,4.0,Not Graduate,Yes,8400000,0.0,8400000.0,19700000.0,168.0,,889.0,,22400000.0,5800000.0,22000000.0,12100000.0,62300000.0,2.3452380952380953,7.416666666666667,0.3162118780096308,1
,,1.0,Graduate,Yes,4300000,0.0,4300000.0,17200000.0,48.0,,564.0,,10400000.0,6600000.0,11500000.0,2200000.0,30700000.0,4.0,7.1395348837209305,0.5602605863192183,1
,,1.0,Not Graduate,Yes,300000,0.0,300000.0,900000.0,240.0,,419.0,,800000.0,0.0,600000.0,300000.0,1700000.0,3.0,5.666666666666667,0.5294117647058824,0
,,1.0,Graduate,No,8700000,0.0,8700000.0,34000000.0,192.0,,663.0,,5400000.0,10700000.0,17800000.0,8100000.0,42000000.0,3.9080459770114944,4.827586206896552,0.8095238095238095,1
,,1.0,Not Graduate,No,4400000,0.0,4400000.0,12100000.0,48.0,,884.0,,9800000.0,6500000.0,15000000.0,6000000.0,37300000.0,2.75,8.477272727272727,0.32439678284182305,1
,,1.0,Graduate,Yes,5600000,0.0,5600000.0,16800000.0,192.0,,528.0,,7500000.0,6500000.0,12300000.0,3900000.0,30200000.0,3.0,5.392857142857143,0.5562913907284768,0
,,2.0,Graduate,No,600000,0.0,600000.0,1300000.0,144.0,,475.0,,100000.0,1100000.0,2300000.0,600000.0,4100000.0,2.1666666666666665,6.833333333333333,0.3170731707317073,0
,,4.0,Not Graduate,Yes,2500000,0.0,2500000.0,5100000.0,240.0,,695.0,,1100000.0,4100000.0,6700000.0,3500000.0,15400000.0,2.04,6.16,0.33116883116883117,1
,,5.0,Not Graduate,No,3800000,0.0,3800000.0,10500000.0,120.0,,759.0,,1800000.0,6700000.0,8100000.0,5300000.0,21900000.0,2.763157894736842,5.7631578947368425,0.4794520547945205,1
,,2.0,Not Graduate,No,2500000,0.0,2500000.0,9600000.0,48.0,,636.0,,900000.0,1000000.0,7300000.0,2000000.0,11200000.0,3.84,4.48,0.8571428571428571,1
,,3.0,Not Graduate,Yes,5500000,0.0,5500000.0,20400000.0,120.0,,546.0,,10600000.0,8200000.0,13500000.0,4000000.0,36300000.0,3.709090909090909,6.6,0.5619834710743802,0
,,5.0,Graduate,Yes,4500000,0.0,4500000.0,17100000.0,24.0,,639.0,,10600000.0,7500000.0,12000000.0,6500000.0,36600000.0,3.8,8.133333333333333,0.4672131147540984,1
,,4.0,Not Graduate,No,1900000,0.0,1900000.0,4000000.0,120.0,,388.0,,500000.0,1400000.0,5600000.0,900000.0,8400000.0,2.1052631578947367,4.421052631578948,0.47619047619047616,0
,,5.0,Graduate,Yes,6400000,0.0,6400000.0,20000000.0,144.0,,594.0,,100000.0,2100000.0,16500000.0,5500000.0,24200000.0,3.125,3.78125,0.8264462809917356,1
,,1.0,Not Graduate,Yes,3800000,0.0,3800000.0,11100000.0,72.0,,760.0,,2100000.0,1800000.0,8700000.0,5700000.0,18300000.0,2.9210526315789473,4.815789473684211,0.6065573770491803,1
,,4.0,Not Graduate,Yes,6300000,0.0,6300000.0,16900000.0,192.0,,582.0,,16000000.0,3600000.0,23700000.0,6000000.0,49300000.0,2.6825396825396823,7.825396825396825,0.34279918864097364,1
,,3.0,Not Graduate,No,300000,0.0,300000.0,600000.0,72.0,,896.0,,300000.0,400000.0,600000.0,400000.0,1700000.0,2.0,5.666666666666667,0.35294117647058826,1
,,5.0,Not Graduate,Yes,7100000,0.0,7100000.0,21800000.0,216.0,,891.0,,7000000.0,0.0,18900000.0,4700000.0,30600000.0,3.0704225352112675,4.309859154929577,0.7124183006535948,1
,,2.0,Not Graduate,Yes,600000,0.0,600000.0,1700000.0,24.0,,495.0,,1700000.0,200000.0,1200000.0,500000.0,3600000.0,2.8333333333333335,6.0,0.4722222222222222,0
,,3.0,Graduate,Yes,4400000,0.0,4400000.0,15300000.0,192.0,,865.0,,1200000.0,8400000.0,15000000.0,3400000.0,28000000.0,3.477272727272727,6.363636363636363,0.5464285714285714,1
,,4.0,Not Graduate,No,7600000,0.0,7600000.0,20800000.0,144.0,,775.0,,1900000.0,13600000.0,19200000.0,6400000.0,41100000.0,2.736842105263158,5.407894736842105,0.5060827250608273,1
,,5.0,Graduate,Yes,8700000,0.0,8700000.0,26400000.0,120.0,,318.0,,11800000.0,2900000.0,23200000.0,9200000.0,47100000.0,3.0344827586206895,5.413793103448276,0.5605095541401274,0
,,3.0,Graduate,Yes,5600000,0.0,5600000.0,12700000.0,144.0,,395.0,,8200000.0,9300000.0,22000000.0,6400000.0,45900000.0,2.267857142857143,8.196428571428571,0.2766884531590414,0
,,4.0,Not Graduate,No,4100000,0.0,4100000.0,13100000.0,168.0,,772.0,,11200000.0,4200000.0,10500000.0,3800000.0,29700000.0,3.1951219512195124,7.2439024390243905,0.44107744107744107,1
,,2.0,Not Graduate,Yes,7900000,0.0,7900000.0,16100000.0,216.0,,318.0,,17300000.0,2900000.0,29900000.0,9300000.0,59400000.0,2.037974683544304,7.518987341772152,0.27104377104377103,0
,,3.0,Not Graduate,Yes,5600000,0.0,5600000.0,20900000.0,168.0,,649.0,,4000000.0,10700000.0,13000000.0,8200000.0,35900000.0,3.732142857142857,6.410714285714286,0.5821727019498607,1
,,3.0,Not Graduate,No,1200000,0.0,1200000.0,3100000.0,120.0,,438.0,,1500000.0,2200000.0,3900000.0,1000000.0,8600000.0,2.5833333333333335,7.166666666666667,0.36046511627906974,0
,,5.0,Graduate,No,6900000,0.0,6900000.0,19700000.0,72.0,,588.0,,9800000.0,7500000.0,17100000.0,7300000.0,41700000.0,2.8550724637681157,6.043478260869565,0.4724220623501199,1
,,5.0,Not Graduate,No,2700000,0.0,2700000.0,5600000.0,24.0,,815.0,,1100000.0,2000000.0,7100000.0,2600000.0,12800000.0,2.074074074074074,4.7407407407407405,0.4375,1
,,4.0,Graduate,Yes,9800000,0.0,9800000.0,22100000.0,48.0,,364.0,,16800000.0,11100000.0,26500000.0,7300000.0,61700000.0,2.2551020408163267,6.295918367346939,0.3581847649918963,0
,,2.0,Not Graduate,No,9300000,0.0,9300000.0,32300000.0,48.0,,586.0,,14300000.0,6400000.0,37000000.0,10400000.0,68100000.0,3.4731182795698925,7.32258064516129,0.47430249632892807,1
,,4.0,Not Graduate,No,6700000,0.0,6700000.0,25300000.0,144.0,,555.0,,16900000.0,3600000.0,23500000.0,4900000.0,48900000.0,3.7761194029850746,7.298507462686567,0.5173824130879345,1
,,4.0,Graduate,No,1300000,0.0,1300000.0,4600000.0,120.0,,312.0,,1800000.0,600000.0,3100000.0,800000.0,6300000.0,3.5384615384615383,4.846153846153846,0.7301587301587301,0
,,2.0,Graduate,Yes,7900000,0.0,7900000.0,17100000.0,192.0,,605.0,,19200000.0,14100000.0,21900000.0,10400000.0,65600000.0,2.1645569620253164,8.30379746835443,0.2606707317073171,1
,,5.0,Not Graduate,No,6700000,0.0,6700000.0,23200000.0,216.0,,672.0,,1600000.0,6700000.0,20800000.0,5400000.0,34500000.0,3.462686567164179,5.149253731343284,0.672463768115942,1
,,2.0,Not Graduate,Yes,2100000,0.0,2100000.0,4500000.0,216.0,,591.0,,2500000.0,500000.0,5500000.0,1500000.0,10000000.0,2.142857142857143,4.761904761904762,0.45,1
,,4.0,Graduate,Yes,4700000,0.0,4700000.0,11000000.0,48.0,,321.0,,10100000.0,100000.0,9600000.0,6900000.0,26700000.0,2.3404255319148937,5.680851063829787,0.41198501872659177,0
,,2.0,Graduate,No,3700000,0.0,3700000.0,13400000.0,192.0,,393.0,,6400000.0,600000.0,14200000.0,3500000.0,24700000.0,3.6216216216216215,6.675675675675675,0.5425101214574899,0
,,0.0,Graduate,Yes,5800000,0.0,5800000.0,21800000.0,24.0,,561.0,,4400000.0,7200000.0,15000000.0,4200000.0,30800000.0,3.7586206896551726,5.310344827586207,0.7077922077922078,1
,,5.0,Graduate,Yes,2400000,0.0,2400000.0,6900000.0,240.0,,725.0,,1700000.0,400000.0,8800000.0,2400000.0,13300000.0,2.875,5.541666666666667,0.518796992481203,1
,,1.0,Not Graduate,Yes,8100000,0.0,8100000.0,27600000.0,192.0,,438.0,,1000000.0,10500000.0,32200000.0,8000000.0,51700000.0,3.4074074074074074,6.382716049382716,0.5338491295938105,0
,,5.0,Graduate,Yes,5400000,0.0,5400000.0,21400000.0,144.0,,399.0,,4000000.0,9700000.0,12400000.0,6800000.0,32900000.0,3.962962962962963,6.092592592592593,0.6504559270516718,0
,,0.0,Graduate,No,1400000,0.0,1400000.0,5400000.0,96.0,,592.0,,4100000.0,400000.0,4300000.0,800000.0,9600000.0,3.857142857142857,6.857142857142857,0.5625,1
,,2.0,Not Graduate,No,2500000,0.0,2500000.0,8600000.0,96.0,,835.0,,2500000.0,4000000.0,7700000.0,1300000.0,15500000.0,3.44,6.2,0.5548387096774193,1
,,0.0,Not Graduate,Yes,1600000,0.0,1600000.0,5300000.0,48.0,,733.0,,400000.0,2100000.0,5500000.0,1100000.0,9100000.0,3.3125,5.6875,0.5824175824175825,1
,,0.0,Not Graduate,No,3700000,0.0,3700000.0,10600000.0,240.0,,484.0,,5800000.0,1300000.0,13900000.0,3500000.0,24500000.0,2.864864864864865,6.621621621621622,0.4326530612244898,0
,,5.0,Not Graduate,Yes,500000,0.0,500000.0,1800000.0,240.0,,615.0,,500000.0,700000.0,1100000.0,300000.0,2600000.0,3.6,5.2,0.6923076923076923,1
,,3.0,Not Graduate,Yes,5300000,0.0,5300000.0,19500000.0,48.0,,591.0,,13200000.0,4700000.0,19800000.0,7900000.0,45600000.0,3.6792452830188678,8.60377358490566,0.4276315789473684,1
,,0.0,Graduate,Yes,2800000,0.0,2800000.0,6800000.0,144.0,,349.0,,4100000.0,2000000.0,11100000.0,1400000.0,18600000.0,2.4285714285714284,6.642857142857143,0.3655913978494624,0
,,1.0,Graduate,Yes,9600000,0.0,9600000.0,29900000.0,216.0,,478.0,,18500000.0,15200000.0,38200000.0,9400000.0,81300000.0,3.1145833333333335,8.46875,0.3677736777367774,0
,,4.0,Graduate,No,2200000,0.0,2200000.0,7800000.0,240.0,,633.0,,0.0,3900000.0,8400000.0,1900000.0,14200000.0,3.5454545454545454,6.454545454545454,0.5492957746478874,1
,,1.0,Not Graduate,Yes,8400000,0.0,8400000.0,30900000.0,96.0,,378.0,,18600000.0,1000000.0,25900000.0,11100000.0,56600000.0,3.6785714285714284,6.738095238095238,0.5459363957597173,0
,,1.0,Not Graduate,No,2100000,0.0,2100000.0,5300000.0,240.0,,461.0,,1500000.0,3800000.0,8100000.0,1700000.0,15100000.0,2.5238095238095237,7.190476190476191,0.3509933774834437,0
,,2.0,Not Graduate,Yes,2800000,0.0,2800000.0,7000000.0,24.0,,834.0,,500000.0,2900000.0,8100000.0,1300000.0,12800000.0,2.5,4.571428571428571,0.546875,1
,,0.0,Not Graduate,No,2500000,0.0,2500000.0,5800000.0,240.0,,671.0,,7400000.0,500000.0,7500000.0,2000000.0,17400000.0,2.32,6.96,0.3333333333333333,1
,,3.0,Graduate,Yes,1700000,0.0,1700000.0,5800000.0,120.0,,524.0,,4100000.0,2900000.0,6600000.0,800000.0,14400000.0,3.411764705882353,8.470588235294118,0.4027777777777778,0
,,3.0,Graduate,No,6100000,0.0,6100000.0,20700000.0,48.0,,816.0,,14900000.0,5400000.0,24200000.0,5900000.0,50400000.0,3.3934426229508197,8.262295081967213,0.4107142857142857,1
,,3.0,Graduate,No,4100000,0.0,4100000.0,11700000.0,120.0,,729.0,,6900000.0,6200000.0,15400000.0,2100000.0,30600000.0,2.8536585365853657,7.463414634146342,0.38235294117647056,1
,,5.0,Not Graduate,Yes,4500000,0.0,4500000.0,12700000.0,96.0,,307.0,,11000000.0,3800000.0,12600000.0,2700000.0,30100000.0,2.8222222222222224,6.688888888888889,0.4219269102990033,0
,,2.0,Graduate,Yes,5600000,0.0,5600000.0,19100000.0,96.0,,350.0,,2700000.0,1200000.0,14200000.0,4200000.0,22300000.0,3.4107142857142856,3.982142857142857,0.8565022421524664,0
,,3.0,Not Graduate,Yes,5800000,0.0,5800000.0,16600000.0,120.0,,444.0,,13300000.0,5900000.0,15000000.0,8500000.0,42700000.0,2.8620689655172415,7.362068965517241,0.38875878220140514,0
,,4.0,Not Graduate,No,8600000,0.0,8600000.0,26700000.0,120.0,,895.0,,2200000.0,8800000.0,22600000.0,6900000.0,40500000.0,3.104651162790698,4.709302325581396,0.6592592592592592,1
,,2.0,Graduate,No,2900000,0.0,2900000.0,10500000.0,240.0,,708.0,,4200000.0,600000.0,7700000.0,4300000.0,16800000.0,3.6206896551724137,5.793103448275862,0.625,1
,,2.0,Not Graduate,Yes,8300000,0.0,8300000.0,17600000.0,24.0,,355.0,,1000000.0,700000.0,28400000.0,6800000.0,36900000.0,2.1204819277108435,4.445783132530121,0.47696476964769646,0
,,5.0,Not Graduate,No,2400000,0.0,2400000.0,5100000.0,72.0,,756.0,,1500000.0,200000.0,5300000.0,3400000.0,10400000.0,2.125,4.333333333333333,0.49038461538461536,1
,,4.0,Graduate,No,5600000,0.0,5600000.0,12000000.0,48.0,,719.0,,5600000.0,2900000.0,14500000.0,3400000.0,26400000.0,2.142857142857143,4.714285714285714,0.45454545454545453,1
,,1.0,Graduate,Yes,9500000,0.0,9500000.0,35400000.0,168.0,,439.0,,400000.0,1200000.0,20200000.0,13500000.0,35300000.0,3.7263157894736842,3.7157894736842105,1.0028328611898016,0
,,4.0,Not Graduate,Yes,4900000,0.0,4900000.0,15900000.0,120.0,,668.0,,10800000.0,8300000.0,14900000.0,2800000.0,36800000.0,3.2448979591836733,7.510204081632653,0.4320652173913043,1
,,4.0,Not Graduate,Yes,5900000,0.0,5900000.0,16500000.0,24.0,,765.0,,13000000.0,9400000.0,20000000.0,3500000.0,45900000.0,2.7966101694915255,7.779661016949152,0.35947712418300654,1
,,5.0,Graduate,Yes,500000,0.0,500000.0,1500000.0,48.0,,476.0,,200000.0,200000.0,1100000.0,700000.0,2200000.0,3.0,4.4,0.6818181818181818,1
,,3.0,Graduate,No,7000000,0.0,7000000.0,21700000.0,168.0,,781.0,,5400000.0,8500000.0,19300000.0,9600000.0,42800000.0,3.1,6.114285714285714,0.5070093457943925,1
,,1.0,Not Graduate,No,3500000,0.0,3500000.0,12700000.0,48.0,,350.0,,5200000.0,6800000.0,12900000.0,1800000.0,26700000.0,3.6285714285714286,7.628571428571429,0.4756554307116105,1
,,0.0,Graduate,No,5200000,0.0,5200000.0,12200000.0,192.0,,783.0,,5000000.0,2000000.0,11400000.0,5100000.0,23500000.0,2.3461538461538463,4.519230769230769,0.5191489361702127,1
,,3.0,Graduate,Yes,6300000,0.0,6300000.0,19900000.0,144.0,,770.0,,1900000.0,2400000.0,15500000.0,3100000.0,22900000.0,3.1587301587301586,3.634920634920635,0.868995633187773,1
,,2.0,Not Graduate,No,8400000,0.0,8400000.0,28300000.0,120.0,,822.0,,1800000.0,16000000.0,33000000.0,4400000.0,55200000.0,3.369047619047619,6.571428571428571,0.5126811594202898,1
,,1.0,Not Graduate,Yes,7500000,0.0,7500000.0,22500000.0,168.0,,469.0,,12300000.0,9600000.0,16200000.0,4500000.0,42600000.0,3.0,5.68,0.528169014084507,0
,,2.0,Graduate,No,3300000,0.0,3300000.0,13000000.0,192.0,,300.0,,5500000.0,5900000.0,7400000.0,3100000.0,21900000.0,3.9393939393939394,6.636363636363637,0.593607305936073,0
,,2.0,Not Graduate,No,8800000,0.0,8800000.0,22400000.0,168.0,,692.0,,21700000.0,5100000.0,18600000.0,10900000.0,56300000.0,2.5454545454545454,6.3977272727272725,0.3978685612788632,1
,,5.0,Graduate,No,200000,0.0,200000.0,700000.0,216.0,,707.0,,0.0,100000.0,500000.0,200000.0,800000.0,3.5,4.0,0.875,1
,,5.0,Not Graduate,Yes,8000000,0.0,8000000.0,29100000.0,48.0,,658.0,,10600000.0,8600000.0,28800000.0,4600000.0,52600000.0,3.6375,6.575,0.5532319391634981,1
,,3.0,Graduate,No,1000000,0.0,1000000.0,4000000.0,72.0,,625.0,,700000.0,100000.0,2800000.0,500000.0,4100000.0,4.0,4.1,0.975609756097561,1
,,1.0,Graduate,No,9400000,0.0,9400000.0,26700000.0,120.0,,343.0,,7600000.0,2500000.0,28600000.0,13200000.0,51900000.0,2.8404255319148937,5.5212765957446805,0.5144508670520231,0
,,5.0,Graduate,No,2100000,0.0,2100000.0,7300000.0,216.0,,358.0,,3700000.0,3200000.0,7200000.0,2200000.0,16300000.0,3.4761904761904763,7.761904761904762,0.44785276073619634,0
,,4.0,Graduate,Yes,5400000,0.0,5400000.0,11500000.0,240.0,,705.0,,14600000.0,3800000.0,13500000.0,6100000.0,38000000.0,2.1296296296296298,7.037037037037037,0.3026315789473684,1
,,2.0,Graduate,Yes,4700000,0.0,4700000.0,15100000.0,96.0,,799.0,,9700000.0,2500000.0,10700000.0,4700000.0,27600000.0,3.2127659574468086,5.872340425531915,0.5471014492753623,1
,,3.0,Graduate,No,8800000,0.0,8800000.0,33700000.0,144.0,,397.0,,17300000.0,16000000.0,22200000.0,8800000.0,64300000.0,3.8295454545454546,7.306818181818182,0.5241057542768274,0
,,5.0,Graduate,No,3200000,0.0,3200000.0,12200000.0,72.0,,493.0,,7700000.0,6200000.0,6700000.0,2100000.0,22700000.0,3.8125,7.09375,0.5374449339207048,0
,,0.0,Graduate,Yes,7200000,0.0,7200000.0,21900000.0,48.0,,446.0,,17700000.0,10900000.0,24500000.0,7600000.0,60700000.0,3.0416666666666665,8.430555555555555,0.36079077429983525,1
,,2.0,Not Graduate,Yes,2500000,0.0,2500000.0,7200000.0,192.0,,315.0,,5500000.0,3300000.0,4900000.0,2800000.0,16500000.0,2.88,6.6,0.43636363636363634,0
,,5.0,Not Graduate,Yes,6900000,0.0,6900000.0,15700000.0,168.0,,887.0,,13800000.0,5300000.0,25200000.0,4500000.0,48800000.0,2.2753623188405796,7.072463768115942,0.32172131147540983,1
,,5.0,Graduate,Yes,5700000,0.0,5700000.0,20500000.0,192.0,,429.0,,2800000.0,1900000.0,22400000.0,3900000.0,31000000.0,3.5964912280701755,5.43859649122807,0.6612903225806451,0
,,4.0,Graduate,Yes,5500000,0.0,5500000.0,15100000.0,216.0,,673.0,,10500000.0,8000000.0,13900000.0,7200000.0,39600000.0,2.7454545454545456,7.2,0.3813131313131313,1
,,4.0,Not Graduate,Yes,9200000,0.0,9200000.0,29100000.0,120.0,,731.0,,14500000.0,8300000.0,35800000.0,5000000.0,63600000.0,3.1630434782608696,6.913043478260869,0.45754716981132076,1
,,5.0,Graduate,Yes,5700000,0.0,5700000.0,11500000.0,24.0,,732.0,,15800000.0,3700000.0,15600000.0,5300000.0,40400000.0,2.017543859649123,7.087719298245614,0.28465346534653463,1
,,5.0,Graduate,Yes,5000000,0.0,5000000.0,16400000.0,168.0,,525.0,,13000000.0,9100000.0,15300000.0,3300000.0,40700000.0,3.28,8.14,0.40294840294840295,0
,,4.0,Not Graduate,No,2300000,0.0,2300000.0,5500000.0,72.0,,343.0,,0.0,4100000.0,4800000.0,3200000.0,12100000.0,2.391304347826087,5.260869565217392,0.45454545454545453,0
,,0.0,Not Graduate,Yes,3000000,0.0,3000000.0,11000000.0,192.0,,331.0,,8000000.0,4500000.0,6600000.0,2400000.0,21500000.0,3.6666666666666665,7.166666666666667,0.5116279069767442,0
,,0.0,Not Graduate,No,7900000,0.0,7900000.0,26200000.0,216.0,,845.0,,14200000.0,14700000.0,27400000.0,6300000.0,62600000.0,3.3164556962025316,7.924050632911392,0.4185303514376997,1
,,2.0,Graduate,No,2000000,0.0,2000000.0,6200000.0,192.0,,696.0,,4100000.0,600000.0,5400000.0,1300000.0,11400000.0,3.1,5.7,0.543859649122807,1
,,5.0,Not Graduate,No,2700000,0.0,2700000.0,8700000.0,168.0,,772.0,,2200000.0,2800000.0,7600000.0,3700000.0,16300000.0,3.2222222222222223,6.037037037037037,0.5337423312883436,1
,,3.0,Graduate,Yes,6400000,0.0,6400000.0,15800000.0,216.0,,628.0,,6900000.0,2700000.0,24800000.0,5300000.0,39700000.0,2.46875,6.203125,0.3979848866498741,1
,,0.0,Not Graduate,Yes,8200000,0.0,8200000.0,19100000.0,24.0,,764.0,,22900000.0,8900000.0,20500000.0,4000000.0,56300000.0,2.3292682926829267,6.865853658536586,0.3392539964476021,1
,,1.0,Graduate,No,2800000,0.0,2800000.0,6900000.0,168.0,,553.0,,400000.0,4900000.0,6800000.0,4200000.0,16300000.0,2.4642857142857144,5.821428571428571,0.4233128834355828,1
,,1.0,Not Graduate,No,8900000,0.0,8900000.0,20000000.0,24.0,,653.0,,12700000.0,600000.0,17800000.0,9900000.0,41000000.0,2.247191011235955,4.606741573033708,0.4878048780487805,1
,,1.0,Not Graduate,No,5100000,0.0,5100000.0,20000000.0,48.0,,506.0,,7900000.0,8900000.0,20300000.0,6700000.0,43800000.0,3.9215686274509802,8.588235294117647,0.45662100456621,1
,,3.0,Graduate,No,2800000,0.0,2800000.0,8500000.0,240.0,,431.0,,6200000.0,1700000.0,7800000.0,2200000.0,17900000.0,3.0357142857142856,6.392857142857143,0.4748603351955307,0
,,2.0,Not Graduate,Yes,6100000,0.0,6100000.0,12300000.0,216.0,,697.0,,14100000.0,9100000.0,12600000.0,3500000.0,39300000.0,2.0163934426229506,6.442622950819672,0.31297709923664124,1
,,2.0,Not Graduate,No,8400000,0.0,8400000.0,24500000.0,72.0,,588.0,,11000000.0,1300000.0,22900000.0,10400000.0,45600000.0,2.9166666666666665,5.428571428571429,0.5372807017543859,1
,,1.0,Not Graduate,No,1600000,0.0,1600000.0,5600000.0,72.0,,846.0,,600000.0,2800000.0,4600000.0,1200000.0,9200000.0,3.5,5.75,0.6086956521739131,1
,,5.0,Graduate,No,4100000,0.0,4100000.0,11000000.0,168.0,,379.0,,6200000.0,1700000.0,8500000.0,5400000.0,21800000.0,2.682926829268293,5.317073170731708,0.5045871559633027,0
,,1.0,Not Graduate,No,300000,0.0,300000.0,700000.0,120.0,,745.0,,0.0,0.0,900000.0,100000.0,1000000.0,2.3333333333333335,3.3333333333333335,0.7,1
,,3.0,Graduate,No,9600000,0.0,9600000.0,34500000.0,240.0,,523.0,,26100000.0,2600000.0,24300000.0,5300000.0,58300000.0,3.59375,6.072916666666667,0.5917667238421955,0
,,4.0,Graduate,Yes,8300000,0.0,8300000.0,25400000.0,48.0,,624.0,,22900000.0,4000000.0,24800000.0,5400000.0,57100000.0,3.0602409638554215,6.879518072289157,0.4448336252189142,1
,,1.0,Graduate,No,4600000,0.0,4600000.0,16700000.0,192.0,,407.0,,13000000.0,6000000.0,9800000.0,2800000.0,31600000.0,3.630434782608696,6.869565217391305,0.5284810126582279,0
,,3.0,Not Graduate,Yes,5600000,0.0,5600000.0,11600000.0,144.0,,756.0,,3300000.0,1800000.0,18400000.0,7800000.0,31300000.0,2.0714285714285716,5.589285714285714,0.3706070287539936,1
,,3.0,Graduate,Yes,4100000,0.0,4100000.0,8300000.0,192.0,,351.0,,6000000.0,100000.0,11100000.0,2200000.0,19400000.0,2.024390243902439,4.7317073170731705,0.42783505154639173,0
,,3.0,Not Graduate,No,3700000,0.0,3700000.0,13400000.0,216.0,,373.0,,2800000.0,100000.0,13200000.0,2500000.0,18600000.0,3.6216216216216215,5.027027027027027,0.7204301075268817,0
,,4.0,Not Graduate,Yes,800000,0.0,800000.0,2400000.0,24.0,,461.0,,1300000.0,1300000.0,2300000.0,300000.0,5200000.0,3.0,6.5,0.46153846153846156,1
,,4.0,Graduate,No,8100000,0.0,8100000.0,28100000.0,144.0,,672.0,,5600000.0,9200000.0,17200000.0,9500000.0,41500000.0,3.4691358024691357,5.1234567901234565,0.6771084337349398,1
,,2.0,Graduate,Yes,2700000,0.0,2700000.0,9500000.0,120.0,,434.0,,2700000.0,1500000.0,8100000.0,1800000.0,14100000.0,3.5185185185185186,5.222222222222222,0.6737588652482269,0
,,2.0,Not Graduate,Yes,7000000,0.0,7000000.0,21400000.0,144.0,,541.0,,3700000.0,1300000.0,19800000.0,9600000.0,34400000.0,3.057142857142857,4.914285714285715,0.622093023255814,0
,,3.0,Not Graduate,Yes,8100000,0.0,8100000.0,29300000.0,24.0,,413.0,,8100000.0,15100000.0,25500000.0,6400000.0,55100000.0,3.617283950617284,6.802469135802469,0.5317604355716878,1
,,1.0,Graduate,No,3200000,0.0,3200000.0,7600000.0,48.0,,592.0,,3000000.0,1400000.0,8100000.0,4700000.0,17200000.0,2.375,5.375,0.4418604651162791,1
,,4.0,Not Graduate,Yes,400000,0.0,400000.0,1400000.0,120.0,,665.0,,300000.0,300000.0,1500000.0,200000.0,2300000.0,3.5,5.75,0.6086956521739131,1
,,1.0,Graduate,No,7800000,0.0,7800000.0,23900000.0,48.0,,313.0,,2600000.0,15300000.0,23000000.0,10900000.0,51800000.0,3.0641025641025643,6.641025641025641,0.4613899613899614,1
,,0.0,Not Graduate,No,5800000,0.0,5800000.0,19600000.0,168.0,,673.0,,8900000.0,10700000.0,18000000.0,7200000.0,44800000.0,3.3793103448275863,7.724137931034483,0.4375,1
,,0.0,Not Graduate,Yes,2600000,0.0,2600000.0,6000000.0,96.0,,382.0,,1700000.0,2200000.0,8200000.0,1600000.0,13700000.0,2.3076923076923075,5.269230769230769,0.43795620437956206,0
,,5.0,Not Graduate,No,5400000,0.0,5400000.0,21100000.0,144.0,,661.0,,15800000.0,10400000.0,20100000.0,5400000.0,51700000.0,3.9074074074074074,9.574074074074074,0.4081237911025145,1
,,3.0,Graduate,Yes,600000,0.0,600000.0,1700000.0,48.0,,576.0,,400000.0,100000.0,2100000.0,500000.0,3100000.0,2.8333333333333335,5.166666666666667,0.5483870967741935,1
,,1.0,Graduate,No,600000,0.0,600000.0,1200000.0,168.0,,443.0,,700000.0,1000000.0,2200000.0,800000.0,4700000.0,2.0,7.833333333333333,0.2553191489361702,0
,,5.0,Graduate,Yes,9500000,0.0,9500000.0,21700000.0,192.0,,307.0,,27500000.0,2700000.0,28500000.0,9700000.0,68400000.0,2.2842105263157895,7.2,0.3172514619883041,0
,,4.0,Graduate,Yes,1900000,0.0,1900000.0,4800000.0,144.0,,656.0,,1500000.0,1600000.0,5400000.0,1700000.0,10200000.0,2.526315789473684,5.368421052631579,0.47058823529411764,1
,,1.0,Graduate,Yes,9800000,0.0,9800000.0,21200000.0,48.0,,885.0,,18000000.0,16400000.0,37300000.0,10800000.0,82500000.0,2.163265306122449,8.418367346938776,0.25696969696969696,1
,,3.0,Graduate,No,7800000,0.0,7800000.0,16600000.0,240.0,,896.0,,12400000.0,10800000.0,30500000.0,5500000.0,59200000.0,2.128205128205128,7.589743589743589,0.28040540540540543,1
,,5.0,Not Graduate,No,4900000,0.0,4900000.0,14100000.0,24.0,,802.0,,3300000.0,7500000.0,16100000.0,2700000.0,29600000.0,2.877551020408163,6.040816326530612,0.47635135135135137,1
,,3.0,Graduate,Yes,8300000,0.0,8300000.0,22700000.0,24.0,,650.0,,3600000.0,16000000.0,18000000.0,5800000.0,43400000.0,2.7349397590361444,5.228915662650603,0.5230414746543779,1
,,4.0,Not Graduate,Yes,3900000,0.0,3900000.0,8900000.0,120.0,,665.0,,9300000.0,4000000.0,9200000.0,5300000.0,27800000.0,2.282051282051282,7.128205128205129,0.32014388489208634,1
,,2.0,Graduate,No,9000000,0.0,9000000.0,35700000.0,144.0,,339.0,,15200000.0,8400000.0,19500000.0,9000000.0,52100000.0,3.966666666666667,5.788888888888889,0.6852207293666027,0
,,1.0,Not Graduate,No,9600000,0.0,9600000.0,32400000.0,240.0,,447.0,,15400000.0,18400000.0,19800000.0,4700000.0,58300000.0,3.375,6.072916666666667,0.5557461406518011,0
,,5.0,Not Graduate,Yes,1000000,0.0,1000000.0,2400000.0,216.0,,613.0,,1600000.0,1300000.0,2600000.0,600000.0,6100000.0,2.4,6.1,0.39344262295081966,1
,,5.0,Graduate,No,2800000,0.0,2800000.0,7200000.0,192.0,,424.0,,900000.0,5000000.0,6100000.0,3200000.0,15200000.0,2.5714285714285716,5.428571428571429,0.47368421052631576,0
,,2.0,Not Graduate,No,8300000,0.0,8300000.0,20800000.0,72.0,,667.0,,19300000.0,4100000.0,25400000.0,6800000.0,55600000.0,2.5060240963855422,6.698795180722891,0.37410071942446044,1
,,4.0,Not Graduate,Yes,6900000,0.0,6900000.0,18300000.0,216.0,,715.0,,8200000.0,600000.0,15000000.0,7500000.0,31300000.0,2.652173913043478,4.536231884057971,0.5846645367412141,1
,,5.0,Not Graduate,Yes,3800000,0.0,3800000.0,9100000.0,216.0,,654.0,,9000000.0,4000000.0,10200000.0,3000000.0,26200000.0,2.3947368421052633,6.894736842105263,0.3473282442748092,1
,,2.0,Not Graduate,No,8000000,0.0,8000000.0,17800000.0,240.0,,549.0,,2400000.0,9700000.0,27400000.0,10800000.0,50300000.0,2.225,6.2875,0.3538767395626243,0
,,4.0,Graduate,Yes,9800000,0.0,9800000.0,29700000.0,48.0,,373.0,,11100000.0,5500000.0,37800000.0,10000000.0,64400000.0,3.0306122448979593,6.571428571428571,0.4611801242236025,1
,,0.0,Graduate,Yes,2900000,0.0,2900000.0,7200000.0,192.0,,332.0,,3600000.0,5700000.0,7600000.0,3600000.0,20500000.0,2.4827586206896552,7.068965517241379,0.35121951219512193,0
,,4.0,Graduate,No,7900000,0.0,7900000.0,31500000.0,240.0,,534.0,,12400000.0,8500000.0,21600000.0,6400000.0,48900000.0,3.9873417721518987,6.189873417721519,0.6441717791411042,0
,,3.0,Not Graduate,No,4600000,0.0,4600000.0,17900000.0,96.0,,396.0,,10700000.0,4000000.0,12300000.0,2600000.0,29600000.0,3.891304347826087,6.434782608695652,0.6047297297297297,0
,,2.0,Graduate,No,1000000,0.0,1000000.0,3700000.0,216.0,,892.0,,2200000.0,800000.0,3000000.0,500000.0,6500000.0,3.7,6.5,0.5692307692307692,1
,,5.0,Graduate,No,9000000,0.0,9000000.0,21300000.0,168.0,,602.0,,3400000.0,7700000.0,35400000.0,11000000.0,57500000.0,2.3666666666666667,6.388888888888889,0.37043478260869567,1
,,0.0,Graduate,Yes,9400000,0.0,9400000.0,36100000.0,120.0,,615.0,,21200000.0,3800000.0,27400000.0,9100000.0,61500000.0,3.8404255319148937,6.542553191489362,0.5869918699186992,1
,,5.0,Graduate,Yes,7400000,0.0,7400000.0,23300000.0,240.0,,482.0,,15700000.0,3600000.0,29100000.0,6800000.0,55200000.0,3.1486486486486487,7.45945945945946,0.4221014492753623,0
,,0.0,Graduate,No,6600000,0.0,6600000.0,20100000.0,192.0,,397.0,,19200000.0,7000000.0,17200000.0,8400000.0,51800000.0,3.0454545454545454,7.848484848484849,0.38803088803088803,0
,,0.0,Not Graduate,No,1300000,0.0,1300000.0,3400000.0,120.0,,464.0,,1200000.0,200000.0,3500000.0,1400000.0,6300000.0,2.6153846153846154,4.846153846153846,0.5396825396825397,0
,,0.0,Graduate,Yes,1100000,0.0,1100000.0,3400000.0,168.0,,832.0,,3200000.0,200000.0,4400000.0,1600000.0,9400000.0,3.090909090909091,8.545454545454545,0.3617021276595745,1
,,5.0,Graduate,No,9200000,0.0,9200000.0,34800000.0,144.0,,802.0,,22000000.0,11000000.0,19800000.0,12500000.0,65300000.0,3.782608695652174,7.0978260869565215,0.5329249617151608,1
,,2.0,Graduate,No,7000000,0.0,7000000.0,23900000.0,216.0,,628.0,,13400000.0,6600000.0,25200000.0,7200000.0,52400000.0,3.414285714285714,7.485714285714286,0.45610687022900764,1
,,4.0,Graduate,No,5100000,0.0,5100000.0,18800000.0,120.0,,694.0,,6400000.0,5300000.0,13500000.0,4100000.0,29300000.0,3.6862745098039214,5.745098039215686,0.6416382252559727,1
,,1.0,Not Graduate,Yes,3200000,0.0,3200000.0,9300000.0,240.0,,741.0,,3800000.0,3500000.0,6900000.0,2300000.0,16500000.0,2.90625,5.15625,0.5636363636363636,1
,,1.0,Not Graduate,Yes,3700000,0.0,3700000.0,10900000.0,168.0,,748.0,,3700000.0,2800000.0,13200000.0,4100000.0,23800000.0,2.945945945945946,6.4324324324324325,0.4579831932773109,1
,,5.0,Graduate,No,3600000,0.0,3600000.0,12800000.0,48.0,,320.0,,2500000.0,2900000.0,12600000.0,2900000.0,20900000.0,3.5555555555555554,5.805555555555555,0.6124401913875598,1
,,1.0,Graduate,No,5600000,0.0,5600000.0,11700000.0,120.0,,774.0,,11000000.0,4300000.0,13100000.0,6500000.0,34900000.0,2.0892857142857144,6.232142857142857,0.335243553008596,1
,,0.0,Not Graduate,Yes,9500000,0.0,9500000.0,32000000.0,24.0,,500.0,,8300000.0,9700000.0,24500000.0,5600000.0,48100000.0,3.3684210526315788,5.063157894736842,0.6652806652806653,1
,,4.0,Not Graduate,No,1500000,0.0,1500000.0,4000000.0,216.0,,706.0,,0.0,2700000.0,4400000.0,1700000.0,8800000.0,2.6666666666666665,5.866666666666666,0.45454545454545453,1
,,4.0,Not Graduate,No,7400000,0.0,7400000.0,18300000.0,120.0,,601.0,,16400000.0,12600000.0,28800000.0,6100000.0,63900000.0,2.472972972972973,8.635135135135135,0.2863849765258216,1
,,2.0,Graduate,No,6000000,0.0,6000000.0,17400000.0,192.0,,806.0,,1800000.0,2100000.0,20200000.0,3500000.0,27600000.0,2.9,4.6,0.6304347826086957,1
,,0.0,Graduate,Yes,3000000,0.0,3000000.0,9600000.0,72.0,,644.0,,3900000.0,700000.0,10500000.0,3000000.0,18100000.0,3.2,6.033333333333333,0.5303867403314917,1
,,4.0,Graduate,Yes,6000000,0.0,6000000.0,12900000.0,168.0,,723.0,,700000.0,1600000.0,13600000.0,4100000.0,20000000.0,2.15,3.3333333333333335,0.645,1
,,5.0,Graduate,Yes,600000,0.0,600000.0,1500000.0,144.0,,509.0,,1600000.0,100000.0,1900000.0,800000.0,4400000.0,2.5,7.333333333333333,0.3409090909090909,0
,,0.0,Graduate,No,1800000,0.0,1800000.0,6600000.0,48.0,,898.0,,2400000.0,100000.0,4600000.0,1400000.0,8500000.0,3.6666666666666665,4.722222222222222,0.7764705882352941,1
,,2.0,Graduate,Yes,5500000,0.0,5500000.0,12000000.0,24.0,,567.0,,7200000.0,4700000.0,11500000.0,7000000.0,30400000.0,2.1818181818181817,5.527272727272727,0.39473684210526316,1
,,1.0,Graduate,No,1000000,0.0,1000000.0,2100000.0,72.0,,715.0,,2200000.0,1000000.0,2200000.0,1100000.0,6500000.0,2.1,6.5,0.3230769230769231,1
,,2.0,Not Graduate,Yes,1700000,0.0,1700000.0,3500000.0,120.0,,854.0,,5000000.0,2400000.0,3400000.0,1700000.0,12500000.0,2.0588235294117645,7.352941176470588,0.28,1
,,1.0,Graduate,Yes,3400000,0.0,3400000.0,12300000.0,96.0,,523.0,,6100000.0,4700000.0,8300000.0,2600000.0,21700000.0,3.6176470588235294,6.382352941176471,0.5668202764976958,0
,,1.0,Graduate,Yes,9600000,0.0,9600000.0,35900000.0,96.0,,534.0,,24500000.0,17700000.0,31900000.0,5400000.0,79500000.0,3.7395833333333335,8.28125,0.45157232704402517,0
,,0.0,Not Graduate,Yes,2600000,0.0,2600000.0,7600000.0,216.0,,470.0,,700000.0,700000.0,5500000.0,2900000.0,9800000.0,2.923076923076923,3.769230769230769,0.7755102040816326,0
,,1.0,Graduate,No,1600000,0.0,1600000.0,3500000.0,216.0,,619.0,,3200000.0,100000.0,6300000.0,1500000.0,11100000.0,2.1875,6.9375,0.3153153153153153,1
,,0.0,Graduate,Yes,4300000,0.0,4300000.0,12800000.0,240.0,,572.0,,8600000.0,2200000.0,11000000.0,6100000.0,27900000.0,2.9767441860465116,6.488372093023256,0.45878136200716846,1
,,3.0,Graduate,No,1400000,0.0,1400000.0,3500000.0,192.0,,365.0,,2600000.0,2200000.0,2900000.0,1600000.0,9300000.0,2.5,6.642857142857143,0.3763440860215054,0
,,0.0,Not Graduate,No,8000000,0.0,8000000.0,18000000.0,192.0,,791.0,,13900000.0,10300000.0,23400000.0,10600000.0,58200000.0,2.25,7.275,0.30927835051546393,1
,,4.0,Not Graduate,Yes,5000000,0.0,5000000.0,18100000.0,144.0,,424.0,,5200000.0,2000000.0,14500000.0,6100000.0,27800000.0,3.62,5.56,0.6510791366906474,0
,,5.0,Graduate,No,4500000,0.0,4500000.0,10200000.0,144.0,,726.0,,2900000.0,8600000.0,17500000.0,4200000.0,33200000.0,2.2666666666666666,7.377777777777778,0.3072289156626506,1
,,1.0,Graduate,No,3400000,0.0,3400000.0,9900000.0,24.0,,736.0,,3900000.0,4800000.0,10600000.0,4500000.0,23800000.0,2.911764705882353,7.0,0.41596638655462187,1
,,5.0,Graduate,Yes,5700000,0.0,5700000.0,12800000.0,168.0,,488.0,,13600000.0,1000000.0,13200000.0,5500000.0,33300000.0,2.245614035087719,5.842105263157895,0.3843843843843844,0
,,2.0,Not Graduate,Yes,2600000,0.0,2600000.0,7600000.0,120.0,,400.0,,6800000.0,2800000.0,10100000.0,3200000.0,22900000.0,2.923076923076923,8.807692307692308,0.3318777292576419,0
,,0.0,Graduate,Yes,4500000,0.0,4500000.0,12200000.0,240.0,,311.0,,11200000.0,5000000.0,12700000.0,2400000.0,31300000.0,2.7111111111111112,6.955555555555556,0.38977635782747605,0
,,2.0,Not Graduate,Yes,5100000,0.0,5100000.0,16800000.0,24.0,,504.0,,6400000.0,2700000.0,17100000.0,4400000.0,30600000.0,3.2941176470588234,6.0,0.5490196078431373,1
,,4.0,Not Graduate,Yes,5100000,0.0,5100000.0,18600000.0,240.0,,312.0,,9600000.0,6000000.0,16500000.0,5500000.0,37600000.0,3.6470588235294117,7.372549019607843,0.4946808510638298,0
,,5.0,Graduate,Yes,1700000,0.0,1700000.0,6500000.0,168.0,,587.0,,1100000.0,1000000.0,6400000.0,1500000.0,10000000.0,3.823529411764706,5.882352941176471,0.65,1
,,1.0,Not Graduate,No,5200000,0.0,5200000.0,10500000.0,240.0,,317.0,,3000000.0,8000000.0,19300000.0,5300000.0,35600000.0,2.019230769230769,6.846153846153846,0.2949438202247191,0
,,4.0,Not Graduate,No,8400000,0.0,8400000.0,29000000.0,24.0,,463.0,,12700000.0,1100000.0,20100000.0,6700000.0,40600000.0,3.4523809523809526,4.833333333333333,0.7142857142857143,1
,,1.0,Not Graduate,Yes,9000000,0.0,9000000.0,34000000.0,192.0,,842.0,,6300000.0,16900000.0,22900000.0,5800000.0,51900000.0,3.7777777777777777,5.766666666666667,0.6551059730250481,1
,,4.0,Graduate,Yes,3400000,0.0,3400000.0,11800000.0,240.0,,616.0,,5000000.0,3300000.0,9900000.0,2900000.0,21100000.0,3.4705882352941178,6.205882352941177,0.5592417061611374,1
,,1.0,Not Graduate,No,5400000,0.0,5400000.0,19400000.0,96.0,,800.0,,800000.0,6100000.0,19500000.0,3000000.0,29400000.0,3.5925925925925926,5.444444444444445,0.6598639455782312,1
,,0.0,Graduate,Yes,700000,0.0,700000.0,2100000.0,144.0,,813.0,,200000.0,1300000.0,2200000.0,500000.0,4200000.0,3.0,6.0,0.5,1
,,2.0,Graduate,No,7600000,0.0,7600000.0,24800000.0,144.0,,564.0,,14000000.0,6200000.0,24700000.0,6700000.0,51600000.0,3.263157894736842,6.7894736842105265,0.4806201550387597,1
,,2.0,Not Graduate,No,5000000,0.0,5000000.0,14700000.0,144.0,,837.0,,2200000.0,7200000.0,11700000.0,4800000.0,25900000.0,2.94,5.18,0.5675675675675675,1
,,5.0,Not Graduate,Yes,2500000,0.0,2500000.0,9400000.0,192.0,,735.0,,0.0,2200000.0,9500000.0,1700000.0,13400000.0,3.76,5.36,0.7014925373134329,1
,,4.0,Not Graduate,Yes,2000000,0.0,2000000.0,5200000.0,192.0,,724.0,,5200000.0,3800000.0,4600000.0,2800000.0,16400000.0,2.6,8.2,0.3170731707317073,1
,,5.0,Not Graduate,No,9000000,0.0,9000000.0,23900000.0,144.0,,658.0,,5700000.0,4600000.0,32100000.0,6100000.0,48500000.0,2.6555555555555554,5.388888888888889,0.4927835051546392,1
,,5.0,Graduate,No,8300000,0.0,8300000.0,31800000.0,192.0,,858.0,,24600000.0,11100000.0,26300000.0,8500000.0,70500000.0,3.8313253012048194,8.493975903614459,0.451063829787234,1
,,0.0,Not Graduate,Yes,3100000,0.0,3100000.0,8500000.0,96.0,,614.0,,1700000.0,4600000.0,11000000.0,3300000.0,20600000.0,2.7419354838709675,6.645161290322581,0.41262135922330095,1
,,2.0,Graduate,Yes,8500000,0.0,8500000.0,25600000.0,192.0,,714.0,,11400000.0,14800000.0,17200000.0,5700000.0,49100000.0,3.011764705882353,5.776470588235294,0.5213849287169042,1
,,2.0,Graduate,Yes,1200000,0.0,1200000.0,4600000.0,240.0,,605.0,,3600000.0,1500000.0,4600000.0,600000.0,10300000.0,3.8333333333333335,8.583333333333334,0.44660194174757284,1
,,4.0,Graduate,Yes,2800000,0.0,2800000.0,5500000.0,96.0,,875.0,,6900000.0,4000000.0,6000000.0,3300000.0,20200000.0,1.9642857142857142,7.214285714285714,0.2722772277227723,1
,,5.0,Graduate,Yes,2800000,0.0,2800000.0,10900000.0,72.0,,359.0,,5000000.0,3300000.0,7600000.0,3000000.0,18900000.0,3.892857142857143,6.75,0.5767195767195767,0
,,5.0,Graduate,Yes,6500000,0.0,6500000.0,24100000.0,72.0,,441.0,,14100000.0,9600000.0,15300000.0,5200000.0,44200000.0,3.707692307692308,6.8,0.5452488687782805,0
,,4.0,Graduate,No,8700000,0.0,8700000.0,25200000.0,216.0,,790.0,,25000000.0,9100000.0,18400000.0,8400000.0,60900000.0,2.896551724137931,7.0,0.41379310344827586,1
,,1.0,Not Graduate,Yes,5400000,0.0,5400000.0,13600000.0,48.0,,821.0,,11600000.0,8700000.0,19900000.0,5600000.0,45800000.0,2.5185185185185186,8.481481481481481,0.29694323144104806,1
,,2.0,Not Graduate,No,8600000,0.0,8600000.0,33300000.0,192.0,,375.0,,19600000.0,11200000.0,25500000.0,11200000.0,67500000.0,3.872093023255814,7.848837209302325,0.49333333333333335,0
,,3.0,Graduate,No,4700000,0.0,4700000.0,9600000.0,120.0,,545.0,,5200000.0,7200000.0,12000000.0,5300000.0,29700000.0,2.0425531914893615,6.319148936170213,0.32323232323232326,0
,,5.0,Not Graduate,Yes,1100000,0.0,1100000.0,3900000.0,48.0,,891.0,,1100000.0,200000.0,3400000.0,900000.0,5600000.0,3.5454545454545454,5.090909090909091,0.6964285714285714,1
,,0.0,Graduate,No,6400000,0.0,6400000.0,14000000.0,96.0,,486.0,,5100000.0,12700000.0,23900000.0,3700000.0,45400000.0,2.1875,7.09375,0.30837004405286345,0
,,0.0,Graduate,No,4300000,0.0,4300000.0,9900000.0,48.0,,696.0,,12400000.0,2100000.0,17000000.0,2100000.0,33600000.0,2.302325581395349,7.813953488372093,0.29464285714285715,1
,,5.0,Not Graduate,Yes,2900000,0.0,2900000.0,11100000.0,48.0,,683.0,,1700000.0,3900000.0,9400000.0,3300000.0,18300000.0,3.8275862068965516,6.310344827586207,0.6065573770491803,1
,,5.0,Not Graduate,No,9600000,0.0,9600000.0,27100000.0,96.0,,594.0,,25500000.0,4600000.0,26800000.0,13300000.0,70200000.0,2.8229166666666665,7.3125,0.38603988603988604,1
,,3.0,Not Graduate,Yes,900000,0.0,900000.0,2500000.0,240.0,,529.0,,900000.0,300000.0,3200000.0,700000.0,5100000.0,2.7777777777777777,5.666666666666667,0.49019607843137253,0
,,5.0,Not Graduate,No,8100000,0.0,8100000.0,26300000.0,48.0,,429.0,,3600000.0,8500000.0,22200000.0,6900000.0,41200000.0,3.246913580246914,5.08641975308642,0.6383495145631068,1
,,0.0,Not Graduate,Yes,8800000,0.0,8800000.0,25000000.0,48.0,,400.0,,11300000.0,4000000.0,23600000.0,9400000.0,48300000.0,2.840909090909091,5.488636363636363,0.5175983436853002,0
,,0.0,Graduate,No,8800000,0.0,8800000.0,17500000.0,48.0,,848.0,,25400000.0,8200000.0,31600000.0,5100000.0,70300000.0,1.9886363636363635,7.988636363636363,0.24893314366998578,1
,,1.0,Not Graduate,No,6400000,0.0,6400000.0,21500000.0,72.0,,489.0,,1600000.0,4600000.0,17600000.0,8900000.0,32700000.0,3.359375,5.109375,0.6574923547400612,0
,,2.0,Graduate,No,2900000,0.0,2900000.0,6600000.0,120.0,,326.0,,8600000.0,2200000.0,7400000.0,3400000.0,21600000.0,2.2758620689655173,7.448275862068965,0.3055555555555556,0
,,5.0,Graduate,No,1600000,0.0,1600000.0,6100000.0,96.0,,663.0,,3900000.0,800000.0,6400000.0,1200000.0,12300000.0,3.8125,7.6875,0.4959349593495935,1
,,1.0,Not Graduate,No,1600000,0.0,1600000.0,5100000.0,216.0,,729.0,,2500000.0,2000000.0,6200000.0,900000.0,11600000.0,3.1875,7.25,0.4396551724137931,1
,,2.0,Graduate,Yes,3100000,0.0,3100000.0,10700000.0,48.0,,398.0,,3100000.0,3000000.0,7400000.0,2000000.0,15500000.0,3.4516129032258065,5.0,0.6903225806451613,1
,,2.0,Not Graduate,Yes,5600000,0.0,5600000.0,16700000.0,168.0,,856.0,,400000.0,10200000.0,14700000.0,5200000.0,30500000.0,2.982142857142857,5.446428571428571,0.5475409836065573,1
,,3.0,Graduate,Yes,8100000,0.0,8100000.0,19900000.0,240.0,,347.0,,22800000.0,14400000.0,29800000.0,5500000.0,72500000.0,2.45679012345679,8.950617283950617,0.27448275862068966,0
,,3.0,Not Graduate,No,9100000,0.0,9100000.0,19300000.0,144.0,,696.0,,26200000.0,7700000.0,30100000.0,13300000.0,77300000.0,2.120879120879121,8.494505494505495,0.24967658473479948,1
,,0.0,Graduate,Yes,5500000,0.0,5500000.0,17100000.0,96.0,,353.0,,400000.0,200000.0,17100000.0,5200000.0,22900000.0,3.109090909090909,4.163636363636364,0.7467248908296943,0
,,1.0,Graduate,Yes,9700000,0.0,9700000.0,34300000.0,240.0,,756.0,,15700000.0,18500000.0,26800000.0,14100000.0,75100000.0,3.536082474226804,7.742268041237113,0.4567243675099867,1
,,4.0,Graduate,No,2300000,0.0,2300000.0,5400000.0,192.0,,490.0,,6200000.0,3700000.0,5500000.0,2100000.0,17500000.0,2.347826086956522,7.608695652173913,0.30857142857142855,0
,,1.0,Not Graduate,Yes,5600000,0.0,5600000.0,18000000.0,120.0,,531.0,,6500000.0,9000000.0,19800000.0,8400000.0,43700000.0,3.2142857142857144,7.803571428571429,0.41189931350114417,0
,,2.0,Not Graduate,Yes,4500000,0.0,4500000.0,16600000.0,48.0,,679.0,,10300000.0,3100000.0,11700000.0,5000000.0,30100000.0,3.688888888888889,6.688888888888889,0.5514950166112956,1
,,1.0,Graduate,Yes,500000,0.0,500000.0,1800000.0,96.0,,877.0,,100000.0,200000.0,1100000.0,600000.0,2000000.0,3.6,4.0,0.9,1
,,0.0,Graduate,No,4200000,0.0,4200000.0,11000000.0,240.0,,817.0,,6700000.0,2400000.0,11700000.0,6100000.0,26900000.0,2.619047619047619,6.404761904761905,0.40892193308550184,1
,,1.0,Not Graduate,No,9100000,0.0,9100000.0,23300000.0,216.0,,792.0,,800000.0,12600000.0,32100000.0,12400000.0,57900000.0,2.5604395604395602,6.362637362637362,0.40241796200345425,1
,,4.0,Graduate,Yes,3200000,0.0,3200000.0,12800000.0,216.0,,664.0,,6300000.0,3400000.0,7600000.0,2100000.0,19400000.0,4.0,6.0625,0.6597938144329897,1
,,4.0,Graduate,Yes,6200000,0.0,6200000.0,21300000.0,192.0,,882.0,,11800000.0,3500000.0,12900000.0,4100000.0,32300000.0,3.435483870967742,5.209677419354839,0.6594427244582043,1
,,3.0,Not Graduate,Yes,2500000,0.0,2500000.0,7700000.0,120.0,,768.0,,4500000.0,400000.0,8000000.0,2600000.0,15500000.0,3.08,6.2,0.4967741935483871,1
,,0.0,Graduate,No,9100000,0.0,9100000.0,27100000.0,144.0,,787.0,,24300000.0,2900000.0,34800000.0,9500000.0,71500000.0,2.978021978021978,7.857142857142857,0.37902097902097903,1
,,3.0,Graduate,Yes,500000,0.0,500000.0,900000.0,144.0,,538.0,,0.0,700000.0,1500000.0,300000.0,2500000.0,1.8,5.0,0.36,0
,,4.0,Not Graduate,No,6900000,0.0,6900000.0,18000000.0,96.0,,347.0,,16400000.0,9300000.0,18300000.0,8700000.0,52700000.0,2.608695652173913,7.63768115942029,0.3415559772296015,0
,,0.0,Graduate,Yes,1800000,0.0,1800000.0,5200000.0,192.0,,317.0,,4900000.0,1500000.0,4000000.0,1300000.0,11700000.0,2.888888888888889,6.5,0.4444444444444444,0
,,0.0,Graduate,Yes,4000000,0.0,4000000.0,14500000.0,24.0,,713.0,,6200000.0,4900000.0,12200000.0,4700000.0,28000000.0,3.625,7.0,0.5178571428571429,1
,,1.0,Not Graduate,No,3900000,0.0,3900000.0,12300000.0,120.0,,683.0,,1000000.0,700000.0,11700000.0,2400000.0,15800000.0,3.1538461538461537,4.051282051282051,0.7784810126582279,1
,,2.0,Not Graduate,Yes,8000000,0.0,8000000.0,28100000.0,216.0,,765.0,,24000000.0,10500000.0,17700000.0,8200000.0,60400000.0,3.5125,7.55,0.4652317880794702,1
,,5.0,Graduate,No,900000,0.0,900000.0,3200000.0,120.0,,803.0,,1600000.0,1700000.0,2300000.0,800000.0,6400000.0,3.5555555555555554,7.111111111111111,0.5,1
,,0.0,Graduate,Yes,8200000,0.0,8200000.0,29700000.0,72.0,,405.0,,3900000.0,800000.0,23900000.0,5700000.0,34300000.0,3.6219512195121952,4.182926829268292,0.8658892128279884,0
,,5.0,Graduate,No,2300000,0.0,2300000.0,4900000.0,48.0,,529.0,,6200000.0,3900000.0,9200000.0,2000000.0,21300000.0,2.130434782608696,9.26086956521739,0.2300469483568075,0
,,5.0,Graduate,Yes,6900000,0.0,6900000.0,19400000.0,72.0,,801.0,,10100000.0,9400000.0,17000000.0,5500000.0,42000000.0,2.8115942028985508,6.086956521739131,0.46190476190476193,1
,,3.0,Not Graduate,No,8800000,0.0,8800000.0,30700000.0,144.0,,707.0,,15000000.0,100000.0,32800000.0,8000000.0,55900000.0,3.4886363636363638,6.3522727272727275,0.5491949910554562,1
,,1.0,Graduate,No,2600000,0.0,2600000.0,7200000.0,96.0,,349.0,,5900000.0,1400000.0,9400000.0,3000000.0,19700000.0,2.769230769230769,7.576923076923077,0.36548223350253806,0
,,1.0,Graduate,No,3700000,0.0,3700000.0,8700000.0,240.0,,885.0,,6200000.0,3500000.0,10900000.0,2600000.0,23200000.0,2.3513513513513513,6.27027027027027,0.375,1
,,2.0,Graduate,Yes,6200000,0.0,6200000.0,23800000.0,48.0,,489.0,,2900000.0,7500000.0,21300000.0,3300000.0,35000000.0,3.838709677419355,5.645161290322581,0.68,1
,,3.0,Graduate,Yes,1000000,0.0,1000000.0,2600000.0,72.0,,341.0,,2900000.0,1700000.0,3600000.0,1100000.0,9300000.0,2.6,9.3,0.27956989247311825,0
,,1.0,Not Graduate,No,6000000,0.0,6000000.0,20000000.0,144.0,,637.0,,10800000.0,4300000.0,20000000.0,8600000.0,43700000.0,3.3333333333333335,7.283333333333333,0.4576659038901602,1
,,1.0,Not Graduate,Yes,9100000,0.0,9100000.0,31400000.0,48.0,,304.0,,14100000.0,16700000.0,30200000.0,9600000.0,70600000.0,3.4505494505494507,7.758241758241758,0.4447592067988669,1
,,1.0,Graduate,No,1700000,0.0,1700000.0,6700000.0,192.0,,537.0,,4300000.0,2900000.0,3500000.0,1100000.0,11800000.0,3.9411764705882355,6.9411764705882355,0.5677966101694916,0
,,5.0,Not Graduate,Yes,1700000,0.0,1700000.0,4600000.0,144.0,,503.0,,900000.0,2200000.0,4800000.0,1200000.0,9100000.0,2.7058823529411766,5.352941176470588,0.5054945054945055,0
,,1.0,Graduate,No,7100000,0.0,7100000.0,14300000.0,144.0,,720.0,,4600000.0,500000.0,27300000.0,8400000.0,40800000.0,2.0140845070422535,5.746478873239437,0.35049019607843135,1
,,5.0,Graduate,No,9400000,0.0,9400000.0,36800000.0,120.0,,509.0,,20700000.0,7400000.0,22400000.0,6300000.0,56800000.0,3.9148936170212765,6.042553191489362,0.647887323943662,0
,,5.0,Not Graduate,No,6200000,0.0,6200000.0,16400000.0,72.0,,360.0,,900000.0,7200000.0,22400000.0,6300000.0,36800000.0,2.6451612903225805,5.935483870967742,0.44565217391304346,0
,,1.0,Graduate,No,8300000,0.0,8300000.0,31800000.0,192.0,,818.0,,23400000.0,7400000.0,32200000.0,8500000.0,71500000.0,3.8313253012048194,8.614457831325302,0.44475524475524475,1
,,1.0,Graduate,Yes,8900000,0.0,8900000.0,21200000.0,96.0,,716.0,,5400000.0,9200000.0,23800000.0,7900000.0,46300000.0,2.3820224719101124,5.202247191011236,0.45788336933045354,1
,,1.0,Graduate,Yes,6500000,0.0,6500000.0,14800000.0,144.0,,360.0,,3500000.0,2100000.0,15000000.0,7300000.0,27900000.0,2.276923076923077,4.292307692307692,0.5304659498207885,0
,,3.0,Graduate,Yes,8100000,0.0,8100000.0,26700000.0,120.0,,895.0,,5100000.0,9800000.0,17100000.0,9900000.0,41900000.0,3.2962962962962963,5.172839506172839,0.6372315035799523,1
,,2.0,Not Graduate,No,4900000,0.0,4900000.0,13500000.0,96.0,,328.0,,10500000.0,8100000.0,18300000.0,3400000.0,40300000.0,2.7551020408163267,8.224489795918368,0.3349875930521092,0
,,4.0,Graduate,No,9100000,0.0,9100000.0,26600000.0,24.0,,812.0,,23300000.0,11900000.0,33100000.0,10400000.0,78700000.0,2.923076923076923,8.648351648351648,0.33799237611181704,1
,,3.0,Graduate,Yes,9000000,0.0,9000000.0,33100000.0,192.0,,456.0,,23800000.0,7000000.0,26000000.0,7100000.0,63900000.0,3.6777777777777776,7.1,0.5179968701095462,0
,,4.0,Graduate,Yes,1300000,0.0,1300000.0,3900000.0,192.0,,566.0,,700000.0,200000.0,3400000.0,1600000.0,5900000.0,3.0,4.538461538461538,0.6610169491525424,1
,,1.0,Not Graduate,No,6700000,0.0,6700000.0,25000000.0,240.0,,598.0,,5300000.0,12900000.0,13600000.0,7000000.0,38800000.0,3.7313432835820897,5.791044776119403,0.6443298969072165,1
,,5.0,Not Graduate,No,3200000,0.0,3200000.0,9300000.0,72.0,,656.0,,7000000.0,3200000.0,12700000.0,4200000.0,27100000.0,2.90625,8.46875,0.34317343173431736,1
,,0.0,Not Graduate,No,7500000,0.0,7500000.0,28700000.0,24.0,,895.0,,2000000.0,4100000.0,21500000.0,7200000.0,34800000.0,3.8266666666666667,4.64,0.8247126436781609,1
,,3.0,Graduate,No,4900000,0.0,4900000.0,12800000.0,168.0,,653.0,,7300000.0,1000000.0,13000000.0,7200000.0,28500000.0,2.6122448979591835,5.816326530612245,0.44912280701754387,1
,,1.0,Not Graduate,Yes,700000,0.0,700000.0,1800000.0,192.0,,641.0,,2100000.0,400000.0,1600000.0,900000.0,5000000.0,2.5714285714285716,7.142857142857143,0.36,1
,,2.0,Graduate,No,6400000,0.0,6400000.0,16500000.0,96.0,,544.0,,12100000.0,6300000.0,15200000.0,5400000.0,39000000.0,2.578125,6.09375,0.4230769230769231,0
,,0.0,Not Graduate,Yes,3900000,0.0,3900000.0,14100000.0,240.0,,811.0,,5700000.0,3600000.0,10500000.0,5300000.0,25100000.0,3.6153846153846154,6.435897435897436,0.5617529880478087,1
,,4.0,Graduate,No,9700000,0.0,9700000.0,26900000.0,120.0,,460.0,,11400000.0,3900000.0,31400000.0,9300000.0,56000000.0,2.7731958762886597,5.77319587628866,0.48035714285714287,0
,,5.0,Graduate,Yes,3600000,0.0,3600000.0,12500000.0,144.0,,795.0,,10600000.0,2700000.0,11100000.0,4800000.0,29200000.0,3.4722222222222223,8.11111111111111,0.4280821917808219,1
,,2.0,Graduate,Yes,3400000,0.0,3400000.0,10300000.0,48.0,,745.0,,4900000.0,4000000.0,10000000.0,3900000.0,22800000.0,3.0294117647058822,6.705882352941177,0.4517543859649123,1
,,0.0,Not Graduate,No,9800000,0.0,9800000.0,20100000.0,192.0,,606.0,,6200000.0,800000.0,37300000.0,8700000.0,53000000.0,2.0510204081632653,5.408163265306122,0.37924528301886795,1
,,1.0,Not Graduate,No,5100000,0.0,5100000.0,14200000.0,72.0,,451.0,,6100000.0,7600000.0,11400000.0,5600000.0,30700000.0,2.784313725490196,6.019607843137255,0.46254071661237783,0
,,4.0,Graduate,Yes,5900000,0.0,5900000.0,11800000.0,96.0,,479.0,,11000000.0,1200000.0,15700000.0,3900000.0,31800000.0,2.0,5.389830508474576,0.3710691823899371,0
,,5.0,Graduate,No,1200000,0.0,1200000.0,2400000.0,168.0,,495.0,,1800000.0,1800000.0,4100000.0,1300000.0,9000000.0,2.0,7.5,0.26666666666666666,0
,,2.0,Not Graduate,No,9700000,0.0,9700000.0,30200000.0,168.0,,769.0,,23700000.0,13600000.0,26400000.0,7500000.0,71200000.0,3.11340206185567,7.34020618556701,0.4241573033707865,1
,,5.0,Not Graduate,Yes,4700000,0.0,4700000.0,11800000.0,48.0,,639.0,,3600000.0,700000.0,9400000.0,5500000.0,19200000.0,2.5106382978723403,4.085106382978723,0.6145833333333334,1
,,5.0,Graduate,No,4200000,0.0,4200000.0,12500000.0,216.0,,723.0,,1200000.0,300000.0,12900000.0,6100000.0,20500000.0,2.9761904761904763,4.880952380952381,0.6097560975609756,1
,,4.0,Graduate,No,9300000,0.0,9300000.0,26100000.0,192.0,,623.0,,11700000.0,10500000.0,21100000.0,10700000.0,54000000.0,2.806451612903226,5.806451612903226,0.48333333333333334,1
,,3.0,Not Graduate,Yes,5300000,0.0,5300000.0,20800000.0,72.0,,487.0,,9700000.0,3400000.0,18500000.0,4200000.0,35800000.0,3.9245283018867925,6.754716981132075,0.5810055865921788,0
,,0.0,Graduate,No,7600000,0.0,7600000.0,30100000.0,24.0,,743.0,,20700000.0,8700000.0,27600000.0,9600000.0,66600000.0,3.960526315789474,8.763157894736842,0.4519519519519519,1
,,2.0,Graduate,No,6200000,0.0,6200000.0,16900000.0,144.0,,754.0,,2300000.0,4200000.0,15300000.0,7900000.0,29700000.0,2.725806451612903,4.790322580645161,0.569023569023569,1
,,0.0,Graduate,No,8900000,0.0,8900000.0,21600000.0,120.0,,552.0,,2300000.0,9900000.0,20700000.0,11900000.0,44800000.0,2.4269662921348316,5.033707865168539,0.48214285714285715,1
,,4.0,Not Graduate,Yes,7900000,0.0,7900000.0,27300000.0,120.0,,560.0,,23100000.0,14400000.0,28500000.0,10900000.0,76900000.0,3.4556962025316458,9.734177215189874,0.3550065019505852,1
,,1.0,Graduate,Yes,3500000,0.0,3500000.0,10800000.0,168.0,,632.0,,6900000.0,1500000.0,10900000.0,4200000.0,23500000.0,3.085714285714286,6.714285714285714,0.4595744680851064,1
,,2.0,Graduate,No,5300000,0.0,5300000.0,16700000.0,216.0,,339.0,,4600000.0,3300000.0,12000000.0,4100000.0,24000000.0,3.150943396226415,4.528301886792453,0.6958333333333333,0
,,2.0,Not Graduate,No,1400000,0.0,1400000.0,3100000.0,48.0,,881.0,,3700000.0,400000.0,5000000.0,1100000.0,10200000.0,2.2142857142857144,7.285714285714286,0.30392156862745096,1
,,1.0,Not Graduate,Yes,9100000,0.0,9100000.0,23600000.0,240.0,,535.0,,2800000.0,17600000.0,26400000.0,4500000.0,51300000.0,2.5934065934065935,5.637362637362638,0.4600389863547758,0
,,4.0,Not Graduate,No,4400000,0.0,4400000.0,17200000.0,48.0,,563.0,,4100000.0,3700000.0,12700000.0,2900000.0,23400000.0,3.909090909090909,5.318181818181818,0.7350427350427351,1
,,5.0,Not Graduate,No,2800000,0.0,2800000.0,8200000.0,168.0,,615.0,,7400000.0,3300000.0,6700000.0,2700000.0,20100000.0,2.9285714285714284,7.178571428571429,0.4079601990049751,1
,,3.0,Not Graduate,No,1300000,0.0,1300000.0,3300000.0,96.0,,795.0,,1400000.0,800000.0,4600000.0,1600000.0,8400000.0,2.5384615384615383,6.461538461538462,0.39285714285714285,1
,,4.0,Graduate,No,8400000,0.0,8400000.0,28700000.0,168.0,,878.0,,23400000.0,8300000.0,23900000.0,8600000.0,64200000.0,3.4166666666666665,7.642857142857143,0.4470404984423676,1
,,5.0,Graduate,Yes,5300000,0.0,5300000.0,14000000.0,72.0,,633.0,,11800000.0,4500000.0,12800000.0,6100000.0,35200000.0,2.641509433962264,6.6415094339622645,0.3977272727272727,1
,,2.0,Graduate,No,6000000,0.0,6000000.0,13900000.0,48.0,,533.0,,3000000.0,9600000.0,14600000.0,4100000.0,31300000.0,2.316666666666667,5.216666666666667,0.4440894568690096,0
,,2.0,Not Graduate,Yes,2100000,0.0,2100000.0,6800000.0,144.0,,795.0,,6100000.0,1900000.0,7200000.0,2400000.0,17600000.0,3.238095238095238,8.380952380952381,0.38636363636363635,1
,,0.0,Not Graduate,No,4300000,0.0,4300000.0,11000000.0,48.0,,374.0,,7100000.0,7300000.0,9300000.0,4700000.0,28400000.0,2.558139534883721,6.604651162790698,0.3873239436619718,0
,,4.0,Not Graduate,Yes,7300000,0.0,7300000.0,22900000.0,144.0,,848.0,,6300000.0,2900000.0,28500000.0,4100000.0,41800000.0,3.136986301369863,5.726027397260274,0.5478468899521531,1
,,2.0,Graduate,No,5200000,0.0,5200000.0,16200000.0,144.0,,890.0,,10500000.0,9600000.0,15800000.0,3900000.0,39800000.0,3.1153846153846154,7.653846153846154,0.40703517587939697,1
,,3.0,Graduate,No,4700000,0.0,4700000.0,9800000.0,168.0,,444.0,,8200000.0,300000.0,15700000.0,3800000.0,28000000.0,2.0851063829787235,5.957446808510638,0.35,0
,,4.0,Graduate,No,7800000,0.0,7800000.0,28500000.0,48.0,,803.0,,15500000.0,11300000.0,21100000.0,9800000.0,57700000.0,3.6538461538461537,7.397435897435898,0.49393414211438474,1
,,3.0,Graduate,Yes,500000,0.0,500000.0,1900000.0,216.0,,618.0,,0.0,600000.0,1000000.0,400000.0,2000000.0,3.8,4.0,0.95,1
,,1.0,Not Graduate,Yes,6000000,0.0,6000000.0,20300000.0,168.0,,845.0,,5000000.0,7800000.0,23700000.0,8700000.0,45200000.0,3.3833333333333333,7.533333333333333,0.4491150442477876,1
,,4.0,Graduate,No,4800000,0.0,4800000.0,10800000.0,144.0,,833.0,,3000000.0,4000000.0,16400000.0,7100000.0,30500000.0,2.25,6.354166666666667,0.3540983606557377,1
,,3.0,Graduate,Yes,8900000,0.0,8900000.0,19300000.0,144.0,,767.0,,12000000.0,2200000.0,24700000.0,7700000.0,46600000.0,2.168539325842697,5.235955056179775,0.41416309012875535,1
,,1.0,Graduate,Yes,1800000,0.0,1800000.0,4000000.0,192.0,,747.0,,700000.0,200000.0,4600000.0,900000.0,6400000.0,2.2222222222222223,3.5555555555555554,0.625,1
,,2.0,Graduate,No,3000000,0.0,3000000.0,7000000.0,48.0,,588.0,,5300000.0,3400000.0,11900000.0,3400000.0,24000000.0,2.3333333333333335,8.0,0.2916666666666667,1
,,4.0,Not Graduate,No,7700000,0.0,7700000.0,24500000.0,240.0,,582.0,,9800000.0,6600000.0,29100000.0,6500000.0,52000000.0,3.1818181818181817,6.753246753246753,0.47115384615384615,1
,,1.0,Not Graduate,No,8300000,0.0,8300000.0,20400000.0,168.0,,348.0,,5600000.0,12500000.0,29100000.0,4700000.0,51900000.0,2.4578313253012047,6.253012048192771,0.3930635838150289,0
,,4.0,Not Graduate,No,4200000,0.0,4200000.0,9400000.0,48.0,,726.0,,10000000.0,8100000.0,16100000.0,5500000.0,39700000.0,2.238095238095238,9.452380952380953,0.2367758186397985,1
,,4.0,Graduate,Yes,8000000,0.0,8000000.0,31200000.0,72.0,,482.0,,19800000.0,11500000.0,22200000.0,5700000.0,59200000.0,3.9,7.4,0.527027027027027,0
,,2.0,Graduate,Yes,9400000,0.0,9400000.0,30000000.0,192.0,,565.0,,1200000.0,3900000.0,28200000.0,9000000.0,42300000.0,3.1914893617021276,4.5,0.7092198581560284,1
,,1.0,Graduate,No,800000,0.0,800000.0,2400000.0,192.0,,872.0,,2400000.0,1200000.0,1900000.0,900000.0,6400000.0,3.0,8.0,0.375,1
,,0.0,Graduate,Yes,500000,0.0,500000.0,1300000.0,48.0,,825.0,,600000.0,0.0,1800000.0,200000.0,2600000.0,2.6,5.2,0.5,1
,,2.0,Graduate,Yes,6100000,0.0,6100000.0,22300000.0,96.0,,694.0,,16200000.0,10900000.0,22900000.0,7200000.0,57200000.0,3.6557377049180326,9.37704918032787,0.38986013986013984,1
,,3.0,Graduate,Yes,8500000,0.0,8500000.0,30800000.0,240.0,,448.0,,23000000.0,1400000.0,22900000.0,7900000.0,55200000.0,3.623529411764706,6.4941176470588236,0.5579710144927537,0
,,5.0,Graduate,Yes,7600000,0.0,7600000.0,18000000.0,144.0,,452.0,,7900000.0,4300000.0,23800000.0,4700000.0,40700000.0,2.3684210526315788,5.355263157894737,0.44226044226044225,0
,,3.0,Not Graduate,No,8700000,0.0,8700000.0,17900000.0,144.0,,897.0,,16400000.0,3500000.0,31600000.0,12500000.0,64000000.0,2.057471264367816,7.35632183908046,0.2796875,1
,,4.0,Not Graduate,No,9400000,0.0,9400000.0,20200000.0,120.0,,803.0,,24800000.0,1000000.0,34400000.0,4800000.0,65000000.0,2.148936170212766,6.914893617021277,0.31076923076923074,1
,,1.0,Not Graduate,Yes,400000,0.0,400000.0,900000.0,96.0,,828.0,,600000.0,500000.0,1500000.0,300000.0,2900000.0,2.25,7.25,0.3103448275862069,1
,,0.0,Graduate,No,2700000,0.0,2700000.0,7500000.0,72.0,,832.0,,7700000.0,1200000.0,10000000.0,2500000.0,21400000.0,2.7777777777777777,7.925925925925926,0.35046728971962615,1
,,1.0,Not Graduate,Yes,2300000,0.0,2300000.0,5500000.0,72.0,,861.0,,1600000.0,1200000.0,4700000.0,1700000.0,9200000.0,2.391304347826087,4.0,0.5978260869565217,1
,,0.0,Graduate,No,7500000,0.0,7500000.0,15900000.0,24.0,,535.0,,17500000.0,5700000.0,23600000.0,4500000.0,51300000.0,2.12,6.84,0.30994152046783624,0
,,4.0,Not Graduate,Yes,7100000,0.0,7100000.0,19400000.0,192.0,,363.0,,17900000.0,2600000.0,22600000.0,4000000.0,47100000.0,2.732394366197183,6.633802816901408,0.4118895966029724,0
,,1.0,Not Graduate,Yes,8800000,0.0,8800000.0,28600000.0,96.0,,631.0,,11000000.0,13200000.0,25000000.0,7700000.0,56900000.0,3.25,6.465909090909091,0.5026362038664324,1
,,2.0,Not Graduate,No,8400000,0.0,8400000.0,20700000.0,72.0,,513.0,,500000.0,16400000.0,18800000.0,7900000.0,43600000.0,2.4642857142857144,5.190476190476191,0.47477064220183485,0
,,0.0,Graduate,Yes,4700000,0.0,4700000.0,16200000.0,192.0,,317.0,,12700000.0,400000.0,9400000.0,2500000.0,25000000.0,3.4468085106382977,5.319148936170213,0.648,0
,,1.0,Graduate,No,6900000,0.0,6900000.0,19500000.0,24.0,,809.0,,6100000.0,10600000.0,22900000.0,9300000.0,48900000.0,2.8260869565217392,7.086956521739131,0.3987730061349693,1
,,3.0,Not Graduate,No,2400000,0.0,2400000.0,8200000.0,120.0,,531.0,,6800000.0,1900000.0,5700000.0,2000000.0,16400000.0,3.4166666666666665,6.833333333333333,0.5,0
,,1.0,Not Graduate,Yes,1600000,0.0,1600000.0,4800000.0,168.0,,544.0,,2200000.0,200000.0,6200000.0,1200000.0,9800000.0,3.0,6.125,0.4897959183673469,0
,,0.0,Graduate,No,3500000,0.0,3500000.0,7800000.0,168.0,,366.0,,6400000.0,3000000.0,13700000.0,4900000.0,28000000.0,2.2285714285714286,8.0,0.2785714285714286,0
,,0.0,Not Graduate,No,3700000,0.0,3700000.0,12700000.0,168.0,,797.0,,1300000.0,1100000.0,12300000.0,3700000.0,18400000.0,3.4324324324324325,4.972972972972973,0.6902173913043478,1
,,1.0,Not Graduate,No,3200000,0.0,3200000.0,12000000.0,192.0,,597.0,,6800000.0,1900000.0,7700000.0,2200000.0,18600000.0,3.75,5.8125,0.6451612903225806,1
,,2.0,Not Graduate,Yes,7000000,0.0,7000000.0,22500000.0,144.0,,632.0,,12500000.0,4600000.0,20400000.0,4900000.0,42400000.0,3.2142857142857144,6.057142857142857,0.5306603773584906,1
,,5.0,Not Graduate,No,9300000,0.0,9300000.0,28300000.0,144.0,,741.0,,7600000.0,12900000.0,32400000.0,5200000.0,58100000.0,3.043010752688172,6.247311827956989,0.48709122203098104,1
,,0.0,Not Graduate,No,200000,0.0,200000.0,800000.0,240.0,,331.0,,300000.0,0.0,500000.0,100000.0,900000.0,4.0,4.5,0.8888888888888888,0
,,4.0,Graduate,No,6900000,0.0,6900000.0,16500000.0,96.0,,426.0,,3900000.0,5200000.0,18300000.0,9000000.0,36400000.0,2.391304347826087,5.27536231884058,0.4532967032967033,0
,,3.0,Not Graduate,No,9000000,0.0,9000000.0,26500000.0,96.0,,533.0,,17100000.0,12400000.0,27800000.0,6000000.0,63300000.0,2.9444444444444446,7.033333333333333,0.4186413902053712,0
,,1.0,Not Graduate,No,6900000,0.0,6900000.0,22700000.0,192.0,,394.0,,3800000.0,4300000.0,27400000.0,8700000.0,44200000.0,3.289855072463768,6.405797101449275,0.5135746606334841,0
,,0.0,Graduate,No,7500000,0.0,7500000.0,25100000.0,168.0,,877.0,,21000000.0,11400000.0,16900000.0,10700000.0,60000000.0,3.3466666666666667,8.0,0.41833333333333333,1
,,5.0,Not Graduate,No,9200000,0.0,9200000.0,28000000.0,96.0,,527.0,,18700000.0,7700000.0,24400000.0,6400000.0,57200000.0,3.0434782608695654,6.217391304347826,0.48951048951048953,0
,,1.0,Graduate,No,4600000,0.0,4600000.0,12700000.0,96.0,,468.0,,10400000.0,0.0,14500000.0,3900000.0,28800000.0,2.760869565217391,6.260869565217392,0.4409722222222222,0
,,4.0,Graduate,Yes,5000000,0.0,5000000.0,19600000.0,216.0,,611.0,,13400000.0,4400000.0,14400000.0,4600000.0,36800000.0,3.92,7.36,0.532608695652174,1
,,2.0,Graduate,No,4500000,0.0,4500000.0,17200000.0,72.0,,832.0,,2700000.0,8500000.0,10900000.0,6700000.0,28800000.0,3.8222222222222224,6.4,0.5972222222222222,1
,,0.0,Graduate,No,7900000,0.0,7900000.0,22700000.0,216.0,,508.0,,6600000.0,7000000.0,31600000.0,8900000.0,54100000.0,2.8734177215189876,6.848101265822785,0.4195933456561922,0
,,5.0,Not Graduate,No,5100000,0.0,5100000.0,13500000.0,240.0,,840.0,,1400000.0,5300000.0,14700000.0,4500000.0,25900000.0,2.6470588235294117,5.078431372549019,0.5212355212355212,1
,,4.0,Graduate,No,3700000,0.0,3700000.0,7600000.0,168.0,,794.0,,9500000.0,7300000.0,12100000.0,4500000.0,33400000.0,2.054054054054054,9.027027027027026,0.2275449101796407,1
,,1.0,Not Graduate,No,5300000,0.0,5300000.0,17800000.0,144.0,,889.0,,15300000.0,500000.0,14900000.0,6800000.0,37500000.0,3.358490566037736,7.0754716981132075,0.4746666666666667,1
,,4.0,Not Graduate,No,200000,0.0,200000.0,500000.0,192.0,,765.0,,600000.0,100000.0,600000.0,100000.0,1400000.0,2.5,7.0,0.35714285714285715,1
,,3.0,Graduate,Yes,9000000,0.0,9000000.0,18600000.0,192.0,,518.0,,18400000.0,17600000.0,28900000.0,10300000.0,75200000.0,2.066666666666667,8.355555555555556,0.2473404255319149,0
,,3.0,Not Graduate,No,6900000,0.0,6900000.0,17100000.0,48.0,,694.0,,4200000.0,6100000.0,27000000.0,6000000.0,43300000.0,2.4782608695652173,6.27536231884058,0.394919168591224,1
,,2.0,Not Graduate,No,700000,0.0,700000.0,2300000.0,96.0,,663.0,,700000.0,500000.0,2800000.0,1000000.0,5000000.0,3.2857142857142856,7.142857142857143,0.46,1
,,0.0,Graduate,No,2500000,0.0,2500000.0,8900000.0,24.0,,662.0,,4000000.0,2100000.0,9700000.0,3000000.0,18800000.0,3.56,7.52,0.4734042553191489,1
,,0.0,Not Graduate,No,4600000,0.0,4600000.0,14400000.0,168.0,,642.0,,10100000.0,8700000.0,11100000.0,4800000.0,34700000.0,3.130434782608696,7.543478260869565,0.414985590778098,1
,,4.0,Graduate,No,1000000,0.0,1000000.0,3900000.0,120.0,,701.0,,2200000.0,1000000.0,4000000.0,900000.0,8100000.0,3.9,8.1,0.48148148148148145,1
,,4.0,Not Graduate,Yes,9200000,0.0,9200000.0,30100000.0,72.0,,632.0,,23700000.0,6600000.0,34200000.0,6200000.0,70700000.0,3.2717391304347827,7.684782608695652,0.42574257425742573,1
,,3.0,Graduate,Yes,2200000,0.0,2200000.0,4400000.0,24.0,,861.0,,1300000.0,2600000.0,4500000.0,2300000.0,10700000.0,2.0,4.863636363636363,0.411214953271028,1
,,4.0,Graduate,Yes,9700000,0.0,9700000.0,33300000.0,144.0,,784.0,,14600000.0,15800000.0,37900000.0,6500000.0,74800000.0,3.4329896907216493,7.711340206185567,0.4451871657754011,1
,,0.0,Graduate,Yes,5500000,0.0,5500000.0,18200000.0,48.0,,332.0,,8100000.0,4000000.0,16400000.0,5600000.0,34100000.0,3.309090909090909,6.2,0.533724340175953,1
,,4.0,Not Graduate,Yes,1300000,0.0,1300000.0,3400000.0,24.0,,763.0,,3800000.0,200000.0,5100000.0,1400000.0,10500000.0,2.6153846153846154,8.076923076923077,0.3238095238095238,1
,,1.0,Not Graduate,Yes,7900000,0.0,7900000.0,19100000.0,24.0,,593.0,,20800000.0,12200000.0,26100000.0,7800000.0,66900000.0,2.4177215189873418,8.468354430379748,0.28550074738415543,1
,,2.0,Not Graduate,No,4300000,0.0,4300000.0,8800000.0,72.0,,512.0,,7200000.0,6500000.0,16900000.0,2700000.0,33300000.0,2.046511627906977,7.744186046511628,0.26426426426426425,0
,,0.0,Not Graduate,No,3800000,0.0,3800000.0,13300000.0,72.0,,655.0,,9600000.0,0.0,8600000.0,2600000.0,20800000.0,3.5,5.473684210526316,0.6394230769230769,1
,,3.0,Not Graduate,No,8700000,0.0,8700000.0,24700000.0,96.0,,369.0,,4000000.0,800000.0,31100000.0,4800000.0,40700000.0,2.839080459770115,4.67816091954023,0.6068796068796068,0
,,3.0,Graduate,No,1300000,0.0,1300000.0,3100000.0,168.0,,348.0,,1500000.0,600000.0,3900000.0,600000.0,6600000.0,2.3846153846153846,5.076923076923077,0.4696969696969697,0
,,1.0,Not Graduate,Yes,6800000,0.0,6800000.0,16800000.0,120.0,,736.0,,2000000.0,2600000.0,23800000.0,5600000.0,34000000.0,2.4705882352941178,5.0,0.49411764705882355,1
,,1.0,Not Graduate,No,9100000,0.0,9100000.0,24000000.0,240.0,,353.0,,25100000.0,9200000.0,26100000.0,10900000.0,71300000.0,2.6373626373626373,7.835164835164835,0.33660589060308554,0
,,0.0,Graduate,No,3000000,0.0,3000000.0,11300000.0,192.0,,478.0,,5600000.0,2000000.0,9800000.0,2000000.0,19400000.0,3.7666666666666666,6.466666666666667,0.5824742268041238,0
,,0.0,Not Graduate,Yes,1200000,0.0,1200000.0,3000000.0,48.0,,827.0,,3200000.0,600000.0,2300000.0,1500000.0,7600000.0,2.5,6.333333333333333,0.39473684210526316,1
,,1.0,Not Graduate,Yes,5000000,0.0,5000000.0,16900000.0,144.0,,517.0,,2200000.0,1500000.0,15500000.0,5400000.0,24600000.0,3.38,4.92,0.6869918699186992,0
,,5.0,Graduate,Yes,9700000,0.0,9700000.0,24700000.0,216.0,,648.0,,15100000.0,600000.0,25200000.0,6800000.0,47700000.0,2.5463917525773194,4.917525773195877,0.5178197064989518,1
,,2.0,Not Graduate,Yes,7000000,0.0,7000000.0,23800000.0,120.0,,689.0,,8400000.0,5400000.0,15700000.0,7800000.0,37300000.0,3.4,5.328571428571428,0.6380697050938338,1
,,1.0,Graduate,No,4100000,0.0,4100000.0,9100000.0,240.0,,550.0,,9900000.0,5200000.0,10800000.0,4800000.0,30700000.0,2.2195121951219514,7.487804878048781,0.2964169381107492,1
,,0.0,Graduate,Yes,5300000,0.0,5300000.0,12900000.0,240.0,,826.0,,15500000.0,6800000.0,12000000.0,5200000.0,39500000.0,2.4339622641509435,7.452830188679245,0.3265822784810127,1
,,1.0,Not Graduate,No,7300000,0.0,7300000.0,19200000.0,168.0,,599.0,,18400000.0,5400000.0,15900000.0,3700000.0,43400000.0,2.6301369863013697,5.945205479452055,0.4423963133640553,1
,,1.0,Graduate,No,6500000,0.0,6500000.0,18500000.0,192.0,,815.0,,6300000.0,10000000.0,13400000.0,4000000.0,33700000.0,2.8461538461538463,5.184615384615385,0.5489614243323442,1
,,4.0,Graduate,Yes,600000,0.0,600000.0,1400000.0,48.0,,761.0,,800000.0,500000.0,2100000.0,300000.0,3700000.0,2.3333333333333335,6.166666666666667,0.3783783783783784,1
,,3.0,Not Graduate,Yes,5200000,0.0,5200000.0,15000000.0,240.0,,432.0,,6900000.0,5000000.0,15600000.0,5100000.0,32600000.0,2.8846153846153846,6.269230769230769,0.4601226993865031,0
,,4.0,Not Graduate,Yes,2800000,0.0,2800000.0,9200000.0,216.0,,442.0,,5800000.0,4800000.0,8400000.0,1300000.0,20300000.0,3.2857142857142856,7.25,0.45320197044334976,0
,,1.0,Graduate,Yes,7800000,0.0,7800000.0,23300000.0,72.0,,620.0,,3500000.0,2100000.0,22200000.0,7600000.0,35400000.0,2.9871794871794872,4.538461538461538,0.6581920903954802,1
,,2.0,Graduate,No,3000000,0.0,3000000.0,6500000.0,48.0,,476.0,,7900000.0,300000.0,9400000.0,1500000.0,19100000.0,2.1666666666666665,6.366666666666666,0.3403141361256545,0
,,4.0,Graduate,No,9300000,0.0,9300000.0,34900000.0,72.0,,837.0,,27400000.0,800000.0,21400000.0,8500000.0,58100000.0,3.752688172043011,6.247311827956989,0.6006884681583476,1
,,3.0,Not Graduate,Yes,5100000,0.0,5100000.0,18000000.0,72.0,,510.0,,13400000.0,6600000.0,17200000.0,7600000.0,44800000.0,3.5294117647058822,8.784313725490197,0.4017857142857143,0
,,4.0,Not Graduate,Yes,4300000,0.0,4300000.0,16100000.0,216.0,,849.0,,3800000.0,6600000.0,17100000.0,6400000.0,33900000.0,3.744186046511628,7.883720930232558,0.4749262536873156,1
,,3.0,Graduate,No,1100000,0.0,1100000.0,2100000.0,96.0,,737.0,,2900000.0,2000000.0,2500000.0,900000.0,8300000.0,1.9090909090909092,7.545454545454546,0.25301204819277107,1
,,2.0,Graduate,No,6500000,0.0,6500000.0,16200000.0,120.0,,809.0,,14000000.0,4700000.0,13200000.0,8600000.0,40500000.0,2.4923076923076923,6.230769230769231,0.4,1
,,3.0,Not Graduate,No,6400000,0.0,6400000.0,23000000.0,96.0,,520.0,,12100000.0,11400000.0,16000000.0,3800000.0,43300000.0,3.59375,6.765625,0.5311778290993071,0
,,2.0,Not Graduate,No,7400000,0.0,7400000.0,22500000.0,192.0,,834.0,,6400000.0,12600000.0,15700000.0,6000000.0,40700000.0,3.0405405405405403,5.5,0.5528255528255528,1
,,4.0,Graduate,No,8700000,0.0,8700000.0,32100000.0,96.0,,397.0,,8900000.0,17000000.0,34700000.0,4800000.0,65400000.0,3.689655172413793,7.517241379310345,0.4908256880733945,0
,,0.0,Not Graduate,No,9200000,0.0,9200000.0,24700000.0,168.0,,438.0,,4800000.0,16000000.0,20600000.0,10700000.0,52100000.0,2.6847826086956523,5.663043478260869,0.4740882917466411,0
,,1.0,Graduate,Yes,6200000,0.0,6200000.0,19700000.0,216.0,,820.0,,11200000.0,3400000.0,15600000.0,4700000.0,34900000.0,3.1774193548387095,5.629032258064516,0.5644699140401146,1
,,1.0,Not Graduate,No,1200000,0.0,1200000.0,4600000.0,240.0,,323.0,,2000000.0,1700000.0,2600000.0,1400000.0,7700000.0,3.8333333333333335,6.416666666666667,0.5974025974025974,0
,,1.0,Not Graduate,Yes,7000000,0.0,7000000.0,20300000.0,168.0,,837.0,,7700000.0,2200000.0,19700000.0,5500000.0,35100000.0,2.9,5.014285714285714,0.5783475783475783,1
,,5.0,Graduate,Yes,3800000,0.0,3800000.0,10100000.0,24.0,,571.0,,7400000.0,6600000.0,12600000.0,3300000.0,29900000.0,2.6578947368421053,7.868421052631579,0.3377926421404682,1
,,0.0,Graduate,No,4900000,0.0,4900000.0,16300000.0,168.0,,479.0,,1600000.0,6400000.0,18600000.0,2700000.0,29300000.0,3.326530612244898,5.979591836734694,0.5563139931740614,0
,,2.0,Graduate,Yes,7800000,0.0,7800000.0,22100000.0,72.0,,533.0,,11900000.0,2500000.0,19300000.0,10800000.0,44500000.0,2.8333333333333335,5.705128205128205,0.4966292134831461,0
,,1.0,Not Graduate,Yes,7400000,0.0,7400000.0,17200000.0,96.0,,899.0,,16500000.0,8700000.0,16700000.0,4900000.0,46800000.0,2.324324324324324,6.324324324324325,0.36752136752136755,1
,,1.0,Not Graduate,No,7000000,0.0,7000000.0,26600000.0,192.0,,460.0,,20500000.0,3300000.0,27700000.0,4600000.0,56100000.0,3.8,8.014285714285714,0.4741532976827095,0
,,1.0,Not Graduate,No,4900000,0.0,4900000.0,12500000.0,24.0,,636.0,,14200000.0,6400000.0,13900000.0,5000000.0,39500000.0,2.5510204081632653,8.061224489795919,0.31645569620253167,1
,,3.0,Not Graduate,No,5800000,0.0,5800000.0,20600000.0,240.0,,434.0,,8400000.0,2700000.0,22600000.0,7000000.0,40700000.0,3.5517241379310347,7.017241379310345,0.5061425061425061,0
,,5.0,Not Graduate,No,2000000,0.0,2000000.0,6900000.0,216.0,,516.0,,4600000.0,3400000.0,6500000.0,1600000.0,16100000.0,3.45,8.05,0.42857142857142855,0
,,4.0,Graduate,No,8300000,0.0,8300000.0,24600000.0,24.0,,382.0,,1400000.0,1200000.0,16700000.0,6600000.0,25900000.0,2.963855421686747,3.1204819277108435,0.9498069498069498,0
,,0.0,Graduate,Yes,1000000,0.0,1000000.0,2800000.0,144.0,,616.0,,700000.0,700000.0,3900000.0,700000.0,6000000.0,2.8,6.0,0.4666666666666667,1
,,3.0,Graduate,No,5500000,0.0,5500000.0,11600000.0,72.0,,745.0,,9400000.0,8000000.0,12800000.0,5400000.0,35600000.0,2.109090909090909,6.472727272727273,0.3258426966292135,1
,,5.0,Graduate,No,1400000,0.0,1400000.0,3400000.0,72.0,,697.0,,2000000.0,500000.0,4600000.0,1600000.0,8700000.0,2.4285714285714284,6.214285714285714,0.39080459770114945,1
,,4.0,Graduate,No,3700000,0.0,3700000.0,12300000.0,72.0,,364.0,,5900000.0,4200000.0,13700000.0,4400000.0,28200000.0,3.324324324324324,7.621621621621622,0.43617021276595747,0
,,2.0,Not Graduate,Yes,2100000,0.0,2100000.0,6900000.0,24.0,,566.0,,700000.0,1500000.0,8100000.0,1000000.0,11300000.0,3.2857142857142856,5.380952380952381,0.6106194690265486,1
,,4.0,Not Graduate,No,6200000,0.0,6200000.0,21900000.0,144.0,,462.0,,9400000.0,2000000.0,16600000.0,8300000.0,36300000.0,3.532258064516129,5.854838709677419,0.6033057851239669,0
,,0.0,Not Graduate,No,9300000,0.0,9300000.0,31900000.0,24.0,,331.0,,7100000.0,11200000.0,23700000.0,8000000.0,50000000.0,3.4301075268817205,5.376344086021505,0.638,1
,,3.0,Not Graduate,Yes,5100000,0.0,5100000.0,10300000.0,144.0,,839.0,,13400000.0,5400000.0,10700000.0,7500000.0,37000000.0,2.019607843137255,7.254901960784314,0.27837837837837837,1
,,0.0,Graduate,Yes,7000000,0.0,7000000.0,14000000.0,48.0,,702.0,,9000000.0,3100000.0,21400000.0,7600000.0,41100000.0,2.0,5.871428571428571,0.340632603406326,1
,,3.0,Graduate,Yes,5300000,0.0,5300000.0,17900000.0,24.0,,580.0,,10200000.0,6400000.0,11600000.0,3600000.0,31800000.0,3.3773584905660377,6.0,0.5628930817610063,1
,,3.0,Graduate,No,900000,0.0,900000.0,2800000.0,120.0,,560.0,,2700000.0,300000.0,1900000.0,1300000.0,6200000.0,3.111111111111111,6.888888888888889,0.45161290322580644,1
,,4.0,Not Graduate,Yes,9400000,0.0,9400000.0,25700000.0,168.0,,845.0,,27300000.0,4100000.0,26500000.0,12200000.0,70100000.0,2.734042553191489,7.457446808510638,0.3666191155492154,1
,,4.0,Not Graduate,Yes,2600000,0.0,2600000.0,8500000.0,48.0,,392.0,,5500000.0,100000.0,8800000.0,2900000.0,17300000.0,3.269230769230769,6.653846153846154,0.4913294797687861,1
,,2.0,Graduate,No,1500000,0.0,1500000.0,4900000.0,192.0,,387.0,,0.0,2400000.0,3700000.0,1300000.0,7400000.0,3.2666666666666666,4.933333333333334,0.6621621621621622,0
,,1.0,Graduate,Yes,1800000,0.0,1800000.0,6300000.0,144.0,,749.0,,4200000.0,200000.0,3800000.0,2700000.0,10900000.0,3.5,6.055555555555555,0.5779816513761468,1
,,3.0,Graduate,Yes,7800000,0.0,7800000.0,20000000.0,168.0,,727.0,,4600000.0,7200000.0,17300000.0,8600000.0,37700000.0,2.5641025641025643,4.833333333333333,0.5305039787798409,1
,,3.0,Graduate,Yes,2100000,0.0,2100000.0,7400000.0,168.0,,656.0,,5600000.0,400000.0,5200000.0,2800000.0,14000000.0,3.5238095238095237,6.666666666666667,0.5285714285714286,1
,,0.0,Not Graduate,Yes,8300000,0.0,8300000.0,17500000.0,240.0,,643.0,,24800000.0,8900000.0,18800000.0,5100000.0,57600000.0,2.108433734939759,6.9397590361445785,0.3038194444444444,1
,,2.0,Not Graduate,Yes,4400000,0.0,4400000.0,16800000.0,48.0,,307.0,,12800000.0,7200000.0,9700000.0,5800000.0,35500000.0,3.8181818181818183,8.068181818181818,0.4732394366197183,1
,,2.0,Not Graduate,No,2300000,0.0,2300000.0,5000000.0,192.0,,588.0,,2000000.0,3500000.0,7000000.0,1500000.0,14000000.0,2.1739130434782608,6.086956521739131,0.35714285714285715,1
,,3.0,Graduate,Yes,7700000,0.0,7700000.0,22300000.0,240.0,,895.0,,22200000.0,13300000.0,23900000.0,9100000.0,68500000.0,2.896103896103896,8.896103896103897,0.32554744525547447,1
,,0.0,Not Graduate,Yes,9300000,0.0,9300000.0,29400000.0,120.0,,351.0,,24200000.0,6800000.0,35800000.0,6100000.0,72900000.0,3.161290322580645,7.838709677419355,0.40329218106995884,0
,,5.0,Not Graduate,No,5900000,0.0,5900000.0,16400000.0,144.0,,891.0,,10200000.0,10400000.0,19600000.0,4700000.0,44900000.0,2.7796610169491527,7.610169491525424,0.36525612472160357,1
,,5.0,Not Graduate,Yes,1900000,0.0,1900000.0,4900000.0,48.0,,442.0,,3200000.0,2100000.0,5800000.0,900000.0,12000000.0,2.5789473684210527,6.315789473684211,0.4083333333333333,0
,,0.0,Not Graduate,No,6900000,0.0,6900000.0,19500000.0,240.0,,686.0,,2300000.0,8700000.0,16400000.0,6200000.0,33600000.0,2.8260869565217392,4.869565217391305,0.5803571428571429,1
,,4.0,Graduate,Yes,2100000,0.0,2100000.0,8200000.0,240.0,,432.0,,6000000.0,900000.0,5600000.0,1000000.0,13500000.0,3.9047619047619047,6.428571428571429,0.6074074074074074,0
,,0.0,Not Graduate,No,8200000,0.0,8200000.0,20900000.0,168.0,,766.0,,4400000.0,12300000.0,18400000.0,12100000.0,47200000.0,2.548780487804878,5.7560975609756095,0.4427966101694915,1
,,4.0,Not Graduate,No,7700000,0.0,7700000.0,17200000.0,72.0,,561.0,,6000000.0,5000000.0,15400000.0,6800000.0,33200000.0,2.2337662337662336,4.311688311688312,0.5180722891566265,1
,,5.0,Not Graduate,No,7700000,0.0,7700000.0,19000000.0,24.0,,539.0,,4000000.0,14500000.0,29300000.0,4100000.0,51900000.0,2.4675324675324677,6.740259740259741,0.36608863198458574,0
,,1.0,Graduate,No,700000,0.0,700000.0,1400000.0,72.0,,759.0,,1000000.0,500000.0,2600000.0,700000.0,4800000.0,2.0,6.857142857142857,0.2916666666666667,1
,,5.0,Graduate,No,7100000,0.0,7100000.0,18200000.0,96.0,,750.0,,21000000.0,7900000.0,20800000.0,5300000.0,55000000.0,2.563380281690141,7.746478873239437,0.33090909090909093,1
,,2.0,Graduate,No,3900000,0.0,3900000.0,13600000.0,120.0,,373.0,,11600000.0,1000000.0,8400000.0,3600000.0,24600000.0,3.4871794871794872,6.3076923076923075,0.5528455284552846,0
,,1.0,Not Graduate,Yes,5200000,0.0,5200000.0,20500000.0,120.0,,407.0,,1100000.0,3400000.0,18200000.0,3800000.0,26500000.0,3.9423076923076925,5.096153846153846,0.7735849056603774,0
,,4.0,Not Graduate,No,5500000,0.0,5500000.0,20200000.0,168.0,,611.0,,13700000.0,5700000.0,15100000.0,7200000.0,41700000.0,3.672727272727273,7.581818181818182,0.4844124700239808,1
,,3.0,Graduate,No,2600000,0.0,2600000.0,6300000.0,120.0,,783.0,,6500000.0,2400000.0,6500000.0,2600000.0,18000000.0,2.423076923076923,6.923076923076923,0.35,1
,,0.0,Not Graduate,Yes,7300000,0.0,7300000.0,24000000.0,216.0,,651.0,,16600000.0,100000.0,19600000.0,4500000.0,40800000.0,3.287671232876712,5.589041095890411,0.5882352941176471,1
,,3.0,Graduate,No,8700000,0.0,8700000.0,31100000.0,192.0,,760.0,,400000.0,1800000.0,19300000.0,4800000.0,26300000.0,3.574712643678161,3.0229885057471266,1.182509505703422,0
,,3.0,Graduate,No,9000000,0.0,9000000.0,22700000.0,192.0,,793.0,,11700000.0,10800000.0,35000000.0,7000000.0,64500000.0,2.522222222222222,7.166666666666667,0.351937984496124,1
,,4.0,Graduate,No,400000,0.0,400000.0,800000.0,192.0,,685.0,,500000.0,300000.0,1300000.0,600000.0,2700000.0,2.0,6.75,0.2962962962962963,1
,,2.0,Not Graduate,Yes,3300000,0.0,3300000.0,10700000.0,96.0,,806.0,,5700000.0,600000.0,11500000.0,4900000.0,22700000.0,3.242424242424242,6.878787878787879,0.4713656387665198,1
,,1.0,Not Graduate,No,6300000,0.0,6300000.0,17800000.0,144.0,,770.0,,6000000.0,3000000.0,17000000.0,3200000.0,29200000.0,2.8253968253968256,4.634920634920635,0.6095890410958904,1
,,0.0,Not Graduate,No,7000000,0.0,7000000.0,23600000.0,168.0,,663.0,,13800000.0,9100000.0,21300000.0,7200000.0,51400000.0,3.3714285714285714,7.3428571428571425,0.4591439688715953,1
,,2.0,Graduate,Yes,2100000,0.0,2100000.0,8100000.0,48.0,,592.0,,2000000.0,2500000.0,7900000.0,2700000.0,15100000.0,3.857142857142857,7.190476190476191,0.5364238410596026,1
,,3.0,Not Graduate,No,7600000,0.0,7600000.0,26300000.0,216.0,,580.0,,19100000.0,14600000.0,25500000.0,5100000.0,64300000.0,3.460526315789474,8.460526315789474,0.40902021772939345,1
,,1.0,Graduate,No,8200000,0.0,8200000.0,17500000.0,48.0,,609.0,,4500000.0,5600000.0,24100000.0,7700000.0,41900000.0,2.1341463414634148,5.109756097560975,0.41766109785202865,1
,,3.0,Not Graduate,Yes,9200000,0.0,9200000.0,23200000.0,96.0,,380.0,,13100000.0,15500000.0,18900000.0,6100000.0,53600000.0,2.5217391304347827,5.826086956521739,0.43283582089552236,0
,,3.0,Graduate,No,3800000,0.0,3800000.0,12100000.0,240.0,,364.0,,4100000.0,5100000.0,11600000.0,3000000.0,23800000.0,3.1842105263157894,6.2631578947368425,0.5084033613445378,0
,,1.0,Graduate,No,3200000,0.0,3200000.0,8900000.0,144.0,,866.0,,5100000.0,700000.0,9900000.0,2400000.0,18100000.0,2.78125,5.65625,0.49171270718232046,1
,,4.0,Not Graduate,No,9700000,0.0,9700000.0,31700000.0,120.0,,342.0,,700000.0,100000.0,36700000.0,12000000.0,49500000.0,3.268041237113402,5.103092783505154,0.6404040404040404,0
,,5.0,Graduate,No,4700000,0.0,4700000.0,14400000.0,192.0,,884.0,,9900000.0,4400000.0,9300000.0,3800000.0,27400000.0,3.0638297872340425,5.829787234042553,0.5255474452554745,1
,,4.0,Graduate,Yes,3800000,0.0,3800000.0,12500000.0,216.0,,859.0,,3900000.0,4600000.0,8200000.0,2700000.0,19400000.0,3.289473684210526,5.105263157894737,0.6443298969072165,1
,,4.0,Graduate,No,400000,0.0,400000.0,1000000.0,240.0,,692.0,,500000.0,400000.0,1600000.0,200000.0,2700000.0,2.5,6.75,0.37037037037037035,1
,,4.0,Not Graduate,Yes,3200000,0.0,3200000.0,6800000.0,192.0,,675.0,,8000000.0,1900000.0,6800000.0,4000000.0,20700000.0,2.125,6.46875,0.3285024154589372,1
,,5.0,Graduate,Yes,3900000,0.0,3900000.0,12700000.0,96.0,,886.0,,3500000.0,5800000.0,14900000.0,5400000.0,29600000.0,3.2564102564102564,7.589743589743589,0.42905405405405406,1
,,1.0,Graduate,Yes,3500000,0.0,3500000.0,13100000.0,120.0,,477.0,,3200000.0,6200000.0,7500000.0,3100000.0,20000000.0,3.742857142857143,5.714285714285714,0.655,0
,,2.0,Graduate,No,2200000,0.0,2200000.0,8300000.0,72.0,,596.0,,4700000.0,3000000.0,8500000.0,1800000.0,18000000.0,3.772727272727273,8.181818181818182,0.46111111111111114,1
,,4.0,Not Graduate,No,6400000,0.0,6400000.0,19700000.0,240.0,,400.0,,2300000.0,6100000.0,20100000.0,6200000.0,34700000.0,3.078125,5.421875,0.5677233429394812,0
,,3.0,Graduate,No,9100000,0.0,9100000.0,19900000.0,24.0,,711.0,,2200000.0,17900000.0,24300000.0,13000000.0,57400000.0,2.1868131868131866,6.3076923076923075,0.34668989547038326,1
,,0.0,Not Graduate,Yes,3300000,0.0,3300000.0,8900000.0,24.0,,418.0,,4200000.0,6000000.0,9300000.0,3700000.0,23200000.0,2.696969696969697,7.03030303030303,0.38362068965517243,0
,,3.0,Graduate,No,7800000,0.0,7800000.0,21800000.0,96.0,,517.0,,7700000.0,5100000.0,19500000.0,9100000.0,41400000.0,2.7948717948717947,5.3076923076923075,0.5265700483091788,0
,,0.0,Not Graduate,Yes,6200000,0.0,6200000.0,16200000.0,72.0,,508.0,,5600000.0,5700000.0,21500000.0,3600000.0,36400000.0,2.6129032258064515,5.870967741935484,0.44505494505494503,0
,,3.0,Not Graduate,Yes,7000000,0.0,7000000.0,26100000.0,216.0,,689.0,,17200000.0,5700000.0,20500000.0,5900000.0,49300000.0,3.7285714285714286,7.042857142857143,0.5294117647058824,1
,,0.0,Graduate,No,9200000,0.0,9200000.0,28200000.0,144.0,,455.0,,19200000.0,6400000.0,34700000.0,5900000.0,66200000.0,3.0652173913043477,7.195652173913044,0.4259818731117825,0
,,5.0,Not Graduate,Yes,7500000,0.0,7500000.0,20800000.0,72.0,,617.0,,100000.0,14200000.0,19300000.0,8200000.0,41800000.0,2.7733333333333334,5.573333333333333,0.49760765550239233,1
,,2.0,Graduate,No,5300000,0.0,5300000.0,13200000.0,120.0,,500.0,,4700000.0,9800000.0,20400000.0,2900000.0,37800000.0,2.490566037735849,7.132075471698113,0.3492063492063492,0
,,5.0,Not Graduate,Yes,6800000,0.0,6800000.0,22800000.0,168.0,,382.0,,17600000.0,700000.0,21700000.0,5800000.0,45800000.0,3.3529411764705883,6.735294117647059,0.4978165938864629,0
,,1.0,Not Graduate,No,7900000,0.0,7900000.0,20800000.0,216.0,,538.0,,10000000.0,9700000.0,29900000.0,10600000.0,60200000.0,2.632911392405063,7.620253164556962,0.34551495016611294,0
,,0.0,Not Graduate,Yes,6200000,0.0,6200000.0,14900000.0,96.0,,855.0,,0.0,7200000.0,14200000.0,8200000.0,29600000.0,2.403225806451613,4.774193548387097,0.5033783783783784,1
,,1.0,Graduate,No,1000000,0.0,1000000.0,3000000.0,216.0,,614.0,,1800000.0,1700000.0,3700000.0,700000.0,7900000.0,3.0,7.9,0.379746835443038,1
,,2.0,Graduate,Yes,7800000,0.0,7800000.0,25400000.0,120.0,,513.0,,22100000.0,600000.0,23500000.0,9800000.0,56000000.0,3.2564102564102564,7.17948717948718,0.45357142857142857,0
,,5.0,Graduate,Yes,3000000,0.0,3000000.0,8800000.0,168.0,,402.0,,5600000.0,5300000.0,8600000.0,4200000.0,23700000.0,2.933333333333333,7.9,0.37130801687763715,0
,,5.0,Graduate,Yes,5700000,0.0,5700000.0,15000000.0,240.0,,819.0,,15500000.0,9800000.0,14100000.0,3400000.0,42800000.0,2.6315789473684212,7.508771929824562,0.35046728971962615,1
,,4.0,Not Graduate,No,6600000,0.0,6600000.0,25400000.0,144.0,,622.0,,9200000.0,3500000.0,19900000.0,7500000.0,40100000.0,3.8484848484848486,6.075757575757576,0.6334164588528678,1
,,4.0,Graduate,Yes,7100000,0.0,7100000.0,18200000.0,48.0,,790.0,,2500000.0,2200000.0,25500000.0,9600000.0,39800000.0,2.563380281690141,5.605633802816901,0.457286432160804,1
,,3.0,Graduate,Yes,1300000,0.0,1300000.0,4800000.0,168.0,,808.0,,3100000.0,2000000.0,5100000.0,1500000.0,11700000.0,3.6923076923076925,9.0,0.41025641025641024,1
,,2.0,Not Graduate,No,5200000,0.0,5200000.0,16800000.0,216.0,,369.0,,5400000.0,8600000.0,17000000.0,6800000.0,37800000.0,3.230769230769231,7.269230769230769,0.4444444444444444,0
,,3.0,Graduate,No,5600000,0.0,5600000.0,20300000.0,48.0,,330.0,,16100000.0,5100000.0,15300000.0,4200000.0,40700000.0,3.625,7.267857142857143,0.4987714987714988,1
,,2.0,Graduate,No,7100000,0.0,7100000.0,16500000.0,168.0,,857.0,,3700000.0,10700000.0,18500000.0,8200000.0,41100000.0,2.323943661971831,5.788732394366197,0.40145985401459855,1
,,2.0,Graduate,No,5100000,0.0,5100000.0,19100000.0,96.0,,457.0,,13200000.0,5100000.0,16400000.0,7600000.0,42300000.0,3.7450980392156863,8.294117647058824,0.4515366430260047,0
,,3.0,Not Graduate,Yes,7600000,0.0,7600000.0,29300000.0,96.0,,843.0,,21500000.0,3000000.0,22800000.0,11200000.0,58500000.0,3.8552631578947367,7.697368421052632,0.5008547008547009,1
,,0.0,Graduate,Yes,2500000,0.0,2500000.0,5400000.0,72.0,,463.0,,1900000.0,3500000.0,8200000.0,1800000.0,15400000.0,2.16,6.16,0.35064935064935066,0
,,3.0,Graduate,No,6900000,0.0,6900000.0,22800000.0,192.0,,582.0,,17700000.0,2200000.0,23500000.0,4400000.0,47800000.0,3.3043478260869565,6.927536231884058,0.4769874476987448,1
,,0.0,Graduate,No,3100000,0.0,3100000.0,6500000.0,24.0,,391.0,,100000.0,3800000.0,9900000.0,2400000.0,16200000.0,2.096774193548387,5.225806451612903,0.4012345679012346,0
,,2.0,Graduate,Yes,9700000,0.0,9700000.0,35100000.0,240.0,,612.0,,13400000.0,13500000.0,38200000.0,6500000.0,71600000.0,3.618556701030928,7.381443298969073,0.49022346368715086,1
,,0.0,Not Graduate,Yes,5800000,0.0,5800000.0,12600000.0,24.0,,859.0,,13500000.0,4700000.0,21200000.0,4500000.0,43900000.0,2.1724137931034484,7.568965517241379,0.2870159453302961,1
,,4.0,Not Graduate,No,7600000,0.0,7600000.0,18600000.0,216.0,,779.0,,9100000.0,5600000.0,15200000.0,10000000.0,39900000.0,2.4473684210526314,5.25,0.46616541353383456,1
,,5.0,Not Graduate,No,700000,0.0,700000.0,2800000.0,24.0,,561.0,,900000.0,400000.0,1900000.0,800000.0,4000000.0,4.0,5.714285714285714,0.7,1
,,3.0,Graduate,No,2300000,0.0,2300000.0,5600000.0,216.0,,420.0,,1300000.0,600000.0,6700000.0,2100000.0,10700000.0,2.4347826086956523,4.6521739130434785,0.5233644859813084,0
,,3.0,Not Graduate,No,1600000,0.0,1600000.0,3300000.0,96.0,,609.0,,4700000.0,100000.0,6000000.0,800000.0,11600000.0,2.0625,7.25,0.28448275862068967,1
,,4.0,Not Graduate,No,8100000,0.0,8100000.0,19300000.0,168.0,,821.0,,16500000.0,8500000.0,25800000.0,8300000.0,59100000.0,2.382716049382716,7.296296296296297,0.32656514382402707,1
,,1.0,Graduate,No,7700000,0.0,7700000.0,17100000.0,168.0,,603.0,,11100000.0,12100000.0,30300000.0,7100000.0,60600000.0,2.220779220779221,7.87012987012987,0.28217821782178215,1
,,4.0,Graduate,No,1500000,0.0,1500000.0,3400000.0,120.0,,778.0,,3800000.0,300000.0,4000000.0,2200000.0,10300000.0,2.2666666666666666,6.866666666666666,0.3300970873786408,1
,,3.0,Not Graduate,No,7400000,0.0,7400000.0,23500000.0,24.0,,460.0,,20600000.0,12200000.0,25900000.0,9200000.0,67900000.0,3.175675675675676,9.175675675675675,0.34609720176730485,1
,,4.0,Not Graduate,Yes,8900000,0.0,8900000.0,27100000.0,216.0,,363.0,,7800000.0,9600000.0,25400000.0,12700000.0,55500000.0,3.044943820224719,6.235955056179775,0.4882882882882883,0
,,0.0,Graduate,No,2400000,0.0,2400000.0,5300000.0,192.0,,482.0,,5500000.0,4200000.0,8400000.0,2600000.0,20700000.0,2.2083333333333335,8.625,0.2560386473429952,0
,,5.0,Graduate,No,5600000,0.0,5600000.0,20300000.0,48.0,,772.0,,10600000.0,6000000.0,13600000.0,7600000.0,37800000.0,3.625,6.75,0.5370370370370371,1
,,4.0,Graduate,No,5900000,0.0,5900000.0,14400000.0,72.0,,745.0,,15300000.0,5100000.0,16500000.0,3000000.0,39900000.0,2.440677966101695,6.762711864406779,0.3609022556390977,1
,,1.0,Graduate,No,1600000,0.0,1600000.0,3300000.0,24.0,,513.0,,400000.0,1300000.0,4600000.0,2200000.0,8500000.0,2.0625,5.3125,0.38823529411764707,0
,,5.0,Not Graduate,No,1100000,0.0,1100000.0,4000000.0,24.0,,362.0,,1800000.0,1300000.0,3500000.0,1100000.0,7700000.0,3.6363636363636362,7.0,0.5194805194805194,1
,,2.0,Graduate,Yes,6600000,0.0,6600000.0,25600000.0,72.0,,740.0,,10900000.0,1900000.0,18900000.0,9200000.0,40900000.0,3.878787878787879,6.196969696969697,0.6259168704156479,1
,,3.0,Graduate,No,8900000,0.0,8900000.0,24400000.0,120.0,,774.0,,11200000.0,6100000.0,31400000.0,7300000.0,56000000.0,2.741573033707865,6.292134831460674,0.4357142857142857,1
,,1.0,Graduate,Yes,6400000,0.0,6400000.0,16400000.0,240.0,,555.0,,6000000.0,2500000.0,20100000.0,7400000.0,36000000.0,2.5625,5.625,0.45555555555555555,1
,,4.0,Not Graduate,Yes,8200000,0.0,8200000.0,17300000.0,144.0,,588.0,,9700000.0,1200000.0,20700000.0,4800000.0,36400000.0,2.1097560975609757,4.439024390243903,0.47527472527472525,1
,,1.0,Graduate,No,500000,0.0,500000.0,1300000.0,168.0,,619.0,,1500000.0,100000.0,2000000.0,500000.0,4100000.0,2.6,8.2,0.3170731707317073,1
,,0.0,Graduate,No,9700000,0.0,9700000.0,31600000.0,216.0,,607.0,,24300000.0,7900000.0,32400000.0,7500000.0,72100000.0,3.2577319587628866,7.43298969072165,0.43828016643550627,1
,,3.0,Not Graduate,Yes,7100000,0.0,7100000.0,16700000.0,48.0,,435.0,,1700000.0,9600000.0,24300000.0,6200000.0,41800000.0,2.352112676056338,5.887323943661972,0.39952153110047844,0
,,4.0,Not Graduate,Yes,1400000,0.0,1400000.0,3400000.0,168.0,,835.0,,3100000.0,100000.0,4100000.0,2100000.0,9400000.0,2.4285714285714284,6.714285714285714,0.3617021276595745,1
,,1.0,Not Graduate,No,7200000,0.0,7200000.0,28100000.0,168.0,,767.0,,10000000.0,10400000.0,27500000.0,4000000.0,51900000.0,3.9027777777777777,7.208333333333333,0.5414258188824663,1
,,1.0,Graduate,Yes,8400000,0.0,8400000.0,26200000.0,168.0,,643.0,,19400000.0,11500000.0,17900000.0,6900000.0,55700000.0,3.119047619047619,6.630952380952381,0.4703770197486535,1
,,4.0,Not Graduate,No,4300000,0.0,4300000.0,13900000.0,24.0,,894.0,,10100000.0,100000.0,8600000.0,3300000.0,22100000.0,3.2325581395348837,5.1395348837209305,0.6289592760180995,1
,,0.0,Not Graduate,Yes,8800000,0.0,8800000.0,29800000.0,96.0,,343.0,,20000000.0,4900000.0,33300000.0,12200000.0,70400000.0,3.3863636363636362,8.0,0.42329545454545453,0
,,4.0,Not Graduate,No,4000000,0.0,4000000.0,15100000.0,96.0,,800.0,,8700000.0,6900000.0,12200000.0,4400000.0,32200000.0,3.775,8.05,0.468944099378882,1
,,3.0,Not Graduate,Yes,6900000,0.0,6900000.0,17900000.0,216.0,,494.0,,7700000.0,11200000.0,15400000.0,8700000.0,43000000.0,2.5942028985507246,6.231884057971015,0.41627906976744183,0
,,4.0,Graduate,No,9600000,0.0,9600000.0,33000000.0,168.0,,336.0,,5800000.0,8500000.0,30100000.0,4900000.0,49300000.0,3.4375,5.135416666666667,0.6693711967545639,0
,,2.0,Not Graduate,No,6900000,0.0,6900000.0,16500000.0,192.0,,785.0,,19600000.0,8600000.0,27100000.0,3600000.0,58900000.0,2.391304347826087,8.53623188405797,0.2801358234295416,1
,,1.0,Not Graduate,Yes,3600000,0.0,3600000.0,13400000.0,192.0,,732.0,,5200000.0,6700000.0,7300000.0,3300000.0,22500000.0,3.7222222222222223,6.25,0.5955555555555555,1
,,2.0,Not Graduate,No,1900000,0.0,1900000.0,4600000.0,144.0,,587.0,,3000000.0,1300000.0,4800000.0,1100000.0,10200000.0,2.4210526315789473,5.368421052631579,0.45098039215686275,1
,,3.0,Not Graduate,Yes,9700000,0.0,9700000.0,30800000.0,216.0,,471.0,,12700000.0,3800000.0,37300000.0,10400000.0,64200000.0,3.1752577319587627,6.618556701030927,0.4797507788161994,0
,,2.0,Not Graduate,No,1200000,0.0,1200000.0,4100000.0,96.0,,497.0,,2700000.0,700000.0,3700000.0,1300000.0,8400000.0,3.4166666666666665,7.0,0.4880952380952381,0
,,1.0,Not Graduate,No,400000,0.0,400000.0,1600000.0,192.0,,784.0,,800000.0,700000.0,700000.0,100000.0,2300000.0,4.0,5.75,0.6956521739130435,1
,,2.0,Graduate,No,6600000,0.0,6600000.0,21500000.0,216.0,,471.0,,13700000.0,9800000.0,17100000.0,4800000.0,45400000.0,3.257575757575758,6.878787878787879,0.473568281938326,0
,,2.0,Graduate,No,1500000,0.0,1500000.0,3300000.0,48.0,,763.0,,300000.0,1200000.0,5400000.0,700000.0,7600000.0,2.2,5.066666666666666,0.4342105263157895,1
,,4.0,Not Graduate,No,3500000,0.0,3500000.0,9500000.0,24.0,,655.0,,9900000.0,6600000.0,9400000.0,3100000.0,29000000.0,2.7142857142857144,8.285714285714286,0.3275862068965517,1
,,3.0,Not Graduate,Yes,4000000,0.0,4000000.0,8600000.0,48.0,,667.0,,11500000.0,6300000.0,15300000.0,3500000.0,36600000.0,2.15,9.15,0.23497267759562843,1
,,3.0,Not Graduate,No,4100000,0.0,4100000.0,14100000.0,96.0,,367.0,,900000.0,800000.0,8900000.0,5300000.0,15900000.0,3.4390243902439024,3.8780487804878048,0.8867924528301887,0
,,4.0,Graduate,No,5800000,0.0,5800000.0,18500000.0,192.0,,436.0,,1400000.0,5500000.0,17100000.0,6500000.0,30500000.0,3.189655172413793,5.258620689655173,0.6065573770491803,0
,,4.0,Graduate,Yes,8600000,0.0,8600000.0,23300000.0,144.0,,785.0,,18800000.0,3800000.0,23500000.0,4500000.0,50600000.0,2.7093023255813953,5.883720930232558,0.46047430830039526,1
,,2.0,Graduate,No,4500000,0.0,4500000.0,11400000.0,120.0,,388.0,,11600000.0,3000000.0,14300000.0,2900000.0,31800000.0,2.533333333333333,7.066666666666666,0.3584905660377358,0
,,2.0,Graduate,Yes,9900000,0.0,9900000.0,37300000.0,96.0,,385.0,,600000.0,900000.0,27400000.0,14200000.0,43100000.0,3.7676767676767677,4.353535353535354,0.8654292343387471,0
,,1.0,Not Graduate,Yes,3200000,0.0,3200000.0,8100000.0,120.0,,670.0,,9100000.0,3800000.0,9200000.0,1900000.0,24000000.0,2.53125,7.5,0.3375,1
,,5.0,Graduate,Yes,8900000,0.0,8900000.0,19100000.0,240.0,,329.0,,13300000.0,11400000.0,29500000.0,10000000.0,64200000.0,2.146067415730337,7.213483146067416,0.29750778816199375,0
,,5.0,Not Graduate,Yes,2100000,0.0,2100000.0,4900000.0,144.0,,651.0,,2500000.0,2100000.0,6100000.0,1800000.0,12500000.0,2.3333333333333335,5.9523809523809526,0.392,1
,,1.0,Graduate,No,7100000,0.0,7100000.0,26000000.0,192.0,,727.0,,4300000.0,9500000.0,18900000.0,8900000.0,41600000.0,3.6619718309859155,5.859154929577465,0.625,1
,,2.0,Graduate,Yes,7800000,0.0,7800000.0,28900000.0,168.0,,646.0,,1800000.0,1800000.0,17700000.0,11000000.0,32300000.0,3.7051282051282053,4.141025641025641,0.8947368421052632,1
,,3.0,Not Graduate,Yes,8600000,0.0,8600000.0,23200000.0,144.0,,894.0,,22100000.0,13900000.0,29200000.0,4500000.0,69700000.0,2.697674418604651,8.104651162790697,0.3328550932568149,1
,,3.0,Graduate,Yes,5100000,0.0,5100000.0,17000000.0,120.0,,477.0,,1700000.0,3300000.0,13700000.0,6300000.0,25000000.0,3.3333333333333335,4.901960784313726,0.68,0
,,5.0,Not Graduate,No,600000,0.0,600000.0,2000000.0,240.0,,811.0,,300000.0,400000.0,1900000.0,600000.0,3200000.0,3.3333333333333335,5.333333333333333,0.625,1
,,0.0,Graduate,Yes,6600000,0.0,6600000.0,21200000.0,216.0,,377.0,,1000000.0,9600000.0,14800000.0,9500000.0,34900000.0,3.212121212121212,5.287878787878788,0.6074498567335244,0
,,0.0,Not Graduate,Yes,4700000,0.0,4700000.0,17000000.0,216.0,,802.0,,3600000.0,1600000.0,17800000.0,2700000.0,25700000.0,3.617021276595745,5.468085106382978,0.6614785992217899,1
,,2.0,Graduate,Yes,7700000,0.0,7700000.0,19700000.0,168.0,,885.0,,19900000.0,14600000.0,22000000.0,8000000.0,64500000.0,2.5584415584415585,8.376623376623376,0.3054263565891473,1
,,4.0,Graduate,Yes,6400000,0.0,6400000.0,21900000.0,72.0,,437.0,,7000000.0,10000000.0,24600000.0,4100000.0,45700000.0,3.421875,7.140625,0.47921225382932164,0
,,2.0,Graduate,No,1100000,0.0,1100000.0,2500000.0,240.0,,615.0,,2800000.0,1700000.0,2300000.0,1300000.0,8100000.0,2.272727272727273,7.363636363636363,0.30864197530864196,1
,,2.0,Not Graduate,No,8900000,0.0,8900000.0,17800000.0,240.0,,603.0,,3300000.0,17600000.0,29000000.0,13100000.0,63000000.0,2.0,7.078651685393258,0.28253968253968254,1
,,0.0,Not Graduate,Yes,2100000,0.0,2100000.0,8300000.0,240.0,,765.0,,0.0,3600000.0,7700000.0,2100000.0,13400000.0,3.9523809523809526,6.380952380952381,0.6194029850746269,1
,,4.0,Not Graduate,Yes,2300000,0.0,2300000.0,5800000.0,96.0,,469.0,,6100000.0,4200000.0,7900000.0,2400000.0,20600000.0,2.5217391304347827,8.956521739130435,0.2815533980582524,0
,,3.0,Graduate,No,8300000,0.0,8300000.0,17700000.0,192.0,,848.0,,10500000.0,1100000.0,18700000.0,5900000.0,36200000.0,2.1325301204819276,4.36144578313253,0.4889502762430939,1
,,4.0,Graduate,No,900000,0.0,900000.0,2700000.0,240.0,,327.0,,400000.0,1200000.0,2200000.0,1200000.0,5000000.0,3.0,5.555555555555555,0.54,0
,,3.0,Not Graduate,Yes,9200000,0.0,9200000.0,35000000.0,48.0,,716.0,,1100000.0,10200000.0,33600000.0,11400000.0,56300000.0,3.8043478260869565,6.119565217391305,0.6216696269982238,1
,,3.0,Graduate,No,9800000,0.0,9800000.0,28300000.0,24.0,,715.0,,19500000.0,9600000.0,28800000.0,9200000.0,67100000.0,2.8877551020408165,6.846938775510204,0.4217585692995529,1
,,0.0,Not Graduate,No,200000,0.0,200000.0,600000.0,144.0,,683.0,,400000.0,200000.0,400000.0,0.0,1000000.0,3.0,5.0,0.6,1
,,2.0,Not Graduate,Yes,3200000,0.0,3200000.0,9700000.0,72.0,,737.0,,7300000.0,3500000.0,9700000.0,2600000.0,23100000.0,3.03125,7.21875,0.4199134199134199,1
,,5.0,Not Graduate,No,7800000,0.0,7800000.0,27000000.0,72.0,,728.0,,4400000.0,13100000.0,18500000.0,7400000.0,43400000.0,3.4615384615384617,5.564102564102564,0.6221198156682027,1
,,1.0,Graduate,No,8300000,0.0,8300000.0,30000000.0,216.0,,350.0,,12800000.0,10800000.0,23800000.0,9400000.0,56800000.0,3.6144578313253013,6.843373493975903,0.528169014084507,0
,,1.0,Graduate,Yes,2100000,0.0,2100000.0,5200000.0,168.0,,802.0,,100000.0,600000.0,6400000.0,2500000.0,9600000.0,2.4761904761904763,4.571428571428571,0.5416666666666666,1
,,5.0,Not Graduate,Yes,400000,0.0,400000.0,1400000.0,48.0,,483.0,,1100000.0,700000.0,800000.0,100000.0,2700000.0,3.5,6.75,0.5185185185185185,1
,,3.0,Graduate,Yes,7700000,0.0,7700000.0,21800000.0,216.0,,684.0,,100000.0,600000.0,15600000.0,5500000.0,21800000.0,2.831168831168831,2.831168831168831,1.0,1
,,4.0,Graduate,Yes,5600000,0.0,5600000.0,16500000.0,240.0,,692.0,,14500000.0,7800000.0,18000000.0,7400000.0,47700000.0,2.9464285714285716,8.517857142857142,0.34591194968553457,1
,,0.0,Graduate,No,8400000,0.0,8400000.0,31000000.0,48.0,,783.0,,19000000.0,13300000.0,30600000.0,6900000.0,69800000.0,3.6904761904761907,8.30952380952381,0.44412607449856734,1
,,3.0,Graduate,Yes,1300000,0.0,1300000.0,4300000.0,216.0,,412.0,,600000.0,900000.0,5200000.0,1200000.0,7900000.0,3.3076923076923075,6.076923076923077,0.5443037974683544,0
,,0.0,Not Graduate,No,8700000,0.0,8700000.0,30200000.0,120.0,,447.0,,14200000.0,14800000.0,28200000.0,6100000.0,63300000.0,3.471264367816092,7.275862068965517,0.47709320695102686,0
,,0.0,Not Graduate,No,2700000,0.0,2700000.0,8400000.0,168.0,,610.0,,900000.0,1900000.0,6100000.0,2800000.0,11700000.0,3.111111111111111,4.333333333333333,0.717948717948718,1
,,5.0,Graduate,Yes,800000,0.0,800000.0,1800000.0,96.0,,881.0,,300000.0,1100000.0,2600000.0,400000.0,4400000.0,2.25,5.5,0.4090909090909091,1
,,5.0,Graduate,Yes,3800000,0.0,3800000.0,10300000.0,192.0,,606.0,,7700000.0,1900000.0,9900000.0,2700000.0,22200000.0,2.710526315789474,5.842105263157895,0.46396396396396394,1
,,5.0,Graduate,Yes,700000,0.0,700000.0,2600000.0,24.0,,869.0,,1100000.0,500000.0,1400000.0,500000.0,3500000.0,3.7142857142857144,5.0,0.7428571428571429,1
,,4.0,Graduate,Yes,400000,0.0,400000.0,1400000.0,24.0,,496.0,,400000.0,200000.0,1100000.0,400000.0,2100000.0,3.5,5.25,0.6666666666666666,1
,,1.0,Graduate,Yes,3200000,0.0,3200000.0,9300000.0,72.0,,483.0,,6700000.0,1900000.0,7800000.0,3600000.0,20000000.0,2.90625,6.25,0.465,0
,,3.0,Graduate,No,7500000,0.0,7500000.0,22200000.0,96.0,,741.0,,6600000.0,6900000.0,17600000.0,11000000.0,42100000.0,2.96,5.613333333333333,0.5273159144893111,1
,,2.0,Not Graduate,No,3700000,0.0,3700000.0,13500000.0,48.0,,820.0,,4700000.0,1600000.0,14000000.0,5300000.0,25600000.0,3.6486486486486487,6.918918918918919,0.52734375,1
,,5.0,Graduate,No,3300000,0.0,3300000.0,9100000.0,216.0,,697.0,,8800000.0,1800000.0,11300000.0,2600000.0,24500000.0,2.757575757575758,7.424242424242424,0.37142857142857144,1
,,1.0,Graduate,Yes,200000,0.0,200000.0,500000.0,240.0,,713.0,,0.0,200000.0,500000.0,100000.0,800000.0,2.5,4.0,0.625,1
,,1.0,Not Graduate,No,7100000,0.0,7100000.0,17000000.0,72.0,,754.0,,1100000.0,500000.0,27000000.0,6800000.0,35400000.0,2.3943661971830985,4.985915492957746,0.480225988700565,1
,,3.0,Not Graduate,Yes,1500000,0.0,1500000.0,5100000.0,168.0,,837.0,,4100000.0,1000000.0,3300000.0,1400000.0,9800000.0,3.4,6.533333333333333,0.5204081632653061,1
,,0.0,Not Graduate,No,3000000,0.0,3000000.0,6500000.0,24.0,,691.0,,7800000.0,4500000.0,8900000.0,2500000.0,23700000.0,2.1666666666666665,7.9,0.2742616033755274,1
,,3.0,Graduate,Yes,1900000,0.0,1900000.0,5300000.0,144.0,,436.0,,2300000.0,3500000.0,5000000.0,2600000.0,13400000.0,2.789473684210526,7.052631578947368,0.39552238805970147,0
,,0.0,Not Graduate,No,9100000,0.0,9100000.0,30100000.0,96.0,,322.0,,26200000.0,9500000.0,18800000.0,5900000.0,60400000.0,3.3076923076923075,6.637362637362638,0.49834437086092714,0
,,0.0,Not Graduate,No,2200000,0.0,2200000.0,7500000.0,24.0,,333.0,,3400000.0,600000.0,6200000.0,1500000.0,11700000.0,3.409090909090909,5.318181818181818,0.6410256410256411,1
,,0.0,Not Graduate,Yes,8400000,0.0,8400000.0,23000000.0,168.0,,455.0,,400000.0,13400000.0,29800000.0,9400000.0,53000000.0,2.738095238095238,6.309523809523809,0.4339622641509434,0
,,1.0,Graduate,Yes,400000,0.0,400000.0,700000.0,120.0,,787.0,,1000000.0,200000.0,1600000.0,500000.0,3300000.0,1.75,8.25,0.21212121212121213,1
,,2.0,Graduate,Yes,5600000,0.0,5600000.0,15800000.0,192.0,,748.0,,10300000.0,100000.0,21700000.0,6300000.0,38400000.0,2.8214285714285716,6.857142857142857,0.4114583333333333,1
,,5.0,Not Graduate,Yes,8200000,0.0,8200000.0,27100000.0,48.0,,643.0,,15400000.0,7700000.0,21300000.0,4100000.0,48500000.0,3.3048780487804876,5.914634146341464,0.5587628865979382,1
,,0.0,Not Graduate,Yes,1600000,0.0,1600000.0,3400000.0,96.0,,867.0,,0.0,2700000.0,4300000.0,1300000.0,8300000.0,2.125,5.1875,0.40963855421686746,1
,,3.0,Not Graduate,No,1800000,0.0,1800000.0,5600000.0,240.0,,860.0,,1900000.0,1700000.0,4300000.0,900000.0,8800000.0,3.111111111111111,4.888888888888889,0.6363636363636364,1
,,5.0,Not Graduate,Yes,6500000,0.0,6500000.0,23900000.0,24.0,,507.0,,500000.0,10200000.0,15900000.0,8000000.0,34600000.0,3.6769230769230767,5.323076923076923,0.6907514450867052,1
,,1.0,Graduate,Yes,3100000,0.0,3100000.0,11500000.0,48.0,,871.0,,1500000.0,2400000.0,7100000.0,3600000.0,14600000.0,3.7096774193548385,4.709677419354839,0.7876712328767124,1
,,3.0,Not Graduate,No,3100000,0.0,3100000.0,9800000.0,144.0,,820.0,,6400000.0,5200000.0,10900000.0,4400000.0,26900000.0,3.161290322580645,8.67741935483871,0.3643122676579926,1
,,4.0,Graduate,Yes,5300000,0.0,5300000.0,14500000.0,48.0,,352.0,,12600000.0,4900000.0,10500000.0,3500000.0,31500000.0,2.7358490566037736,5.943396226415095,0.4603174603174603,0
,,4.0,Graduate,No,1100000,0.0,1100000.0,4000000.0,168.0,,887.0,,2400000.0,1500000.0,4200000.0,1600000.0,9700000.0,3.6363636363636362,8.818181818181818,0.41237113402061853,1
,,1.0,Graduate,Yes,6000000,0.0,6000000.0,13400000.0,144.0,,731.0,,1300000.0,4300000.0,21300000.0,6900000.0,33800000.0,2.2333333333333334,5.633333333333334,0.39644970414201186,1
,,0.0,Graduate,Yes,6100000,0.0,6100000.0,14600000.0,216.0,,645.0,,14500000.0,200000.0,23000000.0,4600000.0,42300000.0,2.3934426229508197,6.934426229508197,0.34515366430260047,1
,,3.0,Not Graduate,No,4100000,0.0,4100000.0,14100000.0,120.0,,300.0,,7600000.0,2100000.0,8400000.0,2200000.0,20300000.0,3.4390243902439024,4.951219512195122,0.6945812807881774,0
,,5.0,Graduate,Yes,7000000,0.0,7000000.0,26200000.0,144.0,,896.0,,13100000.0,6600000.0,23600000.0,5700000.0,49000000.0,3.742857142857143,7.0,0.5346938775510204,1
,,0.0,Not Graduate,Yes,8900000,0.0,8900000.0,27700000.0,72.0,,372.0,,18200000.0,14900000.0,33700000.0,6100000.0,72900000.0,3.1123595505617976,8.191011235955056,0.37997256515775035,0
,,4.0,Graduate,No,4800000,0.0,4800000.0,12000000.0,72.0,,441.0,,8400000.0,1300000.0,18200000.0,3200000.0,31100000.0,2.5,6.479166666666667,0.3858520900321543,0
,,3.0,Graduate,Yes,7400000,0.0,7400000.0,18300000.0,48.0,,348.0,,14300000.0,12600000.0,17900000.0,9800000.0,54600000.0,2.472972972972973,7.378378378378378,0.33516483516483514,0
,,0.0,Graduate,No,9700000,0.0,9700000.0,27500000.0,216.0,,343.0,,13400000.0,16500000.0,20000000.0,8200000.0,58100000.0,2.8350515463917527,5.989690721649485,0.47332185886402756,0
,,5.0,Graduate,Yes,9700000,0.0,9700000.0,22600000.0,192.0,,346.0,,23500000.0,12900000.0,26800000.0,13000000.0,76200000.0,2.329896907216495,7.855670103092783,0.29658792650918636,0
,,0.0,Not Graduate,Yes,4500000,0.0,4500000.0,11500000.0,168.0,,509.0,,13400000.0,2300000.0,15400000.0,5900000.0,37000000.0,2.5555555555555554,8.222222222222221,0.3108108108108108,0
,,5.0,Graduate,No,8800000,0.0,8800000.0,29300000.0,120.0,,560.0,,16800000.0,13900000.0,31100000.0,9900000.0,71700000.0,3.3295454545454546,8.147727272727273,0.4086471408647141,1
,,3.0,Graduate,Yes,3000000,0.0,3000000.0,7500000.0,72.0,,881.0,,1400000.0,4500000.0,6100000.0,2300000.0,14300000.0,2.5,4.766666666666667,0.5244755244755245,1
,,5.0,Graduate,No,1300000,0.0,1300000.0,3000000.0,240.0,,540.0,,1000000.0,2300000.0,3200000.0,1900000.0,8400000.0,2.3076923076923075,6.461538461538462,0.35714285714285715,0
,,3.0,Graduate,No,5000000,0.0,5000000.0,12700000.0,168.0,,865.0,,4700000.0,8100000.0,19500000.0,6300000.0,38600000.0,2.54,7.72,0.3290155440414508,1
,,5.0,Graduate,Yes,1000000,0.0,1000000.0,2300000.0,144.0,,317.0,,2800000.0,500000.0,3300000.0,800000.0,7400000.0,2.3,7.4,0.3108108108108108,0
,,0.0,Not Graduate,Yes,3300000,0.0,3300000.0,11300000.0,240.0,,559.0,,4200000.0,2900000.0,11000000.0,1900000.0,20000000.0,3.4242424242424243,6.0606060606060606,0.565,1
,,2.0,Not Graduate,No,6500000,0.0,6500000.0,23900000.0,216.0,,457.0,,1200000.0,12400000.0,18100000.0,7300000.0,39000000.0,3.6769230769230767,6.0,0.6128205128205129,0
,,1.0,Not Graduate,No,4100000,0.0,4100000.0,12800000.0,96.0,,780.0,,8200000.0,700000.0,14100000.0,5800000.0,28800000.0,3.1219512195121952,7.024390243902439,0.4444444444444444,1
,,1.0,Graduate,No,9200000,0.0,9200000.0,29700000.0,120.0,,607.0,,17800000.0,11800000.0,35700000.0,12000000.0,77300000.0,3.2282608695652173,8.402173913043478,0.38421733505821476,1
